0,1,2,3,4,5,6,7,8,9,10,11,12,13,14,15,16,17,18,19,20,21,22,23,24,25,26,27,28,29,30,31,32,33,34,35,36,37,38,39,40,41,42,43,44,45,46,47,48,49,50,51,52,53,54,55,56,57,58,59,60,61,62,63,64,65,66,67,68,69,70,71,72,73,74,75,76,77,78,79,80,81,82,83,84,85,86,87,88,89,90,91,92,93,94,95,96,97,98,99,100,101,102,103,104,105,106,107,108,109,110,111,112,113,114,115,116,117,118,119,120,121,122,123,124,125,126,127,128,129,130,131,132,133,134,135,136,137,138,139,140,141,142,143,144,145,146,147,148,149,150,151,152,153,154,155,156,157
http://cdo.keu.kz/content/17601/17546/17546.htm,http://cdo.keu.kz/content/17601/17546/51733/51733.htm,http://cdo.keu.kz/content/17601/17546/51734/51734.htm,http://cdo.keu.kz/content/17601/17546/51735/51735.htm,http://cdo.keu.kz/content/17601/17546/51736/51736.htm,http://cdo.keu.kz/content/17601/17546/51737/51737.htm,http://cdo.keu.kz/content/17601/17546/51738/51738.htm,http://cdo.keu.kz/content/17601/17546/51739/51739.htm,http://cdo.keu.kz/content/17601/17546/51740/51740.htm,http://cdo.keu.kz/content/17601/17546/lek.files/image001.gif,http://cdo.keu.kz/content/17601/17546/lek.files/image002.gif,http://cdo.keu.kz/content/17601/17546/lek.files/image003.gif,http://cdo.keu.kz/content/17601/17546/lek.files/image004.gif,http://cdo.keu.kz/content/17601/17546/lek.files/image005.gif,http://cdo.keu.kz/content/17601/17546/lek.files/image006.gif,http://cdo.keu.kz/content/17601/17546/lek.files/image007.gif,http://cdo.keu.kz/content/17601/17546/lek.files/image008.gif,,,,,,,,,,,,,,,,,,,,,,,,,,,,,,,,,,,,,,,,,,,,,,,,,,,,,,,,,,,,,,,,,,,,,,,,,,,,,,,,,,,,,,,,,,,,,,,,,,,,,,,,,,,,,,,,,,,,,,,,,,,,,,,,,,,,,,,,,,,,,
http://cdo.keu.kz/content/17602/17547/17547.htm,http://cdo.keu.kz/content/17602/17547/51741/51741.htm,http://cdo.keu.kz/content/17602/17547/51742/51742.htm,http://cdo.keu.kz/content/17602/17547/51743/51743.htm,http://cdo.keu.kz/content/17602/17547/51744/51744.htm,http://cdo.keu.kz/content/17602/17547/51745/51745.htm,http://cdo.keu.kz/content/17602/17547/51746/51746.htm,http://cdo.keu.kz/content/17602/17547/51747/51747.htm,http://cdo.keu.kz/content/17602/17547/51748/51748.htm,http://cdo.keu.kz/content/17602/17547/51749/51749.htm,http://cdo.keu.kz/content/17602/17547/51750/51750.htm,http://cdo.keu.kz/content/17602/17547/51751/51751.htm,http://cdo.keu.kz/content/17602/17547/51752/51752.htm,http://cdo.keu.kz/content/17602/17547/51753/51753.htm,http://cdo.keu.kz/content/17602/17547/51754/51754.htm,http://cdo.keu.kz/content/17602/17547/51755/51755.htm,,,,,,,,,,,,,,,,,,,,,,,,,,,,,,,,,,,,,,,,,,,,,,,,,,,,,,,,,,,,,,,,,,,,,,,,,,,,,,,,,,,,,,,,,,,,,,,,,,,,,,,,,,,,,,,,,,,,,,,,,,,,,,,,,,,,,,,,,,,,,,
http://cdo.keu.kz/content/17603/17548/17548.htm,http://cdo.keu.kz/content/17603/17548/lek.files/image001.gif,http://cdo.keu.kz/content/17603/17548/lek.files/image002.gif,http://cdo.keu.kz/content/17603/17548/lek.files/image003.gif,http://cdo.keu.kz/content/17603/17548/lek.files/image004.gif,http://cdo.keu.kz/content/17603/17548/lek.files/image005.gif,http://cdo.keu.kz/content/17603/17548/lek.files/image006.gif,http://cdo.keu.kz/content/17603/17548/lek.files/image007.gif,http://cdo.keu.kz/content/17603/17548/lek.htm,,,,,,,,,,,,,,,,,,,,,,,,,,,,,,,,,,,,,,,,,,,,,,,,,,,,,,,,,,,,,,,,,,,,,,,,,,,,,,,,,,,,,,,,,,,,,,,,,,,,,,,,,,,,,,,,,,,,,,,,,,,,,,,,,,,,,,,,,,,,,,,,,,,,,
http://cdo.keu.kz/content/17604/17549/17549.htm,http://cdo.keu.kz/content/17604/17549/51756/51756.htm,http://cdo.keu.kz/content/17604/17549/51757/51757.htm,http://cdo.keu.kz/content/17604/17549/51758/51758.htm,http://cdo.keu.kz/content/17604/17549/51759/51759.htm,http://cdo.keu.kz/content/17604/17549/51760/51760.htm,http://cdo.keu.kz/content/17604/17549/51761/51761.htm,http://cdo.keu.kz/content/17604/17549/51762/51762.htm,http://cdo.keu.kz/content/17604/17549/51763/51763.htm,http://cdo.keu.kz/content/17604/17549/51764/51764.htm,http://cdo.keu.kz/content/17604/17549/51765/51765.htm,http://cdo.keu.kz/content/17604/17549/51766/51766.htm,http://cdo.keu.kz/content/17604/17549/51767/51767.htm,http://cdo.keu.kz/content/17604/17549/51768/51768.htm,http://cdo.keu.kz/content/17604/17549/51769/51769.htm,http://cdo.keu.kz/content/17604/17549/lek.files/colorschememapping.xml,http://cdo.keu.kz/content/17604/17549/lek.files/filelist.xml,http://cdo.keu.kz/content/17604/17549/lek.files/image001.gif,http://cdo.keu.kz/content/17604/17549/lek.files/image002.gif,http://cdo.keu.kz/content/17604/17549/lek.files/image003.gif,http://cdo.keu.kz/content/17604/17549/lek.files/image004.gif,http://cdo.keu.kz/content/17604/17549/lek.files/image005.gif,http://cdo.keu.kz/content/17604/17549/lek.files/image006.gif,http://cdo.keu.kz/content/17604/17549/lek.files/image007.gif,http://cdo.keu.kz/content/17604/17549/lek.files/themedata.thmx,,,,,,,,,,,,,,,,,,,,,,,,,,,,,,,,,,,,,,,,,,,,,,,,,,,,,,,,,,,,,,,,,,,,,,,,,,,,,,,,,,,,,,,,,,,,,,,,,,,,,,,,,,,,,,,,,,,,,,,,,,,,,,,,,,,,,
http://cdo.keu.kz/content/17605/17550/17550.htm,http://cdo.keu.kz/content/17605/17550/lek.files/image001.gif,http://cdo.keu.kz/content/17605/17550/lek.files/image002.gif,http://cdo.keu.kz/content/17605/17550/lek.files/image003.gif,http://cdo.keu.kz/content/17605/17550/lek.files/image004.gif,http://cdo.keu.kz/content/17605/17550/lek.files/image005.gif,http://cdo.keu.kz/content/17605/17550/lek.files/image006.gif,http://cdo.keu.kz/content/17605/17550/lek.files/image007.gif,http://cdo.keu.kz/content/17605/17550/lek.files/image008.gif,http://cdo.keu.kz/content/17605/17550/lek.files/image009.gif,http://cdo.keu.kz/content/17605/17550/lek.files/image010.gif,http://cdo.keu.kz/content/17605/17550/lek.htm,,,,,,,,,,,,,,,,,,,,,,,,,,,,,,,,,,,,,,,,,,,,,,,,,,,,,,,,,,,,,,,,,,,,,,,,,,,,,,,,,,,,,,,,,,,,,,,,,,,,,,,,,,,,,,,,,,,,,,,,,,,,,,,,,,,,,,,,,,,,,,,,,,
http://cdo.keu.kz/content/17606/17551/17551.htm,http://cdo.keu.kz/content/17606/17551/51770/51770.htm,http://cdo.keu.kz/content/17606/17551/51771/51771.htm,http://cdo.keu.kz/content/17606/17551/51772/51772.htm,http://cdo.keu.kz/content/17606/17551/51773/51773.htm,http://cdo.keu.kz/content/17606/17551/51774/51774.htm,http://cdo.keu.kz/content/17606/17551/51775/51775.htm,http://cdo.keu.kz/content/17606/17551/51776/51776.htm,http://cdo.keu.kz/content/17606/17551/51777/51777.htm,http://cdo.keu.kz/content/17606/17551/51778/51778.htm,http://cdo.keu.kz/content/17606/17551/51779/51779.htm,http://cdo.keu.kz/content/17606/17551/51780/51780.htm,http://cdo.keu.kz/content/17606/17551/51781/51781.htm,http://cdo.keu.kz/content/17606/17551/51782/51782.htm,http://cdo.keu.kz/content/17606/17551/51783/51783.htm,http://cdo.keu.kz/content/17606/17551/51784/51784.htm,http://cdo.keu.kz/content/17606/17551/51785/51785.htm,http://cdo.keu.kz/content/17606/17551/51786/51786.htm,http://cdo.keu.kz/content/17606/17551/51787/51787.htm,http://cdo.keu.kz/content/17606/17551/51788/51788.htm,http://cdo.keu.kz/content/17606/17551/lek.files/colorschememapping.xml,http://cdo.keu.kz/content/17606/17551/lek.files/filelist.xml,http://cdo.keu.kz/content/17606/17551/lek.files/image001.gif,http://cdo.keu.kz/content/17606/17551/lek.files/image002.gif,http://cdo.keu.kz/content/17606/17551/lek.files/image003.gif,http://cdo.keu.kz/content/17606/17551/lek.files/image004.gif,http://cdo.keu.kz/content/17606/17551/lek.files/image005.gif,http://cdo.keu.kz/content/17606/17551/lek.files/image006.gif,http://cdo.keu.kz/content/17606/17551/lek.files/image007.gif,http://cdo.keu.kz/content/17606/17551/lek.files/image008.gif,http://cdo.keu.kz/content/17606/17551/lek.files/image009.gif,http://cdo.keu.kz/content/17606/17551/lek.files/image010.gif,http://cdo.keu.kz/content/17606/17551/lek.files/themedata.thmx,,,,,,,,,,,,,,,,,,,,,,,,,,,,,,,,,,,,,,,,,,,,,,,,,,,,,,,,,,,,,,,,,,,,,,,,,,,,,,,,,,,,,,,,,,,,,,,,,,,,,,,,,,,,,,,,,,,,,,,,,,,,,
http://cdo.keu.kz/content/17607/17552/17552.htm,http://cdo.keu.kz/content/17607/17552/lek.files/colorschememapping.xml,http://cdo.keu.kz/content/17607/17552/lek.files/filelist.xml,http://cdo.keu.kz/content/17607/17552/lek.files/image001.gif,http://cdo.keu.kz/content/17607/17552/lek.files/image002.gif,http://cdo.keu.kz/content/17607/17552/lek.files/image003.gif,http://cdo.keu.kz/content/17607/17552/lek.files/image004.gif,http://cdo.keu.kz/content/17607/17552/lek.files/image005.gif,http://cdo.keu.kz/content/17607/17552/lek.files/image006.gif,http://cdo.keu.kz/content/17607/17552/lek.files/image007.gif,http://cdo.keu.kz/content/17607/17552/lek.files/image008.gif,http://cdo.keu.kz/content/17607/17552/lek.files/image009.gif,http://cdo.keu.kz/content/17607/17552/lek.files/image010.gif,http://cdo.keu.kz/content/17607/17552/lek.files/themedata.thmx,http://cdo.keu.kz/content/17607/17552/lek.htm,,,,,,,,,,,,,,,,,,,,,,,,,,,,,,,,,,,,,,,,,,,,,,,,,,,,,,,,,,,,,,,,,,,,,,,,,,,,,,,,,,,,,,,,,,,,,,,,,,,,,,,,,,,,,,,,,,,,,,,,,,,,,,,,,,,,,,,,,,,,,,,
http://cdo.keu.kz/content/17608/17553/17553.htm,http://cdo.keu.kz/content/17608/17553/lek.files/colorschememapping.xml,http://cdo.keu.kz/content/17608/17553/lek.files/filelist.xml,http://cdo.keu.kz/content/17608/17553/lek.files/image001.gif,http://cdo.keu.kz/content/17608/17553/lek.files/image002.gif,http://cdo.keu.kz/content/17608/17553/lek.files/image003.gif,http://cdo.keu.kz/content/17608/17553/lek.files/image004.gif,http://cdo.keu.kz/content/17608/17553/lek.files/image005.gif,http://cdo.keu.kz/content/17608/17553/lek.files/image006.gif,http://cdo.keu.kz/content/17608/17553/lek.files/image007.gif,http://cdo.keu.kz/content/17608/17553/lek.files/image008.gif,http://cdo.keu.kz/content/17608/17553/lek.files/image009.gif,http://cdo.keu.kz/content/17608/17553/lek.files/image010.gif,http://cdo.keu.kz/content/17608/17553/lek.files/themedata.thmx,http://cdo.keu.kz/content/17608/17553/lek.htm,,,,,,,,,,,,,,,,,,,,,,,,,,,,,,,,,,,,,,,,,,,,,,,,,,,,,,,,,,,,,,,,,,,,,,,,,,,,,,,,,,,,,,,,,,,,,,,,,,,,,,,,,,,,,,,,,,,,,,,,,,,,,,,,,,,,,,,,,,,,,,,
http://cdo.keu.kz/content/17609/17554/17554.htm,http://cdo.keu.kz/content/17609/17554/lek.files/colorschememapping.xml,http://cdo.keu.kz/content/17609/17554/lek.files/filelist.xml,http://cdo.keu.kz/content/17609/17554/lek.files/image001.gif,http://cdo.keu.kz/content/17609/17554/lek.files/image002.gif,http://cdo.keu.kz/content/17609/17554/lek.files/image003.gif,http://cdo.keu.kz/content/17609/17554/lek.files/image004.gif,http://cdo.keu.kz/content/17609/17554/lek.files/image005.gif,http://cdo.keu.kz/content/17609/17554/lek.files/image006.gif,http://cdo.keu.kz/content/17609/17554/lek.files/image007.gif,http://cdo.keu.kz/content/17609/17554/lek.files/image008.gif,http://cdo.keu.kz/content/17609/17554/lek.files/image009.gif,http://cdo.keu.kz/content/17609/17554/lek.files/image010.gif,http://cdo.keu.kz/content/17609/17554/lek.files/themedata.thmx,http://cdo.keu.kz/content/17609/17554/lek.htm,,,,,,,,,,,,,,,,,,,,,,,,,,,,,,,,,,,,,,,,,,,,,,,,,,,,,,,,,,,,,,,,,,,,,,,,,,,,,,,,,,,,,,,,,,,,,,,,,,,,,,,,,,,,,,,,,,,,,,,,,,,,,,,,,,,,,,,,,,,,,,,
http://cdo.keu.kz/content/17610/17555/q.htm,,,,,,,,,,,,,,,,,,,,,,,,,,,,,,,,,,,,,,,,,,,,,,,,,,,,,,,,,,,,,,,,,,,,,,,,,,,,,,,,,,,,,,,,,,,,,,,,,,,,,,,,,,,,,,,,,,,,,,,,,,,,,,,,,,,,,,,,,,,,,,,,,,,,,,,,,,,,,
http://cdo.keu.kz/content/17611/17556/17556.htm,http://cdo.keu.kz/content/17611/17556/lek.files/image001.gif,http://cdo.keu.kz/content/17611/17556/lek.files/image002.gif,http://cdo.keu.kz/content/17611/17556/lek.files/image003.gif,http://cdo.keu.kz/content/17611/17556/lek.files/image004.gif,http://cdo.keu.kz/content/17611/17556/lek.files/image005.gif,http://cdo.keu.kz/content/17611/17556/lek.files/image006.gif,http://cdo.keu.kz/content/17611/17556/lek.files/image007.gif,http://cdo.keu.kz/content/17611/17556/lek.files/image008.gif,http://cdo.keu.kz/content/17611/17556/lek.files/image009.gif,http://cdo.keu.kz/content/17611/17556/lek.files/image010.gif,http://cdo.keu.kz/content/17611/17556/lek.htm,,,,,,,,,,,,,,,,,,,,,,,,,,,,,,,,,,,,,,,,,,,,,,,,,,,,,,,,,,,,,,,,,,,,,,,,,,,,,,,,,,,,,,,,,,,,,,,,,,,,,,,,,,,,,,,,,,,,,,,,,,,,,,,,,,,,,,,,,,,,,,,,,,
http://cdo.keu.kz/content/17612/17557/17557.htm,http://cdo.keu.kz/content/17612/17557/51789/51789.htm,,,,,,,,,,,,,,,,,,,,,,,,,,,,,,,,,,,,,,,,,,,,,,,,,,,,,,,,,,,,,,,,,,,,,,,,,,,,,,,,,,,,,,,,,,,,,,,,,,,,,,,,,,,,,,,,,,,,,,,,,,,,,,,,,,,,,,,,,,,,,,,,,,,,,,,,,,,,
http://cdo.keu.kz/content/17613/17558/17558.htm,http://cdo.keu.kz/content/17613/17558/51790/51790.htm,http://cdo.keu.kz/content/17613/17558/51791/51791.htm,http://cdo.keu.kz/content/17613/17558/51792/51792.htm,http://cdo.keu.kz/content/17613/17558/51793/51793.htm,http://cdo.keu.kz/content/17613/17558/51794/51794.htm,http://cdo.keu.kz/content/17613/17558/51795/51795.htm,http://cdo.keu.kz/content/17613/17558/51796/51796.htm,http://cdo.keu.kz/content/17613/17558/51797/51797.htm,http://cdo.keu.kz/content/17613/17558/51798/51798.htm,http://cdo.keu.kz/content/17613/17558/51799/51799.htm,http://cdo.keu.kz/content/17613/17558/51800/51800.htm,http://cdo.keu.kz/content/17613/17558/51801/51801.htm,http://cdo.keu.kz/content/17613/17558/51802/51802.htm,http://cdo.keu.kz/content/17613/17558/lec.files/image001.jpg,http://cdo.keu.kz/content/17613/17558/lec.files/image002.jpg,http://cdo.keu.kz/content/17613/17558/lec.files/image003.png,http://cdo.keu.kz/content/17613/17558/lec.files/image004.png,http://cdo.keu.kz/content/17613/17558/lec.files/image005.png,,,,,,,,,,,,,,,,,,,,,,,,,,,,,,,,,,,,,,,,,,,,,,,,,,,,,,,,,,,,,,,,,,,,,,,,,,,,,,,,,,,,,,,,,,,,,,,,,,,,,,,,,,,,,,,,,,,,,,,,,,,,,,,,,,,,,,,,,,,
http://cdo.keu.kz/content/17615/17560/q.htm,,,,,,,,,,,,,,,,,,,,,,,,,,,,,,,,,,,,,,,,,,,,,,,,,,,,,,,,,,,,,,,,,,,,,,,,,,,,,,,,,,,,,,,,,,,,,,,,,,,,,,,,,,,,,,,,,,,,,,,,,,,,,,,,,,,,,,,,,,,,,,,,,,,,,,,,,,,,,
http://cdo.keu.kz/content/17616/17561/17561.htm,http://cdo.keu.kz/content/17616/17561/51803/51803.htm,http://cdo.keu.kz/content/17616/17561/51804/51804.htm,http://cdo.keu.kz/content/17616/17561/51805/51805.htm,http://cdo.keu.kz/content/17616/17561/51806/51806.htm,http://cdo.keu.kz/content/17616/17561/51807/51807.htm,http://cdo.keu.kz/content/17616/17561/51808/51808.htm,http://cdo.keu.kz/content/17616/17561/51809/51809.htm,http://cdo.keu.kz/content/17616/17561/51810/51810.htm,http://cdo.keu.kz/content/17616/17561/51811/51811.htm,http://cdo.keu.kz/content/17616/17561/51812/51812.htm,http://cdo.keu.kz/content/17616/17561/51813/51813.htm,http://cdo.keu.kz/content/17616/17561/51814/51814.htm,http://cdo.keu.kz/content/17616/17561/lek.files/colorschememapping.xml,http://cdo.keu.kz/content/17616/17561/lek.files/filelist.xml,http://cdo.keu.kz/content/17616/17561/lek.files/header.htm,http://cdo.keu.kz/content/17616/17561/lek.files/themedata.thmx,,,,,,,,,,,,,,,,,,,,,,,,,,,,,,,,,,,,,,,,,,,,,,,,,,,,,,,,,,,,,,,,,,,,,,,,,,,,,,,,,,,,,,,,,,,,,,,,,,,,,,,,,,,,,,,,,,,,,,,,,,,,,,,,,,,,,,,,,,,,,
http://cdo.keu.kz/content/17617/17562/q.htm,,,,,,,,,,,,,,,,,,,,,,,,,,,,,,,,,,,,,,,,,,,,,,,,,,,,,,,,,,,,,,,,,,,,,,,,,,,,,,,,,,,,,,,,,,,,,,,,,,,,,,,,,,,,,,,,,,,,,,,,,,,,,,,,,,,,,,,,,,,,,,,,,,,,,,,,,,,,,
http://cdo.keu.kz/content/17618/17563/itog.files/colorschememapping.xml,http://cdo.keu.kz/content/17618/17563/itog.files/filelist.xml,http://cdo.keu.kz/content/17618/17563/itog.files/themedata.thmx,http://cdo.keu.kz/content/17618/17563/itog.htm,,,,,,,,,,,,,,,,,,,,,,,,,,,,,,,,,,,,,,,,,,,,,,,,,,,,,,,,,,,,,,,,,,,,,,,,,,,,,,,,,,,,,,,,,,,,,,,,,,,,,,,,,,,,,,,,,,,,,,,,,,,,,,,,,,,,,,,,,,,,,,,,,,,,,,,,,,
http://cdo.keu.kz/content/17619/17564/itog.files/colorschememapping.xml,http://cdo.keu.kz/content/17619/17564/itog.files/filelist.xml,http://cdo.keu.kz/content/17619/17564/itog.files/item0001.xml,http://cdo.keu.kz/content/17619/17564/itog.files/props0002.xml,http://cdo.keu.kz/content/17619/17564/itog.files/themedata.thmx,http://cdo.keu.kz/content/17619/17564/itog.htm,,,,,,,,,,,,,,,,,,,,,,,,,,,,,,,,,,,,,,,,,,,,,,,,,,,,,,,,,,,,,,,,,,,,,,,,,,,,,,,,,,,,,,,,,,,,,,,,,,,,,,,,,,,,,,,,,,,,,,,,,,,,,,,,,,,,,,,,,,,,,,,,,,,,,,,,
http://cdo.keu.kz/content/17620/17565/itog.files/colorschememapping.xml,http://cdo.keu.kz/content/17620/17565/itog.files/filelist.xml,http://cdo.keu.kz/content/17620/17565/itog.files/item0001.xml,http://cdo.keu.kz/content/17620/17565/itog.files/props0002.xml,http://cdo.keu.kz/content/17620/17565/itog.files/themedata.thmx,http://cdo.keu.kz/content/17620/17565/itog.htm,,,,,,,,,,,,,,,,,,,,,,,,,,,,,,,,,,,,,,,,,,,,,,,,,,,,,,,,,,,,,,,,,,,,,,,,,,,,,,,,,,,,,,,,,,,,,,,,,,,,,,,,,,,,,,,,,,,,,,,,,,,,,,,,,,,,,,,,,,,,,,,,,,,,,,,,
http://cdo.keu.kz/content/17621/17566/17566.htm,http://cdo.keu.kz/content/17621/17566/51815/51815.htm,http://cdo.keu.kz/content/17621/17566/51816/51816.htm,http://cdo.keu.kz/content/17621/17566/51817/51817.htm,http://cdo.keu.kz/content/17621/17566/51818/51818.htm,http://cdo.keu.kz/content/17621/17566/51819/51819.htm,http://cdo.keu.kz/content/17621/17566/51820/51820.htm,http://cdo.keu.kz/content/17621/17566/51821/51821.htm,http://cdo.keu.kz/content/17621/17566/51822/51822.htm,http://cdo.keu.kz/content/17621/17566/51823/51823.htm,http://cdo.keu.kz/content/17621/17566/51824/51824.htm,http://cdo.keu.kz/content/17621/17566/51825/51825.htm,http://cdo.keu.kz/content/17621/17566/51826/51826.htm,http://cdo.keu.kz/content/17621/17566/51827/51827.htm,http://cdo.keu.kz/content/17621/17566/51828/51828.htm,http://cdo.keu.kz/content/17621/17566/lek.files/image001.gif,http://cdo.keu.kz/content/17621/17566/lek.files/image002.gif,,,,,,,,,,,,,,,,,,,,,,,,,,,,,,,,,,,,,,,,,,,,,,,,,,,,,,,,,,,,,,,,,,,,,,,,,,,,,,,,,,,,,,,,,,,,,,,,,,,,,,,,,,,,,,,,,,,,,,,,,,,,,,,,,,,,,,,,,,,,,
http://cdo.keu.kz/content/17622/17567/q.htm,,,,,,,,,,,,,,,,,,,,,,,,,,,,,,,,,,,,,,,,,,,,,,,,,,,,,,,,,,,,,,,,,,,,,,,,,,,,,,,,,,,,,,,,,,,,,,,,,,,,,,,,,,,,,,,,,,,,,,,,,,,,,,,,,,,,,,,,,,,,,,,,,,,,,,,,,,,,,
http://cdo.keu.kz/content/17623/17568/itog.files/colorschememapping.xml,http://cdo.keu.kz/content/17623/17568/itog.files/filelist.xml,http://cdo.keu.kz/content/17623/17568/itog.files/item0001.xml,http://cdo.keu.kz/content/17623/17568/itog.files/props0002.xml,http://cdo.keu.kz/content/17623/17568/itog.files/themedata.thmx,http://cdo.keu.kz/content/17623/17568/itog.htm,,,,,,,,,,,,,,,,,,,,,,,,,,,,,,,,,,,,,,,,,,,,,,,,,,,,,,,,,,,,,,,,,,,,,,,,,,,,,,,,,,,,,,,,,,,,,,,,,,,,,,,,,,,,,,,,,,,,,,,,,,,,,,,,,,,,,,,,,,,,,,,,,,,,,,,,
http://cdo.keu.kz/content/17624/17569/itog.files/colorschememapping.xml,http://cdo.keu.kz/content/17624/17569/itog.files/filelist.xml,http://cdo.keu.kz/content/17624/17569/itog.files/item0001.xml,http://cdo.keu.kz/content/17624/17569/itog.files/props0002.xml,http://cdo.keu.kz/content/17624/17569/itog.files/themedata.thmx,http://cdo.keu.kz/content/17624/17569/itog.htm,,,,,,,,,,,,,,,,,,,,,,,,,,,,,,,,,,,,,,,,,,,,,,,,,,,,,,,,,,,,,,,,,,,,,,,,,,,,,,,,,,,,,,,,,,,,,,,,,,,,,,,,,,,,,,,,,,,,,,,,,,,,,,,,,,,,,,,,,,,,,,,,,,,,,,,,
http://cdo.keu.kz/content/17625/17570/q.htm,,,,,,,,,,,,,,,,,,,,,,,,,,,,,,,,,,,,,,,,,,,,,,,,,,,,,,,,,,,,,,,,,,,,,,,,,,,,,,,,,,,,,,,,,,,,,,,,,,,,,,,,,,,,,,,,,,,,,,,,,,,,,,,,,,,,,,,,,,,,,,,,,,,,,,,,,,,,,
http://cdo.keu.kz/content/17626/17571/itog.files/colorschememapping.xml,http://cdo.keu.kz/content/17626/17571/itog.files/filelist.xml,http://cdo.keu.kz/content/17626/17571/itog.files/item0001.xml,http://cdo.keu.kz/content/17626/17571/itog.files/props0002.xml,http://cdo.keu.kz/content/17626/17571/itog.files/themedata.thmx,http://cdo.keu.kz/content/17626/17571/itog.htm,,,,,,,,,,,,,,,,,,,,,,,,,,,,,,,,,,,,,,,,,,,,,,,,,,,,,,,,,,,,,,,,,,,,,,,,,,,,,,,,,,,,,,,,,,,,,,,,,,,,,,,,,,,,,,,,,,,,,,,,,,,,,,,,,,,,,,,,,,,,,,,,,,,,,,,,
http://cdo.keu.kz/content/17627/17572/itog.files/colorschememapping.xml,http://cdo.keu.kz/content/17627/17572/itog.files/filelist.xml,http://cdo.keu.kz/content/17627/17572/itog.files/themedata.thmx,http://cdo.keu.kz/content/17627/17572/itog.htm,,,,,,,,,,,,,,,,,,,,,,,,,,,,,,,,,,,,,,,,,,,,,,,,,,,,,,,,,,,,,,,,,,,,,,,,,,,,,,,,,,,,,,,,,,,,,,,,,,,,,,,,,,,,,,,,,,,,,,,,,,,,,,,,,,,,,,,,,,,,,,,,,,,,,,,,,,
http://cdo.keu.kz/content/17628/17573/q.htm,,,,,,,,,,,,,,,,,,,,,,,,,,,,,,,,,,,,,,,,,,,,,,,,,,,,,,,,,,,,,,,,,,,,,,,,,,,,,,,,,,,,,,,,,,,,,,,,,,,,,,,,,,,,,,,,,,,,,,,,,,,,,,,,,,,,,,,,,,,,,,,,,,,,,,,,,,,,,
http://cdo.keu.kz/content/17629/17574/itog.files/colorschememapping.xml,http://cdo.keu.kz/content/17629/17574/itog.files/filelist.xml,http://cdo.keu.kz/content/17629/17574/itog.files/item0001.xml,http://cdo.keu.kz/content/17629/17574/itog.files/props0002.xml,http://cdo.keu.kz/content/17629/17574/itog.files/themedata.thmx,http://cdo.keu.kz/content/17629/17574/itog.htm,,,,,,,,,,,,,,,,,,,,,,,,,,,,,,,,,,,,,,,,,,,,,,,,,,,,,,,,,,,,,,,,,,,,,,,,,,,,,,,,,,,,,,,,,,,,,,,,,,,,,,,,,,,,,,,,,,,,,,,,,,,,,,,,,,,,,,,,,,,,,,,,,,,,,,,,
http://cdo.keu.kz/content/17630/17575/itog.files/colorschememapping.xml,http://cdo.keu.kz/content/17630/17575/itog.files/filelist.xml,http://cdo.keu.kz/content/17630/17575/itog.files/themedata.thmx,http://cdo.keu.kz/content/17630/17575/itog.htm,,,,,,,,,,,,,,,,,,,,,,,,,,,,,,,,,,,,,,,,,,,,,,,,,,,,,,,,,,,,,,,,,,,,,,,,,,,,,,,,,,,,,,,,,,,,,,,,,,,,,,,,,,,,,,,,,,,,,,,,,,,,,,,,,,,,,,,,,,,,,,,,,,,,,,,,,,
http://cdo.keu.kz/content/17631/17576/q.htm,,,,,,,,,,,,,,,,,,,,,,,,,,,,,,,,,,,,,,,,,,,,,,,,,,,,,,,,,,,,,,,,,,,,,,,,,,,,,,,,,,,,,,,,,,,,,,,,,,,,,,,,,,,,,,,,,,,,,,,,,,,,,,,,,,,,,,,,,,,,,,,,,,,,,,,,,,,,,
http://cdo.keu.kz/content/17632/17577/itog.files/colorschememapping.xml,http://cdo.keu.kz/content/17632/17577/itog.files/filelist.xml,http://cdo.keu.kz/content/17632/17577/itog.files/themedata.thmx,http://cdo.keu.kz/content/17632/17577/itog.htm,,,,,,,,,,,,,,,,,,,,,,,,,,,,,,,,,,,,,,,,,,,,,,,,,,,,,,,,,,,,,,,,,,,,,,,,,,,,,,,,,,,,,,,,,,,,,,,,,,,,,,,,,,,,,,,,,,,,,,,,,,,,,,,,,,,,,,,,,,,,,,,,,,,,,,,,,,
http://cdo.keu.kz/content/17633/17578/itog.files/colorschememapping.xml,http://cdo.keu.kz/content/17633/17578/itog.files/filelist.xml,http://cdo.keu.kz/content/17633/17578/itog.files/item0001.xml,http://cdo.keu.kz/content/17633/17578/itog.files/props0002.xml,http://cdo.keu.kz/content/17633/17578/itog.files/themedata.thmx,http://cdo.keu.kz/content/17633/17578/itog.htm,,,,,,,,,,,,,,,,,,,,,,,,,,,,,,,,,,,,,,,,,,,,,,,,,,,,,,,,,,,,,,,,,,,,,,,,,,,,,,,,,,,,,,,,,,,,,,,,,,,,,,,,,,,,,,,,,,,,,,,,,,,,,,,,,,,,,,,,,,,,,,,,,,,,,,,,
http://cdo.keu.kz/content/17634/17579/itog.files/colorschememapping.xml,http://cdo.keu.kz/content/17634/17579/itog.files/filelist.xml,http://cdo.keu.kz/content/17634/17579/itog.files/themedata.thmx,http://cdo.keu.kz/content/17634/17579/itog.htm,,,,,,,,,,,,,,,,,,,,,,,,,,,,,,,,,,,,,,,,,,,,,,,,,,,,,,,,,,,,,,,,,,,,,,,,,,,,,,,,,,,,,,,,,,,,,,,,,,,,,,,,,,,,,,,,,,,,,,,,,,,,,,,,,,,,,,,,,,,,,,,,,,,,,,,,,,
http://cdo.keu.kz/content/17635/17580/itog.files/colorschememapping.xml,http://cdo.keu.kz/content/17635/17580/itog.files/filelist.xml,http://cdo.keu.kz/content/17635/17580/itog.files/themedata.thmx,http://cdo.keu.kz/content/17635/17580/itog.htm,,,,,,,,,,,,,,,,,,,,,,,,,,,,,,,,,,,,,,,,,,,,,,,,,,,,,,,,,,,,,,,,,,,,,,,,,,,,,,,,,,,,,,,,,,,,,,,,,,,,,,,,,,,,,,,,,,,,,,,,,,,,,,,,,,,,,,,,,,,,,,,,,,,,,,,,,,
http://cdo.keu.kz/content/17636/17581/tog.files/colorschememapping.xml,http://cdo.keu.kz/content/17636/17581/tog.files/filelist.xml,http://cdo.keu.kz/content/17636/17581/tog.files/item0001.xml,http://cdo.keu.kz/content/17636/17581/tog.files/props0002.xml,http://cdo.keu.kz/content/17636/17581/tog.files/themedata.thmx,http://cdo.keu.kz/content/17636/17581/tog.htm,,,,,,,,,,,,,,,,,,,,,,,,,,,,,,,,,,,,,,,,,,,,,,,,,,,,,,,,,,,,,,,,,,,,,,,,,,,,,,,,,,,,,,,,,,,,,,,,,,,,,,,,,,,,,,,,,,,,,,,,,,,,,,,,,,,,,,,,,,,,,,,,,,,,,,,,
http://cdo.keu.kz/content/17637/17582/itog.files/colorschememapping.xml,http://cdo.keu.kz/content/17637/17582/itog.files/filelist.xml,http://cdo.keu.kz/content/17637/17582/itog.files/header.htm,http://cdo.keu.kz/content/17637/17582/itog.files/item0001.xml,http://cdo.keu.kz/content/17637/17582/itog.files/props0002.xml,http://cdo.keu.kz/content/17637/17582/itog.files/themedata.thmx,http://cdo.keu.kz/content/17637/17582/itog.htm,,,,,,,,,,,,,,,,,,,,,,,,,,,,,,,,,,,,,,,,,,,,,,,,,,,,,,,,,,,,,,,,,,,,,,,,,,,,,,,,,,,,,,,,,,,,,,,,,,,,,,,,,,,,,,,,,,,,,,,,,,,,,,,,,,,,,,,,,,,,,,,,,,,,,,,
http://cdo.keu.kz/content/17638/17583/q.htm,,,,,,,,,,,,,,,,,,,,,,,,,,,,,,,,,,,,,,,,,,,,,,,,,,,,,,,,,,,,,,,,,,,,,,,,,,,,,,,,,,,,,,,,,,,,,,,,,,,,,,,,,,,,,,,,,,,,,,,,,,,,,,,,,,,,,,,,,,,,,,,,,,,,,,,,,,,,,
http://cdo.keu.kz/content/17639/17584/itog.files/colorschememapping.xml,http://cdo.keu.kz/content/17639/17584/itog.files/filelist.xml,http://cdo.keu.kz/content/17639/17584/itog.files/themedata.thmx,http://cdo.keu.kz/content/17639/17584/itog.htm,,,,,,,,,,,,,,,,,,,,,,,,,,,,,,,,,,,,,,,,,,,,,,,,,,,,,,,,,,,,,,,,,,,,,,,,,,,,,,,,,,,,,,,,,,,,,,,,,,,,,,,,,,,,,,,,,,,,,,,,,,,,,,,,,,,,,,,,,,,,,,,,,,,,,,,,,,
http://cdo.keu.kz/content/17640/17585/q.htm,,,,,,,,,,,,,,,,,,,,,,,,,,,,,,,,,,,,,,,,,,,,,,,,,,,,,,,,,,,,,,,,,,,,,,,,,,,,,,,,,,,,,,,,,,,,,,,,,,,,,,,,,,,,,,,,,,,,,,,,,,,,,,,,,,,,,,,,,,,,,,,,,,,,,,,,,,,,,
http://cdo.keu.kz/content/17641/17586/17586.htm,http://cdo.keu.kz/content/17641/17586/51829/51829.htm,http://cdo.keu.kz/content/17641/17586/51830/51830.htm,http://cdo.keu.kz/content/17641/17586/51831/51831.htm,http://cdo.keu.kz/content/17641/17586/51832/51832.htm,http://cdo.keu.kz/content/17641/17586/51833/51833.htm,http://cdo.keu.kz/content/17641/17586/51834/51834.htm,http://cdo.keu.kz/content/17641/17586/51835/51835.htm,http://cdo.keu.kz/content/17641/17586/51836/51836.htm,http://cdo.keu.kz/content/17641/17586/lek.files/image001.gif,http://cdo.keu.kz/content/17641/17586/lek.files/image002.png,http://cdo.keu.kz/content/17641/17586/lek.files/image003.png,http://cdo.keu.kz/content/17641/17586/lek.files/image004.png,http://cdo.keu.kz/content/17641/17586/lek.files/image005.jpg,http://cdo.keu.kz/content/17641/17586/lek.files/image006.jpg,http://cdo.keu.kz/content/17641/17586/lek.files/image007.jpg,,,,,,,,,,,,,,,,,,,,,,,,,,,,,,,,,,,,,,,,,,,,,,,,,,,,,,,,,,,,,,,,,,,,,,,,,,,,,,,,,,,,,,,,,,,,,,,,,,,,,,,,,,,,,,,,,,,,,,,,,,,,,,,,,,,,,,,,,,,,,,
http://cdo.keu.kz/content/17642/17587/17587.htm,http://cdo.keu.kz/content/17642/17587/lek.files/image001.gif,http://cdo.keu.kz/content/17642/17587/lek.files/image002.gif,http://cdo.keu.kz/content/17642/17587/lek.files/image003.gif,http://cdo.keu.kz/content/17642/17587/lek.files/image004.gif,http://cdo.keu.kz/content/17642/17587/lek.files/image005.gif,http://cdo.keu.kz/content/17642/17587/lek.files/image006.gif,http://cdo.keu.kz/content/17642/17587/lek.files/image007.gif,http://cdo.keu.kz/content/17642/17587/lek.files/image008.gif,http://cdo.keu.kz/content/17642/17587/lek.files/image009.gif,http://cdo.keu.kz/content/17642/17587/lek.files/image010.gif,http://cdo.keu.kz/content/17642/17587/lek.htm,,,,,,,,,,,,,,,,,,,,,,,,,,,,,,,,,,,,,,,,,,,,,,,,,,,,,,,,,,,,,,,,,,,,,,,,,,,,,,,,,,,,,,,,,,,,,,,,,,,,,,,,,,,,,,,,,,,,,,,,,,,,,,,,,,,,,,,,,,,,,,,,,,
http://cdo.keu.kz/content/17643/17588/17588.htm,http://cdo.keu.kz/content/17643/17588/51837/51837.htm,,,,,,,,,,,,,,,,,,,,,,,,,,,,,,,,,,,,,,,,,,,,,,,,,,,,,,,,,,,,,,,,,,,,,,,,,,,,,,,,,,,,,,,,,,,,,,,,,,,,,,,,,,,,,,,,,,,,,,,,,,,,,,,,,,,,,,,,,,,,,,,,,,,,,,,,,,,,
http://cdo.keu.kz/content/17644/17589/17589.htm,http://cdo.keu.kz/content/17644/17589/lek.files/colorschememapping.xml,http://cdo.keu.kz/content/17644/17589/lek.files/filelist.xml,http://cdo.keu.kz/content/17644/17589/lek.files/themedata.thmx,http://cdo.keu.kz/content/17644/17589/lek.htm,,,,,,,,,,,,,,,,,,,,,,,,,,,,,,,,,,,,,,,,,,,,,,,,,,,,,,,,,,,,,,,,,,,,,,,,,,,,,,,,,,,,,,,,,,,,,,,,,,,,,,,,,,,,,,,,,,,,,,,,,,,,,,,,,,,,,,,,,,,,,,,,,,,,,,,,,
http://cdo.keu.kz/content/17645/17590/17590.htm,http://cdo.keu.kz/content/17645/17590/51838/51838.htm,http://cdo.keu.kz/content/17645/17590/51839/51839.htm,http://cdo.keu.kz/content/17645/17590/51840/51840.htm,http://cdo.keu.kz/content/17645/17590/51841/51841.htm,http://cdo.keu.kz/content/17645/17590/51842/51842.htm,http://cdo.keu.kz/content/17645/17590/51843/51843.htm,http://cdo.keu.kz/content/17645/17590/51844/51844.htm,http://cdo.keu.kz/content/17645/17590/51845/51845.htm,http://cdo.keu.kz/content/17645/17590/51846/51846.htm,http://cdo.keu.kz/content/17645/17590/lek.files/image001.gif,http://cdo.keu.kz/content/17645/17590/lek.files/image002.png,http://cdo.keu.kz/content/17645/17590/lek.files/image003.png,http://cdo.keu.kz/content/17645/17590/lek.files/image004.png,http://cdo.keu.kz/content/17645/17590/lek.files/image005.jpg,http://cdo.keu.kz/content/17645/17590/lek.files/image006.jpg,http://cdo.keu.kz/content/17645/17590/lek.files/image007.jpg,,,,,,,,,,,,,,,,,,,,,,,,,,,,,,,,,,,,,,,,,,,,,,,,,,,,,,,,,,,,,,,,,,,,,,,,,,,,,,,,,,,,,,,,,,,,,,,,,,,,,,,,,,,,,,,,,,,,,,,,,,,,,,,,,,,,,,,,,,,,,
http://cdo.keu.kz/content/17646/17591/17591.htm,http://cdo.keu.kz/content/17646/17591/51847/51847.htm,http://cdo.keu.kz/content/17646/17591/51848/51848.htm,http://cdo.keu.kz/content/17646/17591/51849/51849.htm,http://cdo.keu.kz/content/17646/17591/51850/51850.htm,http://cdo.keu.kz/content/17646/17591/51851/51851.htm,http://cdo.keu.kz/content/17646/17591/51852/51852.htm,http://cdo.keu.kz/content/17646/17591/51853/51853.htm,http://cdo.keu.kz/content/17646/17591/51854/51854.htm,http://cdo.keu.kz/content/17646/17591/51855/51855.htm,http://cdo.keu.kz/content/17646/17591/51856/51856.htm,http://cdo.keu.kz/content/17646/17591/51857/51857.htm,http://cdo.keu.kz/content/17646/17591/51858/51858.htm,http://cdo.keu.kz/content/17646/17591/51859/51859.htm,http://cdo.keu.kz/content/17646/17591/lek.files/image001.gif,http://cdo.keu.kz/content/17646/17591/lek.files/image002.gif,http://cdo.keu.kz/content/17646/17591/lek.files/image003.png,http://cdo.keu.kz/content/17646/17591/lek.files/image004.png,http://cdo.keu.kz/content/17646/17591/lek.files/image005.gif,http://cdo.keu.kz/content/17646/17591/lek.files/image006.jpg,http://cdo.keu.kz/content/17646/17591/lek.files/image007.jpg,http://cdo.keu.kz/content/17646/17591/lek.files/image008.jpg,http://cdo.keu.kz/content/17646/17591/lek.files/image009.jpg,http://cdo.keu.kz/content/17646/17591/lek.files/image010.jpg,http://cdo.keu.kz/content/17646/17591/lek.files/image011.gif,http://cdo.keu.kz/content/17646/17591/lek.files/image012.png,http://cdo.keu.kz/content/17646/17591/lek.files/image013.png,,,,,,,,,,,,,,,,,,,,,,,,,,,,,,,,,,,,,,,,,,,,,,,,,,,,,,,,,,,,,,,,,,,,,,,,,,,,,,,,,,,,,,,,,,,,,,,,,,,,,,,,,,,,,,,,,,,,,,,,,,,,,,,,,,,
http://cdo.keu.kz/content/17647/17592/17592.htm,http://cdo.keu.kz/content/17647/17592/51860/51860.htm,http://cdo.keu.kz/content/17647/17592/51861/51861.htm,http://cdo.keu.kz/content/17647/17592/51862/51862.htm,http://cdo.keu.kz/content/17647/17592/51863/51863.htm,http://cdo.keu.kz/content/17647/17592/51864/51864.htm,http://cdo.keu.kz/content/17647/17592/51865/51865.htm,http://cdo.keu.kz/content/17647/17592/51866/51866.htm,http://cdo.keu.kz/content/17647/17592/51867/51867.htm,http://cdo.keu.kz/content/17647/17592/51868/51868.htm,http://cdo.keu.kz/content/17647/17592/51869/51869.htm,http://cdo.keu.kz/content/17647/17592/51870/51870.htm,http://cdo.keu.kz/content/17647/17592/51871/51871.htm,http://cdo.keu.kz/content/17647/17592/51872/51872.htm,http://cdo.keu.kz/content/17647/17592/51873/51873.htm,http://cdo.keu.kz/content/17647/17592/lek.files/colorschememapping.xml,http://cdo.keu.kz/content/17647/17592/lek.files/filelist.xml,http://cdo.keu.kz/content/17647/17592/lek.files/image001.gif,http://cdo.keu.kz/content/17647/17592/lek.files/image002.gif,http://cdo.keu.kz/content/17647/17592/lek.files/image003.png,http://cdo.keu.kz/content/17647/17592/lek.files/image004.png,http://cdo.keu.kz/content/17647/17592/lek.files/image005.gif,http://cdo.keu.kz/content/17647/17592/lek.files/image006.jpg,http://cdo.keu.kz/content/17647/17592/lek.files/image007.jpg,http://cdo.keu.kz/content/17647/17592/lek.files/image008.jpg,http://cdo.keu.kz/content/17647/17592/lek.files/image009.jpg,http://cdo.keu.kz/content/17647/17592/lek.files/image010.jpg,http://cdo.keu.kz/content/17647/17592/lek.files/image011.gif,http://cdo.keu.kz/content/17647/17592/lek.files/image012.png,http://cdo.keu.kz/content/17647/17592/lek.files/image013.png,http://cdo.keu.kz/content/17647/17592/lek.files/themedata.thmx,,,,,,,,,,,,,,,,,,,,,,,,,,,,,,,,,,,,,,,,,,,,,,,,,,,,,,,,,,,,,,,,,,,,,,,,,,,,,,,,,,,,,,,,,,,,,,,,,,,,,,,,,,,,,,,,,,,,,,,,,,,,,,,
http://cdo.keu.kz/content/17648/17593/17593.htm,http://cdo.keu.kz/content/17648/17593/51874/51874.htm,http://cdo.keu.kz/content/17648/17593/51875/51875.htm,http://cdo.keu.kz/content/17648/17593/51876/51876.htm,http://cdo.keu.kz/content/17648/17593/51877/51877.htm,http://cdo.keu.kz/content/17648/17593/51878/51878.htm,http://cdo.keu.kz/content/17648/17593/51879/51879.htm,http://cdo.keu.kz/content/17648/17593/51880/51880.htm,http://cdo.keu.kz/content/17648/17593/51881/51881.htm,http://cdo.keu.kz/content/17648/17593/51882/51882.htm,http://cdo.keu.kz/content/17648/17593/51883/51883.htm,http://cdo.keu.kz/content/17648/17593/51884/51884.htm,http://cdo.keu.kz/content/17648/17593/51885/51885.htm,http://cdo.keu.kz/content/17648/17593/51886/51886.htm,http://cdo.keu.kz/content/17648/17593/51887/51887.htm,http://cdo.keu.kz/content/17648/17593/51888/51888.htm,http://cdo.keu.kz/content/17648/17593/lek.files/image001.png,http://cdo.keu.kz/content/17648/17593/lek.files/image002.png,http://cdo.keu.kz/content/17648/17593/lek.files/image003.png,http://cdo.keu.kz/content/17648/17593/lek.files/image004.png,http://cdo.keu.kz/content/17648/17593/lek.files/image005.jpg,http://cdo.keu.kz/content/17648/17593/lek.files/image006.png,http://cdo.keu.kz/content/17648/17593/lek.files/image007.png,http://cdo.keu.kz/content/17648/17593/lek.files/image008.jpg,http://cdo.keu.kz/content/17648/17593/lek.files/image009.png,,,,,,,,,,,,,,,,,,,,,,,,,,,,,,,,,,,,,,,,,,,,,,,,,,,,,,,,,,,,,,,,,,,,,,,,,,,,,,,,,,,,,,,,,,,,,,,,,,,,,,,,,,,,,,,,,,,,,,,,,,,,,,,,,,,,,
http://cdo.keu.kz/content/17649/17594/17594.htm,http://cdo.keu.kz/content/17649/17594/51889/51889.htm,http://cdo.keu.kz/content/17649/17594/51890/51890.htm,http://cdo.keu.kz/content/17649/17594/51891/51891.htm,http://cdo.keu.kz/content/17649/17594/51892/51892.htm,http://cdo.keu.kz/content/17649/17594/51893/51893.htm,http://cdo.keu.kz/content/17649/17594/51894/51894.htm,http://cdo.keu.kz/content/17649/17594/51895/51895.htm,http://cdo.keu.kz/content/17649/17594/51896/51896.htm,http://cdo.keu.kz/content/17649/17594/51897/51897.htm,http://cdo.keu.kz/content/17649/17594/51898/51898.htm,http://cdo.keu.kz/content/17649/17594/51899/51899.htm,http://cdo.keu.kz/content/17649/17594/51900/51900.htm,http://cdo.keu.kz/content/17649/17594/51901/51901.htm,http://cdo.keu.kz/content/17649/17594/51902/51902.htm,http://cdo.keu.kz/content/17649/17594/51903/51903.htm,,,,,,,,,,,,,,,,,,,,,,,,,,,,,,,,,,,,,,,,,,,,,,,,,,,,,,,,,,,,,,,,,,,,,,,,,,,,,,,,,,,,,,,,,,,,,,,,,,,,,,,,,,,,,,,,,,,,,,,,,,,,,,,,,,,,,,,,,,,,,,
http://cdo.keu.kz/content/17650/17595/q.htm,,,,,,,,,,,,,,,,,,,,,,,,,,,,,,,,,,,,,,,,,,,,,,,,,,,,,,,,,,,,,,,,,,,,,,,,,,,,,,,,,,,,,,,,,,,,,,,,,,,,,,,,,,,,,,,,,,,,,,,,,,,,,,,,,,,,,,,,,,,,,,,,,,,,,,,,,,,,,
http://cdo.keu.kz/content/17651/17596/17596.htm,http://cdo.keu.kz/content/17651/17596/51904/51904.htm,http://cdo.keu.kz/content/17651/17596/51905/51905.htm,http://cdo.keu.kz/content/17651/17596/51906/51906.htm,http://cdo.keu.kz/content/17651/17596/51907/51907.htm,http://cdo.keu.kz/content/17651/17596/51908/51908.htm,http://cdo.keu.kz/content/17651/17596/51909/51909.htm,http://cdo.keu.kz/content/17651/17596/51910/51910.htm,http://cdo.keu.kz/content/17651/17596/51911/51911.htm,http://cdo.keu.kz/content/17651/17596/51912/51912.htm,http://cdo.keu.kz/content/17651/17596/51913/51913.htm,http://cdo.keu.kz/content/17651/17596/51914/51914.htm,http://cdo.keu.kz/content/17651/17596/51915/51915.htm,http://cdo.keu.kz/content/17651/17596/51916/51916.htm,http://cdo.keu.kz/content/17651/17596/51917/51917.htm,http://cdo.keu.kz/content/17651/17596/lek.files/image001.jpg,http://cdo.keu.kz/content/17651/17596/lek.files/image002.jpg,,,,,,,,,,,,,,,,,,,,,,,,,,,,,,,,,,,,,,,,,,,,,,,,,,,,,,,,,,,,,,,,,,,,,,,,,,,,,,,,,,,,,,,,,,,,,,,,,,,,,,,,,,,,,,,,,,,,,,,,,,,,,,,,,,,,,,,,,,,,,
http://cdo.keu.kz/content/17652/17597/17597.htm,http://cdo.keu.kz/content/17652/17597/51918/51918.htm,http://cdo.keu.kz/content/17652/17597/51919/51919.htm,http://cdo.keu.kz/content/17652/17597/51920/51920.htm,http://cdo.keu.kz/content/17652/17597/51921/51921.htm,http://cdo.keu.kz/content/17652/17597/51922/51922.htm,http://cdo.keu.kz/content/17652/17597/51923/51923.htm,http://cdo.keu.kz/content/17652/17597/51924/51924.htm,http://cdo.keu.kz/content/17652/17597/51925/51925.htm,http://cdo.keu.kz/content/17652/17597/51926/51926.htm,http://cdo.keu.kz/content/17652/17597/51927/51927.htm,http://cdo.keu.kz/content/17652/17597/51928/51928.htm,http://cdo.keu.kz/content/17652/17597/51929/51929.htm,http://cdo.keu.kz/content/17652/17597/51930/51930.htm,http://cdo.keu.kz/content/17652/17597/51931/51931.htm,http://cdo.keu.kz/content/17652/17597/51932/51932.htm,http://cdo.keu.kz/content/17652/17597/lek.files/image001.png,http://cdo.keu.kz/content/17652/17597/lek.files/image002.png,http://cdo.keu.kz/content/17652/17597/lek.files/image003.png,http://cdo.keu.kz/content/17652/17597/lek.files/image004.png,http://cdo.keu.kz/content/17652/17597/lek.files/image005.png,http://cdo.keu.kz/content/17652/17597/lek.files/image006.png,http://cdo.keu.kz/content/17652/17597/lek.files/image007.jpg,http://cdo.keu.kz/content/17652/17597/lek.files/image008.png,http://cdo.keu.kz/content/17652/17597/lek.files/image009.png,http://cdo.keu.kz/content/17652/17597/lek.files/image010.jpg,http://cdo.keu.kz/content/17652/17597/lek.files/image011.jpg,http://cdo.keu.kz/content/17652/17597/lek.files/image012.jpg,http://cdo.keu.kz/content/17652/17597/lek.files/image013.jpg,http://cdo.keu.kz/content/17652/17597/lek.files/image014.jpg,,,,,,,,,,,,,,,,,,,,,,,,,,,,,,,,,,,,,,,,,,,,,,,,,,,,,,,,,,,,,,,,,,,,,,,,,,,,,,,,,,,,,,,,,,,,,,,,,,,,,,,,,,,,,,,,,,,,,,,,,,,,,,,,
http://cdo.keu.kz/content/17653/17598/17598.htm,http://cdo.keu.kz/content/17653/17598/51933/51933.htm,http://cdo.keu.kz/content/17653/17598/51934/51934.htm,http://cdo.keu.kz/content/17653/17598/51935/51935.htm,http://cdo.keu.kz/content/17653/17598/51936/51936.htm,http://cdo.keu.kz/content/17653/17598/51937/51937.htm,http://cdo.keu.kz/content/17653/17598/51938/51938.htm,http://cdo.keu.kz/content/17653/17598/51939/51939.htm,http://cdo.keu.kz/content/17653/17598/51940/51940.htm,http://cdo.keu.kz/content/17653/17598/51941/51941.htm,http://cdo.keu.kz/content/17653/17598/51942/51942.htm,http://cdo.keu.kz/content/17653/17598/51943/51943.htm,http://cdo.keu.kz/content/17653/17598/51944/51944.htm,http://cdo.keu.kz/content/17653/17598/51945/51945.htm,http://cdo.keu.kz/content/17653/17598/51946/51946.htm,http://cdo.keu.kz/content/17653/17598/51947/51947.htm,http://cdo.keu.kz/content/17653/17598/oet.files/image001.png,http://cdo.keu.kz/content/17653/17598/oet.files/image002.png,http://cdo.keu.kz/content/17653/17598/oet.files/image003.png,http://cdo.keu.kz/content/17653/17598/oet.files/image004.png,http://cdo.keu.kz/content/17653/17598/oet.files/image005.png,http://cdo.keu.kz/content/17653/17598/oet.files/image006.png,http://cdo.keu.kz/content/17653/17598/oet.files/image007.png,http://cdo.keu.kz/content/17653/17598/oet.files/image008.png,http://cdo.keu.kz/content/17653/17598/oet.files/image009.jpg,http://cdo.keu.kz/content/17653/17598/oet.files/image010.jpg,http://cdo.keu.kz/content/17653/17598/oet.files/image011.jpg,http://cdo.keu.kz/content/17653/17598/oet.files/image012.jpg,http://cdo.keu.kz/content/17653/17598/oet.files/image013.png,http://cdo.keu.kz/content/17653/17598/oet.files/image014.jpg,http://cdo.keu.kz/content/17653/17598/oet.files/image015.jpg,http://cdo.keu.kz/content/17653/17598/oet.files/image016.jpg,http://cdo.keu.kz/content/17653/17598/oet.files/image017.jpg,http://cdo.keu.kz/content/17653/17598/oet.files/image018.jpg,http://cdo.keu.kz/content/17653/17598/oet.files/image019.jpg,http://cdo.keu.kz/content/17653/17598/oet.files/image020.jpg,http://cdo.keu.kz/content/17653/17598/oet.files/image021.jpg,http://cdo.keu.kz/content/17653/17598/oet.files/image022.jpg,http://cdo.keu.kz/content/17653/17598/oet.files/image023.jpg,http://cdo.keu.kz/content/17653/17598/oet.files/image024.jpg,http://cdo.keu.kz/content/17653/17598/oet.files/image025.jpg,http://cdo.keu.kz/content/17653/17598/oet.files/image026.jpg,http://cdo.keu.kz/content/17653/17598/oet.files/image027.jpg,http://cdo.keu.kz/content/17653/17598/oet.files/image028.jpg,http://cdo.keu.kz/content/17653/17598/oet.files/image029.jpg,http://cdo.keu.kz/content/17653/17598/oet.files/image030.jpg,http://cdo.keu.kz/content/17653/17598/oet.files/image031.jpg,http://cdo.keu.kz/content/17653/17598/oet.files/image032.jpg,http://cdo.keu.kz/content/17653/17598/oet.files/image033.jpg,http://cdo.keu.kz/content/17653/17598/oet.files/image034.jpg,http://cdo.keu.kz/content/17653/17598/oet.files/image035.jpg,http://cdo.keu.kz/content/17653/17598/oet.files/image036.jpg,http://cdo.keu.kz/content/17653/17598/oet.files/image037.jpg,http://cdo.keu.kz/content/17653/17598/oet.files/image038.jpg,http://cdo.keu.kz/content/17653/17598/oet.files/image039.jpg,http://cdo.keu.kz/content/17653/17598/oet.files/image040.jpg,http://cdo.keu.kz/content/17653/17598/oet.files/image041.jpg,http://cdo.keu.kz/content/17653/17598/oet.files/image042.jpg,http://cdo.keu.kz/content/17653/17598/oet.files/image043.jpg,http://cdo.keu.kz/content/17653/17598/oet.files/image044.png,,,,,,,,,,,,,,,,,,,,,,,,,,,,,,,,,,,,,,,,,,,,,,,,,,,,,,,,,,,,,,,,,,,,,,,,,,,,,,,,,,,,,,,,,,,,,,,,,,
http://cdo.keu.kz/content/17654/17599/17599.htm,http://cdo.keu.kz/content/17654/17599/lek.files/image001.jpg,http://cdo.keu.kz/content/17654/17599/lek.files/image002.jpg,http://cdo.keu.kz/content/17654/17599/lek.files/image003.jpg,http://cdo.keu.kz/content/17654/17599/lek.files/image004.gif,http://cdo.keu.kz/content/17654/17599/lek.files/image005.jpg,http://cdo.keu.kz/content/17654/17599/lek.files/image006.jpg,http://cdo.keu.kz/content/17654/17599/lek.files/image007.gif,http://cdo.keu.kz/content/17654/17599/lek.files/image008.jpg,http://cdo.keu.kz/content/17654/17599/lek.files/image009.jpg,http://cdo.keu.kz/content/17654/17599/lek.files/image010.gif,http://cdo.keu.kz/content/17654/17599/lek.htm,,,,,,,,,,,,,,,,,,,,,,,,,,,,,,,,,,,,,,,,,,,,,,,,,,,,,,,,,,,,,,,,,,,,,,,,,,,,,,,,,,,,,,,,,,,,,,,,,,,,,,,,,,,,,,,,,,,,,,,,,,,,,,,,,,,,,,,,,,,,,,,,,,
http://cdo.keu.kz/content/17655/17600/17600.htm,http://cdo.keu.kz/content/17655/17600/lek.files/colorschememapping.xml,http://cdo.keu.kz/content/17655/17600/lek.files/filelist.xml,http://cdo.keu.kz/content/17655/17600/lek.files/image001.jpg,http://cdo.keu.kz/content/17655/17600/lek.files/image002.jpg,http://cdo.keu.kz/content/17655/17600/lek.files/image003.jpg,http://cdo.keu.kz/content/17655/17600/lek.files/image004.gif,http://cdo.keu.kz/content/17655/17600/lek.files/image005.jpg,http://cdo.keu.kz/content/17655/17600/lek.files/image006.jpg,http://cdo.keu.kz/content/17655/17600/lek.files/image007.gif,http://cdo.keu.kz/content/17655/17600/lek.files/image008.jpg,http://cdo.keu.kz/content/17655/17600/lek.files/image009.jpg,http://cdo.keu.kz/content/17655/17600/lek.files/image010.gif,http://cdo.keu.kz/content/17655/17600/lek.files/themedata.thmx,http://cdo.keu.kz/content/17655/17600/lek.htm,,,,,,,,,,,,,,,,,,,,,,,,,,,,,,,,,,,,,,,,,,,,,,,,,,,,,,,,,,,,,,,,,,,,,,,,,,,,,,,,,,,,,,,,,,,,,,,,,,,,,,,,,,,,,,,,,,,,,,,,,,,,,,,,,,,,,,,,,,,,,,,
http://cdo.keu.kz/content/17656/17601/q.htm,,,,,,,,,,,,,,,,,,,,,,,,,,,,,,,,,,,,,,,,,,,,,,,,,,,,,,,,,,,,,,,,,,,,,,,,,,,,,,,,,,,,,,,,,,,,,,,,,,,,,,,,,,,,,,,,,,,,,,,,,,,,,,,,,,,,,,,,,,,,,,,,,,,,,,,,,,,,,
http://cdo.keu.kz/content/17657/17602/17602.htm,http://cdo.keu.kz/content/17657/17602/51948/51948.htm,http://cdo.keu.kz/content/17657/17602/51949/51949.htm,http://cdo.keu.kz/content/17657/17602/51950/51950.htm,http://cdo.keu.kz/content/17657/17602/51951/51951.htm,http://cdo.keu.kz/content/17657/17602/51952/51952.htm,http://cdo.keu.kz/content/17657/17602/51953/51953.htm,http://cdo.keu.kz/content/17657/17602/51954/51954.htm,http://cdo.keu.kz/content/17657/17602/51955/51955.htm,http://cdo.keu.kz/content/17657/17602/51956/51956.htm,http://cdo.keu.kz/content/17657/17602/51957/51957.htm,http://cdo.keu.kz/content/17657/17602/51958/51958.htm,http://cdo.keu.kz/content/17657/17602/51959/51959.htm,http://cdo.keu.kz/content/17657/17602/51960/51960.htm,http://cdo.keu.kz/content/17657/17602/51961/51961.htm,http://cdo.keu.kz/content/17657/17602/51962/51962.htm,http://cdo.keu.kz/content/17657/17602/lek.files/image001.gif,http://cdo.keu.kz/content/17657/17602/lek.files/image002.gif,http://cdo.keu.kz/content/17657/17602/lek.files/image003.gif,http://cdo.keu.kz/content/17657/17602/lek.files/image004.gif,http://cdo.keu.kz/content/17657/17602/lek.files/image005.gif,http://cdo.keu.kz/content/17657/17602/lek.files/image006.gif,,,,,,,,,,,,,,,,,,,,,,,,,,,,,,,,,,,,,,,,,,,,,,,,,,,,,,,,,,,,,,,,,,,,,,,,,,,,,,,,,,,,,,,,,,,,,,,,,,,,,,,,,,,,,,,,,,,,,,,,,,,,,,,,,,,,,,,,
http://cdo.keu.kz/content/17658/17603/17603.htm,http://cdo.keu.kz/content/17658/17603/lek.files/image001.jpg,http://cdo.keu.kz/content/17658/17603/lek.files/image002.png,http://cdo.keu.kz/content/17658/17603/lek.htm,,,,,,,,,,,,,,,,,,,,,,,,,,,,,,,,,,,,,,,,,,,,,,,,,,,,,,,,,,,,,,,,,,,,,,,,,,,,,,,,,,,,,,,,,,,,,,,,,,,,,,,,,,,,,,,,,,,,,,,,,,,,,,,,,,,,,,,,,,,,,,,,,,,,,,,,,,
http://cdo.keu.kz/content/17659/17604/17604.htm,http://cdo.keu.kz/content/17659/17604/51963/51963.htm,http://cdo.keu.kz/content/17659/17604/51964/51964.htm,http://cdo.keu.kz/content/17659/17604/51965/51965.htm,http://cdo.keu.kz/content/17659/17604/51966/51966.htm,http://cdo.keu.kz/content/17659/17604/lek.files/colorschememapping.xml,http://cdo.keu.kz/content/17659/17604/lek.files/filelist.xml,http://cdo.keu.kz/content/17659/17604/lek.files/image001.jpg,http://cdo.keu.kz/content/17659/17604/lek.files/image002.png,http://cdo.keu.kz/content/17659/17604/lek.files/themedata.thmx,,,,,,,,,,,,,,,,,,,,,,,,,,,,,,,,,,,,,,,,,,,,,,,,,,,,,,,,,,,,,,,,,,,,,,,,,,,,,,,,,,,,,,,,,,,,,,,,,,,,,,,,,,,,,,,,,,,,,,,,,,,,,,,,,,,,,,,,,,,,,,,,,,,,
http://cdo.keu.kz/content/17660/17605/17605.htm,http://cdo.keu.kz/content/17660/17605/51967/51967.htm,http://cdo.keu.kz/content/17660/17605/51968/51968.htm,http://cdo.keu.kz/content/17660/17605/51969/51969.htm,http://cdo.keu.kz/content/17660/17605/51970/51970.htm,http://cdo.keu.kz/content/17660/17605/51971/51971.htm,http://cdo.keu.kz/content/17660/17605/51972/51972.htm,http://cdo.keu.kz/content/17660/17605/lek.files/colorschememapping.xml,http://cdo.keu.kz/content/17660/17605/lek.files/filelist.xml,http://cdo.keu.kz/content/17660/17605/lek.files/image001.jpg,http://cdo.keu.kz/content/17660/17605/lek.files/image002.png,http://cdo.keu.kz/content/17660/17605/lek.files/themedata.thmx,,,,,,,,,,,,,,,,,,,,,,,,,,,,,,,,,,,,,,,,,,,,,,,,,,,,,,,,,,,,,,,,,,,,,,,,,,,,,,,,,,,,,,,,,,,,,,,,,,,,,,,,,,,,,,,,,,,,,,,,,,,,,,,,,,,,,,,,,,,,,,,,,,
http://cdo.keu.kz/content/17661/17606/q.htm,,,,,,,,,,,,,,,,,,,,,,,,,,,,,,,,,,,,,,,,,,,,,,,,,,,,,,,,,,,,,,,,,,,,,,,,,,,,,,,,,,,,,,,,,,,,,,,,,,,,,,,,,,,,,,,,,,,,,,,,,,,,,,,,,,,,,,,,,,,,,,,,,,,,,,,,,,,,,
http://cdo.keu.kz/content/17662/17607/17607.htm,http://cdo.keu.kz/content/17662/17607/51973/51973.htm,http://cdo.keu.kz/content/17662/17607/51974/51974.htm,http://cdo.keu.kz/content/17662/17607/51975/51975.htm,http://cdo.keu.kz/content/17662/17607/51976/51976.htm,http://cdo.keu.kz/content/17662/17607/51977/51977.htm,http://cdo.keu.kz/content/17662/17607/51978/51978.htm,http://cdo.keu.kz/content/17662/17607/lek.files/image001.jpg,,,,,,,,,,,,,,,,,,,,,,,,,,,,,,,,,,,,,,,,,,,,,,,,,,,,,,,,,,,,,,,,,,,,,,,,,,,,,,,,,,,,,,,,,,,,,,,,,,,,,,,,,,,,,,,,,,,,,,,,,,,,,,,,,,,,,,,,,,,,,,,,,,,,,,
http://cdo.keu.kz/content/17663/17608/17608.htm,http://cdo.keu.kz/content/17663/17608/51979/51979.htm,http://cdo.keu.kz/content/17663/17608/51980/51980.htm,http://cdo.keu.kz/content/17663/17608/51981/51981.htm,http://cdo.keu.kz/content/17663/17608/51982/51982.htm,http://cdo.keu.kz/content/17663/17608/51983/51983.htm,http://cdo.keu.kz/content/17663/17608/51984/51984.htm,http://cdo.keu.kz/content/17663/17608/lek.files/image001.jpg,http://cdo.keu.kz/content/17663/17608/lek.files/image002.jpg,,,,,,,,,,,,,,,,,,,,,,,,,,,,,,,,,,,,,,,,,,,,,,,,,,,,,,,,,,,,,,,,,,,,,,,,,,,,,,,,,,,,,,,,,,,,,,,,,,,,,,,,,,,,,,,,,,,,,,,,,,,,,,,,,,,,,,,,,,,,,,,,,,,,,
http://cdo.keu.kz/content/17664/17609/17609.htm,http://cdo.keu.kz/content/17664/17609/51985/51985.htm,http://cdo.keu.kz/content/17664/17609/51986/51986.htm,http://cdo.keu.kz/content/17664/17609/51987/51987.htm,http://cdo.keu.kz/content/17664/17609/51988/51988.htm,http://cdo.keu.kz/content/17664/17609/51989/51989.htm,http://cdo.keu.kz/content/17664/17609/51990/51990.htm,http://cdo.keu.kz/content/17664/17609/lek.files/image001.jpg,http://cdo.keu.kz/content/17664/17609/lek.files/image002.png,http://cdo.keu.kz/content/17664/17609/lek.files/image003.jpg,,,,,,,,,,,,,,,,,,,,,,,,,,,,,,,,,,,,,,,,,,,,,,,,,,,,,,,,,,,,,,,,,,,,,,,,,,,,,,,,,,,,,,,,,,,,,,,,,,,,,,,,,,,,,,,,,,,,,,,,,,,,,,,,,,,,,,,,,,,,,,,,,,,,
http://cdo.keu.kz/content/17665/17610/17610.htm,http://cdo.keu.kz/content/17665/17610/51991/51991.htm,http://cdo.keu.kz/content/17665/17610/51992/51992.htm,http://cdo.keu.kz/content/17665/17610/51993/51993.htm,http://cdo.keu.kz/content/17665/17610/51994/51994.htm,http://cdo.keu.kz/content/17665/17610/lek.files/image001.png,http://cdo.keu.kz/content/17665/17610/lek.files/image002.png,,,,,,,,,,,,,,,,,,,,,,,,,,,,,,,,,,,,,,,,,,,,,,,,,,,,,,,,,,,,,,,,,,,,,,,,,,,,,,,,,,,,,,,,,,,,,,,,,,,,,,,,,,,,,,,,,,,,,,,,,,,,,,,,,,,,,,,,,,,,,,,,,,,,,,,
http://cdo.keu.kz/content/17666/17611/17611.htm,http://cdo.keu.kz/content/17666/17611/51995/51995.htm,http://cdo.keu.kz/content/17666/17611/51996/51996.htm,http://cdo.keu.kz/content/17666/17611/51997/51997.htm,http://cdo.keu.kz/content/17666/17611/51998/51998.htm,http://cdo.keu.kz/content/17666/17611/51999/51999.htm,http://cdo.keu.kz/content/17666/17611/52000/52000.htm,http://cdo.keu.kz/content/17666/17611/lek.files/colorschememapping.xml,http://cdo.keu.kz/content/17666/17611/lek.files/filelist.xml,http://cdo.keu.kz/content/17666/17611/lek.files/image001.png,http://cdo.keu.kz/content/17666/17611/lek.files/image002.png,http://cdo.keu.kz/content/17666/17611/lek.files/themedata.thmx,,,,,,,,,,,,,,,,,,,,,,,,,,,,,,,,,,,,,,,,,,,,,,,,,,,,,,,,,,,,,,,,,,,,,,,,,,,,,,,,,,,,,,,,,,,,,,,,,,,,,,,,,,,,,,,,,,,,,,,,,,,,,,,,,,,,,,,,,,,,,,,,,,
http://cdo.keu.kz/content/17667/17612/17612.htm,http://cdo.keu.kz/content/17667/17612/52001/52001.htm,http://cdo.keu.kz/content/17667/17612/52002/52002.htm,http://cdo.keu.kz/content/17667/17612/52003/52003.htm,http://cdo.keu.kz/content/17667/17612/52004/52004.htm,http://cdo.keu.kz/content/17667/17612/52005/52005.htm,http://cdo.keu.kz/content/17667/17612/52006/52006.htm,http://cdo.keu.kz/content/17667/17612/lek.files/image001.jpg,http://cdo.keu.kz/content/17667/17612/lek.files/image002.jpg,,,,,,,,,,,,,,,,,,,,,,,,,,,,,,,,,,,,,,,,,,,,,,,,,,,,,,,,,,,,,,,,,,,,,,,,,,,,,,,,,,,,,,,,,,,,,,,,,,,,,,,,,,,,,,,,,,,,,,,,,,,,,,,,,,,,,,,,,,,,,,,,,,,,,
http://cdo.keu.kz/content/17668/17613/17613.htm,http://cdo.keu.kz/content/17668/17613/52007/52007.htm,http://cdo.keu.kz/content/17668/17613/52008/52008.htm,http://cdo.keu.kz/content/17668/17613/52009/52009.htm,http://cdo.keu.kz/content/17668/17613/52010/52010.htm,http://cdo.keu.kz/content/17668/17613/52011/52011.htm,http://cdo.keu.kz/content/17668/17613/52012/52012.htm,http://cdo.keu.kz/content/17668/17613/lek.files/image001.jpg,http://cdo.keu.kz/content/17668/17613/lek.files/image002.png,http://cdo.keu.kz/content/17668/17613/lek.files/image003.jpg,,,,,,,,,,,,,,,,,,,,,,,,,,,,,,,,,,,,,,,,,,,,,,,,,,,,,,,,,,,,,,,,,,,,,,,,,,,,,,,,,,,,,,,,,,,,,,,,,,,,,,,,,,,,,,,,,,,,,,,,,,,,,,,,,,,,,,,,,,,,,,,,,,,,
http://cdo.keu.kz/content/17669/17614/17614.htm,http://cdo.keu.kz/content/17669/17614/52013/52013.htm,http://cdo.keu.kz/content/17669/17614/52014/52014.htm,http://cdo.keu.kz/content/17669/17614/52015/52015.htm,http://cdo.keu.kz/content/17669/17614/lek.files/image001.jpg,http://cdo.keu.kz/content/17669/17614/lek.files/image002.png,,,,,,,,,,,,,,,,,,,,,,,,,,,,,,,,,,,,,,,,,,,,,,,,,,,,,,,,,,,,,,,,,,,,,,,,,,,,,,,,,,,,,,,,,,,,,,,,,,,,,,,,,,,,,,,,,,,,,,,,,,,,,,,,,,,,,,,,,,,,,,,,,,,,,,,,
http://cdo.keu.kz/content/17670/17615/17615.htm,http://cdo.keu.kz/content/17670/17615/52016/52016.htm,http://cdo.keu.kz/content/17670/17615/52017/52017.htm,http://cdo.keu.kz/content/17670/17615/52018/52018.htm,http://cdo.keu.kz/content/17670/17615/52019/52019.htm,http://cdo.keu.kz/content/17670/17615/52020/52020.htm,http://cdo.keu.kz/content/17670/17615/52021/52021.htm,http://cdo.keu.kz/content/17670/17615/lek.files/colorschememapping.xml,http://cdo.keu.kz/content/17670/17615/lek.files/filelist.xml,http://cdo.keu.kz/content/17670/17615/lek.files/image001.jpg,http://cdo.keu.kz/content/17670/17615/lek.files/image002.png,http://cdo.keu.kz/content/17670/17615/lek.files/themedata.thmx,,,,,,,,,,,,,,,,,,,,,,,,,,,,,,,,,,,,,,,,,,,,,,,,,,,,,,,,,,,,,,,,,,,,,,,,,,,,,,,,,,,,,,,,,,,,,,,,,,,,,,,,,,,,,,,,,,,,,,,,,,,,,,,,,,,,,,,,,,,,,,,,,,
http://cdo.keu.kz/content/17671/17616/itog.files/colorschememapping.xml,http://cdo.keu.kz/content/17671/17616/itog.files/filelist.xml,http://cdo.keu.kz/content/17671/17616/itog.files/themedata.thmx,http://cdo.keu.kz/content/17671/17616/itog.htm,,,,,,,,,,,,,,,,,,,,,,,,,,,,,,,,,,,,,,,,,,,,,,,,,,,,,,,,,,,,,,,,,,,,,,,,,,,,,,,,,,,,,,,,,,,,,,,,,,,,,,,,,,,,,,,,,,,,,,,,,,,,,,,,,,,,,,,,,,,,,,,,,,,,,,,,,,
http://cdo.keu.kz/content/17672/17617/17617.htm,http://cdo.keu.kz/content/17672/17617/52025/52025.htm,http://cdo.keu.kz/content/17672/17617/52026/52026.htm,http://cdo.keu.kz/content/17672/17617/52027/52027.htm,http://cdo.keu.kz/content/17672/17617/52028/52028.htm,http://cdo.keu.kz/content/17672/17617/52029/52029.htm,http://cdo.keu.kz/content/17672/17617/52030/52030.htm,http://cdo.keu.kz/content/17672/17617/lek.files/image001.jpg,,,,,,,,,,,,,,,,,,,,,,,,,,,,,,,,,,,,,,,,,,,,,,,,,,,,,,,,,,,,,,,,,,,,,,,,,,,,,,,,,,,,,,,,,,,,,,,,,,,,,,,,,,,,,,,,,,,,,,,,,,,,,,,,,,,,,,,,,,,,,,,,,,,,,,
http://cdo.keu.kz/content/17673/17618/17618.htm,http://cdo.keu.kz/content/17673/17618/52032/52032.htm,http://cdo.keu.kz/content/17673/17618/52033/52033.htm,http://cdo.keu.kz/content/17673/17618/52034/52034.htm,http://cdo.keu.kz/content/17673/17618/52035/52035.htm,http://cdo.keu.kz/content/17673/17618/lek.files/image001.png,http://cdo.keu.kz/content/17673/17618/lek.files/image002.png,,,,,,,,,,,,,,,,,,,,,,,,,,,,,,,,,,,,,,,,,,,,,,,,,,,,,,,,,,,,,,,,,,,,,,,,,,,,,,,,,,,,,,,,,,,,,,,,,,,,,,,,,,,,,,,,,,,,,,,,,,,,,,,,,,,,,,,,,,,,,,,,,,,,,,,
http://cdo.keu.kz/content/17674/17619/17619.htm,http://cdo.keu.kz/content/17674/17619/52037/52037.htm,http://cdo.keu.kz/content/17674/17619/52038/52038.htm,http://cdo.keu.kz/content/17674/17619/52039/52039.htm,http://cdo.keu.kz/content/17674/17619/52040/52040.htm,http://cdo.keu.kz/content/17674/17619/52041/52041.htm,http://cdo.keu.kz/content/17674/17619/52042/52042.htm,http://cdo.keu.kz/content/17674/17619/lek.files/colorschememapping.xml,http://cdo.keu.kz/content/17674/17619/lek.files/filelist.xml,http://cdo.keu.kz/content/17674/17619/lek.files/image001.png,http://cdo.keu.kz/content/17674/17619/lek.files/image002.png,http://cdo.keu.kz/content/17674/17619/lek.files/themedata.thmx,,,,,,,,,,,,,,,,,,,,,,,,,,,,,,,,,,,,,,,,,,,,,,,,,,,,,,,,,,,,,,,,,,,,,,,,,,,,,,,,,,,,,,,,,,,,,,,,,,,,,,,,,,,,,,,,,,,,,,,,,,,,,,,,,,,,,,,,,,,,,,,,,,
http://cdo.keu.kz/content/17675/17620/17620.htm,http://cdo.keu.kz/content/17675/17620/52044/52044.htm,http://cdo.keu.kz/content/17675/17620/52045/52045.htm,,,,,,,,,,,,,,,,,,,,,,,,,,,,,,,,,,,,,,,,,,,,,,,,,,,,,,,,,,,,,,,,,,,,,,,,,,,,,,,,,,,,,,,,,,,,,,,,,,,,,,,,,,,,,,,,,,,,,,,,,,,,,,,,,,,,,,,,,,,,,,,,,,,,,,,,,,,
http://cdo.keu.kz/content/17676/17621/17621.htm,http://cdo.keu.kz/content/17676/17621/52046/52046.htm,http://cdo.keu.kz/content/17676/17621/52047/52047.htm,http://cdo.keu.kz/content/17676/17621/52048/52048.htm,http://cdo.keu.kz/content/17676/17621/52049/52049.htm,http://cdo.keu.kz/content/17676/17621/52050/52050.htm,http://cdo.keu.kz/content/17676/17621/52051/52051.htm,http://cdo.keu.kz/content/17676/17621/52052/52052.htm,http://cdo.keu.kz/content/17676/17621/52053/52053.htm,http://cdo.keu.kz/content/17676/17621/lek.files/colorschememapping.xml,http://cdo.keu.kz/content/17676/17621/lek.files/filelist.xml,http://cdo.keu.kz/content/17676/17621/lek.files/themedata.thmx,,,,,,,,,,,,,,,,,,,,,,,,,,,,,,,,,,,,,,,,,,,,,,,,,,,,,,,,,,,,,,,,,,,,,,,,,,,,,,,,,,,,,,,,,,,,,,,,,,,,,,,,,,,,,,,,,,,,,,,,,,,,,,,,,,,,,,,,,,,,,,,,,,
http://cdo.keu.kz/content/17677/17622/q.htm,,,,,,,,,,,,,,,,,,,,,,,,,,,,,,,,,,,,,,,,,,,,,,,,,,,,,,,,,,,,,,,,,,,,,,,,,,,,,,,,,,,,,,,,,,,,,,,,,,,,,,,,,,,,,,,,,,,,,,,,,,,,,,,,,,,,,,,,,,,,,,,,,,,,,,,,,,,,,
http://cdo.keu.kz/content/17678/17623/17623.htm,http://cdo.keu.kz/content/17678/17623/52054/52054.htm,http://cdo.keu.kz/content/17678/17623/52055/52055.htm,http://cdo.keu.kz/content/17678/17623/52056/52056.htm,http://cdo.keu.kz/content/17678/17623/52057/52057.htm,http://cdo.keu.kz/content/17678/17623/52058/52058.htm,http://cdo.keu.kz/content/17678/17623/52059/52059.htm,http://cdo.keu.kz/content/17678/17623/52060/52060.htm,http://cdo.keu.kz/content/17678/17623/52061/52061.htm,http://cdo.keu.kz/content/17678/17623/52062/52062.htm,http://cdo.keu.kz/content/17678/17623/52063/52063.htm,http://cdo.keu.kz/content/17678/17623/52064/52064.htm,http://cdo.keu.kz/content/17678/17623/52065/52065.htm,http://cdo.keu.kz/content/17678/17623/52066/52066.htm,http://cdo.keu.kz/content/17678/17623/52067/52067.htm,http://cdo.keu.kz/content/17678/17623/52068/52068.htm,http://cdo.keu.kz/content/17678/17623/lek.files/image001.gif,http://cdo.keu.kz/content/17678/17623/lek.files/image002.gif,http://cdo.keu.kz/content/17678/17623/lek.files/image003.gif,http://cdo.keu.kz/content/17678/17623/lek.files/image004.gif,http://cdo.keu.kz/content/17678/17623/lek.files/image005.gif,http://cdo.keu.kz/content/17678/17623/lek.files/image006.gif,http://cdo.keu.kz/content/17678/17623/lek.files/image007.gif,http://cdo.keu.kz/content/17678/17623/lek.files/image008.gif,http://cdo.keu.kz/content/17678/17623/lek.files/image009.gif,http://cdo.keu.kz/content/17678/17623/lek.files/image010.gif,http://cdo.keu.kz/content/17678/17623/lek.files/image011.gif,http://cdo.keu.kz/content/17678/17623/lek.files/image012.gif,http://cdo.keu.kz/content/17678/17623/lek.files/image013.gif,http://cdo.keu.kz/content/17678/17623/lek.files/image014.gif,http://cdo.keu.kz/content/17678/17623/lek.files/image015.gif,http://cdo.keu.kz/content/17678/17623/lek.files/image016.gif,http://cdo.keu.kz/content/17678/17623/lek.files/image017.gif,http://cdo.keu.kz/content/17678/17623/lek.files/image018.gif,http://cdo.keu.kz/content/17678/17623/lek.files/image019.gif,http://cdo.keu.kz/content/17678/17623/lek.files/image020.gif,http://cdo.keu.kz/content/17678/17623/lek.files/image021.gif,http://cdo.keu.kz/content/17678/17623/lek.files/image022.gif,http://cdo.keu.kz/content/17678/17623/lek.files/image023.gif,http://cdo.keu.kz/content/17678/17623/lek.files/image024.gif,http://cdo.keu.kz/content/17678/17623/lek.files/image025.gif,http://cdo.keu.kz/content/17678/17623/lek.files/image026.gif,http://cdo.keu.kz/content/17678/17623/lek.files/image027.gif,http://cdo.keu.kz/content/17678/17623/lek.files/image028.gif,http://cdo.keu.kz/content/17678/17623/lek.files/image029.gif,http://cdo.keu.kz/content/17678/17623/lek.files/image030.gif,http://cdo.keu.kz/content/17678/17623/lek.files/image031.gif,http://cdo.keu.kz/content/17678/17623/lek.files/image032.gif,http://cdo.keu.kz/content/17678/17623/lek.files/image033.gif,http://cdo.keu.kz/content/17678/17623/lek.files/image034.gif,http://cdo.keu.kz/content/17678/17623/lek.files/image035.gif,http://cdo.keu.kz/content/17678/17623/lek.files/image036.gif,http://cdo.keu.kz/content/17678/17623/lek.files/image037.gif,http://cdo.keu.kz/content/17678/17623/lek.files/image038.gif,http://cdo.keu.kz/content/17678/17623/lek.files/image039.gif,http://cdo.keu.kz/content/17678/17623/lek.files/image040.gif,http://cdo.keu.kz/content/17678/17623/lek.files/image041.gif,http://cdo.keu.kz/content/17678/17623/lek.files/image042.gif,http://cdo.keu.kz/content/17678/17623/lek.files/image043.gif,http://cdo.keu.kz/content/17678/17623/lek.files/image044.gif,http://cdo.keu.kz/content/17678/17623/lek.files/image045.gif,http://cdo.keu.kz/content/17678/17623/lek.files/image046.gif,http://cdo.keu.kz/content/17678/17623/lek.files/image047.gif,http://cdo.keu.kz/content/17678/17623/lek.files/image048.gif,http://cdo.keu.kz/content/17678/17623/lek.files/image049.gif,http://cdo.keu.kz/content/17678/17623/lek.files/image050.gif,http://cdo.keu.kz/content/17678/17623/lek.files/image051.gif,http://cdo.keu.kz/content/17678/17623/lek.files/image052.gif,http://cdo.keu.kz/content/17678/17623/lek.files/image053.gif,http://cdo.keu.kz/content/17678/17623/lek.files/image054.gif,http://cdo.keu.kz/content/17678/17623/lek.files/image055.gif,http://cdo.keu.kz/content/17678/17623/lek.files/image056.gif,http://cdo.keu.kz/content/17678/17623/lek.files/image057.gif,http://cdo.keu.kz/content/17678/17623/lek.files/image058.gif,http://cdo.keu.kz/content/17678/17623/lek.files/image059.gif,http://cdo.keu.kz/content/17678/17623/lek.files/image060.gif,http://cdo.keu.kz/content/17678/17623/lek.files/image061.gif,http://cdo.keu.kz/content/17678/17623/lek.files/image062.gif,http://cdo.keu.kz/content/17678/17623/lek.files/image063.gif,http://cdo.keu.kz/content/17678/17623/lek.files/image064.gif,http://cdo.keu.kz/content/17678/17623/lek.files/image065.gif,http://cdo.keu.kz/content/17678/17623/lek.files/image066.gif,http://cdo.keu.kz/content/17678/17623/lek.files/image067.gif,http://cdo.keu.kz/content/17678/17623/lek.files/image068.gif,http://cdo.keu.kz/content/17678/17623/lek.files/image069.gif,http://cdo.keu.kz/content/17678/17623/lek.files/image070.gif,http://cdo.keu.kz/content/17678/17623/lek.files/image071.gif,http://cdo.keu.kz/content/17678/17623/lek.files/image072.gif,http://cdo.keu.kz/content/17678/17623/lek.files/image073.gif,http://cdo.keu.kz/content/17678/17623/lek.files/image074.gif,http://cdo.keu.kz/content/17678/17623/lek.files/image075.gif,http://cdo.keu.kz/content/17678/17623/lek.files/image076.gif,http://cdo.keu.kz/content/17678/17623/lek.files/image077.gif,http://cdo.keu.kz/content/17678/17623/lek.files/image078.gif,http://cdo.keu.kz/content/17678/17623/lek.files/image079.gif,http://cdo.keu.kz/content/17678/17623/lek.files/image080.gif,http://cdo.keu.kz/content/17678/17623/lek.files/image081.gif,http://cdo.keu.kz/content/17678/17623/lek.files/image082.gif,http://cdo.keu.kz/content/17678/17623/lek.files/image083.gif,http://cdo.keu.kz/content/17678/17623/lek.files/image084.gif,http://cdo.keu.kz/content/17678/17623/lek.files/image085.gif,http://cdo.keu.kz/content/17678/17623/lek.files/image086.gif,http://cdo.keu.kz/content/17678/17623/lek.files/image087.gif,http://cdo.keu.kz/content/17678/17623/lek.files/image088.gif,http://cdo.keu.kz/content/17678/17623/lek.files/image089.gif,http://cdo.keu.kz/content/17678/17623/lek.files/image090.gif,http://cdo.keu.kz/content/17678/17623/lek.files/image091.gif,http://cdo.keu.kz/content/17678/17623/lek.files/image092.gif,http://cdo.keu.kz/content/17678/17623/lek.files/image093.gif,http://cdo.keu.kz/content/17678/17623/lek.files/image094.gif,http://cdo.keu.kz/content/17678/17623/lek.files/image095.gif,http://cdo.keu.kz/content/17678/17623/lek.files/image096.gif,http://cdo.keu.kz/content/17678/17623/lek.files/image097.gif,http://cdo.keu.kz/content/17678/17623/lek.files/image098.gif,http://cdo.keu.kz/content/17678/17623/lek.files/image099.gif,http://cdo.keu.kz/content/17678/17623/lek.files/image100.gif,http://cdo.keu.kz/content/17678/17623/lek.files/image101.gif,http://cdo.keu.kz/content/17678/17623/lek.files/image102.gif,http://cdo.keu.kz/content/17678/17623/lek.files/image103.gif,http://cdo.keu.kz/content/17678/17623/lek.files/image104.gif,http://cdo.keu.kz/content/17678/17623/lek.files/image105.gif,http://cdo.keu.kz/content/17678/17623/lek.files/image106.gif,http://cdo.keu.kz/content/17678/17623/lek.files/image107.gif,http://cdo.keu.kz/content/17678/17623/lek.files/image108.gif,http://cdo.keu.kz/content/17678/17623/lek.files/image109.gif,http://cdo.keu.kz/content/17678/17623/lek.files/image110.gif,http://cdo.keu.kz/content/17678/17623/lek.files/image111.gif,http://cdo.keu.kz/content/17678/17623/lek.files/image112.gif,http://cdo.keu.kz/content/17678/17623/lek.files/image113.gif,http://cdo.keu.kz/content/17678/17623/lek.files/image114.gif,http://cdo.keu.kz/content/17678/17623/lek.files/image115.gif,http://cdo.keu.kz/content/17678/17623/lek.files/image116.gif,http://cdo.keu.kz/content/17678/17623/lek.files/image117.gif,http://cdo.keu.kz/content/17678/17623/lek.files/image118.gif,http://cdo.keu.kz/content/17678/17623/lek.files/image119.gif,http://cdo.keu.kz/content/17678/17623/lek.files/image120.gif,http://cdo.keu.kz/content/17678/17623/lek.files/image121.gif,http://cdo.keu.kz/content/17678/17623/lek.files/image122.gif,http://cdo.keu.kz/content/17678/17623/lek.files/image123.gif,http://cdo.keu.kz/content/17678/17623/lek.files/image124.gif,http://cdo.keu.kz/content/17678/17623/lek.files/image125.gif,http://cdo.keu.kz/content/17678/17623/lek.files/image126.gif,http://cdo.keu.kz/content/17678/17623/lek.files/image127.gif,http://cdo.keu.kz/content/17678/17623/lek.files/image128.gif,http://cdo.keu.kz/content/17678/17623/lek.files/image129.gif,http://cdo.keu.kz/content/17678/17623/lek.files/image130.gif,http://cdo.keu.kz/content/17678/17623/lek.files/image131.gif,http://cdo.keu.kz/content/17678/17623/lek.files/image132.gif,http://cdo.keu.kz/content/17678/17623/lek.files/image133.gif,http://cdo.keu.kz/content/17678/17623/lek.files/image134.gif,http://cdo.keu.kz/content/17678/17623/lek.files/image135.gif,http://cdo.keu.kz/content/17678/17623/lek.files/image136.gif,http://cdo.keu.kz/content/17678/17623/lek.files/image137.gif,http://cdo.keu.kz/content/17678/17623/lek.files/image138.gif,http://cdo.keu.kz/content/17678/17623/lek.files/image139.gif,http://cdo.keu.kz/content/17678/17623/lek.files/image140.gif,http://cdo.keu.kz/content/17678/17623/lek.files/image141.gif,http://cdo.keu.kz/content/17678/17623/lek.files/image142.gif
http://cdo.keu.kz/content/17679/17624/17624.htm,http://cdo.keu.kz/content/17679/17624/52069/52069.htm,http://cdo.keu.kz/content/17679/17624/52070/52070.htm,http://cdo.keu.kz/content/17679/17624/52071/52071.htm,http://cdo.keu.kz/content/17679/17624/52072/52072.htm,http://cdo.keu.kz/content/17679/17624/52073/52073.htm,http://cdo.keu.kz/content/17679/17624/lek.files/colorschememapping.xml,http://cdo.keu.kz/content/17679/17624/lek.files/filelist.xml,http://cdo.keu.kz/content/17679/17624/lek.files/themedata.thmx,,,,,,,,,,,,,,,,,,,,,,,,,,,,,,,,,,,,,,,,,,,,,,,,,,,,,,,,,,,,,,,,,,,,,,,,,,,,,,,,,,,,,,,,,,,,,,,,,,,,,,,,,,,,,,,,,,,,,,,,,,,,,,,,,,,,,,,,,,,,,,,,,,,,,
http://cdo.keu.kz/content/17680/17625/17625.htm,http://cdo.keu.kz/content/17680/17625/52074/52074.htm,http://cdo.keu.kz/content/17680/17625/52075/52075.htm,http://cdo.keu.kz/content/17680/17625/52076/52076.htm,http://cdo.keu.kz/content/17680/17625/52077/52077.htm,http://cdo.keu.kz/content/17680/17625/52078/52078.htm,http://cdo.keu.kz/content/17680/17625/lek.files/colorschememapping.xml,http://cdo.keu.kz/content/17680/17625/lek.files/filelist.xml,http://cdo.keu.kz/content/17680/17625/lek.files/themedata.thmx,,,,,,,,,,,,,,,,,,,,,,,,,,,,,,,,,,,,,,,,,,,,,,,,,,,,,,,,,,,,,,,,,,,,,,,,,,,,,,,,,,,,,,,,,,,,,,,,,,,,,,,,,,,,,,,,,,,,,,,,,,,,,,,,,,,,,,,,,,,,,,,,,,,,,
http://cdo.keu.kz/content/17681/17626/17626.htm,http://cdo.keu.kz/content/17681/17626/52079/52079.htm,http://cdo.keu.kz/content/17681/17626/52080/52080.htm,http://cdo.keu.kz/content/17681/17626/52081/52081.htm,http://cdo.keu.kz/content/17681/17626/52082/52082.htm,http://cdo.keu.kz/content/17681/17626/52083/52083.htm,http://cdo.keu.kz/content/17681/17626/52084/52084.htm,http://cdo.keu.kz/content/17681/17626/52085/52085.htm,http://cdo.keu.kz/content/17681/17626/52086/52086.htm,http://cdo.keu.kz/content/17681/17626/52087/52087.htm,http://cdo.keu.kz/content/17681/17626/lek.files/colorschememapping.xml,http://cdo.keu.kz/content/17681/17626/lek.files/filelist.xml,http://cdo.keu.kz/content/17681/17626/lek.files/themedata.thmx,,,,,,,,,,,,,,,,,,,,,,,,,,,,,,,,,,,,,,,,,,,,,,,,,,,,,,,,,,,,,,,,,,,,,,,,,,,,,,,,,,,,,,,,,,,,,,,,,,,,,,,,,,,,,,,,,,,,,,,,,,,,,,,,,,,,,,,,,,,,,,,,,
http://cdo.keu.kz/content/17682/17627/itog.files/image001.gif,http://cdo.keu.kz/content/17682/17627/itog.files/image002.gif,http://cdo.keu.kz/content/17682/17627/itog.files/image003.gif,http://cdo.keu.kz/content/17682/17627/itog.files/image004.gif,http://cdo.keu.kz/content/17682/17627/itog.files/image005.gif,http://cdo.keu.kz/content/17682/17627/itog.files/image006.gif,http://cdo.keu.kz/content/17682/17627/itog.files/image007.gif,http://cdo.keu.kz/content/17682/17627/itog.files/image008.gif,http://cdo.keu.kz/content/17682/17627/itog.files/image009.gif,http://cdo.keu.kz/content/17682/17627/itog.files/image010.gif,http://cdo.keu.kz/content/17682/17627/itog.files/image011.gif,http://cdo.keu.kz/content/17682/17627/itog.files/image012.gif,http://cdo.keu.kz/content/17682/17627/itog.files/image013.gif,http://cdo.keu.kz/content/17682/17627/itog.files/image014.gif,http://cdo.keu.kz/content/17682/17627/itog.files/image015.gif,http://cdo.keu.kz/content/17682/17627/itog.files/image016.gif,http://cdo.keu.kz/content/17682/17627/itog.files/image017.gif,http://cdo.keu.kz/content/17682/17627/itog.htm,,,,,,,,,,,,,,,,,,,,,,,,,,,,,,,,,,,,,,,,,,,,,,,,,,,,,,,,,,,,,,,,,,,,,,,,,,,,,,,,,,,,,,,,,,,,,,,,,,,,,,,,,,,,,,,,,,,,,,,,,,,,,,,,,,,,,,,,,,,,
http://cdo.keu.kz/content/17683/17628/q.htm,,,,,,,,,,,,,,,,,,,,,,,,,,,,,,,,,,,,,,,,,,,,,,,,,,,,,,,,,,,,,,,,,,,,,,,,,,,,,,,,,,,,,,,,,,,,,,,,,,,,,,,,,,,,,,,,,,,,,,,,,,,,,,,,,,,,,,,,,,,,,,,,,,,,,,,,,,,,,
http://cdo.keu.kz/content/17684/17629/q.htm,,,,,,,,,,,,,,,,,,,,,,,,,,,,,,,,,,,,,,,,,,,,,,,,,,,,,,,,,,,,,,,,,,,,,,,,,,,,,,,,,,,,,,,,,,,,,,,,,,,,,,,,,,,,,,,,,,,,,,,,,,,,,,,,,,,,,,,,,,,,,,,,,,,,,,,,,,,,,
http://cdo.keu.kz/content/17685/17630/17630.htm,http://cdo.keu.kz/content/17685/17630/lek.files/colorschememapping.xml,http://cdo.keu.kz/content/17685/17630/lek.files/filelist.xml,http://cdo.keu.kz/content/17685/17630/lek.files/image001.jpg,http://cdo.keu.kz/content/17685/17630/lek.files/image002.jpg,http://cdo.keu.kz/content/17685/17630/lek.files/image003.jpg,http://cdo.keu.kz/content/17685/17630/lek.files/image004.gif,http://cdo.keu.kz/content/17685/17630/lek.files/image005.jpg,http://cdo.keu.kz/content/17685/17630/lek.files/image006.jpg,http://cdo.keu.kz/content/17685/17630/lek.files/image007.gif,http://cdo.keu.kz/content/17685/17630/lek.files/image008.jpg,http://cdo.keu.kz/content/17685/17630/lek.files/image009.jpg,http://cdo.keu.kz/content/17685/17630/lek.files/image010.gif,http://cdo.keu.kz/content/17685/17630/lek.files/themedata.thmx,http://cdo.keu.kz/content/17685/17630/lek.htm,,,,,,,,,,,,,,,,,,,,,,,,,,,,,,,,,,,,,,,,,,,,,,,,,,,,,,,,,,,,,,,,,,,,,,,,,,,,,,,,,,,,,,,,,,,,,,,,,,,,,,,,,,,,,,,,,,,,,,,,,,,,,,,,,,,,,,,,,,,,,,,
http://cdo.keu.kz/content/17686/17631/q.htm,,,,,,,,,,,,,,,,,,,,,,,,,,,,,,,,,,,,,,,,,,,,,,,,,,,,,,,,,,,,,,,,,,,,,,,,,,,,,,,,,,,,,,,,,,,,,,,,,,,,,,,,,,,,,,,,,,,,,,,,,,,,,,,,,,,,,,,,,,,,,,,,,,,,,,,,,,,,,
http://cdo.keu.kz/content/17687/17632/17632.htm,http://cdo.keu.kz/content/17687/17632/lek.files/image001.jpg,http://cdo.keu.kz/content/17687/17632/lek.files/image002.png,http://cdo.keu.kz/content/17687/17632/lek.files/image003.jpg,http://cdo.keu.kz/content/17687/17632/lek.files/image004.png,http://cdo.keu.kz/content/17687/17632/lek.files/image005.png,http://cdo.keu.kz/content/17687/17632/lek.files/image006.png,http://cdo.keu.kz/content/17687/17632/lek.files/image007.png,http://cdo.keu.kz/content/17687/17632/lek.files/image008.jpg,,,,,,,,,,,,,,,,,,,,,,,,,,,,,,,,,,,,,,,,,,,,,,,,,,,,,,,,,,,,,,,,,,,,,,,,,,,,,,,,,,,,,,,,,,,,,,,,,,,,,,,,,,,,,,,,,,,,,,,,,,,,,,,,,,,,,,,,,,,,,,,,,,,,,
http://cdo.keu.kz/content/17688/17633/17633.htm,http://cdo.keu.kz/content/17688/17633/lek.files/image001.jpg,http://cdo.keu.kz/content/17688/17633/lek.files/image002.jpg,http://cdo.keu.kz/content/17688/17633/lek.files/image003.jpg,http://cdo.keu.kz/content/17688/17633/lek.files/image004.jpg,http://cdo.keu.kz/content/17688/17633/lek.files/image005.jpg,http://cdo.keu.kz/content/17688/17633/lek.files/image006.png,http://cdo.keu.kz/content/17688/17633/lek.files/image007.jpg,,,,,,,,,,,,,,,,,,,,,,,,,,,,,,,,,,,,,,,,,,,,,,,,,,,,,,,,,,,,,,,,,,,,,,,,,,,,,,,,,,,,,,,,,,,,,,,,,,,,,,,,,,,,,,,,,,,,,,,,,,,,,,,,,,,,,,,,,,,,,,,,,,,,,,
http://cdo.keu.kz/content/17689/17634/17634.htm,http://cdo.keu.kz/content/17689/17634/52088/52088.htm,http://cdo.keu.kz/content/17689/17634/52089/52089.htm,http://cdo.keu.kz/content/17689/17634/52090/52090.htm,http://cdo.keu.kz/content/17689/17634/52091/52091.htm,http://cdo.keu.kz/content/17689/17634/52092/52092.htm,http://cdo.keu.kz/content/17689/17634/52093/52093.htm,http://cdo.keu.kz/content/17689/17634/52094/52094.htm,http://cdo.keu.kz/content/17689/17634/52095/52095.htm,http://cdo.keu.kz/content/17689/17634/52096/52096.htm,http://cdo.keu.kz/content/17689/17634/52097/52097.htm,http://cdo.keu.kz/content/17689/17634/52098/52098.htm,http://cdo.keu.kz/content/17689/17634/52099/52099.htm,http://cdo.keu.kz/content/17689/17634/52100/52100.htm,http://cdo.keu.kz/content/17689/17634/52101/52101.htm,http://cdo.keu.kz/content/17689/17634/52102/52102.htm,http://cdo.keu.kz/content/17689/17634/52103/52103.htm,http://cdo.keu.kz/content/17689/17634/52104/52104.htm,http://cdo.keu.kz/content/17689/17634/52105/52105.htm,http://cdo.keu.kz/content/17689/17634/52106/52106.htm,http://cdo.keu.kz/content/17689/17634/52107/52107.htm,http://cdo.keu.kz/content/17689/17634/lek.files/image001.gif,http://cdo.keu.kz/content/17689/17634/lek.files/image002.gif,http://cdo.keu.kz/content/17689/17634/lek.files/image003.gif,http://cdo.keu.kz/content/17689/17634/lek.files/image004.gif,http://cdo.keu.kz/content/17689/17634/lek.files/image005.gif,http://cdo.keu.kz/content/17689/17634/lek.files/image006.gif,http://cdo.keu.kz/content/17689/17634/lek.files/image007.gif,http://cdo.keu.kz/content/17689/17634/lek.files/image008.gif,http://cdo.keu.kz/content/17689/17634/lek.files/image009.gif,http://cdo.keu.kz/content/17689/17634/lek.files/image010.gif,,,,,,,,,,,,,,,,,,,,,,,,,,,,,,,,,,,,,,,,,,,,,,,,,,,,,,,,,,,,,,,,,,,,,,,,,,,,,,,,,,,,,,,,,,,,,,,,,,,,,,,,,,,,,,,,,,,,,,,,,,,,,,,
http://cdo.keu.kz/content/17690/17635/test2.htm,,,,,,,,,,,,,,,,,,,,,,,,,,,,,,,,,,,,,,,,,,,,,,,,,,,,,,,,,,,,,,,,,,,,,,,,,,,,,,,,,,,,,,,,,,,,,,,,,,,,,,,,,,,,,,,,,,,,,,,,,,,,,,,,,,,,,,,,,,,,,,,,,,,,,,,,,,,,,
http://cdo.keu.kz/content/17691/17636/1-4Lek.files/image001.jpg,http://cdo.keu.kz/content/17691/17636/1-4Lek.files/image002.jpg,http://cdo.keu.kz/content/17691/17636/1-4Lek.files/image003.png,http://cdo.keu.kz/content/17691/17636/1-4Lek.files/image004.png,http://cdo.keu.kz/content/17691/17636/1-4Lek.files/image005.png,http://cdo.keu.kz/content/17691/17636/17636.htm,,,,,,,,,,,,,,,,,,,,,,,,,,,,,,,,,,,,,,,,,,,,,,,,,,,,,,,,,,,,,,,,,,,,,,,,,,,,,,,,,,,,,,,,,,,,,,,,,,,,,,,,,,,,,,,,,,,,,,,,,,,,,,,,,,,,,,,,,,,,,,,,,,,,,,,,
http://cdo.keu.kz/content/17692/17637/1-2Lek.files/image001.jpg,http://cdo.keu.kz/content/17692/17637/1-2Lek.files/image002.jpg,http://cdo.keu.kz/content/17692/17637/1-2Lek.files/image003.png,http://cdo.keu.kz/content/17692/17637/17637.htm,,,,,,,,,,,,,,,,,,,,,,,,,,,,,,,,,,,,,,,,,,,,,,,,,,,,,,,,,,,,,,,,,,,,,,,,,,,,,,,,,,,,,,,,,,,,,,,,,,,,,,,,,,,,,,,,,,,,,,,,,,,,,,,,,,,,,,,,,,,,,,,,,,,,,,,,,,
http://cdo.keu.kz/content/17693/17638/test2.htm,,,,,,,,,,,,,,,,,,,,,,,,,,,,,,,,,,,,,,,,,,,,,,,,,,,,,,,,,,,,,,,,,,,,,,,,,,,,,,,,,,,,,,,,,,,,,,,,,,,,,,,,,,,,,,,,,,,,,,,,,,,,,,,,,,,,,,,,,,,,,,,,,,,,,,,,,,,,,
http://cdo.keu.kz/content/17694/17639/test3.htm,,,,,,,,,,,,,,,,,,,,,,,,,,,,,,,,,,,,,,,,,,,,,,,,,,,,,,,,,,,,,,,,,,,,,,,,,,,,,,,,,,,,,,,,,,,,,,,,,,,,,,,,,,,,,,,,,,,,,,,,,,,,,,,,,,,,,,,,,,,,,,,,,,,,,,,,,,,,,
http://cdo.keu.kz/content/17695/17640/test4.htm,,,,,,,,,,,,,,,,,,,,,,,,,,,,,,,,,,,,,,,,,,,,,,,,,,,,,,,,,,,,,,,,,,,,,,,,,,,,,,,,,,,,,,,,,,,,,,,,,,,,,,,,,,,,,,,,,,,,,,,,,,,,,,,,,,,,,,,,,,,,,,,,,,,,,,,,,,,,,
http://cdo.keu.kz/content/17696/17641/1-2Lek.files/image001.jpg,http://cdo.keu.kz/content/17696/17641/1-2Lek.files/image002.jpg,http://cdo.keu.kz/content/17696/17641/1-2Lek.files/image003.png,http://cdo.keu.kz/content/17696/17641/17641.htm,,,,,,,,,,,,,,,,,,,,,,,,,,,,,,,,,,,,,,,,,,,,,,,,,,,,,,,,,,,,,,,,,,,,,,,,,,,,,,,,,,,,,,,,,,,,,,,,,,,,,,,,,,,,,,,,,,,,,,,,,,,,,,,,,,,,,,,,,,,,,,,,,,,,,,,,,,
http://cdo.keu.kz/content/17697/17642/1-2Lek.files/colorschememapping.xml,http://cdo.keu.kz/content/17697/17642/1-2Lek.files/filelist.xml,http://cdo.keu.kz/content/17697/17642/1-2Lek.files/header.htm,http://cdo.keu.kz/content/17697/17642/1-2Lek.files/image001.jpg,http://cdo.keu.kz/content/17697/17642/1-2Lek.files/image001.png,http://cdo.keu.kz/content/17697/17642/1-2Lek.files/image002.jpg,http://cdo.keu.kz/content/17697/17642/1-2Lek.files/image003.png,http://cdo.keu.kz/content/17697/17642/1-2Lek.files/image004.jpg,http://cdo.keu.kz/content/17697/17642/1-2Lek.files/image005.png,http://cdo.keu.kz/content/17697/17642/1-2Lek.files/themedata.thmx,http://cdo.keu.kz/content/17697/17642/17642.htm,,,,,,,,,,,,,,,,,,,,,,,,,,,,,,,,,,,,,,,,,,,,,,,,,,,,,,,,,,,,,,,,,,,,,,,,,,,,,,,,,,,,,,,,,,,,,,,,,,,,,,,,,,,,,,,,,,,,,,,,,,,,,,,,,,,,,,,,,,,,,,,,,,,
http://cdo.keu.kz/content/17698/17643/17643.htm,http://cdo.keu.kz/content/17698/17643/52108/52108.htm,http://cdo.keu.kz/content/17698/17643/52109/52109.htm,http://cdo.keu.kz/content/17698/17643/52110/52110.htm,http://cdo.keu.kz/content/17698/17643/52111/52111.htm,http://cdo.keu.kz/content/17698/17643/52112/52112.htm,http://cdo.keu.kz/content/17698/17643/52113/52113.htm,http://cdo.keu.kz/content/17698/17643/52114/52114.htm,http://cdo.keu.kz/content/17698/17643/52115/52115.htm,http://cdo.keu.kz/content/17698/17643/52116/52116.htm,http://cdo.keu.kz/content/17698/17643/52117/52117.htm,http://cdo.keu.kz/content/17698/17643/52118/52118.htm,http://cdo.keu.kz/content/17698/17643/52119/52119.htm,http://cdo.keu.kz/content/17698/17643/52120/52120.htm,http://cdo.keu.kz/content/17698/17643/52121/52121.htm,http://cdo.keu.kz/content/17698/17643/52122/52122.htm,http://cdo.keu.kz/content/17698/17643/lek.files/colorschememapping.xml,http://cdo.keu.kz/content/17698/17643/lek.files/filelist.xml,http://cdo.keu.kz/content/17698/17643/lek.files/themedata.thmx,,,,,,,,,,,,,,,,,,,,,,,,,,,,,,,,,,,,,,,,,,,,,,,,,,,,,,,,,,,,,,,,,,,,,,,,,,,,,,,,,,,,,,,,,,,,,,,,,,,,,,,,,,,,,,,,,,,,,,,,,,,,,,,,,,,,,,,,,,,
http://cdo.keu.kz/content/17699/17644/17644.htm,http://cdo.keu.kz/content/17699/17644/52123/52123.htm,http://cdo.keu.kz/content/17699/17644/52124/52124.htm,http://cdo.keu.kz/content/17699/17644/52125/52125.htm,http://cdo.keu.kz/content/17699/17644/52126/52126.htm,http://cdo.keu.kz/content/17699/17644/52127/52127.htm,http://cdo.keu.kz/content/17699/17644/52128/52128.htm,http://cdo.keu.kz/content/17699/17644/52129/52129.htm,http://cdo.keu.kz/content/17699/17644/52130/52130.htm,http://cdo.keu.kz/content/17699/17644/52131/52131.htm,http://cdo.keu.kz/content/17699/17644/52132/52132.htm,http://cdo.keu.kz/content/17699/17644/52133/52133.htm,http://cdo.keu.kz/content/17699/17644/52134/52134.htm,http://cdo.keu.kz/content/17699/17644/52135/52135.htm,http://cdo.keu.kz/content/17699/17644/52136/52136.htm,http://cdo.keu.kz/content/17699/17644/52137/52137.htm,,,,,,,,,,,,,,,,,,,,,,,,,,,,,,,,,,,,,,,,,,,,,,,,,,,,,,,,,,,,,,,,,,,,,,,,,,,,,,,,,,,,,,,,,,,,,,,,,,,,,,,,,,,,,,,,,,,,,,,,,,,,,,,,,,,,,,,,,,,,,,
http://cdo.keu.kz/content/17700/17645/17645.htm,http://cdo.keu.kz/content/17700/17645/52138/52138.htm,http://cdo.keu.kz/content/17700/17645/52139/52139.htm,http://cdo.keu.kz/content/17700/17645/52140/52140.htm,http://cdo.keu.kz/content/17700/17645/52141/52141.htm,http://cdo.keu.kz/content/17700/17645/52142/52142.htm,http://cdo.keu.kz/content/17700/17645/52143/52143.htm,http://cdo.keu.kz/content/17700/17645/52144/52144.htm,http://cdo.keu.kz/content/17700/17645/52145/52145.htm,http://cdo.keu.kz/content/17700/17645/52146/52146.htm,http://cdo.keu.kz/content/17700/17645/52147/52147.htm,http://cdo.keu.kz/content/17700/17645/52148/52148.htm,http://cdo.keu.kz/content/17700/17645/52149/52149.htm,http://cdo.keu.kz/content/17700/17645/52150/52150.htm,http://cdo.keu.kz/content/17700/17645/52151/52151.htm,,,,,,,,,,,,,,,,,,,,,,,,,,,,,,,,,,,,,,,,,,,,,,,,,,,,,,,,,,,,,,,,,,,,,,,,,,,,,,,,,,,,,,,,,,,,,,,,,,,,,,,,,,,,,,,,,,,,,,,,,,,,,,,,,,,,,,,,,,,,,,,
