0,1,2,3,4,5,6,7,8,9,10,11,12,13,14,15,16,17,18,19,20,21,22,23,24,25,26,27,28,29,30,31,32,33,34,35,36,37,38,39,40,41,42,43,44,45,46
http://cdo.keu.kz/content/12001/12063/1r.files/colorschememapping.xml,http://cdo.keu.kz/content/12001/12063/1r.files/filelist.xml,http://cdo.keu.kz/content/12001/12063/1r.files/themedata.thmx,http://cdo.keu.kz/content/12001/12063/1r.htm,,,,,,,,,,,,,,,,,,,,,,,,,,,,,,,,,,,,,,,,,,,
http://cdo.keu.kz/content/12002/12064/2r.files/colorschememapping.xml,http://cdo.keu.kz/content/12002/12064/2r.files/filelist.xml,http://cdo.keu.kz/content/12002/12064/2r.files/image001.wmz,http://cdo.keu.kz/content/12002/12064/2r.files/image002.gif,http://cdo.keu.kz/content/12002/12064/2r.files/oledata.mso,http://cdo.keu.kz/content/12002/12064/2r.files/themedata.thmx,http://cdo.keu.kz/content/12002/12064/2r.htm,,,,,,,,,,,,,,,,,,,,,,,,,,,,,,,,,,,,,,,,
http://cdo.keu.kz/content/12003/12065/1r.files/colorschememapping.xml,http://cdo.keu.kz/content/12003/12065/1r.files/filelist.xml,http://cdo.keu.kz/content/12003/12065/1r.files/themedata.thmx,http://cdo.keu.kz/content/12003/12065/1r.htm,,,,,,,,,,,,,,,,,,,,,,,,,,,,,,,,,,,,,,,,,,,
http://cdo.keu.kz/content/12004/12066/1r.files/colorschememapping.xml,http://cdo.keu.kz/content/12004/12066/1r.files/filelist.xml,http://cdo.keu.kz/content/12004/12066/1r.files/themedata.thmx,http://cdo.keu.kz/content/12004/12066/1r.htm,,,,,,,,,,,,,,,,,,,,,,,,,,,,,,,,,,,,,,,,,,,
http://cdo.keu.kz/content/12005/12067/2r.files/colorschememapping.xml,http://cdo.keu.kz/content/12005/12067/2r.files/filelist.xml,http://cdo.keu.kz/content/12005/12067/2r.files/themedata.thmx,http://cdo.keu.kz/content/12005/12067/2r.htm,,,,,,,,,,,,,,,,,,,,,,,,,,,,,,,,,,,,,,,,,,,
http://cdo.keu.kz/content/12006/12068/itog.files/colorschememapping.xml,http://cdo.keu.kz/content/12006/12068/itog.files/filelist.xml,http://cdo.keu.kz/content/12006/12068/itog.files/themedata.thmx,http://cdo.keu.kz/content/12006/12068/itog.htm,,,,,,,,,,,,,,,,,,,,,,,,,,,,,,,,,,,,,,,,,,,
http://cdo.keu.kz/content/12007/12069/1r.files/colorschememapping.xml,http://cdo.keu.kz/content/12007/12069/1r.files/filelist.xml,http://cdo.keu.kz/content/12007/12069/1r.files/themedata.thmx,http://cdo.keu.kz/content/12007/12069/1r.htm,,,,,,,,,,,,,,,,,,,,,,,,,,,,,,,,,,,,,,,,,,,
http://cdo.keu.kz/content/12008/12070/1r.files/colorschememapping.xml,http://cdo.keu.kz/content/12008/12070/1r.files/filelist.xml,http://cdo.keu.kz/content/12008/12070/1r.files/image001.wmz,http://cdo.keu.kz/content/12008/12070/1r.files/image002.png,http://cdo.keu.kz/content/12008/12070/1r.files/image003.wmz,http://cdo.keu.kz/content/12008/12070/1r.files/image004.png,http://cdo.keu.kz/content/12008/12070/1r.files/image005.wmz,http://cdo.keu.kz/content/12008/12070/1r.files/image006.png,http://cdo.keu.kz/content/12008/12070/1r.files/oledata.mso,http://cdo.keu.kz/content/12008/12070/1r.files/themedata.thmx,http://cdo.keu.kz/content/12008/12070/1r.htm,,,,,,,,,,,,,,,,,,,,,,,,,,,,,,,,,,,,
http://cdo.keu.kz/content/12009/12071/2r.files/colorschememapping.xml,http://cdo.keu.kz/content/12009/12071/2r.files/filelist.xml,http://cdo.keu.kz/content/12009/12071/2r.files/themedata.thmx,http://cdo.keu.kz/content/12009/12071/2r.htm,,,,,,,,,,,,,,,,,,,,,,,,,,,,,,,,,,,,,,,,,,,
http://cdo.keu.kz/content/12010/12072/itog.files/colorschememapping.xml,http://cdo.keu.kz/content/12010/12072/itog.files/filelist.xml,http://cdo.keu.kz/content/12010/12072/itog.files/image001.wmz,http://cdo.keu.kz/content/12010/12072/itog.files/image002.gif,http://cdo.keu.kz/content/12010/12072/itog.files/image003.wmz,http://cdo.keu.kz/content/12010/12072/itog.files/image004.gif,http://cdo.keu.kz/content/12010/12072/itog.files/image005.wmz,http://cdo.keu.kz/content/12010/12072/itog.files/image006.gif,http://cdo.keu.kz/content/12010/12072/itog.files/oledata.mso,http://cdo.keu.kz/content/12010/12072/itog.files/themedata.thmx,http://cdo.keu.kz/content/12010/12072/itog.htm,,,,,,,,,,,,,,,,,,,,,,,,,,,,,,,,,,,,
http://cdo.keu.kz/content/12011/12073/1r.files/colorschememapping.xml,http://cdo.keu.kz/content/12011/12073/1r.files/filelist.xml,http://cdo.keu.kz/content/12011/12073/1r.files/image001.wmz,http://cdo.keu.kz/content/12011/12073/1r.files/image002.gif,http://cdo.keu.kz/content/12011/12073/1r.files/image003.wmz,http://cdo.keu.kz/content/12011/12073/1r.files/image004.gif,http://cdo.keu.kz/content/12011/12073/1r.files/image005.wmz,http://cdo.keu.kz/content/12011/12073/1r.files/image006.gif,http://cdo.keu.kz/content/12011/12073/1r.files/image007.wmz,http://cdo.keu.kz/content/12011/12073/1r.files/image008.gif,http://cdo.keu.kz/content/12011/12073/1r.files/image009.wmz,http://cdo.keu.kz/content/12011/12073/1r.files/image010.gif,http://cdo.keu.kz/content/12011/12073/1r.files/image011.wmz,http://cdo.keu.kz/content/12011/12073/1r.files/image012.gif,http://cdo.keu.kz/content/12011/12073/1r.files/image013.wmz,http://cdo.keu.kz/content/12011/12073/1r.files/image014.gif,http://cdo.keu.kz/content/12011/12073/1r.files/image015.wmz,http://cdo.keu.kz/content/12011/12073/1r.files/image016.gif,http://cdo.keu.kz/content/12011/12073/1r.files/image017.wmz,http://cdo.keu.kz/content/12011/12073/1r.files/image018.gif,http://cdo.keu.kz/content/12011/12073/1r.files/image019.wmz,http://cdo.keu.kz/content/12011/12073/1r.files/image020.gif,http://cdo.keu.kz/content/12011/12073/1r.files/image021.wmz,http://cdo.keu.kz/content/12011/12073/1r.files/image022.gif,http://cdo.keu.kz/content/12011/12073/1r.files/image023.wmz,http://cdo.keu.kz/content/12011/12073/1r.files/image024.gif,http://cdo.keu.kz/content/12011/12073/1r.files/image025.wmz,http://cdo.keu.kz/content/12011/12073/1r.files/image026.gif,http://cdo.keu.kz/content/12011/12073/1r.files/oledata.mso,http://cdo.keu.kz/content/12011/12073/1r.files/themedata.thmx,http://cdo.keu.kz/content/12011/12073/1r.htm,,,,,,,,,,,,,,,,
http://cdo.keu.kz/content/12012/12074/2r.files/colorschememapping.xml,http://cdo.keu.kz/content/12012/12074/2r.files/filelist.xml,http://cdo.keu.kz/content/12012/12074/2r.files/themedata.thmx,http://cdo.keu.kz/content/12012/12074/2r.htm,,,,,,,,,,,,,,,,,,,,,,,,,,,,,,,,,,,,,,,,,,,
http://cdo.keu.kz/content/12013/12075/itog.files/colorschememapping.xml,http://cdo.keu.kz/content/12013/12075/itog.files/filelist.xml,http://cdo.keu.kz/content/12013/12075/itog.files/image001.wmz,http://cdo.keu.kz/content/12013/12075/itog.files/image002.gif,http://cdo.keu.kz/content/12013/12075/itog.files/image003.wmz,http://cdo.keu.kz/content/12013/12075/itog.files/image004.gif,http://cdo.keu.kz/content/12013/12075/itog.files/image005.wmz,http://cdo.keu.kz/content/12013/12075/itog.files/image006.gif,http://cdo.keu.kz/content/12013/12075/itog.files/image007.wmz,http://cdo.keu.kz/content/12013/12075/itog.files/image008.gif,http://cdo.keu.kz/content/12013/12075/itog.files/image009.wmz,http://cdo.keu.kz/content/12013/12075/itog.files/image010.gif,http://cdo.keu.kz/content/12013/12075/itog.files/image011.wmz,http://cdo.keu.kz/content/12013/12075/itog.files/image012.gif,http://cdo.keu.kz/content/12013/12075/itog.files/image013.wmz,http://cdo.keu.kz/content/12013/12075/itog.files/image014.gif,http://cdo.keu.kz/content/12013/12075/itog.files/image015.wmz,http://cdo.keu.kz/content/12013/12075/itog.files/image016.gif,http://cdo.keu.kz/content/12013/12075/itog.files/image017.wmz,http://cdo.keu.kz/content/12013/12075/itog.files/image018.gif,http://cdo.keu.kz/content/12013/12075/itog.files/image019.wmz,http://cdo.keu.kz/content/12013/12075/itog.files/image020.gif,http://cdo.keu.kz/content/12013/12075/itog.files/image021.wmz,http://cdo.keu.kz/content/12013/12075/itog.files/image022.gif,http://cdo.keu.kz/content/12013/12075/itog.files/image023.wmz,http://cdo.keu.kz/content/12013/12075/itog.files/image024.gif,http://cdo.keu.kz/content/12013/12075/itog.files/image025.wmz,http://cdo.keu.kz/content/12013/12075/itog.files/image026.gif,http://cdo.keu.kz/content/12013/12075/itog.files/oledata.mso,http://cdo.keu.kz/content/12013/12075/itog.files/themedata.thmx,http://cdo.keu.kz/content/12013/12075/itog.htm,,,,,,,,,,,,,,,,
http://cdo.keu.kz/content/12014/12076/12076.htm,http://cdo.keu.kz/content/12014/12076/31517/31517.htm,http://cdo.keu.kz/content/12014/12076/31518/31518.htm,http://cdo.keu.kz/content/12014/12076/31519/31519.htm,http://cdo.keu.kz/content/12014/12076/31520/31520.htm,http://cdo.keu.kz/content/12014/12076/31521/31521.htm,http://cdo.keu.kz/content/12014/12076/31522/31522.htm,http://cdo.keu.kz/content/12014/12076/lec.files/colorschememapping.xml,http://cdo.keu.kz/content/12014/12076/lec.files/filelist.xml,http://cdo.keu.kz/content/12014/12076/lec.files/header.htm,http://cdo.keu.kz/content/12014/12076/lec.files/image001.png,http://cdo.keu.kz/content/12014/12076/lec.files/image002.jpg,http://cdo.keu.kz/content/12014/12076/lec.files/themedata.thmx,,,,,,,,,,,,,,,,,,,,,,,,,,,,,,,,,,
http://cdo.keu.kz/content/12015/12077/Lekcia.files/filelist.xml,http://cdo.keu.kz/content/12015/12077/Lekcia.files/image001.gif,http://cdo.keu.kz/content/12015/12077/Lekcia.files/image002.gif,http://cdo.keu.kz/content/12015/12077/Lekcia.files/image003.gif,http://cdo.keu.kz/content/12015/12077/Lekcia.files/image004.gif,http://cdo.keu.kz/content/12015/12077/Lekcia.files/image005.gif,http://cdo.keu.kz/content/12015/12077/Lekcia.files/image006.gif,http://cdo.keu.kz/content/12015/12077/Lekcia.files/image007.gif,http://cdo.keu.kz/content/12015/12077/Lekcia.files/image008.gif,http://cdo.keu.kz/content/12015/12077/Lekcia.files/image009.gif,http://cdo.keu.kz/content/12015/12077/Lekcia.files/image010.gif,http://cdo.keu.kz/content/12015/12077/Lekcia.files/image011.gif,http://cdo.keu.kz/content/12015/12077/Lekcia.files/image012.gif,http://cdo.keu.kz/content/12015/12077/Lekcia.files/image013.gif,http://cdo.keu.kz/content/12015/12077/Lekcia.files/image014.gif,http://cdo.keu.kz/content/12015/12077/Lekcia.files/image015.gif,,,,,,,,,,,,,,,,,,,,,,,,,,,,,,,
http://cdo.keu.kz/content/12016/12078/12078.htm,http://cdo.keu.kz/content/12016/12078/Lekcia.files/filelist.xml,http://cdo.keu.kz/content/12016/12078/Lekcia.files/image001.gif,http://cdo.keu.kz/content/12016/12078/Lekcia.files/image002.gif,http://cdo.keu.kz/content/12016/12078/Lekcia.files/image003.gif,http://cdo.keu.kz/content/12016/12078/Lekcia.files/image004.gif,http://cdo.keu.kz/content/12016/12078/Lekcia.files/image005.gif,http://cdo.keu.kz/content/12016/12078/Lekcia.files/image006.gif,http://cdo.keu.kz/content/12016/12078/Lekcia.files/image007.gif,http://cdo.keu.kz/content/12016/12078/Lekcia.files/image008.gif,http://cdo.keu.kz/content/12016/12078/Lekcia.files/image009.gif,http://cdo.keu.kz/content/12016/12078/Lekcia.files/image010.gif,http://cdo.keu.kz/content/12016/12078/Lekcia.files/image011.gif,http://cdo.keu.kz/content/12016/12078/Lekcia.files/image012.gif,http://cdo.keu.kz/content/12016/12078/Lekcia.files/image013.gif,http://cdo.keu.kz/content/12016/12078/Lekcia.files/image014.gif,http://cdo.keu.kz/content/12016/12078/Lekcia.files/image015.gif,http://cdo.keu.kz/content/12016/12078/Lekcia.htm,,,,,,,,,,,,,,,,,,,,,,,,,,,,,
http://cdo.keu.kz/content/12017/12079/1r.files/colorschememapping.xml,http://cdo.keu.kz/content/12017/12079/1r.files/filelist.xml,http://cdo.keu.kz/content/12017/12079/1r.files/themedata.thmx,http://cdo.keu.kz/content/12017/12079/1r.htm,,,,,,,,,,,,,,,,,,,,,,,,,,,,,,,,,,,,,,,,,,,
http://cdo.keu.kz/content/12018/12080/2r.files/colorschememapping.xml,http://cdo.keu.kz/content/12018/12080/2r.files/filelist.xml,http://cdo.keu.kz/content/12018/12080/2r.files/themedata.thmx,http://cdo.keu.kz/content/12018/12080/2r.htm,,,,,,,,,,,,,,,,,,,,,,,,,,,,,,,,,,,,,,,,,,,
"http://cdo.keu.kz/content/12019/12081/itog,.files/colorschememapping.xml","http://cdo.keu.kz/content/12019/12081/itog,.files/filelist.xml","http://cdo.keu.kz/content/12019/12081/itog,.files/item0001.xml","http://cdo.keu.kz/content/12019/12081/itog,.files/props0002.xml","http://cdo.keu.kz/content/12019/12081/itog,.files/themedata.thmx","http://cdo.keu.kz/content/12019/12081/itog,.htm",,,,,,,,,,,,,,,,,,,,,,,,,,,,,,,,,,,,,,,,,
http://cdo.keu.kz/content/12020/12082/12082.htm,http://cdo.keu.kz/content/12020/12082/Lekcia.files/filelist.xml,http://cdo.keu.kz/content/12020/12082/Lekcia.files/image001.gif,http://cdo.keu.kz/content/12020/12082/Lekcia.files/image002.gif,http://cdo.keu.kz/content/12020/12082/Lekcia.files/image003.gif,http://cdo.keu.kz/content/12020/12082/Lekcia.files/image004.gif,http://cdo.keu.kz/content/12020/12082/Lekcia.files/image005.gif,http://cdo.keu.kz/content/12020/12082/Lekcia.files/image006.gif,http://cdo.keu.kz/content/12020/12082/Lekcia.files/image007.gif,http://cdo.keu.kz/content/12020/12082/Lekcia.files/image008.gif,http://cdo.keu.kz/content/12020/12082/Lekcia.files/image009.gif,http://cdo.keu.kz/content/12020/12082/Lekcia.files/image010.gif,http://cdo.keu.kz/content/12020/12082/Lekcia.files/image011.gif,http://cdo.keu.kz/content/12020/12082/Lekcia.files/image012.gif,http://cdo.keu.kz/content/12020/12082/Lekcia.files/image013.gif,http://cdo.keu.kz/content/12020/12082/Lekcia.files/image014.gif,http://cdo.keu.kz/content/12020/12082/Lekcia.files/image015.gif,http://cdo.keu.kz/content/12020/12082/Lekcia.htm,,,,,,,,,,,,,,,,,,,,,,,,,,,,,
http://cdo.keu.kz/content/12021/12083/1r.files/colorschememapping.xml,http://cdo.keu.kz/content/12021/12083/1r.files/filelist.xml,http://cdo.keu.kz/content/12021/12083/1r.files/image001.wmz,http://cdo.keu.kz/content/12021/12083/1r.files/image002.gif,http://cdo.keu.kz/content/12021/12083/1r.files/image003.wmz,http://cdo.keu.kz/content/12021/12083/1r.files/image004.gif,http://cdo.keu.kz/content/12021/12083/1r.files/image005.wmz,http://cdo.keu.kz/content/12021/12083/1r.files/image006.gif,http://cdo.keu.kz/content/12021/12083/1r.files/image007.wmz,http://cdo.keu.kz/content/12021/12083/1r.files/image008.gif,http://cdo.keu.kz/content/12021/12083/1r.files/image009.wmz,http://cdo.keu.kz/content/12021/12083/1r.files/image010.gif,http://cdo.keu.kz/content/12021/12083/1r.files/image011.wmz,http://cdo.keu.kz/content/12021/12083/1r.files/image012.gif,http://cdo.keu.kz/content/12021/12083/1r.files/image013.wmz,http://cdo.keu.kz/content/12021/12083/1r.files/image014.gif,http://cdo.keu.kz/content/12021/12083/1r.files/image015.wmz,http://cdo.keu.kz/content/12021/12083/1r.files/image016.gif,http://cdo.keu.kz/content/12021/12083/1r.files/image017.wmz,http://cdo.keu.kz/content/12021/12083/1r.files/image018.gif,http://cdo.keu.kz/content/12021/12083/1r.files/oledata.mso,http://cdo.keu.kz/content/12021/12083/1r.files/themedata.thmx,http://cdo.keu.kz/content/12021/12083/1r.htm,,,,,,,,,,,,,,,,,,,,,,,,
http://cdo.keu.kz/content/12022/12084/2r.files/colorschememapping.xml,http://cdo.keu.kz/content/12022/12084/2r.files/filelist.xml,http://cdo.keu.kz/content/12022/12084/2r.files/themedata.thmx,http://cdo.keu.kz/content/12022/12084/2r.htm,,,,,,,,,,,,,,,,,,,,,,,,,,,,,,,,,,,,,,,,,,,
http://cdo.keu.kz/content/12023/12085/itog.files/colorschememapping.xml,http://cdo.keu.kz/content/12023/12085/itog.files/filelist.xml,http://cdo.keu.kz/content/12023/12085/itog.files/image001.wmz,http://cdo.keu.kz/content/12023/12085/itog.files/image002.gif,http://cdo.keu.kz/content/12023/12085/itog.files/image003.wmz,http://cdo.keu.kz/content/12023/12085/itog.files/image004.gif,http://cdo.keu.kz/content/12023/12085/itog.files/image005.wmz,http://cdo.keu.kz/content/12023/12085/itog.files/image006.gif,http://cdo.keu.kz/content/12023/12085/itog.files/image007.wmz,http://cdo.keu.kz/content/12023/12085/itog.files/image008.gif,http://cdo.keu.kz/content/12023/12085/itog.files/image009.wmz,http://cdo.keu.kz/content/12023/12085/itog.files/image010.gif,http://cdo.keu.kz/content/12023/12085/itog.files/image011.wmz,http://cdo.keu.kz/content/12023/12085/itog.files/image012.gif,http://cdo.keu.kz/content/12023/12085/itog.files/image013.wmz,http://cdo.keu.kz/content/12023/12085/itog.files/image014.gif,http://cdo.keu.kz/content/12023/12085/itog.files/image015.wmz,http://cdo.keu.kz/content/12023/12085/itog.files/image016.gif,http://cdo.keu.kz/content/12023/12085/itog.files/image017.wmz,http://cdo.keu.kz/content/12023/12085/itog.files/image018.gif,http://cdo.keu.kz/content/12023/12085/itog.files/oledata.mso,http://cdo.keu.kz/content/12023/12085/itog.files/themedata.thmx,http://cdo.keu.kz/content/12023/12085/itog.htm,,,,,,,,,,,,,,,,,,,,,,,,
http://cdo.keu.kz/content/12024/12086/1r.files/colorschememapping.xml,http://cdo.keu.kz/content/12024/12086/1r.files/filelist.xml,http://cdo.keu.kz/content/12024/12086/1r.files/themedata.thmx,http://cdo.keu.kz/content/12024/12086/1r.htm,,,,,,,,,,,,,,,,,,,,,,,,,,,,,,,,,,,,,,,,,,,
http://cdo.keu.kz/content/12025/12087/1r.files/colorschememapping.xml,http://cdo.keu.kz/content/12025/12087/1r.files/filelist.xml,http://cdo.keu.kz/content/12025/12087/1r.files/themedata.thmx,http://cdo.keu.kz/content/12025/12087/1r.htm,,,,,,,,,,,,,,,,,,,,,,,,,,,,,,,,,,,,,,,,,,,
http://cdo.keu.kz/content/12026/12088/2r.files/colorschememapping.xml,http://cdo.keu.kz/content/12026/12088/2r.files/filelist.xml,http://cdo.keu.kz/content/12026/12088/2r.files/themedata.thmx,http://cdo.keu.kz/content/12026/12088/2r.htm,,,,,,,,,,,,,,,,,,,,,,,,,,,,,,,,,,,,,,,,,,,
http://cdo.keu.kz/content/12027/12089/itog.files/colorschememapping.xml,http://cdo.keu.kz/content/12027/12089/itog.files/filelist.xml,http://cdo.keu.kz/content/12027/12089/itog.files/themedata.thmx,http://cdo.keu.kz/content/12027/12089/itog.htm,,,,,,,,,,,,,,,,,,,,,,,,,,,,,,,,,,,,,,,,,,,
http://cdo.keu.kz/content/12028/12090/12090.htm,http://cdo.keu.kz/content/12028/12090/31523/31523.htm,http://cdo.keu.kz/content/12028/12090/31524/31524.htm,http://cdo.keu.kz/content/12028/12090/31525/31525.htm,http://cdo.keu.kz/content/12028/12090/31526/31526.htm,http://cdo.keu.kz/content/12028/12090/31527/31527.htm,http://cdo.keu.kz/content/12028/12090/31528/31528.htm,http://cdo.keu.kz/content/12028/12090/31529/31529.htm,http://cdo.keu.kz/content/12028/12090/31530/31530.htm,http://cdo.keu.kz/content/12028/12090/31531/31531.htm,http://cdo.keu.kz/content/12028/12090/31532/31532.htm,http://cdo.keu.kz/content/12028/12090/31533/31533.htm,http://cdo.keu.kz/content/12028/12090/31534/31534.htm,http://cdo.keu.kz/content/12028/12090/31535/31535.htm,http://cdo.keu.kz/content/12028/12090/31536/31536.htm,http://cdo.keu.kz/content/12028/12090/31537/31537.htm,http://cdo.keu.kz/content/12028/12090/Lekcia.files/filelist.xml,http://cdo.keu.kz/content/12028/12090/Lekcia.files/image001.wmz,http://cdo.keu.kz/content/12028/12090/Lekcia.files/image002.gif,http://cdo.keu.kz/content/12028/12090/Lekcia.files/image003.wmz,http://cdo.keu.kz/content/12028/12090/Lekcia.files/image004.gif,http://cdo.keu.kz/content/12028/12090/Lekcia.files/image005.wmz,http://cdo.keu.kz/content/12028/12090/Lekcia.files/image006.gif,http://cdo.keu.kz/content/12028/12090/Lekcia.files/image007.wmz,http://cdo.keu.kz/content/12028/12090/Lekcia.files/image008.gif,http://cdo.keu.kz/content/12028/12090/Lekcia.files/image009.gif,,,,,,,,,,,,,,,,,,,,,
http://cdo.keu.kz/content/12029/12091/1.htm,,,,,,,,,,,,,,,,,,,,,,,,,,,,,,,,,,,,,,,,,,,,,,
http://cdo.keu.kz/content/12030/12092/2.htm,,,,,,,,,,,,,,,,,,,,,,,,,,,,,,,,,,,,,,,,,,,,,,
http://cdo.keu.kz/content/12031/12093/Itogov.htm,,,,,,,,,,,,,,,,,,,,,,,,,,,,,,,,,,,,,,,,,,,,,,
http://cdo.keu.kz/content/12032/12094/1r.files/colorschememapping.xml,http://cdo.keu.kz/content/12032/12094/1r.files/filelist.xml,http://cdo.keu.kz/content/12032/12094/1r.files/header.htm,http://cdo.keu.kz/content/12032/12094/1r.files/themedata.thmx,http://cdo.keu.kz/content/12032/12094/1r.htm,,,,,,,,,,,,,,,,,,,,,,,,,,,,,,,,,,,,,,,,,,
http://cdo.keu.kz/content/12033/12095/2r.files/colorschememapping.xml,http://cdo.keu.kz/content/12033/12095/2r.files/filelist.xml,http://cdo.keu.kz/content/12033/12095/2r.files/header.htm,http://cdo.keu.kz/content/12033/12095/2r.files/themedata.thmx,http://cdo.keu.kz/content/12033/12095/2r.htm,,,,,,,,,,,,,,,,,,,,,,,,,,,,,,,,,,,,,,,,,,
http://cdo.keu.kz/content/12034/12096/1rub.htm,,,,,,,,,,,,,,,,,,,,,,,,,,,,,,,,,,,,,,,,,,,,,,
http://cdo.keu.kz/content/12035/12097/2rub.htm,,,,,,,,,,,,,,,,,,,,,,,,,,,,,,,,,,,,,,,,,,,,,,
http://cdo.keu.kz/content/12036/12098/Itogov.htm,,,,,,,,,,,,,,,,,,,,,,,,,,,,,,,,,,,,,,,,,,,,,,
http://cdo.keu.kz/content/12037/12099/itog.files/colorschememapping.xml,http://cdo.keu.kz/content/12037/12099/itog.files/filelist.xml,http://cdo.keu.kz/content/12037/12099/itog.files/header.htm,http://cdo.keu.kz/content/12037/12099/itog.files/themedata.thmx,http://cdo.keu.kz/content/12037/12099/itog.htm,,,,,,,,,,,,,,,,,,,,,,,,,,,,,,,,,,,,,,,,,,
http://cdo.keu.kz/content/12038/12100/Itogov.htm,,,,,,,,,,,,,,,,,,,,,,,,,,,,,,,,,,,,,,,,,,,,,,
http://cdo.keu.kz/content/12039/12101/1r.files/colorschememapping.xml,http://cdo.keu.kz/content/12039/12101/1r.files/filelist.xml,http://cdo.keu.kz/content/12039/12101/1r.files/header.htm,http://cdo.keu.kz/content/12039/12101/1r.files/themedata.thmx,http://cdo.keu.kz/content/12039/12101/1r.htm,,,,,,,,,,,,,,,,,,,,,,,,,,,,,,,,,,,,,,,,,,
http://cdo.keu.kz/content/12040/12102/2r.files/colorschememapping.xml,http://cdo.keu.kz/content/12040/12102/2r.files/filelist.xml,http://cdo.keu.kz/content/12040/12102/2r.files/themedata.thmx,http://cdo.keu.kz/content/12040/12102/2r.htm,,,,,,,,,,,,,,,,,,,,,,,,,,,,,,,,,,,,,,,,,,,
http://cdo.keu.kz/content/12041/12103/2rub.htm,,,,,,,,,,,,,,,,,,,,,,,,,,,,,,,,,,,,,,,,,,,,,,
http://cdo.keu.kz/content/12042/12104/itog.files/colorschememapping.xml,http://cdo.keu.kz/content/12042/12104/itog.files/filelist.xml,http://cdo.keu.kz/content/12042/12104/itog.files/themedata.thmx,http://cdo.keu.kz/content/12042/12104/itog.htm,,,,,,,,,,,,,,,,,,,,,,,,,,,,,,,,,,,,,,,,,,,
http://cdo.keu.kz/content/12043/12105/12105.htm,http://cdo.keu.kz/content/12043/12105/31538/31538.htm,http://cdo.keu.kz/content/12043/12105/31539/31539.htm,http://cdo.keu.kz/content/12043/12105/31540/31540.htm,http://cdo.keu.kz/content/12043/12105/31541/31541.htm,http://cdo.keu.kz/content/12043/12105/31542/31542.htm,http://cdo.keu.kz/content/12043/12105/31543/31543.htm,http://cdo.keu.kz/content/12043/12105/31544/31544.htm,http://cdo.keu.kz/content/12043/12105/31545/31545.htm,http://cdo.keu.kz/content/12043/12105/31546/31546.htm,http://cdo.keu.kz/content/12043/12105/31547/31547.htm,http://cdo.keu.kz/content/12043/12105/31548/31548.htm,http://cdo.keu.kz/content/12043/12105/31549/31549.htm,http://cdo.keu.kz/content/12043/12105/31550/31550.htm,http://cdo.keu.kz/content/12043/12105/31551/31551.htm,http://cdo.keu.kz/content/12043/12105/31552/31552.htm,http://cdo.keu.kz/content/12043/12105/31553/31553.htm,http://cdo.keu.kz/content/12043/12105/lek.files/colorschememapping.xml,http://cdo.keu.kz/content/12043/12105/lek.files/filelist.xml,http://cdo.keu.kz/content/12043/12105/lek.files/header.htm,http://cdo.keu.kz/content/12043/12105/lek.files/themedata.thmx,,,,,,,,,,,,,,,,,,,,,,,,,,
http://cdo.keu.kz/content/12044/12106/1r.files/colorschememapping.xml,http://cdo.keu.kz/content/12044/12106/1r.files/filelist.xml,http://cdo.keu.kz/content/12044/12106/1r.files/themedata.thmx,http://cdo.keu.kz/content/12044/12106/1r.htm,,,,,,,,,,,,,,,,,,,,,,,,,,,,,,,,,,,,,,,,,,,
http://cdo.keu.kz/content/12045/12107/2r.files/colorschememapping.xml,http://cdo.keu.kz/content/12045/12107/2r.files/filelist.xml,http://cdo.keu.kz/content/12045/12107/2r.files/themedata.thmx,http://cdo.keu.kz/content/12045/12107/2r.htm,,,,,,,,,,,,,,,,,,,,,,,,,,,,,,,,,,,,,,,,,,,
http://cdo.keu.kz/content/12046/12108/itog.files/colorschememapping.xml,http://cdo.keu.kz/content/12046/12108/itog.files/filelist.xml,http://cdo.keu.kz/content/12046/12108/itog.files/header.htm,http://cdo.keu.kz/content/12046/12108/itog.files/item0001.xml,http://cdo.keu.kz/content/12046/12108/itog.files/props0002.xml,http://cdo.keu.kz/content/12046/12108/itog.files/themedata.thmx,http://cdo.keu.kz/content/12046/12108/itog.htm,,,,,,,,,,,,,,,,,,,,,,,,,,,,,,,,,,,,,,,,
http://cdo.keu.kz/content/12047/12109/12109.htm,http://cdo.keu.kz/content/12047/12109/Lekcii.files/filelist.xml,http://cdo.keu.kz/content/12047/12109/Lekcii.files/image001.gif,http://cdo.keu.kz/content/12047/12109/Lekcii.files/image002.gif,http://cdo.keu.kz/content/12047/12109/Lekcii.files/image003.gif,http://cdo.keu.kz/content/12047/12109/Lekcii.files/image004.gif,http://cdo.keu.kz/content/12047/12109/Lekcii.files/image005.gif,http://cdo.keu.kz/content/12047/12109/Lekcii.files/image006.gif,http://cdo.keu.kz/content/12047/12109/Lekcii.files/image007.gif,http://cdo.keu.kz/content/12047/12109/Lekcii.files/image008.gif,http://cdo.keu.kz/content/12047/12109/Lekcii.files/image009.gif,http://cdo.keu.kz/content/12047/12109/Lekcii.files/image010.gif,http://cdo.keu.kz/content/12047/12109/Lekcii.files/image011.gif,http://cdo.keu.kz/content/12047/12109/Lekcii.files/image012.gif,http://cdo.keu.kz/content/12047/12109/Lekcii.files/image013.gif,http://cdo.keu.kz/content/12047/12109/Lekcii.files/image014.gif,http://cdo.keu.kz/content/12047/12109/Lekcii.files/image015.gif,,,,,,,,,,,,,,,,,,,,,,,,,,,,,,
http://cdo.keu.kz/content/12048/12110/12110.htm,http://cdo.keu.kz/content/12048/12110/Lekcii.files/filelist.xml,http://cdo.keu.kz/content/12048/12110/Lekcii.files/image001.gif,http://cdo.keu.kz/content/12048/12110/Lekcii.files/image002.gif,http://cdo.keu.kz/content/12048/12110/Lekcii.files/image003.gif,http://cdo.keu.kz/content/12048/12110/Lekcii.files/image004.gif,http://cdo.keu.kz/content/12048/12110/Lekcii.files/image005.gif,http://cdo.keu.kz/content/12048/12110/Lekcii.files/image006.gif,http://cdo.keu.kz/content/12048/12110/Lekcii.files/image007.gif,http://cdo.keu.kz/content/12048/12110/Lekcii.files/image008.gif,http://cdo.keu.kz/content/12048/12110/Lekcii.files/image009.gif,http://cdo.keu.kz/content/12048/12110/Lekcii.files/image010.gif,http://cdo.keu.kz/content/12048/12110/Lekcii.files/image011.gif,http://cdo.keu.kz/content/12048/12110/Lekcii.files/image012.gif,http://cdo.keu.kz/content/12048/12110/Lekcii.files/image013.gif,http://cdo.keu.kz/content/12048/12110/Lekcii.files/image014.gif,http://cdo.keu.kz/content/12048/12110/Lekcii.files/image015.gif,http://cdo.keu.kz/content/12048/12110/Lekcii.htm,,,,,,,,,,,,,,,,,,,,,,,,,,,,,
http://cdo.keu.kz/content/12049/12111/12111.htm,http://cdo.keu.kz/content/12049/12111/31554/31554.htm,http://cdo.keu.kz/content/12049/12111/31555/31555.htm,http://cdo.keu.kz/content/12049/12111/31556/31556.htm,http://cdo.keu.kz/content/12049/12111/31557/31557.htm,http://cdo.keu.kz/content/12049/12111/31558/31558.htm,http://cdo.keu.kz/content/12049/12111/31559/31559.htm,http://cdo.keu.kz/content/12049/12111/31560/31560.htm,http://cdo.keu.kz/content/12049/12111/31561/31561.htm,http://cdo.keu.kz/content/12049/12111/31562/31562.htm,http://cdo.keu.kz/content/12049/12111/31563/31563.htm,http://cdo.keu.kz/content/12049/12111/31564/31564.htm,http://cdo.keu.kz/content/12049/12111/31565/31565.htm,http://cdo.keu.kz/content/12049/12111/31566/31566.htm,http://cdo.keu.kz/content/12049/12111/31567/31567.htm,http://cdo.keu.kz/content/12049/12111/31568/31568.htm,http://cdo.keu.kz/content/12049/12111/31569/31569.htm,http://cdo.keu.kz/content/12049/12111/31570/31570.htm,http://cdo.keu.kz/content/12049/12111/31571/31571.htm,http://cdo.keu.kz/content/12049/12111/31572/31572.htm,http://cdo.keu.kz/content/12049/12111/31573/31573.htm,http://cdo.keu.kz/content/12049/12111/31574/31574.htm,http://cdo.keu.kz/content/12049/12111/31575/31575.htm,http://cdo.keu.kz/content/12049/12111/31576/31576.htm,http://cdo.keu.kz/content/12049/12111/31577/31577.htm,http://cdo.keu.kz/content/12049/12111/31578/31578.htm,http://cdo.keu.kz/content/12049/12111/31579/31579.htm,http://cdo.keu.kz/content/12049/12111/31580/31580.htm,http://cdo.keu.kz/content/12049/12111/31581/31581.htm,http://cdo.keu.kz/content/12049/12111/31582/31582.htm,http://cdo.keu.kz/content/12049/12111/31583/31583.htm,http://cdo.keu.kz/content/12049/12111/Lekcii.files/filelist.xml,http://cdo.keu.kz/content/12049/12111/Lekcii.files/image001.gif,http://cdo.keu.kz/content/12049/12111/Lekcii.files/image002.gif,http://cdo.keu.kz/content/12049/12111/Lekcii.files/image003.gif,http://cdo.keu.kz/content/12049/12111/Lekcii.files/image004.gif,http://cdo.keu.kz/content/12049/12111/Lekcii.files/image005.gif,http://cdo.keu.kz/content/12049/12111/Lekcii.files/image006.gif,http://cdo.keu.kz/content/12049/12111/Lekcii.files/image007.gif,http://cdo.keu.kz/content/12049/12111/Lekcii.files/image008.gif,http://cdo.keu.kz/content/12049/12111/Lekcii.files/image009.gif,http://cdo.keu.kz/content/12049/12111/Lekcii.files/image010.gif,http://cdo.keu.kz/content/12049/12111/Lekcii.files/image011.gif,http://cdo.keu.kz/content/12049/12111/Lekcii.files/image012.gif,http://cdo.keu.kz/content/12049/12111/Lekcii.files/image013.gif,http://cdo.keu.kz/content/12049/12111/Lekcii.files/image014.gif,http://cdo.keu.kz/content/12049/12111/Lekcii.files/image015.gif
http://cdo.keu.kz/content/12050/12112/1rub.htm,,,,,,,,,,,,,,,,,,,,,,,,,,,,,,,,,,,,,,,,,,,,,,
http://cdo.keu.kz/content/12051/12113/1rub.htm,,,,,,,,,,,,,,,,,,,,,,,,,,,,,,,,,,,,,,,,,,,,,,
http://cdo.keu.kz/content/12052/12114/2rub.htm,,,,,,,,,,,,,,,,,,,,,,,,,,,,,,,,,,,,,,,,,,,,,,
http://cdo.keu.kz/content/12053/12115/2rub.htm,,,,,,,,,,,,,,,,,,,,,,,,,,,,,,,,,,,,,,,,,,,,,,
http://cdo.keu.kz/content/12054/12116/itog.htm,,,,,,,,,,,,,,,,,,,,,,,,,,,,,,,,,,,,,,,,,,,,,,
http://cdo.keu.kz/content/12055/12117/1r.files/colorschememapping.xml,http://cdo.keu.kz/content/12055/12117/1r.files/filelist.xml,http://cdo.keu.kz/content/12055/12117/1r.files/themedata.thmx,http://cdo.keu.kz/content/12055/12117/1r.htm,,,,,,,,,,,,,,,,,,,,,,,,,,,,,,,,,,,,,,,,,,,
http://cdo.keu.kz/content/12056/12118/2r.files/colorschememapping.xml,http://cdo.keu.kz/content/12056/12118/2r.files/filelist.xml,http://cdo.keu.kz/content/12056/12118/2r.files/header.htm,http://cdo.keu.kz/content/12056/12118/2r.files/themedata.thmx,http://cdo.keu.kz/content/12056/12118/2r.htm,,,,,,,,,,,,,,,,,,,,,,,,,,,,,,,,,,,,,,,,,,
http://cdo.keu.kz/content/12057/12119/itog.files/colorschememapping.xml,http://cdo.keu.kz/content/12057/12119/itog.files/filelist.xml,http://cdo.keu.kz/content/12057/12119/itog.files/header.htm,http://cdo.keu.kz/content/12057/12119/itog.files/themedata.thmx,http://cdo.keu.kz/content/12057/12119/itog.htm,,,,,,,,,,,,,,,,,,,,,,,,,,,,,,,,,,,,,,,,,,
http://cdo.keu.kz/content/12058/12120/1r.files/colorschememapping.xml,http://cdo.keu.kz/content/12058/12120/1r.files/filelist.xml,http://cdo.keu.kz/content/12058/12120/1r.files/themedata.thmx,http://cdo.keu.kz/content/12058/12120/1r.htm,,,,,,,,,,,,,,,,,,,,,,,,,,,,,,,,,,,,,,,,,,,
http://cdo.keu.kz/content/12059/12121/2r.files/colorschememapping.xml,http://cdo.keu.kz/content/12059/12121/2r.files/filelist.xml,http://cdo.keu.kz/content/12059/12121/2r.files/header.htm,http://cdo.keu.kz/content/12059/12121/2r.files/themedata.thmx,http://cdo.keu.kz/content/12059/12121/2r.htm,,,,,,,,,,,,,,,,,,,,,,,,,,,,,,,,,,,,,,,,,,
http://cdo.keu.kz/content/12060/12122/itog.files/colorschememapping.xml,http://cdo.keu.kz/content/12060/12122/itog.files/filelist.xml,http://cdo.keu.kz/content/12060/12122/itog.files/header.htm,http://cdo.keu.kz/content/12060/12122/itog.files/themedata.thmx,http://cdo.keu.kz/content/12060/12122/itog.htm,,,,,,,,,,,,,,,,,,,,,,,,,,,,,,,,,,,,,,,,,,
http://cdo.keu.kz/content/12061/12123/12123.htm,http://cdo.keu.kz/content/12061/12123/31584/31584.htm,http://cdo.keu.kz/content/12061/12123/31585/31585.htm,http://cdo.keu.kz/content/12061/12123/31586/31586.htm,http://cdo.keu.kz/content/12061/12123/31587/31587.htm,http://cdo.keu.kz/content/12061/12123/31588/31588.htm,http://cdo.keu.kz/content/12061/12123/31589/31589.htm,http://cdo.keu.kz/content/12061/12123/31590/31590.htm,http://cdo.keu.kz/content/12061/12123/31591/31591.htm,http://cdo.keu.kz/content/12061/12123/31592/31592.htm,http://cdo.keu.kz/content/12061/12123/31593/31593.htm,http://cdo.keu.kz/content/12061/12123/31594/31594.htm,http://cdo.keu.kz/content/12061/12123/31595/31595.htm,http://cdo.keu.kz/content/12061/12123/31596/31596.htm,http://cdo.keu.kz/content/12061/12123/31597/31597.htm,http://cdo.keu.kz/content/12061/12123/31598/31598.htm,http://cdo.keu.kz/content/12061/12123/Lekcia.files/filelist.xml,http://cdo.keu.kz/content/12061/12123/Lekcia.files/image001.gif,http://cdo.keu.kz/content/12061/12123/Lekcia.files/image002.gif,http://cdo.keu.kz/content/12061/12123/Lekcia.files/image003.gif,http://cdo.keu.kz/content/12061/12123/Lekcia.files/image004.gif,http://cdo.keu.kz/content/12061/12123/Lekcia.files/image005.gif,http://cdo.keu.kz/content/12061/12123/Lekcia.files/image006.gif,http://cdo.keu.kz/content/12061/12123/Lekcia.files/image007.gif,http://cdo.keu.kz/content/12061/12123/Lekcia.files/image008.wmz,http://cdo.keu.kz/content/12061/12123/Lekcia.files/image009.gif,http://cdo.keu.kz/content/12061/12123/Lekcia.files/image010.gif,,,,,,,,,,,,,,,,,,,,
http://cdo.keu.kz/content/12062/12124/1rub.htm,,,,,,,,,,,,,,,,,,,,,,,,,,,,,,,,,,,,,,,,,,,,,,
http://cdo.keu.kz/content/12063/12125/2rub.htm,,,,,,,,,,,,,,,,,,,,,,,,,,,,,,,,,,,,,,,,,,,,,,
http://cdo.keu.kz/content/12064/12126/1rub.htm,,,,,,,,,,,,,,,,,,,,,,,,,,,,,,,,,,,,,,,,,,,,,,
http://cdo.keu.kz/content/12065/12127/2rub.htm,,,,,,,,,,,,,,,,,,,,,,,,,,,,,,,,,,,,,,,,,,,,,,
http://cdo.keu.kz/content/12066/12128/1rub.htm,,,,,,,,,,,,,,,,,,,,,,,,,,,,,,,,,,,,,,,,,,,,,,
http://cdo.keu.kz/content/12067/12129/1rub.htm,,,,,,,,,,,,,,,,,,,,,,,,,,,,,,,,,,,,,,,,,,,,,,
http://cdo.keu.kz/content/12068/12130/Itogov.htm,,,,,,,,,,,,,,,,,,,,,,,,,,,,,,,,,,,,,,,,,,,,,,
http://cdo.keu.kz/content/12069/12131/12131.htm,http://cdo.keu.kz/content/12069/12131/31599/31599.htm,http://cdo.keu.kz/content/12069/12131/31600/31600.htm,http://cdo.keu.kz/content/12069/12131/31601/31601.htm,http://cdo.keu.kz/content/12069/12131/31602/31602.htm,http://cdo.keu.kz/content/12069/12131/31603/31603.htm,http://cdo.keu.kz/content/12069/12131/31604/31604.htm,http://cdo.keu.kz/content/12069/12131/31605/31605.htm,http://cdo.keu.kz/content/12069/12131/31606/31606.htm,http://cdo.keu.kz/content/12069/12131/31607/31607.htm,http://cdo.keu.kz/content/12069/12131/31608/31608.htm,http://cdo.keu.kz/content/12069/12131/31609/31609.htm,http://cdo.keu.kz/content/12069/12131/31610/31610.htm,http://cdo.keu.kz/content/12069/12131/31611/31611.htm,http://cdo.keu.kz/content/12069/12131/31612/31612.htm,http://cdo.keu.kz/content/12069/12131/31613/31613.htm,http://cdo.keu.kz/content/12069/12131/lek.files/colorschememapping.xml,http://cdo.keu.kz/content/12069/12131/lek.files/filelist.xml,http://cdo.keu.kz/content/12069/12131/lek.files/image001.gif,http://cdo.keu.kz/content/12069/12131/lek.files/image002.gif,http://cdo.keu.kz/content/12069/12131/lek.files/image003.gif,http://cdo.keu.kz/content/12069/12131/lek.files/image004.gif,http://cdo.keu.kz/content/12069/12131/lek.files/themedata.thmx,,,,,,,,,,,,,,,,,,,,,,,,
http://cdo.keu.kz/content/12070/12132/12132.htm,http://cdo.keu.kz/content/12070/12132/31614/31614.htm,http://cdo.keu.kz/content/12070/12132/31615/31615.htm,http://cdo.keu.kz/content/12070/12132/31616/31616.htm,http://cdo.keu.kz/content/12070/12132/31617/31617.htm,http://cdo.keu.kz/content/12070/12132/31618/31618.htm,http://cdo.keu.kz/content/12070/12132/31619/31619.htm,http://cdo.keu.kz/content/12070/12132/31620/31620.htm,http://cdo.keu.kz/content/12070/12132/31621/31621.htm,http://cdo.keu.kz/content/12070/12132/31622/31622.htm,http://cdo.keu.kz/content/12070/12132/31623/31623.htm,http://cdo.keu.kz/content/12070/12132/31624/31624.htm,http://cdo.keu.kz/content/12070/12132/31625/31625.htm,http://cdo.keu.kz/content/12070/12132/31626/31626.htm,http://cdo.keu.kz/content/12070/12132/31627/31627.htm,http://cdo.keu.kz/content/12070/12132/31628/31628.htm,http://cdo.keu.kz/content/12070/12132/Lekcia.files/filelist.xml,http://cdo.keu.kz/content/12070/12132/Lekcia.files/header.htm,,,,,,,,,,,,,,,,,,,,,,,,,,,,,
http://cdo.keu.kz/content/12071/12133/1rub.htm,,,,,,,,,,,,,,,,,,,,,,,,,,,,,,,,,,,,,,,,,,,,,,
http://cdo.keu.kz/content/12072/12134/2rub.htm,,,,,,,,,,,,,,,,,,,,,,,,,,,,,,,,,,,,,,,,,,,,,,
http://cdo.keu.kz/content/12073/12135/2rub.htm,,,,,,,,,,,,,,,,,,,,,,,,,,,,,,,,,,,,,,,,,,,,,,
http://cdo.keu.kz/content/12074/12136/1r.files/colorschememapping.xml,http://cdo.keu.kz/content/12074/12136/1r.files/filelist.xml,http://cdo.keu.kz/content/12074/12136/1r.files/themedata.thmx,http://cdo.keu.kz/content/12074/12136/1r.htm,,,,,,,,,,,,,,,,,,,,,,,,,,,,,,,,,,,,,,,,,,,
http://cdo.keu.kz/content/12075/12137/2r.files/colorschememapping.xml,http://cdo.keu.kz/content/12075/12137/2r.files/filelist.xml,http://cdo.keu.kz/content/12075/12137/2r.files/themedata.thmx,http://cdo.keu.kz/content/12075/12137/2r.htm,,,,,,,,,,,,,,,,,,,,,,,,,,,,,,,,,,,,,,,,,,,
http://cdo.keu.kz/content/12076/12138/itog.files/colorschememapping.xml,http://cdo.keu.kz/content/12076/12138/itog.files/filelist.xml,http://cdo.keu.kz/content/12076/12138/itog.files/item0001.xml,http://cdo.keu.kz/content/12076/12138/itog.files/props0002.xml,http://cdo.keu.kz/content/12076/12138/itog.files/themedata.thmx,http://cdo.keu.kz/content/12076/12138/itog.htm,,,,,,,,,,,,,,,,,,,,,,,,,,,,,,,,,,,,,,,,,
http://cdo.keu.kz/content/12077/12139/Itogov.htm,,,,,,,,,,,,,,,,,,,,,,,,,,,,,,,,,,,,,,,,,,,,,,
http://cdo.keu.kz/content/12078/12140/1r.files/colorschememapping.xml,http://cdo.keu.kz/content/12078/12140/1r.files/filelist.xml,http://cdo.keu.kz/content/12078/12140/1r.files/themedata.thmx,http://cdo.keu.kz/content/12078/12140/1r.htm,,,,,,,,,,,,,,,,,,,,,,,,,,,,,,,,,,,,,,,,,,,
http://cdo.keu.kz/content/12079/12141/1r.files/colorschememapping.xml,http://cdo.keu.kz/content/12079/12141/1r.files/filelist.xml,http://cdo.keu.kz/content/12079/12141/1r.files/themedata.thmx,http://cdo.keu.kz/content/12079/12141/1r.htm,,,,,,,,,,,,,,,,,,,,,,,,,,,,,,,,,,,,,,,,,,,
http://cdo.keu.kz/content/12080/12142/2r.files/colorschememapping.xml,http://cdo.keu.kz/content/12080/12142/2r.files/filelist.xml,http://cdo.keu.kz/content/12080/12142/2r.files/themedata.thmx,http://cdo.keu.kz/content/12080/12142/2r.htm,,,,,,,,,,,,,,,,,,,,,,,,,,,,,,,,,,,,,,,,,,,
http://cdo.keu.kz/content/12081/12143/itog.files/colorschememapping.xml,http://cdo.keu.kz/content/12081/12143/itog.files/filelist.xml,http://cdo.keu.kz/content/12081/12143/itog.files/themedata.thmx,http://cdo.keu.kz/content/12081/12143/itog.htm,,,,,,,,,,,,,,,,,,,,,,,,,,,,,,,,,,,,,,,,,,,
http://cdo.keu.kz/content/12082/12144/1rub.htm,,,,,,,,,,,,,,,,,,,,,,,,,,,,,,,,,,,,,,,,,,,,,,
http://cdo.keu.kz/content/12083/12145/2rub.htm,,,,,,,,,,,,,,,,,,,,,,,,,,,,,,,,,,,,,,,,,,,,,,
http://cdo.keu.kz/content/12084/12146/12146.htm,http://cdo.keu.kz/content/12084/12146/lek.files/colorschememapping.xml,http://cdo.keu.kz/content/12084/12146/lek.files/filelist.xml,http://cdo.keu.kz/content/12084/12146/lek.files/themedata.thmx,http://cdo.keu.kz/content/12084/12146/lek.htm,,,,,,,,,,,,,,,,,,,,,,,,,,,,,,,,,,,,,,,,,,
http://cdo.keu.kz/content/12085/12147/Itogov.htm,,,,,,,,,,,,,,,,,,,,,,,,,,,,,,,,,,,,,,,,,,,,,,
http://cdo.keu.kz/content/12086/12148/12148.htm,http://cdo.keu.kz/content/12086/12148/31629/31629.htm,http://cdo.keu.kz/content/12086/12148/31630/31630.htm,http://cdo.keu.kz/content/12086/12148/31631/31631.htm,http://cdo.keu.kz/content/12086/12148/31632/31632.htm,http://cdo.keu.kz/content/12086/12148/31633/31633.htm,http://cdo.keu.kz/content/12086/12148/31634/31634.htm,http://cdo.keu.kz/content/12086/12148/31635/31635.htm,http://cdo.keu.kz/content/12086/12148/31636/31636.htm,http://cdo.keu.kz/content/12086/12148/31637/31637.htm,http://cdo.keu.kz/content/12086/12148/31638/31638.htm,http://cdo.keu.kz/content/12086/12148/31639/31639.htm,http://cdo.keu.kz/content/12086/12148/31640/31640.htm,http://cdo.keu.kz/content/12086/12148/31641/31641.htm,http://cdo.keu.kz/content/12086/12148/31642/31642.htm,http://cdo.keu.kz/content/12086/12148/lek.files/colorschememapping.xml,http://cdo.keu.kz/content/12086/12148/lek.files/filelist.xml,http://cdo.keu.kz/content/12086/12148/lek.files/themedata.thmx,,,,,,,,,,,,,,,,,,,,,,,,,,,,,
http://cdo.keu.kz/content/12087/12149/1Rub.htm,,,,,,,,,,,,,,,,,,,,,,,,,,,,,,,,,,,,,,,,,,,,,,
http://cdo.keu.kz/content/12088/12150/2rub.htm,,,,,,,,,,,,,,,,,,,,,,,,,,,,,,,,,,,,,,,,,,,,,,
http://cdo.keu.kz/content/12089/12151/Itogov.htm,,,,,,,,,,,,,,,,,,,,,,,,,,,,,,,,,,,,,,,,,,,,,,
http://cdo.keu.kz/content/12090/12152/Itogov.htm,,,,,,,,,,,,,,,,,,,,,,,,,,,,,,,,,,,,,,,,,,,,,,
http://cdo.keu.kz/content/12091/12153/1Rub.htm,,,,,,,,,,,,,,,,,,,,,,,,,,,,,,,,,,,,,,,,,,,,,,
http://cdo.keu.kz/content/12092/12154/2Rub.htm,,,,,,,,,,,,,,,,,,,,,,,,,,,,,,,,,,,,,,,,,,,,,,
http://cdo.keu.kz/content/12093/12155/2Rub.htm,,,,,,,,,,,,,,,,,,,,,,,,,,,,,,,,,,,,,,,,,,,,,,
http://cdo.keu.kz/content/12094/12156/1r.files/colorschememapping.xml,http://cdo.keu.kz/content/12094/12156/1r.files/filelist.xml,http://cdo.keu.kz/content/12094/12156/1r.files/themedata.thmx,http://cdo.keu.kz/content/12094/12156/1r.htm,,,,,,,,,,,,,,,,,,,,,,,,,,,,,,,,,,,,,,,,,,,
http://cdo.keu.kz/content/12095/12157/2Rub.htm,,,,,,,,,,,,,,,,,,,,,,,,,,,,,,,,,,,,,,,,,,,,,,
http://cdo.keu.kz/content/12096/12158/2Rub.htm,,,,,,,,,,,,,,,,,,,,,,,,,,,,,,,,,,,,,,,,,,,,,,
http://cdo.keu.kz/content/12097/12159/Itogov.htm,,,,,,,,,,,,,,,,,,,,,,,,,,,,,,,,,,,,,,,,,,,,,,
http://cdo.keu.kz/content/12098/12160/2r.files/colorschememapping.xml,http://cdo.keu.kz/content/12098/12160/2r.files/filelist.xml,http://cdo.keu.kz/content/12098/12160/2r.files/themedata.thmx,http://cdo.keu.kz/content/12098/12160/2r.htm,,,,,,,,,,,,,,,,,,,,,,,,,,,,,,,,,,,,,,,,,,,
http://cdo.keu.kz/content/12099/12161/itog.files/colorschememapping.xml,http://cdo.keu.kz/content/12099/12161/itog.files/filelist.xml,http://cdo.keu.kz/content/12099/12161/itog.files/header.htm,http://cdo.keu.kz/content/12099/12161/itog.files/themedata.thmx,http://cdo.keu.kz/content/12099/12161/itog.htm,,,,,,,,,,,,,,,,,,,,,,,,,,,,,,,,,,,,,,,,,,
http://cdo.keu.kz/content/12100/12162/1rub.htm,,,,,,,,,,,,,,,,,,,,,,,,,,,,,,,,,,,,,,,,,,,,,,
