0,1,2,3,4,5,6,7,8,9,10,11,12,13,14,15,16,17,18,19,20,21,22,23,24,25,26,27,28,29,30,31,32,33,34,35,36,37,38,39,40,41,42,43,44,45,46,47,48,49,50,51,52,53
http://cdo.keu.kz/content/11401/11465/11465.htm,http://cdo.keu.kz/content/11401/11465/Lek.files/filelist.xml,http://cdo.keu.kz/content/11401/11465/Lek.files/image001.png,http://cdo.keu.kz/content/11401/11465/Lek.files/image002.gif,http://cdo.keu.kz/content/11401/11465/Lek.files/image003.gif,,,,,,,,,,,,,,,,,,,,,,,,,,,,,,,,,,,,,,,,,,,,,,,,,
http://cdo.keu.kz/content/11402/11466/11466.htm,http://cdo.keu.kz/content/11402/11466/30090/30090.htm,http://cdo.keu.kz/content/11402/11466/30091/30091.htm,http://cdo.keu.kz/content/11402/11466/30092/30092.htm,http://cdo.keu.kz/content/11402/11466/30093/30093.htm,http://cdo.keu.kz/content/11402/11466/30094/30094.htm,http://cdo.keu.kz/content/11402/11466/30095/30095.htm,http://cdo.keu.kz/content/11402/11466/30096/30096.htm,http://cdo.keu.kz/content/11402/11466/30097/30097.htm,http://cdo.keu.kz/content/11402/11466/30098/30098.htm,http://cdo.keu.kz/content/11402/11466/30099/30099.htm,http://cdo.keu.kz/content/11402/11466/30100/30100.htm,http://cdo.keu.kz/content/11402/11466/30101/30101.htm,http://cdo.keu.kz/content/11402/11466/30102/30102.htm,http://cdo.keu.kz/content/11402/11466/30103/30103.htm,http://cdo.keu.kz/content/11402/11466/Lek.files/image001.gif,http://cdo.keu.kz/content/11402/11466/Lek.files/image002.gif,,,,,,,,,,,,,,,,,,,,,,,,,,,,,,,,,,,,,
http://cdo.keu.kz/content/11403/11467/11467.htm,http://cdo.keu.kz/content/11403/11467/30104/30104.htm,http://cdo.keu.kz/content/11403/11467/30105/30105.htm,http://cdo.keu.kz/content/11403/11467/30106/30106.htm,http://cdo.keu.kz/content/11403/11467/30107/30107.htm,http://cdo.keu.kz/content/11403/11467/30108/30108.htm,http://cdo.keu.kz/content/11403/11467/30109/30109.htm,http://cdo.keu.kz/content/11403/11467/30110/30110.htm,http://cdo.keu.kz/content/11403/11467/30111/30111.htm,http://cdo.keu.kz/content/11403/11467/30112/30112.htm,http://cdo.keu.kz/content/11403/11467/30113/30113.htm,http://cdo.keu.kz/content/11403/11467/30114/30114.htm,http://cdo.keu.kz/content/11403/11467/30115/30115.htm,,,,,,,,,,,,,,,,,,,,,,,,,,,,,,,,,,,,,,,,,
http://cdo.keu.kz/content/11404/11468/11468.htm,http://cdo.keu.kz/content/11404/11468/lek.files/filelist.xml,http://cdo.keu.kz/content/11404/11468/lek.files/header.htm,http://cdo.keu.kz/content/11404/11468/lek.files/image001.png,http://cdo.keu.kz/content/11404/11468/lek.files/image002.jpg,http://cdo.keu.kz/content/11404/11468/lek.files/image003.gif,http://cdo.keu.kz/content/11404/11468/lek.files/image004.gif,http://cdo.keu.kz/content/11404/11468/lek.files/image005.wmz,http://cdo.keu.kz/content/11404/11468/lek.files/image006.gif,http://cdo.keu.kz/content/11404/11468/lek.files/image007.png,http://cdo.keu.kz/content/11404/11468/lek.files/image008.jpg,http://cdo.keu.kz/content/11404/11468/lek.files/image009.png,http://cdo.keu.kz/content/11404/11468/lek.files/image010.jpg,http://cdo.keu.kz/content/11404/11468/lek.files/image011.png,http://cdo.keu.kz/content/11404/11468/lek.files/image012.jpg,http://cdo.keu.kz/content/11404/11468/lek.files/image013.png,http://cdo.keu.kz/content/11404/11468/lek.files/image014.jpg,http://cdo.keu.kz/content/11404/11468/lek.files/image015.gif,http://cdo.keu.kz/content/11404/11468/lek.files/image016.gif,http://cdo.keu.kz/content/11404/11468/lek.files/image017.gif,http://cdo.keu.kz/content/11404/11468/lek.files/image018.gif,http://cdo.keu.kz/content/11404/11468/lek.files/image019.gif,http://cdo.keu.kz/content/11404/11468/lek.files/image020.gif,http://cdo.keu.kz/content/11404/11468/lek.files/image021.gif,http://cdo.keu.kz/content/11404/11468/lek.files/image022.gif,http://cdo.keu.kz/content/11404/11468/lek.files/image023.gif,http://cdo.keu.kz/content/11404/11468/lek.files/image024.gif,http://cdo.keu.kz/content/11404/11468/lek.files/image025.gif,http://cdo.keu.kz/content/11404/11468/lek.files/oledata.mso,http://cdo.keu.kz/content/11404/11468/lek.htm,,,,,,,,,,,,,,,,,,,,,,,,
http://cdo.keu.kz/content/11405/11469/11469.htm,http://cdo.keu.kz/content/11405/11469/30116/30116.htm,http://cdo.keu.kz/content/11405/11469/30117/30117.htm,http://cdo.keu.kz/content/11405/11469/30118/30118.htm,http://cdo.keu.kz/content/11405/11469/30119/30119.htm,http://cdo.keu.kz/content/11405/11469/30120/30120.htm,http://cdo.keu.kz/content/11405/11469/30121/30121.htm,http://cdo.keu.kz/content/11405/11469/30122/30122.htm,http://cdo.keu.kz/content/11405/11469/30123/30123.htm,http://cdo.keu.kz/content/11405/11469/30124/30124.htm,http://cdo.keu.kz/content/11405/11469/30125/30125.htm,http://cdo.keu.kz/content/11405/11469/30126/30126.htm,http://cdo.keu.kz/content/11405/11469/lek.files/filelist.xml,http://cdo.keu.kz/content/11405/11469/lek.files/header.htm,http://cdo.keu.kz/content/11405/11469/lek.files/image001.png,http://cdo.keu.kz/content/11405/11469/lek.files/image002.jpg,http://cdo.keu.kz/content/11405/11469/lek.files/image003.gif,http://cdo.keu.kz/content/11405/11469/lek.files/image004.gif,http://cdo.keu.kz/content/11405/11469/lek.files/image005.wmz,http://cdo.keu.kz/content/11405/11469/lek.files/image006.gif,http://cdo.keu.kz/content/11405/11469/lek.files/image007.png,http://cdo.keu.kz/content/11405/11469/lek.files/image008.jpg,http://cdo.keu.kz/content/11405/11469/lek.files/image009.png,http://cdo.keu.kz/content/11405/11469/lek.files/image010.jpg,http://cdo.keu.kz/content/11405/11469/lek.files/image011.png,http://cdo.keu.kz/content/11405/11469/lek.files/image012.jpg,http://cdo.keu.kz/content/11405/11469/lek.files/image013.png,http://cdo.keu.kz/content/11405/11469/lek.files/image014.jpg,http://cdo.keu.kz/content/11405/11469/lek.files/image015.gif,http://cdo.keu.kz/content/11405/11469/lek.files/image016.gif,http://cdo.keu.kz/content/11405/11469/lek.files/image017.gif,http://cdo.keu.kz/content/11405/11469/lek.files/image018.gif,http://cdo.keu.kz/content/11405/11469/lek.files/image019.gif,http://cdo.keu.kz/content/11405/11469/lek.files/image020.gif,http://cdo.keu.kz/content/11405/11469/lek.files/image021.gif,http://cdo.keu.kz/content/11405/11469/lek.files/image022.gif,http://cdo.keu.kz/content/11405/11469/lek.files/image023.gif,http://cdo.keu.kz/content/11405/11469/lek.files/image024.gif,http://cdo.keu.kz/content/11405/11469/lek.files/image025.gif,http://cdo.keu.kz/content/11405/11469/lek.files/oledata.mso,,,,,,,,,,,,,,
http://cdo.keu.kz/content/11406/11470/1.htm,,,,,,,,,,,,,,,,,,,,,,,,,,,,,,,,,,,,,,,,,,,,,,,,,,,,,
http://cdo.keu.kz/content/11407/11471/2.htm,,,,,,,,,,,,,,,,,,,,,,,,,,,,,,,,,,,,,,,,,,,,,,,,,,,,,
http://cdo.keu.kz/content/11408/11472/q.htm,,,,,,,,,,,,,,,,,,,,,,,,,,,,,,,,,,,,,,,,,,,,,,,,,,,,,
http://cdo.keu.kz/content/11409/11473/11473.htm,http://cdo.keu.kz/content/11409/11473/lek.files/filelist.xml,http://cdo.keu.kz/content/11409/11473/lek.files/image001.gif,http://cdo.keu.kz/content/11409/11473/lek.htm,,,,,,,,,,,,,,,,,,,,,,,,,,,,,,,,,,,,,,,,,,,,,,,,,,
http://cdo.keu.kz/content/11410/11474/11474.htm,http://cdo.keu.kz/content/11410/11474/30127/30127.htm,http://cdo.keu.kz/content/11410/11474/30128/30128.htm,http://cdo.keu.kz/content/11410/11474/30129/30129.htm,http://cdo.keu.kz/content/11410/11474/30130/30130.htm,http://cdo.keu.kz/content/11410/11474/30131/30131.htm,http://cdo.keu.kz/content/11410/11474/30132/30132.htm,http://cdo.keu.kz/content/11410/11474/30133/30133.htm,http://cdo.keu.kz/content/11410/11474/30134/30134.htm,http://cdo.keu.kz/content/11410/11474/30135/30135.htm,http://cdo.keu.kz/content/11410/11474/30136/30136.htm,http://cdo.keu.kz/content/11410/11474/30137/30137.htm,http://cdo.keu.kz/content/11410/11474/30138/30138.htm,http://cdo.keu.kz/content/11410/11474/lek.files/filelist.xml,http://cdo.keu.kz/content/11410/11474/lek.files/image001.gif,,,,,,,,,,,,,,,,,,,,,,,,,,,,,,,,,,,,,,,
http://cdo.keu.kz/content/11411/11475/11475.htm,http://cdo.keu.kz/content/11411/11475/30139/30139.htm,http://cdo.keu.kz/content/11411/11475/30140/30140.htm,http://cdo.keu.kz/content/11411/11475/30141/30141.htm,http://cdo.keu.kz/content/11411/11475/30142/30142.htm,http://cdo.keu.kz/content/11411/11475/30143/30143.htm,http://cdo.keu.kz/content/11411/11475/30144/30144.htm,http://cdo.keu.kz/content/11411/11475/30145/30145.htm,http://cdo.keu.kz/content/11411/11475/30146/30146.htm,http://cdo.keu.kz/content/11411/11475/30147/30147.htm,http://cdo.keu.kz/content/11411/11475/30148/30148.htm,http://cdo.keu.kz/content/11411/11475/30149/30149.htm,http://cdo.keu.kz/content/11411/11475/30150/30150.htm,http://cdo.keu.kz/content/11411/11475/30151/30151.htm,http://cdo.keu.kz/content/11411/11475/30152/30152.htm,http://cdo.keu.kz/content/11411/11475/30153/30153.htm,http://cdo.keu.kz/content/11411/11475/lek.files/filelist.xml,http://cdo.keu.kz/content/11411/11475/lek.files/image001.gif,http://cdo.keu.kz/content/11411/11475/lek.files/image002.wmz,http://cdo.keu.kz/content/11411/11475/lek.files/image003.gif,http://cdo.keu.kz/content/11411/11475/lek.files/image004.gif,http://cdo.keu.kz/content/11411/11475/lek.files/image005.wmz,http://cdo.keu.kz/content/11411/11475/lek.files/image006.gif,http://cdo.keu.kz/content/11411/11475/lek.files/image007.wmz,http://cdo.keu.kz/content/11411/11475/lek.files/image008.gif,http://cdo.keu.kz/content/11411/11475/lek.files/image009.emz,http://cdo.keu.kz/content/11411/11475/lek.files/image010.gif,http://cdo.keu.kz/content/11411/11475/lek.files/image011.wmz,http://cdo.keu.kz/content/11411/11475/lek.files/image012.gif,http://cdo.keu.kz/content/11411/11475/lek.files/image013.wmz,http://cdo.keu.kz/content/11411/11475/lek.files/image014.gif,http://cdo.keu.kz/content/11411/11475/lek.files/oledata.mso,,,,,,,,,,,,,,,,,,,,,,
http://cdo.keu.kz/content/11412/11476/1.htm,,,,,,,,,,,,,,,,,,,,,,,,,,,,,,,,,,,,,,,,,,,,,,,,,,,,,
http://cdo.keu.kz/content/11413/11477/2.htm,,,,,,,,,,,,,,,,,,,,,,,,,,,,,,,,,,,,,,,,,,,,,,,,,,,,,
http://cdo.keu.kz/content/11414/11478/2.htm,,,,,,,,,,,,,,,,,,,,,,,,,,,,,,,,,,,,,,,,,,,,,,,,,,,,,
http://cdo.keu.kz/content/11415/11479/q.htm,,,,,,,,,,,,,,,,,,,,,,,,,,,,,,,,,,,,,,,,,,,,,,,,,,,,,
http://cdo.keu.kz/content/11416/11480/11480.htm,http://cdo.keu.kz/content/11416/11480/30154/30154.htm,http://cdo.keu.kz/content/11416/11480/30155/30155.htm,http://cdo.keu.kz/content/11416/11480/30156/30156.htm,http://cdo.keu.kz/content/11416/11480/30157/30157.htm,http://cdo.keu.kz/content/11416/11480/30158/30158.htm,http://cdo.keu.kz/content/11416/11480/30159/30159.htm,http://cdo.keu.kz/content/11416/11480/30160/30160.htm,http://cdo.keu.kz/content/11416/11480/30161/30161.htm,http://cdo.keu.kz/content/11416/11480/30162/30162.htm,http://cdo.keu.kz/content/11416/11480/lek.files/filelist.xml,http://cdo.keu.kz/content/11416/11480/lek.files/header.htm,http://cdo.keu.kz/content/11416/11480/lek.files/image001.png,http://cdo.keu.kz/content/11416/11480/lek.files/image002.gif,http://cdo.keu.kz/content/11416/11480/lek.files/image003.png,http://cdo.keu.kz/content/11416/11480/lek.files/image004.gif,,,,,,,,,,,,,,,,,,,,,,,,,,,,,,,,,,,,,,
http://cdo.keu.kz/content/11417/11481/1.htm,,,,,,,,,,,,,,,,,,,,,,,,,,,,,,,,,,,,,,,,,,,,,,,,,,,,,
http://cdo.keu.kz/content/11418/11482/2.htm,,,,,,,,,,,,,,,,,,,,,,,,,,,,,,,,,,,,,,,,,,,,,,,,,,,,,
http://cdo.keu.kz/content/11419/11483/2.htm,,,,,,,,,,,,,,,,,,,,,,,,,,,,,,,,,,,,,,,,,,,,,,,,,,,,,
http://cdo.keu.kz/content/11420/11484/q.htm,,,,,,,,,,,,,,,,,,,,,,,,,,,,,,,,,,,,,,,,,,,,,,,,,,,,,
http://cdo.keu.kz/content/11421/11485/11485.htm,http://cdo.keu.kz/content/11421/11485/30163/30163.htm,http://cdo.keu.kz/content/11421/11485/30164/30164.htm,http://cdo.keu.kz/content/11421/11485/30165/30165.htm,http://cdo.keu.kz/content/11421/11485/30166/30166.htm,http://cdo.keu.kz/content/11421/11485/30167/30167.htm,http://cdo.keu.kz/content/11421/11485/30168/30168.htm,http://cdo.keu.kz/content/11421/11485/30169/30169.htm,http://cdo.keu.kz/content/11421/11485/30170/30170.htm,http://cdo.keu.kz/content/11421/11485/30171/30171.htm,http://cdo.keu.kz/content/11421/11485/30172/30172.htm,http://cdo.keu.kz/content/11421/11485/30173/30173.htm,http://cdo.keu.kz/content/11421/11485/30174/30174.htm,http://cdo.keu.kz/content/11421/11485/lek.files/filelist.xml,http://cdo.keu.kz/content/11421/11485/lek.files/header.htm,,,,,,,,,,,,,,,,,,,,,,,,,,,,,,,,,,,,,,,
http://cdo.keu.kz/content/11422/11486/11486.htm,http://cdo.keu.kz/content/11422/11486/30175/30175.htm,http://cdo.keu.kz/content/11422/11486/30176/30176.htm,http://cdo.keu.kz/content/11422/11486/30177/30177.htm,http://cdo.keu.kz/content/11422/11486/30178/30178.htm,http://cdo.keu.kz/content/11422/11486/30179/30179.htm,http://cdo.keu.kz/content/11422/11486/30180/30180.htm,http://cdo.keu.kz/content/11422/11486/30181/30181.htm,http://cdo.keu.kz/content/11422/11486/30182/30182.htm,http://cdo.keu.kz/content/11422/11486/30183/30183.htm,http://cdo.keu.kz/content/11422/11486/30184/30184.htm,http://cdo.keu.kz/content/11422/11486/30185/30185.htm,http://cdo.keu.kz/content/11422/11486/30186/30186.htm,http://cdo.keu.kz/content/11422/11486/lek.files/filelist.xml,http://cdo.keu.kz/content/11422/11486/lek.files/header.htm,,,,,,,,,,,,,,,,,,,,,,,,,,,,,,,,,,,,,,,
http://cdo.keu.kz/content/11423/11487/test1.files/filelist.xml,http://cdo.keu.kz/content/11423/11487/test1.files/preview.wmf,http://cdo.keu.kz/content/11423/11487/test1.htm,,,,,,,,,,,,,,,,,,,,,,,,,,,,,,,,,,,,,,,,,,,,,,,,,,,
http://cdo.keu.kz/content/11424/11488/test2.htm,,,,,,,,,,,,,,,,,,,,,,,,,,,,,,,,,,,,,,,,,,,,,,,,,,,,,
http://cdo.keu.kz/content/11425/11489/q.htm,,,,,,,,,,,,,,,,,,,,,,,,,,,,,,,,,,,,,,,,,,,,,,,,,,,,,
http://cdo.keu.kz/content/11426/11490/11490.htm,http://cdo.keu.kz/content/11426/11490/30187/30187.htm,http://cdo.keu.kz/content/11426/11490/30188/30188.htm,http://cdo.keu.kz/content/11426/11490/30189/30189.htm,http://cdo.keu.kz/content/11426/11490/30190/30190.htm,http://cdo.keu.kz/content/11426/11490/30191/30191.htm,http://cdo.keu.kz/content/11426/11490/30192/30192.htm,http://cdo.keu.kz/content/11426/11490/30193/30193.htm,http://cdo.keu.kz/content/11426/11490/30194/30194.htm,http://cdo.keu.kz/content/11426/11490/30195/30195.htm,http://cdo.keu.kz/content/11426/11490/30196/30196.htm,http://cdo.keu.kz/content/11426/11490/30197/30197.htm,http://cdo.keu.kz/content/11426/11490/30198/30198.htm,http://cdo.keu.kz/content/11426/11490/lek20.07.2011.files/filelist.xml,http://cdo.keu.kz/content/11426/11490/lek20.07.2011.files/header.htm,http://cdo.keu.kz/content/11426/11490/lek20.07.2011.files/image001.png,http://cdo.keu.kz/content/11426/11490/lek20.07.2011.files/image002.jpg,http://cdo.keu.kz/content/11426/11490/lek20.07.2011.files/image003.gif,http://cdo.keu.kz/content/11426/11490/lek20.07.2011.files/image004.gif,http://cdo.keu.kz/content/11426/11490/lek20.07.2011.files/image005.gif,,,,,,,,,,,,,,,,,,,,,,,,,,,,,,,,,,
http://cdo.keu.kz/content/11427/11491/1.htm,,,,,,,,,,,,,,,,,,,,,,,,,,,,,,,,,,,,,,,,,,,,,,,,,,,,,
http://cdo.keu.kz/content/11428/11492/2.htm,,,,,,,,,,,,,,,,,,,,,,,,,,,,,,,,,,,,,,,,,,,,,,,,,,,,,
http://cdo.keu.kz/content/11429/11493/2.htm,,,,,,,,,,,,,,,,,,,,,,,,,,,,,,,,,,,,,,,,,,,,,,,,,,,,,
http://cdo.keu.kz/content/11430/11494/q.htm,,,,,,,,,,,,,,,,,,,,,,,,,,,,,,,,,,,,,,,,,,,,,,,,,,,,,
http://cdo.keu.kz/content/11431/11495/11495.htm,http://cdo.keu.kz/content/11431/11495/30199/30199.htm,http://cdo.keu.kz/content/11431/11495/30200/30200.htm,http://cdo.keu.kz/content/11431/11495/30201/30201.htm,http://cdo.keu.kz/content/11431/11495/30202/30202.htm,http://cdo.keu.kz/content/11431/11495/30203/30203.htm,http://cdo.keu.kz/content/11431/11495/30204/30204.htm,http://cdo.keu.kz/content/11431/11495/30205/30205.htm,http://cdo.keu.kz/content/11431/11495/30206/30206.htm,http://cdo.keu.kz/content/11431/11495/30207/30207.htm,http://cdo.keu.kz/content/11431/11495/30208/30208.htm,http://cdo.keu.kz/content/11431/11495/30209/30209.htm,http://cdo.keu.kz/content/11431/11495/30210/30210.htm,http://cdo.keu.kz/content/11431/11495/30211/30211.htm,http://cdo.keu.kz/content/11431/11495/30212/30212.htm,http://cdo.keu.kz/content/11431/11495/30213/30213.htm,http://cdo.keu.kz/content/11431/11495/lek20.07.2011.files/filelist.xml,http://cdo.keu.kz/content/11431/11495/lek20.07.2011.files/image001.gif,http://cdo.keu.kz/content/11431/11495/lek20.07.2011.files/image002.png,http://cdo.keu.kz/content/11431/11495/lek20.07.2011.files/image003.gif,http://cdo.keu.kz/content/11431/11495/lek20.07.2011.files/image004.gif,http://cdo.keu.kz/content/11431/11495/lek20.07.2011.files/image005.gif,http://cdo.keu.kz/content/11431/11495/lek20.07.2011.files/image006.gif,http://cdo.keu.kz/content/11431/11495/lek20.07.2011.files/image007.gif,,,,,,,,,,,,,,,,,,,,,,,,,,,,,,
http://cdo.keu.kz/content/11432/11496/1.htm,,,,,,,,,,,,,,,,,,,,,,,,,,,,,,,,,,,,,,,,,,,,,,,,,,,,,
http://cdo.keu.kz/content/11433/11497/2.htm,,,,,,,,,,,,,,,,,,,,,,,,,,,,,,,,,,,,,,,,,,,,,,,,,,,,,
http://cdo.keu.kz/content/11434/11498/q.htm,,,,,,,,,,,,,,,,,,,,,,,,,,,,,,,,,,,,,,,,,,,,,,,,,,,,,
http://cdo.keu.kz/content/11435/11499/11499.htm,http://cdo.keu.kz/content/11435/11499/30214/30214.htm,http://cdo.keu.kz/content/11435/11499/30215/30215.htm,http://cdo.keu.kz/content/11435/11499/30216/30216.htm,http://cdo.keu.kz/content/11435/11499/30217/30217.htm,http://cdo.keu.kz/content/11435/11499/30218/30218.htm,http://cdo.keu.kz/content/11435/11499/30219/30219.htm,http://cdo.keu.kz/content/11435/11499/30220/30220.htm,http://cdo.keu.kz/content/11435/11499/30221/30221.htm,http://cdo.keu.kz/content/11435/11499/30222/30222.htm,http://cdo.keu.kz/content/11435/11499/30223/30223.htm,http://cdo.keu.kz/content/11435/11499/lek.files/filelist.xml,http://cdo.keu.kz/content/11435/11499/lek.files/header.htm,http://cdo.keu.kz/content/11435/11499/lek.files/image001.wmz,http://cdo.keu.kz/content/11435/11499/lek.files/image002.gif,http://cdo.keu.kz/content/11435/11499/lek.files/image003.wmz,http://cdo.keu.kz/content/11435/11499/lek.files/image004.gif,http://cdo.keu.kz/content/11435/11499/lek.files/image005.wmz,http://cdo.keu.kz/content/11435/11499/lek.files/image006.gif,http://cdo.keu.kz/content/11435/11499/lek.files/image007.wmz,http://cdo.keu.kz/content/11435/11499/lek.files/image008.gif,http://cdo.keu.kz/content/11435/11499/lek.files/image009.wmz,http://cdo.keu.kz/content/11435/11499/lek.files/image010.gif,http://cdo.keu.kz/content/11435/11499/lek.files/image011.wmz,http://cdo.keu.kz/content/11435/11499/lek.files/image012.gif,http://cdo.keu.kz/content/11435/11499/lek.files/image013.wmz,http://cdo.keu.kz/content/11435/11499/lek.files/image014.gif,http://cdo.keu.kz/content/11435/11499/lek.files/image015.wmz,http://cdo.keu.kz/content/11435/11499/lek.files/image016.gif,http://cdo.keu.kz/content/11435/11499/lek.files/image017.wmz,http://cdo.keu.kz/content/11435/11499/lek.files/image018.gif,http://cdo.keu.kz/content/11435/11499/lek.files/image019.wmz,http://cdo.keu.kz/content/11435/11499/lek.files/image020.gif,http://cdo.keu.kz/content/11435/11499/lek.files/image021.wmz,http://cdo.keu.kz/content/11435/11499/lek.files/image022.gif,http://cdo.keu.kz/content/11435/11499/lek.files/image023.wmz,http://cdo.keu.kz/content/11435/11499/lek.files/image024.gif,http://cdo.keu.kz/content/11435/11499/lek.files/image025.wmz,http://cdo.keu.kz/content/11435/11499/lek.files/image026.gif,http://cdo.keu.kz/content/11435/11499/lek.files/image027.wmz,http://cdo.keu.kz/content/11435/11499/lek.files/image028.gif,http://cdo.keu.kz/content/11435/11499/lek.files/image029.wmz,http://cdo.keu.kz/content/11435/11499/lek.files/image030.gif,http://cdo.keu.kz/content/11435/11499/lek.files/image031.wmz,http://cdo.keu.kz/content/11435/11499/lek.files/image032.gif,http://cdo.keu.kz/content/11435/11499/lek.files/image033.wmz,http://cdo.keu.kz/content/11435/11499/lek.files/image034.gif,http://cdo.keu.kz/content/11435/11499/lek.files/image035.wmz,http://cdo.keu.kz/content/11435/11499/lek.files/image036.gif,http://cdo.keu.kz/content/11435/11499/lek.files/image037.wmz,http://cdo.keu.kz/content/11435/11499/lek.files/image038.gif,http://cdo.keu.kz/content/11435/11499/lek.files/image039.wmz,http://cdo.keu.kz/content/11435/11499/lek.files/image040.gif,http://cdo.keu.kz/content/11435/11499/lek.files/oledata.mso
http://cdo.keu.kz/content/11436/11500/1rub9.02.2011.files/colorschememapping.xml,http://cdo.keu.kz/content/11436/11500/1rub9.02.2011.files/filelist.xml,http://cdo.keu.kz/content/11436/11500/1rub9.02.2011.files/themedata.thmx,http://cdo.keu.kz/content/11436/11500/1rub9.02.2011.htm,,,,,,,,,,,,,,,,,,,,,,,,,,,,,,,,,,,,,,,,,,,,,,,,,,
http://cdo.keu.kz/content/11437/11501/1rub20.07.2011.htm,,,,,,,,,,,,,,,,,,,,,,,,,,,,,,,,,,,,,,,,,,,,,,,,,,,,,
http://cdo.keu.kz/content/11438/11502/1rub20.07.2011.htm,,,,,,,,,,,,,,,,,,,,,,,,,,,,,,,,,,,,,,,,,,,,,,,,,,,,,
http://cdo.keu.kz/content/11439/11503/2rub20.07.2011.htm,,,,,,,,,,,,,,,,,,,,,,,,,,,,,,,,,,,,,,,,,,,,,,,,,,,,,
http://cdo.keu.kz/content/11440/11504/q.htm,,,,,,,,,,,,,,,,,,,,,,,,,,,,,,,,,,,,,,,,,,,,,,,,,,,,,
http://cdo.keu.kz/content/11441/11505/1r.files/colorschememapping.xml,http://cdo.keu.kz/content/11441/11505/1r.files/filelist.xml,http://cdo.keu.kz/content/11441/11505/1r.files/themedata.thmx,http://cdo.keu.kz/content/11441/11505/1r.htm,,,,,,,,,,,,,,,,,,,,,,,,,,,,,,,,,,,,,,,,,,,,,,,,,,
http://cdo.keu.kz/content/11442/11506/2r.files/colorschememapping.xml,http://cdo.keu.kz/content/11442/11506/2r.files/filelist.xml,http://cdo.keu.kz/content/11442/11506/2r.files/themedata.thmx,http://cdo.keu.kz/content/11442/11506/2r.htm,,,,,,,,,,,,,,,,,,,,,,,,,,,,,,,,,,,,,,,,,,,,,,,,,,
http://cdo.keu.kz/content/11443/11507/itog.files/colorschememapping.xml,http://cdo.keu.kz/content/11443/11507/itog.files/filelist.xml,http://cdo.keu.kz/content/11443/11507/itog.files/themedata.thmx,http://cdo.keu.kz/content/11443/11507/itog.htm,,,,,,,,,,,,,,,,,,,,,,,,,,,,,,,,,,,,,,,,,,,,,,,,,,
http://cdo.keu.kz/content/11444/11508/1r.files/colorschememapping.xml,http://cdo.keu.kz/content/11444/11508/1r.files/filelist.xml,http://cdo.keu.kz/content/11444/11508/1r.files/themedata.thmx,http://cdo.keu.kz/content/11444/11508/1r.htm,,,,,,,,,,,,,,,,,,,,,,,,,,,,,,,,,,,,,,,,,,,,,,,,,,
http://cdo.keu.kz/content/11445/11509/2r.files/colorschememapping.xml,http://cdo.keu.kz/content/11445/11509/2r.files/filelist.xml,http://cdo.keu.kz/content/11445/11509/2r.files/themedata.thmx,http://cdo.keu.kz/content/11445/11509/2r.htm,,,,,,,,,,,,,,,,,,,,,,,,,,,,,,,,,,,,,,,,,,,,,,,,,,
http://cdo.keu.kz/content/11446/11510/itog.files/colorschememapping.xml,http://cdo.keu.kz/content/11446/11510/itog.files/filelist.xml,http://cdo.keu.kz/content/11446/11510/itog.files/themedata.thmx,http://cdo.keu.kz/content/11446/11510/itog.htm,,,,,,,,,,,,,,,,,,,,,,,,,,,,,,,,,,,,,,,,,,,,,,,,,,
http://cdo.keu.kz/content/11447/11511/11511.htm,http://cdo.keu.kz/content/11447/11511/30224/30224.htm,http://cdo.keu.kz/content/11447/11511/30225/30225.htm,http://cdo.keu.kz/content/11447/11511/30226/30226.htm,http://cdo.keu.kz/content/11447/11511/30227/30227.htm,http://cdo.keu.kz/content/11447/11511/30228/30228.htm,http://cdo.keu.kz/content/11447/11511/30229/30229.htm,http://cdo.keu.kz/content/11447/11511/30230/30230.htm,http://cdo.keu.kz/content/11447/11511/30231/30231.htm,http://cdo.keu.kz/content/11447/11511/30232/30232.htm,http://cdo.keu.kz/content/11447/11511/30233/30233.htm,http://cdo.keu.kz/content/11447/11511/30234/30234.htm,http://cdo.keu.kz/content/11447/11511/30235/30235.htm,http://cdo.keu.kz/content/11447/11511/30236/30236.htm,http://cdo.keu.kz/content/11447/11511/30237/30237.htm,http://cdo.keu.kz/content/11447/11511/30238/30238.htm,http://cdo.keu.kz/content/11447/11511/lek.files/colorschememapping.xml,http://cdo.keu.kz/content/11447/11511/lek.files/filelist.xml,http://cdo.keu.kz/content/11447/11511/lek.files/header.htm,http://cdo.keu.kz/content/11447/11511/lek.files/image001.gif,http://cdo.keu.kz/content/11447/11511/lek.files/image002.gif,http://cdo.keu.kz/content/11447/11511/lek.files/image003.gif,http://cdo.keu.kz/content/11447/11511/lek.files/image004.gif,http://cdo.keu.kz/content/11447/11511/lek.files/image005.gif,http://cdo.keu.kz/content/11447/11511/lek.files/image006.gif,http://cdo.keu.kz/content/11447/11511/lek.files/image007.gif,http://cdo.keu.kz/content/11447/11511/lek.files/image008.gif,http://cdo.keu.kz/content/11447/11511/lek.files/image009.gif,http://cdo.keu.kz/content/11447/11511/lek.files/image010.gif,http://cdo.keu.kz/content/11447/11511/lek.files/image011.gif,http://cdo.keu.kz/content/11447/11511/lek.files/image012.gif,http://cdo.keu.kz/content/11447/11511/lek.files/image013.gif,http://cdo.keu.kz/content/11447/11511/lek.files/themedata.thmx,,,,,,,,,,,,,,,,,,,,,
http://cdo.keu.kz/content/11448/11512/11512.htm,http://cdo.keu.kz/content/11448/11512/30239/30239.htm,http://cdo.keu.kz/content/11448/11512/30240/30240.htm,http://cdo.keu.kz/content/11448/11512/30241/30241.htm,http://cdo.keu.kz/content/11448/11512/30242/30242.htm,http://cdo.keu.kz/content/11448/11512/30243/30243.htm,http://cdo.keu.kz/content/11448/11512/30244/30244.htm,http://cdo.keu.kz/content/11448/11512/30245/30245.htm,http://cdo.keu.kz/content/11448/11512/30246/30246.htm,http://cdo.keu.kz/content/11448/11512/30247/30247.htm,http://cdo.keu.kz/content/11448/11512/30248/30248.htm,http://cdo.keu.kz/content/11448/11512/30249/30249.htm,http://cdo.keu.kz/content/11448/11512/30250/30250.htm,http://cdo.keu.kz/content/11448/11512/30251/30251.htm,http://cdo.keu.kz/content/11448/11512/30252/30252.htm,http://cdo.keu.kz/content/11448/11512/lek.files/filelist.xml,http://cdo.keu.kz/content/11448/11512/lek.files/image001.wmz,http://cdo.keu.kz/content/11448/11512/lek.files/image002.gif,http://cdo.keu.kz/content/11448/11512/lek.files/image003.wmz,http://cdo.keu.kz/content/11448/11512/lek.files/image004.gif,http://cdo.keu.kz/content/11448/11512/lek.files/image005.wmz,http://cdo.keu.kz/content/11448/11512/lek.files/image006.gif,http://cdo.keu.kz/content/11448/11512/lek.files/image007.wmz,http://cdo.keu.kz/content/11448/11512/lek.files/image008.gif,http://cdo.keu.kz/content/11448/11512/lek.files/image009.wmz,http://cdo.keu.kz/content/11448/11512/lek.files/image010.gif,http://cdo.keu.kz/content/11448/11512/lek.files/image011.wmz,http://cdo.keu.kz/content/11448/11512/lek.files/image012.gif,http://cdo.keu.kz/content/11448/11512/lek.files/image013.gif,http://cdo.keu.kz/content/11448/11512/lek.files/image014.gif,http://cdo.keu.kz/content/11448/11512/lek.files/image015.gif,http://cdo.keu.kz/content/11448/11512/lek.files/image016.gif,http://cdo.keu.kz/content/11448/11512/lek.files/oledata.mso,,,,,,,,,,,,,,,,,,,,,
http://cdo.keu.kz/content/11449/11513/11513.htm,http://cdo.keu.kz/content/11449/11513/30253/30253.htm,http://cdo.keu.kz/content/11449/11513/30254/30254.htm,http://cdo.keu.kz/content/11449/11513/30255/30255.htm,http://cdo.keu.kz/content/11449/11513/30256/30256.htm,http://cdo.keu.kz/content/11449/11513/30257/30257.htm,http://cdo.keu.kz/content/11449/11513/30258/30258.htm,http://cdo.keu.kz/content/11449/11513/30259/30259.htm,http://cdo.keu.kz/content/11449/11513/30260/30260.htm,http://cdo.keu.kz/content/11449/11513/30261/30261.htm,http://cdo.keu.kz/content/11449/11513/30262/30262.htm,http://cdo.keu.kz/content/11449/11513/30263/30263.htm,http://cdo.keu.kz/content/11449/11513/30264/30264.htm,http://cdo.keu.kz/content/11449/11513/30265/30265.htm,http://cdo.keu.kz/content/11449/11513/30266/30266.htm,http://cdo.keu.kz/content/11449/11513/30267/30267.htm,,,,,,,,,,,,,,,,,,,,,,,,,,,,,,,,,,,,,,
http://cdo.keu.kz/content/11450/11514/1.files/filelist.xml,http://cdo.keu.kz/content/11450/11514/1.files/image001.wmz,http://cdo.keu.kz/content/11450/11514/1.files/image002.gif,http://cdo.keu.kz/content/11450/11514/1.files/image003.wmz,http://cdo.keu.kz/content/11450/11514/1.files/image004.gif,http://cdo.keu.kz/content/11450/11514/1.files/oledata.mso,http://cdo.keu.kz/content/11450/11514/1.htm,,,,,,,,,,,,,,,,,,,,,,,,,,,,,,,,,,,,,,,,,,,,,,,
http://cdo.keu.kz/content/11451/11515/2.htm,,,,,,,,,,,,,,,,,,,,,,,,,,,,,,,,,,,,,,,,,,,,,,,,,,,,,
http://cdo.keu.kz/content/11452/11516/q.files/filelist.xml,http://cdo.keu.kz/content/11452/11516/q.files/image001.wmz,http://cdo.keu.kz/content/11452/11516/q.files/image002.gif,http://cdo.keu.kz/content/11452/11516/q.files/image003.wmz,http://cdo.keu.kz/content/11452/11516/q.files/image004.gif,http://cdo.keu.kz/content/11452/11516/q.files/oledata.mso,http://cdo.keu.kz/content/11452/11516/q.htm,,,,,,,,,,,,,,,,,,,,,,,,,,,,,,,,,,,,,,,,,,,,,,,
http://cdo.keu.kz/content/11453/11517/1r.files/colorschememapping.xml,http://cdo.keu.kz/content/11453/11517/1r.files/filelist.xml,http://cdo.keu.kz/content/11453/11517/1r.files/themedata.thmx,http://cdo.keu.kz/content/11453/11517/1r.htm,,,,,,,,,,,,,,,,,,,,,,,,,,,,,,,,,,,,,,,,,,,,,,,,,,
http://cdo.keu.kz/content/11454/11518/2r.files/colorschememapping.xml,http://cdo.keu.kz/content/11454/11518/2r.files/filelist.xml,http://cdo.keu.kz/content/11454/11518/2r.files/themedata.thmx,http://cdo.keu.kz/content/11454/11518/2r.htm,,,,,,,,,,,,,,,,,,,,,,,,,,,,,,,,,,,,,,,,,,,,,,,,,,
http://cdo.keu.kz/content/11455/11519/itog.files/colorschememapping.xml,http://cdo.keu.kz/content/11455/11519/itog.files/filelist.xml,http://cdo.keu.kz/content/11455/11519/itog.files/themedata.thmx,http://cdo.keu.kz/content/11455/11519/itog.htm,,,,,,,,,,,,,,,,,,,,,,,,,,,,,,,,,,,,,,,,,,,,,,,,,,
http://cdo.keu.kz/content/11456/11520/1.htm,,,,,,,,,,,,,,,,,,,,,,,,,,,,,,,,,,,,,,,,,,,,,,,,,,,,,
http://cdo.keu.kz/content/11457/11521/2.htm,,,,,,,,,,,,,,,,,,,,,,,,,,,,,,,,,,,,,,,,,,,,,,,,,,,,,
http://cdo.keu.kz/content/11458/11522/q.htm,,,,,,,,,,,,,,,,,,,,,,,,,,,,,,,,,,,,,,,,,,,,,,,,,,,,,
http://cdo.keu.kz/content/11459/11523/1r.21.07.2011.htm,,,,,,,,,,,,,,,,,,,,,,,,,,,,,,,,,,,,,,,,,,,,,,,,,,,,,
http://cdo.keu.kz/content/11460/11524/2r.21.07.2011.htm,,,,,,,,,,,,,,,,,,,,,,,,,,,,,,,,,,,,,,,,,,,,,,,,,,,,,
http://cdo.keu.kz/content/11461/11525/1r.21.07.2011.htm,,,,,,,,,,,,,,,,,,,,,,,,,,,,,,,,,,,,,,,,,,,,,,,,,,,,,
http://cdo.keu.kz/content/11462/11526/itogovui20.07.2011.htm,,,,,,,,,,,,,,,,,,,,,,,,,,,,,,,,,,,,,,,,,,,,,,,,,,,,,
http://cdo.keu.kz/content/11463/11527/1.htm,,,,,,,,,,,,,,,,,,,,,,,,,,,,,,,,,,,,,,,,,,,,,,,,,,,,,
http://cdo.keu.kz/content/11464/11528/2.htm,,,,,,,,,,,,,,,,,,,,,,,,,,,,,,,,,,,,,,,,,,,,,,,,,,,,,
http://cdo.keu.kz/content/11465/11529/q.htm,,,,,,,,,,,,,,,,,,,,,,,,,,,,,,,,,,,,,,,,,,,,,,,,,,,,,
http://cdo.keu.kz/content/11466/11530/1.htm,,,,,,,,,,,,,,,,,,,,,,,,,,,,,,,,,,,,,,,,,,,,,,,,,,,,,
http://cdo.keu.kz/content/11467/11531/1.htm,,,,,,,,,,,,,,,,,,,,,,,,,,,,,,,,,,,,,,,,,,,,,,,,,,,,,
http://cdo.keu.kz/content/11468/11532/2.htm,,,,,,,,,,,,,,,,,,,,,,,,,,,,,,,,,,,,,,,,,,,,,,,,,,,,,
http://cdo.keu.kz/content/11469/11533/q.htm,,,,,,,,,,,,,,,,,,,,,,,,,,,,,,,,,,,,,,,,,,,,,,,,,,,,,
http://cdo.keu.kz/content/11470/11534/11534.htm,http://cdo.keu.kz/content/11470/11534/30268/30268.htm,http://cdo.keu.kz/content/11470/11534/30269/30269.htm,http://cdo.keu.kz/content/11470/11534/30270/30270.htm,http://cdo.keu.kz/content/11470/11534/30271/30271.htm,http://cdo.keu.kz/content/11470/11534/30272/30272.htm,http://cdo.keu.kz/content/11470/11534/30273/30273.htm,http://cdo.keu.kz/content/11470/11534/30274/30274.htm,http://cdo.keu.kz/content/11470/11534/30275/30275.htm,http://cdo.keu.kz/content/11470/11534/30276/30276.htm,http://cdo.keu.kz/content/11470/11534/30277/30277.htm,http://cdo.keu.kz/content/11470/11534/30278/30278.htm,http://cdo.keu.kz/content/11470/11534/30279/30279.htm,http://cdo.keu.kz/content/11470/11534/30280/30280.htm,http://cdo.keu.kz/content/11470/11534/30281/30281.htm,http://cdo.keu.kz/content/11470/11534/lek.files/colorschememapping.xml,http://cdo.keu.kz/content/11470/11534/lek.files/filelist.xml,http://cdo.keu.kz/content/11470/11534/lek.files/header.htm,http://cdo.keu.kz/content/11470/11534/lek.files/themedata.thmx,,,,,,,,,,,,,,,,,,,,,,,,,,,,,,,,,,,
http://cdo.keu.kz/content/11471/11535/1r.files/colorschememapping.xml,http://cdo.keu.kz/content/11471/11535/1r.files/filelist.xml,http://cdo.keu.kz/content/11471/11535/1r.files/themedata.thmx,http://cdo.keu.kz/content/11471/11535/1r.htm,,,,,,,,,,,,,,,,,,,,,,,,,,,,,,,,,,,,,,,,,,,,,,,,,,
http://cdo.keu.kz/content/11472/11536/2r.files/colorschememapping.xml,http://cdo.keu.kz/content/11472/11536/2r.files/filelist.xml,http://cdo.keu.kz/content/11472/11536/2r.files/themedata.thmx,http://cdo.keu.kz/content/11472/11536/2r.htm,,,,,,,,,,,,,,,,,,,,,,,,,,,,,,,,,,,,,,,,,,,,,,,,,,
http://cdo.keu.kz/content/11473/11537/itog.files/colorschememapping.xml,http://cdo.keu.kz/content/11473/11537/itog.files/filelist.xml,http://cdo.keu.kz/content/11473/11537/itog.files/themedata.thmx,http://cdo.keu.kz/content/11473/11537/itog.htm,,,,,,,,,,,,,,,,,,,,,,,,,,,,,,,,,,,,,,,,,,,,,,,,,,
http://cdo.keu.kz/content/11474/11538/1.htm,,,,,,,,,,,,,,,,,,,,,,,,,,,,,,,,,,,,,,,,,,,,,,,,,,,,,
http://cdo.keu.kz/content/11475/11539/1.htm,,,,,,,,,,,,,,,,,,,,,,,,,,,,,,,,,,,,,,,,,,,,,,,,,,,,,
http://cdo.keu.kz/content/11476/11540/1.htm,,,,,,,,,,,,,,,,,,,,,,,,,,,,,,,,,,,,,,,,,,,,,,,,,,,,,
http://cdo.keu.kz/content/11477/11541/2.htm,,,,,,,,,,,,,,,,,,,,,,,,,,,,,,,,,,,,,,,,,,,,,,,,,,,,,
http://cdo.keu.kz/content/11478/11542/q.htm,,,,,,,,,,,,,,,,,,,,,,,,,,,,,,,,,,,,,,,,,,,,,,,,,,,,,
http://cdo.keu.kz/content/11479/11543/11543.htm,http://cdo.keu.kz/content/11479/11543/30282/30282.htm,http://cdo.keu.kz/content/11479/11543/30283/30283.htm,http://cdo.keu.kz/content/11479/11543/30284/30284.htm,http://cdo.keu.kz/content/11479/11543/30285/30285.htm,http://cdo.keu.kz/content/11479/11543/30286/30286.htm,http://cdo.keu.kz/content/11479/11543/30287/30287.htm,http://cdo.keu.kz/content/11479/11543/30288/30288.htm,http://cdo.keu.kz/content/11479/11543/30289/30289.htm,http://cdo.keu.kz/content/11479/11543/30290/30290.htm,http://cdo.keu.kz/content/11479/11543/30291/30291.htm,http://cdo.keu.kz/content/11479/11543/30292/30292.htm,http://cdo.keu.kz/content/11479/11543/30293/30293.htm,http://cdo.keu.kz/content/11479/11543/30294/30294.htm,http://cdo.keu.kz/content/11479/11543/30295/30295.htm,http://cdo.keu.kz/content/11479/11543/30296/30296.htm,http://cdo.keu.kz/content/11479/11543/lek.files/colorschememapping.xml,http://cdo.keu.kz/content/11479/11543/lek.files/filelist.xml,http://cdo.keu.kz/content/11479/11543/lek.files/themedata.thmx,,,,,,,,,,,,,,,,,,,,,,,,,,,,,,,,,,,
http://cdo.keu.kz/content/11480/11544/1r.files/colorschememapping.xml,http://cdo.keu.kz/content/11480/11544/1r.files/filelist.xml,http://cdo.keu.kz/content/11480/11544/1r.files/themedata.thmx,http://cdo.keu.kz/content/11480/11544/1r.htm,,,,,,,,,,,,,,,,,,,,,,,,,,,,,,,,,,,,,,,,,,,,,,,,,,
http://cdo.keu.kz/content/11481/11545/2r.files/colorschememapping.xml,http://cdo.keu.kz/content/11481/11545/2r.files/filelist.xml,http://cdo.keu.kz/content/11481/11545/2r.files/themedata.thmx,http://cdo.keu.kz/content/11481/11545/2r.htm,,,,,,,,,,,,,,,,,,,,,,,,,,,,,,,,,,,,,,,,,,,,,,,,,,
http://cdo.keu.kz/content/11482/11546/itog.files/colorschememapping.xml,http://cdo.keu.kz/content/11482/11546/itog.files/filelist.xml,http://cdo.keu.kz/content/11482/11546/itog.files/themedata.thmx,http://cdo.keu.kz/content/11482/11546/itog.htm,,,,,,,,,,,,,,,,,,,,,,,,,,,,,,,,,,,,,,,,,,,,,,,,,,
http://cdo.keu.kz/content/11483/11547/1.htm,,,,,,,,,,,,,,,,,,,,,,,,,,,,,,,,,,,,,,,,,,,,,,,,,,,,,
http://cdo.keu.kz/content/11484/11548/2.files/filelist.xml,http://cdo.keu.kz/content/11484/11548/2.files/header.htm,http://cdo.keu.kz/content/11484/11548/2.htm,,,,,,,,,,,,,,,,,,,,,,,,,,,,,,,,,,,,,,,,,,,,,,,,,,,
http://cdo.keu.kz/content/11485/11549/11549.htm,http://cdo.keu.kz/content/11485/11549/30297/30297.htm,http://cdo.keu.kz/content/11485/11549/30298/30298.htm,http://cdo.keu.kz/content/11485/11549/30299/30299.htm,http://cdo.keu.kz/content/11485/11549/30300/30300.htm,http://cdo.keu.kz/content/11485/11549/30301/30301.htm,http://cdo.keu.kz/content/11485/11549/30302/30302.htm,http://cdo.keu.kz/content/11485/11549/30303/30303.htm,http://cdo.keu.kz/content/11485/11549/30304/30304.htm,http://cdo.keu.kz/content/11485/11549/30305/30305.htm,http://cdo.keu.kz/content/11485/11549/30306/30306.htm,http://cdo.keu.kz/content/11485/11549/lek.files/colorschememapping.xml,http://cdo.keu.kz/content/11485/11549/lek.files/filelist.xml,http://cdo.keu.kz/content/11485/11549/lek.files/themedata.thmx,,,,,,,,,,,,,,,,,,,,,,,,,,,,,,,,,,,,,,,,
http://cdo.keu.kz/content/11486/11550/1r.files/colorschememapping.xml,http://cdo.keu.kz/content/11486/11550/1r.files/filelist.xml,http://cdo.keu.kz/content/11486/11550/1r.files/themedata.thmx,http://cdo.keu.kz/content/11486/11550/1r.htm,,,,,,,,,,,,,,,,,,,,,,,,,,,,,,,,,,,,,,,,,,,,,,,,,,
http://cdo.keu.kz/content/11487/11551/2r.files/colorschememapping.xml,http://cdo.keu.kz/content/11487/11551/2r.files/filelist.xml,http://cdo.keu.kz/content/11487/11551/2r.files/themedata.thmx,http://cdo.keu.kz/content/11487/11551/2r.htm,,,,,,,,,,,,,,,,,,,,,,,,,,,,,,,,,,,,,,,,,,,,,,,,,,
http://cdo.keu.kz/content/11488/11552/itog..files/colorschememapping.xml,http://cdo.keu.kz/content/11488/11552/itog..files/filelist.xml,http://cdo.keu.kz/content/11488/11552/itog..files/themedata.thmx,http://cdo.keu.kz/content/11488/11552/itog..htm,,,,,,,,,,,,,,,,,,,,,,,,,,,,,,,,,,,,,,,,,,,,,,,,,,
http://cdo.keu.kz/content/11489/11553/11553.htm,http://cdo.keu.kz/content/11489/11553/30307/30307.htm,http://cdo.keu.kz/content/11489/11553/30308/30308.htm,http://cdo.keu.kz/content/11489/11553/30309/30309.htm,http://cdo.keu.kz/content/11489/11553/30310/30310.htm,http://cdo.keu.kz/content/11489/11553/30311/30311.htm,http://cdo.keu.kz/content/11489/11553/30312/30312.htm,http://cdo.keu.kz/content/11489/11553/30313/30313.htm,http://cdo.keu.kz/content/11489/11553/30314/30314.htm,http://cdo.keu.kz/content/11489/11553/30315/30315.htm,http://cdo.keu.kz/content/11489/11553/30316/30316.htm,http://cdo.keu.kz/content/11489/11553/30317/30317.htm,http://cdo.keu.kz/content/11489/11553/30318/30318.htm,http://cdo.keu.kz/content/11489/11553/30319/30319.htm,http://cdo.keu.kz/content/11489/11553/30320/30320.htm,http://cdo.keu.kz/content/11489/11553/30321/30321.htm,http://cdo.keu.kz/content/11489/11553/lek.files/colorschememapping.xml,http://cdo.keu.kz/content/11489/11553/lek.files/filelist.xml,http://cdo.keu.kz/content/11489/11553/lek.files/image001.emz,http://cdo.keu.kz/content/11489/11553/lek.files/image002.gif,http://cdo.keu.kz/content/11489/11553/lek.files/oledata.mso,http://cdo.keu.kz/content/11489/11553/lek.files/themedata.thmx,,,,,,,,,,,,,,,,,,,,,,,,,,,,,,,,
http://cdo.keu.kz/content/11490/11554/q.htm,,,,,,,,,,,,,,,,,,,,,,,,,,,,,,,,,,,,,,,,,,,,,,,,,,,,,
http://cdo.keu.kz/content/11491/11555/1r.files/colorschememapping.xml,http://cdo.keu.kz/content/11491/11555/1r.files/filelist.xml,http://cdo.keu.kz/content/11491/11555/1r.files/themedata.thmx,http://cdo.keu.kz/content/11491/11555/1r.htm,,,,,,,,,,,,,,,,,,,,,,,,,,,,,,,,,,,,,,,,,,,,,,,,,,
http://cdo.keu.kz/content/11492/11556/2r.files/colorschememapping.xml,http://cdo.keu.kz/content/11492/11556/2r.files/filelist.xml,http://cdo.keu.kz/content/11492/11556/2r.files/themedata.thmx,http://cdo.keu.kz/content/11492/11556/2r.htm,,,,,,,,,,,,,,,,,,,,,,,,,,,,,,,,,,,,,,,,,,,,,,,,,,
http://cdo.keu.kz/content/11493/11557/itog..files/colorschememapping.xml,http://cdo.keu.kz/content/11493/11557/itog..files/filelist.xml,http://cdo.keu.kz/content/11493/11557/itog..files/themedata.thmx,http://cdo.keu.kz/content/11493/11557/itog..htm,,,,,,,,,,,,,,,,,,,,,,,,,,,,,,,,,,,,,,,,,,,,,,,,,,
http://cdo.keu.kz/content/11494/11558/1.files/colorschememapping.xml,http://cdo.keu.kz/content/11494/11558/1.files/filelist.xml,http://cdo.keu.kz/content/11494/11558/1.files/themedata.thmx,http://cdo.keu.kz/content/11494/11558/1.htm,,,,,,,,,,,,,,,,,,,,,,,,,,,,,,,,,,,,,,,,,,,,,,,,,,
http://cdo.keu.kz/content/11495/11559/2.files/colorschememapping.xml,http://cdo.keu.kz/content/11495/11559/2.files/filelist.xml,http://cdo.keu.kz/content/11495/11559/2.files/themedata.thmx,http://cdo.keu.kz/content/11495/11559/2.htm,,,,,,,,,,,,,,,,,,,,,,,,,,,,,,,,,,,,,,,,,,,,,,,,,,
http://cdo.keu.kz/content/11496/11560/2.files/colorschememapping.xml,http://cdo.keu.kz/content/11496/11560/2.files/filelist.xml,http://cdo.keu.kz/content/11496/11560/2.files/themedata.thmx,http://cdo.keu.kz/content/11496/11560/2.htm,,,,,,,,,,,,,,,,,,,,,,,,,,,,,,,,,,,,,,,,,,,,,,,,,,
http://cdo.keu.kz/content/11497/11561/q.files/colorschememapping.xml,http://cdo.keu.kz/content/11497/11561/q.files/filelist.xml,http://cdo.keu.kz/content/11497/11561/q.files/themedata.thmx,http://cdo.keu.kz/content/11497/11561/q.htm,,,,,,,,,,,,,,,,,,,,,,,,,,,,,,,,,,,,,,,,,,,,,,,,,,
http://cdo.keu.kz/content/11498/11562/q.files/colorschememapping.xml,http://cdo.keu.kz/content/11498/11562/q.files/filelist.xml,http://cdo.keu.kz/content/11498/11562/q.files/themedata.thmx,http://cdo.keu.kz/content/11498/11562/q.htm,,,,,,,,,,,,,,,,,,,,,,,,,,,,,,,,,,,,,,,,,,,,,,,,,,
http://cdo.keu.kz/content/11499/11563/1.files/colorschememapping.xml,http://cdo.keu.kz/content/11499/11563/1.files/filelist.xml,http://cdo.keu.kz/content/11499/11563/1.files/themedata.thmx,http://cdo.keu.kz/content/11499/11563/1.htm,,,,,,,,,,,,,,,,,,,,,,,,,,,,,,,,,,,,,,,,,,,,,,,,,,
http://cdo.keu.kz/content/11500/11564/2rub.files/colorschememapping.xml,http://cdo.keu.kz/content/11500/11564/2rub.files/filelist.xml,http://cdo.keu.kz/content/11500/11564/2rub.files/themedata.thmx,http://cdo.keu.kz/content/11500/11564/2rub.htm,,,,,,,,,,,,,,,,,,,,,,,,,,,,,,,,,,,,,,,,,,,,,,,,,,
