0,1,2,3,4,5,6,7,8,9,10,11,12,13,14,15,16,17,18,19,20,21,22,23,24,25
http://cdo.keu.kz/content/10301/10367/2rub.files/colorschememapping.xml,http://cdo.keu.kz/content/10301/10367/2rub.files/filelist.xml,http://cdo.keu.kz/content/10301/10367/2rub.files/header.htm,http://cdo.keu.kz/content/10301/10367/2rub.files/item0001.xml,http://cdo.keu.kz/content/10301/10367/2rub.files/props0002.xml,http://cdo.keu.kz/content/10301/10367/2rub.files/themedata.thmx,http://cdo.keu.kz/content/10301/10367/2rub.htm,,,,,,,,,,,,,,,,,,,
http://cdo.keu.kz/content/10302/10368/itog.files/colorschememapping.xml,http://cdo.keu.kz/content/10302/10368/itog.files/filelist.xml,http://cdo.keu.kz/content/10302/10368/itog.files/themedata.thmx,http://cdo.keu.kz/content/10302/10368/itog.htm,,,,,,,,,,,,,,,,,,,,,,
http://cdo.keu.kz/content/10303/10369/itog.htm,,,,,,,,,,,,,,,,,,,,,,,,,
http://cdo.keu.kz/content/10304/10370/10370.htm,http://cdo.keu.kz/content/10304/10370/28072/28072.htm,http://cdo.keu.kz/content/10304/10370/28073/28073.htm,http://cdo.keu.kz/content/10304/10370/28074/28074.htm,http://cdo.keu.kz/content/10304/10370/28075/28075.htm,http://cdo.keu.kz/content/10304/10370/28076/28076.htm,http://cdo.keu.kz/content/10304/10370/28077/28077.htm,http://cdo.keu.kz/content/10304/10370/28078/28078.htm,http://cdo.keu.kz/content/10304/10370/28079/28079.htm,http://cdo.keu.kz/content/10304/10370/28080/28080.htm,http://cdo.keu.kz/content/10304/10370/28081/28081.htm,http://cdo.keu.kz/content/10304/10370/28082/28082.htm,http://cdo.keu.kz/content/10304/10370/28083/28083.htm,,,,,,,,,,,,,
http://cdo.keu.kz/content/10305/10371/q1.files/colorschememapping.xml,http://cdo.keu.kz/content/10305/10371/q1.files/filelist.xml,http://cdo.keu.kz/content/10305/10371/q1.files/themedata.thmx,http://cdo.keu.kz/content/10305/10371/q1.htm,,,,,,,,,,,,,,,,,,,,,,
http://cdo.keu.kz/content/10306/10372/1rub.htm,,,,,,,,,,,,,,,,,,,,,,,,,
http://cdo.keu.kz/content/10307/10373/q2.files/colorschememapping.xml,http://cdo.keu.kz/content/10307/10373/q2.files/filelist.xml,http://cdo.keu.kz/content/10307/10373/q2.files/themedata.thmx,http://cdo.keu.kz/content/10307/10373/q2.htm,,,,,,,,,,,,,,,,,,,,,,
http://cdo.keu.kz/content/10308/10374/itog.files/colorschememapping.xml,http://cdo.keu.kz/content/10308/10374/itog.files/filelist.xml,http://cdo.keu.kz/content/10308/10374/itog.files/themedata.thmx,http://cdo.keu.kz/content/10308/10374/itog.htm,,,,,,,,,,,,,,,,,,,,,,
http://cdo.keu.kz/content/10309/10375/2rub.htm,,,,,,,,,,,,,,,,,,,,,,,,,
http://cdo.keu.kz/content/10310/10376/q.htm,,,,,,,,,,,,,,,,,,,,,,,,,
http://cdo.keu.kz/content/10311/10377/1rub.files/colorschememapping.xml,http://cdo.keu.kz/content/10311/10377/1rub.files/filelist.xml,http://cdo.keu.kz/content/10311/10377/1rub.files/themedata.thmx,http://cdo.keu.kz/content/10311/10377/1rub.htm,,,,,,,,,,,,,,,,,,,,,,
http://cdo.keu.kz/content/10312/10378/2rub.files/colorschememapping.xml,http://cdo.keu.kz/content/10312/10378/2rub.files/filelist.xml,http://cdo.keu.kz/content/10312/10378/2rub.files/themedata.thmx,http://cdo.keu.kz/content/10312/10378/2rub.htm,,,,,,,,,,,,,,,,,,,,,,
http://cdo.keu.kz/content/10313/10379/2rub.files/colorschememapping.xml,http://cdo.keu.kz/content/10313/10379/2rub.files/filelist.xml,http://cdo.keu.kz/content/10313/10379/2rub.files/themedata.thmx,http://cdo.keu.kz/content/10313/10379/2rub.htm,,,,,,,,,,,,,,,,,,,,,,
http://cdo.keu.kz/content/10314/10380/Itog.files/colorschememapping.xml,http://cdo.keu.kz/content/10314/10380/Itog.files/filelist.xml,http://cdo.keu.kz/content/10314/10380/Itog.files/image001.wmz,http://cdo.keu.kz/content/10314/10380/Itog.files/image002.gif,http://cdo.keu.kz/content/10314/10380/Itog.files/image003.wmz,http://cdo.keu.kz/content/10314/10380/Itog.files/image004.gif,http://cdo.keu.kz/content/10314/10380/Itog.files/image005.wmz,http://cdo.keu.kz/content/10314/10380/Itog.files/image006.gif,http://cdo.keu.kz/content/10314/10380/Itog.files/image007.wmz,http://cdo.keu.kz/content/10314/10380/Itog.files/image008.gif,http://cdo.keu.kz/content/10314/10380/Itog.files/image009.wmz,http://cdo.keu.kz/content/10314/10380/Itog.files/image010.gif,http://cdo.keu.kz/content/10314/10380/Itog.files/image011.wmz,http://cdo.keu.kz/content/10314/10380/Itog.files/image012.gif,http://cdo.keu.kz/content/10314/10380/Itog.files/image013.wmz,http://cdo.keu.kz/content/10314/10380/Itog.files/image014.gif,http://cdo.keu.kz/content/10314/10380/Itog.files/image015.wmz,http://cdo.keu.kz/content/10314/10380/Itog.files/image016.gif,http://cdo.keu.kz/content/10314/10380/Itog.files/image017.wmz,http://cdo.keu.kz/content/10314/10380/Itog.files/image018.gif,http://cdo.keu.kz/content/10314/10380/Itog.files/image019.wmz,http://cdo.keu.kz/content/10314/10380/Itog.files/image020.gif,http://cdo.keu.kz/content/10314/10380/Itog.files/image021.wmz,http://cdo.keu.kz/content/10314/10380/Itog.files/image022.gif,http://cdo.keu.kz/content/10314/10380/Itog.files/themedata.thmx,http://cdo.keu.kz/content/10314/10380/Itog.htm
http://cdo.keu.kz/content/10315/10381/1rub.files/colorschememapping.xml,http://cdo.keu.kz/content/10315/10381/1rub.files/filelist.xml,http://cdo.keu.kz/content/10315/10381/1rub.files/themedata.thmx,http://cdo.keu.kz/content/10315/10381/1rub.htm,,,,,,,,,,,,,,,,,,,,,,
http://cdo.keu.kz/content/10316/10382/1.htm,,,,,,,,,,,,,,,,,,,,,,,,,
http://cdo.keu.kz/content/10317/10383/2rub.files/colorschememapping.xml,http://cdo.keu.kz/content/10317/10383/2rub.files/filelist.xml,http://cdo.keu.kz/content/10317/10383/2rub.files/image001.wmz,http://cdo.keu.kz/content/10317/10383/2rub.files/image002.gif,http://cdo.keu.kz/content/10317/10383/2rub.files/image003.wmz,http://cdo.keu.kz/content/10317/10383/2rub.files/image004.gif,http://cdo.keu.kz/content/10317/10383/2rub.files/image005.wmz,http://cdo.keu.kz/content/10317/10383/2rub.files/image006.gif,http://cdo.keu.kz/content/10317/10383/2rub.files/image007.wmz,http://cdo.keu.kz/content/10317/10383/2rub.files/image008.gif,http://cdo.keu.kz/content/10317/10383/2rub.files/image009.wmz,http://cdo.keu.kz/content/10317/10383/2rub.files/image010.gif,http://cdo.keu.kz/content/10317/10383/2rub.files/image011.wmz,http://cdo.keu.kz/content/10317/10383/2rub.files/image012.gif,http://cdo.keu.kz/content/10317/10383/2rub.files/image013.wmz,http://cdo.keu.kz/content/10317/10383/2rub.files/image014.gif,http://cdo.keu.kz/content/10317/10383/2rub.files/image015.wmz,http://cdo.keu.kz/content/10317/10383/2rub.files/image016.gif,http://cdo.keu.kz/content/10317/10383/2rub.files/image017.wmz,http://cdo.keu.kz/content/10317/10383/2rub.files/image018.gif,http://cdo.keu.kz/content/10317/10383/2rub.files/image019.wmz,http://cdo.keu.kz/content/10317/10383/2rub.files/image020.gif,http://cdo.keu.kz/content/10317/10383/2rub.files/image021.wmz,http://cdo.keu.kz/content/10317/10383/2rub.files/image022.gif,http://cdo.keu.kz/content/10317/10383/2rub.files/themedata.thmx,http://cdo.keu.kz/content/10317/10383/2rub.htm
http://cdo.keu.kz/content/10318/10384/1.htm,,,,,,,,,,,,,,,,,,,,,,,,,
http://cdo.keu.kz/content/10319/10385/2.htm,,,,,,,,,,,,,,,,,,,,,,,,,
http://cdo.keu.kz/content/10320/10386/q.htm,,,,,,,,,,,,,,,,,,,,,,,,,
http://cdo.keu.kz/content/10321/10387/20.12.2010(N)1.htm,,,,,,,,,,,,,,,,,,,,,,,,,
http://cdo.keu.kz/content/10322/10388/2rub.files/colorschememapping.xml,http://cdo.keu.kz/content/10322/10388/2rub.files/filelist.xml,http://cdo.keu.kz/content/10322/10388/2rub.files/themedata.thmx,http://cdo.keu.kz/content/10322/10388/2rub.htm,,,,,,,,,,,,,,,,,,,,,,
http://cdo.keu.kz/content/10323/10389/itog.files/colorschememapping.xml,http://cdo.keu.kz/content/10323/10389/itog.files/filelist.xml,http://cdo.keu.kz/content/10323/10389/itog.files/themedata.thmx,http://cdo.keu.kz/content/10323/10389/itog.htm,,,,,,,,,,,,,,,,,,,,,,
http://cdo.keu.kz/content/10324/10390/1.htm,,,,,,,,,,,,,,,,,,,,,,,,,
http://cdo.keu.kz/content/10325/10391/2.htm,,,,,,,,,,,,,,,,,,,,,,,,,
http://cdo.keu.kz/content/10326/10392/q.htm,,,,,,,,,,,,,,,,,,,,,,,,,
http://cdo.keu.kz/content/10327/10393/20.12.2010(N)2.htm,,,,,,,,,,,,,,,,,,,,,,,,,
http://cdo.keu.kz/content/10328/10394/1rub.files/colorschememapping.xml,http://cdo.keu.kz/content/10328/10394/1rub.files/filelist.xml,http://cdo.keu.kz/content/10328/10394/1rub.files/themedata.thmx,http://cdo.keu.kz/content/10328/10394/1rub.htm,,,,,,,,,,,,,,,,,,,,,,
http://cdo.keu.kz/content/10329/10395/1.htm,,,,,,,,,,,,,,,,,,,,,,,,,
http://cdo.keu.kz/content/10330/10396/2rub.files/colorschememapping.xml,http://cdo.keu.kz/content/10330/10396/2rub.files/filelist.xml,http://cdo.keu.kz/content/10330/10396/2rub.files/themedata.thmx,http://cdo.keu.kz/content/10330/10396/2rub.htm,,,,,,,,,,,,,,,,,,,,,,
http://cdo.keu.kz/content/10331/10397/itog.files/colorschememapping.xml,http://cdo.keu.kz/content/10331/10397/itog.files/filelist.xml,http://cdo.keu.kz/content/10331/10397/itog.files/themedata.thmx,http://cdo.keu.kz/content/10331/10397/itog.htm,,,,,,,,,,,,,,,,,,,,,,
http://cdo.keu.kz/content/10332/10398/2.htm,,,,,,,,,,,,,,,,,,,,,,,,,
http://cdo.keu.kz/content/10333/10399/2.htm,,,,,,,,,,,,,,,,,,,,,,,,,
http://cdo.keu.kz/content/10334/10400/20.12.2010(N)2.htm,,,,,,,,,,,,,,,,,,,,,,,,,
http://cdo.keu.kz/content/10335/10401/q.htm,,,,,,,,,,,,,,,,,,,,,,,,,
http://cdo.keu.kz/content/10336/10402/20.12.2010(N)itog.htm,,,,,,,,,,,,,,,,,,,,,,,,,
http://cdo.keu.kz/content/10337/10403/1.htm,,,,,,,,,,,,,,,,,,,,,,,,,
http://cdo.keu.kz/content/10338/10404/2.htm,,,,,,,,,,,,,,,,,,,,,,,,,
http://cdo.keu.kz/content/10339/10405/20.12.2010(N)1.htm,,,,,,,,,,,,,,,,,,,,,,,,,
http://cdo.keu.kz/content/10340/10406/20.12.2010(N)2.htm,,,,,,,,,,,,,,,,,,,,,,,,,
http://cdo.keu.kz/content/10341/10407/20.12.2010(N)itog.htm,,,,,,,,,,,,,,,,,,,,,,,,,
http://cdo.keu.kz/content/10342/10408/q.htm,,,,,,,,,,,,,,,,,,,,,,,,,
http://cdo.keu.kz/content/10343/10409/1.htm,,,,,,,,,,,,,,,,,,,,,,,,,
http://cdo.keu.kz/content/10344/10410/2.htm,,,,,,,,,,,,,,,,,,,,,,,,,
http://cdo.keu.kz/content/10345/10411/1rub.files/colorschememapping.xml,http://cdo.keu.kz/content/10345/10411/1rub.files/filelist.xml,http://cdo.keu.kz/content/10345/10411/1rub.files/themedata.thmx,http://cdo.keu.kz/content/10345/10411/1rub.htm,,,,,,,,,,,,,,,,,,,,,,
http://cdo.keu.kz/content/10346/10412/2rub.files/colorschememapping.xml,http://cdo.keu.kz/content/10346/10412/2rub.files/filelist.xml,http://cdo.keu.kz/content/10346/10412/2rub.files/themedata.thmx,http://cdo.keu.kz/content/10346/10412/2rub.htm,,,,,,,,,,,,,,,,,,,,,,
http://cdo.keu.kz/content/10347/10413/itog.files/colorschememapping.xml,http://cdo.keu.kz/content/10347/10413/itog.files/filelist.xml,http://cdo.keu.kz/content/10347/10413/itog.files/themedata.thmx,http://cdo.keu.kz/content/10347/10413/itog.htm,,,,,,,,,,,,,,,,,,,,,,
http://cdo.keu.kz/content/10348/10414/q.htm,,,,,,,,,,,,,,,,,,,,,,,,,
http://cdo.keu.kz/content/10349/10415/q.htm,,,,,,,,,,,,,,,,,,,,,,,,,
http://cdo.keu.kz/content/10350/10416/10416.htm,http://cdo.keu.kz/content/10350/10416/28084/28084.htm,http://cdo.keu.kz/content/10350/10416/28085/28085.htm,http://cdo.keu.kz/content/10350/10416/28086/28086.htm,http://cdo.keu.kz/content/10350/10416/28087/28087.htm,http://cdo.keu.kz/content/10350/10416/28088/28088.htm,http://cdo.keu.kz/content/10350/10416/28089/28089.htm,,,,,,,,,,,,,,,,,,,
http://cdo.keu.kz/content/10351/10417/21.12.2010(N)1.htm,,,,,,,,,,,,,,,,,,,,,,,,,
http://cdo.keu.kz/content/10352/10418/21.12.2010(N)1.htm,,,,,,,,,,,,,,,,,,,,,,,,,
http://cdo.keu.kz/content/10353/10419/21.12.2010(N)2.htm,,,,,,,,,,,,,,,,,,,,,,,,,
http://cdo.keu.kz/content/10354/10420/21.12.2010(N)itog.htm,,,,,,,,,,,,,,,,,,,,,,,,,
http://cdo.keu.kz/content/10355/10421/10421.htm,http://cdo.keu.kz/content/10355/10421/28090/28090.htm,http://cdo.keu.kz/content/10355/10421/28091/28091.htm,http://cdo.keu.kz/content/10355/10421/28092/28092.htm,http://cdo.keu.kz/content/10355/10421/28093/28093.htm,http://cdo.keu.kz/content/10355/10421/28094/28094.htm,http://cdo.keu.kz/content/10355/10421/28095/28095.htm,http://cdo.keu.kz/content/10355/10421/28096/28096.htm,http://cdo.keu.kz/content/10355/10421/lek.files/image001.gif,http://cdo.keu.kz/content/10355/10421/lek.files/image002.gif,http://cdo.keu.kz/content/10355/10421/lek.files/image003.gif,,,,,,,,,,,,,,,
http://cdo.keu.kz/content/10356/10422/1rub.htm,,,,,,,,,,,,,,,,,,,,,,,,,
http://cdo.keu.kz/content/10357/10423/10423.htm,http://cdo.keu.kz/content/10357/10423/28097/28097.htm,http://cdo.keu.kz/content/10357/10423/28098/28098.htm,http://cdo.keu.kz/content/10357/10423/28099/28099.htm,http://cdo.keu.kz/content/10357/10423/28100/28100.htm,http://cdo.keu.kz/content/10357/10423/28101/28101.htm,http://cdo.keu.kz/content/10357/10423/28102/28102.htm,http://cdo.keu.kz/content/10357/10423/28103/28103.htm,http://cdo.keu.kz/content/10357/10423/lek.files/image001.gif,http://cdo.keu.kz/content/10357/10423/lek.files/image002.gif,http://cdo.keu.kz/content/10357/10423/lek.files/image003.gif,,,,,,,,,,,,,,,
http://cdo.keu.kz/content/10358/10424/2rub.htm,,,,,,,,,,,,,,,,,,,,,,,,,
http://cdo.keu.kz/content/10359/10425/1.files/filelist.xml,http://cdo.keu.kz/content/10359/10425/1.files/header.htm,http://cdo.keu.kz/content/10359/10425/1.files/image001.gif,http://cdo.keu.kz/content/10359/10425/1.files/image002.gif,http://cdo.keu.kz/content/10359/10425/1.files/image003.gif,http://cdo.keu.kz/content/10359/10425/10425.htm,http://cdo.keu.kz/content/10359/10425/28104/28104.htm,http://cdo.keu.kz/content/10359/10425/28105/28105.htm,http://cdo.keu.kz/content/10359/10425/28106/28106.htm,http://cdo.keu.kz/content/10359/10425/28107/28107.htm,http://cdo.keu.kz/content/10359/10425/28108/28108.htm,http://cdo.keu.kz/content/10359/10425/28109/28109.htm,http://cdo.keu.kz/content/10359/10425/28110/28110.htm,,,,,,,,,,,,,
http://cdo.keu.kz/content/10360/10426/itog.files/filelist.xml,http://cdo.keu.kz/content/10360/10426/itog.files/header.htm,http://cdo.keu.kz/content/10360/10426/itog.htm,,,,,,,,,,,,,,,,,,,,,,,
http://cdo.keu.kz/content/10361/10427/1.files/filelist.xml,http://cdo.keu.kz/content/10361/10427/1.files/header.htm,http://cdo.keu.kz/content/10361/10427/1.files/image001.gif,http://cdo.keu.kz/content/10361/10427/1.files/image002.gif,http://cdo.keu.kz/content/10361/10427/1.files/image003.gif,http://cdo.keu.kz/content/10361/10427/1.htm,,,,,,,,,,,,,,,,,,,,
http://cdo.keu.kz/content/10362/10428/1rub.files/colorschememapping.xml,http://cdo.keu.kz/content/10362/10428/1rub.files/filelist.xml,http://cdo.keu.kz/content/10362/10428/1rub.files/themedata.thmx,http://cdo.keu.kz/content/10362/10428/1rub.htm,,,,,,,,,,,,,,,,,,,,,,
http://cdo.keu.kz/content/10363/10429/1.files/filelist.xml,http://cdo.keu.kz/content/10363/10429/1.files/header.htm,http://cdo.keu.kz/content/10363/10429/1.files/image001.gif,http://cdo.keu.kz/content/10363/10429/1.files/image002.gif,http://cdo.keu.kz/content/10363/10429/1.files/image003.gif,http://cdo.keu.kz/content/10363/10429/1.htm,,,,,,,,,,,,,,,,,,,,
http://cdo.keu.kz/content/10364/10430/2rub.files/colorschememapping.xml,http://cdo.keu.kz/content/10364/10430/2rub.files/filelist.xml,http://cdo.keu.kz/content/10364/10430/2rub.files/themedata.thmx,http://cdo.keu.kz/content/10364/10430/2rub.htm,,,,,,,,,,,,,,,,,,,,,,
http://cdo.keu.kz/content/10365/10431/itog.files/colorschememapping.xml,http://cdo.keu.kz/content/10365/10431/itog.files/filelist.xml,http://cdo.keu.kz/content/10365/10431/itog.files/themedata.thmx,http://cdo.keu.kz/content/10365/10431/itog.htm,,,,,,,,,,,,,,,,,,,,,,
http://cdo.keu.kz/content/10366/10432/1.files/filelist.xml,http://cdo.keu.kz/content/10366/10432/1.files/header.htm,http://cdo.keu.kz/content/10366/10432/1.files/image001.gif,http://cdo.keu.kz/content/10366/10432/1.files/image002.gif,http://cdo.keu.kz/content/10366/10432/1.files/image003.gif,http://cdo.keu.kz/content/10366/10432/1.htm,,,,,,,,,,,,,,,,,,,,
http://cdo.keu.kz/content/10367/10433/21.12.2010(N)1.htm,,,,,,,,,,,,,,,,,,,,,,,,,
http://cdo.keu.kz/content/10368/10434/21.12.2010(N)2.htm,,,,,,,,,,,,,,,,,,,,,,,,,
http://cdo.keu.kz/content/10369/10435/1.files/filelist.xml,http://cdo.keu.kz/content/10369/10435/1.files/header.htm,http://cdo.keu.kz/content/10369/10435/1.files/image001.gif,http://cdo.keu.kz/content/10369/10435/1.files/image002.gif,http://cdo.keu.kz/content/10369/10435/1.files/image003.gif,http://cdo.keu.kz/content/10369/10435/1.htm,,,,,,,,,,,,,,,,,,,,
http://cdo.keu.kz/content/10370/10436/1.htm,,,,,,,,,,,,,,,,,,,,,,,,,
http://cdo.keu.kz/content/10371/10437/1rub.htm,,,,,,,,,,,,,,,,,,,,,,,,,
http://cdo.keu.kz/content/10372/10438/21.12.2010(N)1.htm,,,,,,,,,,,,,,,,,,,,,,,,,
http://cdo.keu.kz/content/10373/10439/2rub.htm,,,,,,,,,,,,,,,,,,,,,,,,,
http://cdo.keu.kz/content/10374/10440/21.12.2010(N)2.htm,,,,,,,,,,,,,,,,,,,,,,,,,
http://cdo.keu.kz/content/10375/10441/2rub.htm,,,,,,,,,,,,,,,,,,,,,,,,,
http://cdo.keu.kz/content/10376/10442/21.12.2010(N)itog.htm,,,,,,,,,,,,,,,,,,,,,,,,,
http://cdo.keu.kz/content/10377/10443/q.htm,,,,,,,,,,,,,,,,,,,,,,,,,
http://cdo.keu.kz/content/10378/10444/itog.htm,,,,,,,,,,,,,,,,,,,,,,,,,
http://cdo.keu.kz/content/10379/10445/1rub.htm,,,,,,,,,,,,,,,,,,,,,,,,,
http://cdo.keu.kz/content/10380/10446/2rub.files/filelist.xml,http://cdo.keu.kz/content/10380/10446/2rub.files/header.htm,http://cdo.keu.kz/content/10380/10446/2rub.htm,,,,,,,,,,,,,,,,,,,,,,,
http://cdo.keu.kz/content/10381/10447/itog.files/filelist.xml,http://cdo.keu.kz/content/10381/10447/itog.files/header.htm,http://cdo.keu.kz/content/10381/10447/itog.htm,,,,,,,,,,,,,,,,,,,,,,,
http://cdo.keu.kz/content/10382/10448/10448.htm,http://cdo.keu.kz/content/10382/10448/28111/28111.htm,http://cdo.keu.kz/content/10382/10448/28112/28112.htm,http://cdo.keu.kz/content/10382/10448/28113/28113.htm,http://cdo.keu.kz/content/10382/10448/28114/28114.htm,http://cdo.keu.kz/content/10382/10448/28115/28115.htm,http://cdo.keu.kz/content/10382/10448/28116/28116.htm,http://cdo.keu.kz/content/10382/10448/28117/28117.htm,http://cdo.keu.kz/content/10382/10448/28118/28118.htm,http://cdo.keu.kz/content/10382/10448/28119/28119.htm,http://cdo.keu.kz/content/10382/10448/28120/28120.htm,http://cdo.keu.kz/content/10382/10448/28121/28121.htm,http://cdo.keu.kz/content/10382/10448/28122/28122.htm,http://cdo.keu.kz/content/10382/10448/28123/28123.htm,http://cdo.keu.kz/content/10382/10448/28124/28124.htm,http://cdo.keu.kz/content/10382/10448/28125/28125.htm,http://cdo.keu.kz/content/10382/10448/lek.files/image001.gif,http://cdo.keu.kz/content/10382/10448/lek.files/image002.gif,,,,,,,,
http://cdo.keu.kz/content/10383/10449/q1.files/colorschememapping.xml,http://cdo.keu.kz/content/10383/10449/q1.files/filelist.xml,http://cdo.keu.kz/content/10383/10449/q1.files/themedata.thmx,http://cdo.keu.kz/content/10383/10449/q1.htm,,,,,,,,,,,,,,,,,,,,,,
http://cdo.keu.kz/content/10384/10450/q2.files/colorschememapping.xml,http://cdo.keu.kz/content/10384/10450/q2.files/filelist.xml,http://cdo.keu.kz/content/10384/10450/q2.files/themedata.thmx,http://cdo.keu.kz/content/10384/10450/q2.htm,,,,,,,,,,,,,,,,,,,,,,
http://cdo.keu.kz/content/10385/10451/1.htm,,,,,,,,,,,,,,,,,,,,,,,,,
http://cdo.keu.kz/content/10386/10452/itog.files/colorschememapping.xml,http://cdo.keu.kz/content/10386/10452/itog.files/filelist.xml,http://cdo.keu.kz/content/10386/10452/itog.files/themedata.thmx,http://cdo.keu.kz/content/10386/10452/itog.htm,,,,,,,,,,,,,,,,,,,,,,
http://cdo.keu.kz/content/10387/10453/2.htm,,,,,,,,,,,,,,,,,,,,,,,,,
http://cdo.keu.kz/content/10388/10454/q.htm,,,,,,,,,,,,,,,,,,,,,,,,,
http://cdo.keu.kz/content/10389/10455/itog.files/filelist.xml,http://cdo.keu.kz/content/10389/10455/itog.files/header.htm,http://cdo.keu.kz/content/10389/10455/itog.htm,,,,,,,,,,,,,,,,,,,,,,,
http://cdo.keu.kz/content/10390/10456/1rub.files/colorschememapping.xml,http://cdo.keu.kz/content/10390/10456/1rub.files/filelist.xml,http://cdo.keu.kz/content/10390/10456/1rub.files/header.htm,http://cdo.keu.kz/content/10390/10456/1rub.files/themedata.thmx,http://cdo.keu.kz/content/10390/10456/1rub.htm,,,,,,,,,,,,,,,,,,,,,
http://cdo.keu.kz/content/10391/10457/1rub.htm,,,,,,,,,,,,,,,,,,,,,,,,,
http://cdo.keu.kz/content/10392/10458/2rub.files/colorschememapping.xml,http://cdo.keu.kz/content/10392/10458/2rub.files/filelist.xml,http://cdo.keu.kz/content/10392/10458/2rub.files/header.htm,http://cdo.keu.kz/content/10392/10458/2rub.files/themedata.thmx,http://cdo.keu.kz/content/10392/10458/2rub.htm,,,,,,,,,,,,,,,,,,,,,
http://cdo.keu.kz/content/10393/10459/itog.files/colorschememapping.xml,http://cdo.keu.kz/content/10393/10459/itog.files/filelist.xml,http://cdo.keu.kz/content/10393/10459/itog.files/themedata.thmx,http://cdo.keu.kz/content/10393/10459/itog.htm,,,,,,,,,,,,,,,,,,,,,,
http://cdo.keu.kz/content/10394/10460/2rub.htm,,,,,,,,,,,,,,,,,,,,,,,,,
http://cdo.keu.kz/content/10395/10461/21.12.2010(N)1.htm,,,,,,,,,,,,,,,,,,,,,,,,,
http://cdo.keu.kz/content/10396/10462/21.12.2010(N)2.htm,,,,,,,,,,,,,,,,,,,,,,,,,
http://cdo.keu.kz/content/10397/10463/itog.files/filelist.xml,http://cdo.keu.kz/content/10397/10463/itog.files/header.htm,http://cdo.keu.kz/content/10397/10463/itog.htm,,,,,,,,,,,,,,,,,,,,,,,
http://cdo.keu.kz/content/10398/10464/21.12.2010(N)itog.htm,,,,,,,,,,,,,,,,,,,,,,,,,
http://cdo.keu.kz/content/10399/10465/21.12.2010(N)1.htm,,,,,,,,,,,,,,,,,,,,,,,,,
http://cdo.keu.kz/content/10400/10466/1rub.files/filelist.xml,http://cdo.keu.kz/content/10400/10466/1rub.files/header.htm,http://cdo.keu.kz/content/10400/10466/1rub.htm,,,,,,,,,,,,,,,,,,,,,,,
