0,1,2,3,4,5,6,7,8,9,10,11,12,13,14,15,16,17,18,19,20,21,22,23,24,25,26,27,28,29,30,31,32,33,34,35,36,37,38,39,40,41,42,43,44,45,46,47,48,49,50,51,52,53,54,55,56,57,58,59,60,61,62,63,64,65,66,67,68,69,70,71,72,73,74,75,76,77,78,79,80,81,82,83,84,85,86,87,88,89,90,91,92,93,94,95,96,97,98,99,100
http://cdo.keu.kz/content/19601/19515/19515.htm,,,,,,,,,,,,,,,,,,,,,,,,,,,,,,,,,,,,,,,,,,,,,,,,,,,,,,,,,,,,,,,,,,,,,,,,,,,,,,,,,,,,,,,,,,,,,,,,,,,,
http://cdo.keu.kz/content/19604/19516/19516.htm,http://cdo.keu.kz/content/19604/19516/62330/62330.htm,http://cdo.keu.kz/content/19604/19516/62331/62331.htm,http://cdo.keu.kz/content/19604/19516/62332/62332.htm,http://cdo.keu.kz/content/19604/19516/62333/62333.htm,http://cdo.keu.kz/content/19604/19516/62334/62334.htm,http://cdo.keu.kz/content/19604/19516/62335/62335.htm,http://cdo.keu.kz/content/19604/19516/62336/62336.htm,http://cdo.keu.kz/content/19604/19516/62337/62337.htm,http://cdo.keu.kz/content/19604/19516/62338/62338.htm,http://cdo.keu.kz/content/19604/19516/62339/62339.htm,http://cdo.keu.kz/content/19604/19516/62340/62340.htm,http://cdo.keu.kz/content/19604/19516/62341/62341.htm,http://cdo.keu.kz/content/19604/19516/62342/62342.htm,http://cdo.keu.kz/content/19604/19516/62343/62343.htm,http://cdo.keu.kz/content/19604/19516/62344/62344.htm,http://cdo.keu.kz/content/19604/19516/62345/62345.htm,http://cdo.keu.kz/content/19604/19516/62346/62346.htm,http://cdo.keu.kz/content/19604/19516/62347/62347.htm,http://cdo.keu.kz/content/19604/19516/62348/62348.htm,http://cdo.keu.kz/content/19604/19516/lek.files/colorschememapping.xml,http://cdo.keu.kz/content/19604/19516/lek.files/filelist.xml,http://cdo.keu.kz/content/19604/19516/lek.files/header.htm,http://cdo.keu.kz/content/19604/19516/lek.files/item0001.xml,http://cdo.keu.kz/content/19604/19516/lek.files/props0002.xml,http://cdo.keu.kz/content/19604/19516/lek.files/themedata.thmx,,,,,,,,,,,,,,,,,,,,,,,,,,,,,,,,,,,,,,,,,,,,,,,,,,,,,,,,,,,,,,,,,,,,,,,,,,,
http://cdo.keu.kz/content/19605/19517/AP%20itog.files/colorschememapping.xml,http://cdo.keu.kz/content/19605/19517/AP%20itog.files/filelist.xml,http://cdo.keu.kz/content/19605/19517/AP%20itog.files/header.htm,http://cdo.keu.kz/content/19605/19517/AP%20itog.files/themedata.thmx,http://cdo.keu.kz/content/19605/19517/AP%20itog.htm,,,,,,,,,,,,,,,,,,,,,,,,,,,,,,,,,,,,,,,,,,,,,,,,,,,,,,,,,,,,,,,,,,,,,,,,,,,,,,,,,,,,,,,,,,,,,,,,
http://cdo.keu.kz/content/19612/19518/19518.htm,http://cdo.keu.kz/content/19612/19518/62349/62349.htm,http://cdo.keu.kz/content/19612/19518/62350/62350.htm,http://cdo.keu.kz/content/19612/19518/62351/62351.htm,http://cdo.keu.kz/content/19612/19518/62352/62352.htm,http://cdo.keu.kz/content/19612/19518/62353/62353.htm,http://cdo.keu.kz/content/19612/19518/62354/62354.htm,http://cdo.keu.kz/content/19612/19518/62355/62355.htm,,,,,,,,,,,,,,,,,,,,,,,,,,,,,,,,,,,,,,,,,,,,,,,,,,,,,,,,,,,,,,,,,,,,,,,,,,,,,,,,,,,,,,,,,,,,,
http://cdo.keu.kz/content/19613/19519/test%20ekolog.pravo.htm,,,,,,,,,,,,,,,,,,,,,,,,,,,,,,,,,,,,,,,,,,,,,,,,,,,,,,,,,,,,,,,,,,,,,,,,,,,,,,,,,,,,,,,,,,,,,,,,,,,,
http://cdo.keu.kz/content/19614/19520/19520.htm,http://cdo.keu.kz/content/19614/19520/62356/62356.htm,http://cdo.keu.kz/content/19614/19520/62357/62357.htm,http://cdo.keu.kz/content/19614/19520/62358/62358.htm,http://cdo.keu.kz/content/19614/19520/62359/62359.htm,http://cdo.keu.kz/content/19614/19520/62360/62360.htm,http://cdo.keu.kz/content/19614/19520/62361/62361.htm,http://cdo.keu.kz/content/19614/19520/62362/62362.htm,http://cdo.keu.kz/content/19614/19520/62363/62363.htm,http://cdo.keu.kz/content/19614/19520/62364/62364.htm,http://cdo.keu.kz/content/19614/19520/62365/62365.htm,http://cdo.keu.kz/content/19614/19520/62366/62366.htm,http://cdo.keu.kz/content/19614/19520/62367/62367.htm,http://cdo.keu.kz/content/19614/19520/62368/62368.htm,http://cdo.keu.kz/content/19614/19520/62369/62369.htm,http://cdo.keu.kz/content/19614/19520/62370/62370.htm,http://cdo.keu.kz/content/19614/19520/62371/62371.htm,http://cdo.keu.kz/content/19614/19520/62372/62372.htm,http://cdo.keu.kz/content/19614/19520/62373/62373.htm,http://cdo.keu.kz/content/19614/19520/62374/62374.htm,http://cdo.keu.kz/content/19614/19520/62375/62375.htm,http://cdo.keu.kz/content/19614/19520/62376/62376.htm,http://cdo.keu.kz/content/19614/19520/62377/62377.htm,http://cdo.keu.kz/content/19614/19520/62378/62378.htm,http://cdo.keu.kz/content/19614/19520/62379/62379.htm,http://cdo.keu.kz/content/19614/19520/62380/62380.htm,http://cdo.keu.kz/content/19614/19520/62381/62381.htm,http://cdo.keu.kz/content/19614/19520/62382/62382.htm,http://cdo.keu.kz/content/19614/19520/62383/62383.htm,http://cdo.keu.kz/content/19614/19520/62384/62384.htm,http://cdo.keu.kz/content/19614/19520/62385/62385.htm,http://cdo.keu.kz/content/19614/19520/62386/62386.htm,http://cdo.keu.kz/content/19614/19520/62387/62387.htm,http://cdo.keu.kz/content/19614/19520/62388/62388.htm,http://cdo.keu.kz/content/19614/19520/62389/62389.htm,http://cdo.keu.kz/content/19614/19520/62390/62390.htm,http://cdo.keu.kz/content/19614/19520/62391/62391.htm,,,,,,,,,,,,,,,,,,,,,,,,,,,,,,,,,,,,,,,,,,,,,,,,,,,,,,,,,,,,,,,,
http://cdo.keu.kz/content/19615/19521/test.htm,,,,,,,,,,,,,,,,,,,,,,,,,,,,,,,,,,,,,,,,,,,,,,,,,,,,,,,,,,,,,,,,,,,,,,,,,,,,,,,,,,,,,,,,,,,,,,,,,,,,
http://cdo.keu.kz/content/19616/19522/19522.htm,http://cdo.keu.kz/content/19616/19522/62392/62392.htm,http://cdo.keu.kz/content/19616/19522/62393/62393.htm,http://cdo.keu.kz/content/19616/19522/62394/62394.htm,http://cdo.keu.kz/content/19616/19522/62395/62395.htm,http://cdo.keu.kz/content/19616/19522/62396/62396.htm,http://cdo.keu.kz/content/19616/19522/62397/62397.htm,http://cdo.keu.kz/content/19616/19522/62398/62398.htm,http://cdo.keu.kz/content/19616/19522/62399/62399.htm,http://cdo.keu.kz/content/19616/19522/62400/62400.htm,http://cdo.keu.kz/content/19616/19522/62401/62401.htm,http://cdo.keu.kz/content/19616/19522/62402/62402.htm,http://cdo.keu.kz/content/19616/19522/62403/62403.htm,http://cdo.keu.kz/content/19616/19522/62404/62404.htm,http://cdo.keu.kz/content/19616/19522/62405/62405.htm,http://cdo.keu.kz/content/19616/19522/62406/62406.htm,http://cdo.keu.kz/content/19616/19522/62407/62407.htm,http://cdo.keu.kz/content/19616/19522/62408/62408.htm,http://cdo.keu.kz/content/19616/19522/62409/62409.htm,http://cdo.keu.kz/content/19616/19522/62410/62410.htm,http://cdo.keu.kz/content/19616/19522/62411/62411.htm,http://cdo.keu.kz/content/19616/19522/62412/62412.htm,http://cdo.keu.kz/content/19616/19522/62413/62413.htm,http://cdo.keu.kz/content/19616/19522/62414/62414.htm,http://cdo.keu.kz/content/19616/19522/62415/62415.htm,http://cdo.keu.kz/content/19616/19522/62416/62416.htm,http://cdo.keu.kz/content/19616/19522/62417/62417.htm,http://cdo.keu.kz/content/19616/19522/62418/62418.htm,http://cdo.keu.kz/content/19616/19522/62419/62419.htm,http://cdo.keu.kz/content/19616/19522/62420/62420.htm,http://cdo.keu.kz/content/19616/19522/62421/62421.htm,http://cdo.keu.kz/content/19616/19522/62422/62422.htm,http://cdo.keu.kz/content/19616/19522/62423/62423.htm,http://cdo.keu.kz/content/19616/19522/62424/62424.htm,http://cdo.keu.kz/content/19616/19522/62425/62425.htm,http://cdo.keu.kz/content/19616/19522/62426/62426.htm,http://cdo.keu.kz/content/19616/19522/62427/62427.htm,http://cdo.keu.kz/content/19616/19522/62428/62428.htm,http://cdo.keu.kz/content/19616/19522/62429/62429.htm,http://cdo.keu.kz/content/19616/19522/62430/62430.htm,http://cdo.keu.kz/content/19616/19522/62431/62431.htm,,,,,,,,,,,,,,,,,,,,,,,,,,,,,,,,,,,,,,,,,,,,,,,,,,,,,,,,,,,,
http://cdo.keu.kz/content/19617/19523/test%20ru.htm,,,,,,,,,,,,,,,,,,,,,,,,,,,,,,,,,,,,,,,,,,,,,,,,,,,,,,,,,,,,,,,,,,,,,,,,,,,,,,,,,,,,,,,,,,,,,,,,,,,,
http://cdo.keu.kz/content/19618/19524/19524.htm,http://cdo.keu.kz/content/19618/19524/62432/62432.htm,http://cdo.keu.kz/content/19618/19524/62433/62433.htm,http://cdo.keu.kz/content/19618/19524/62434/62434.htm,http://cdo.keu.kz/content/19618/19524/62435/62435.htm,http://cdo.keu.kz/content/19618/19524/62436/62436.htm,http://cdo.keu.kz/content/19618/19524/62437/62437.htm,http://cdo.keu.kz/content/19618/19524/62438/62438.htm,http://cdo.keu.kz/content/19618/19524/62439/62439.htm,http://cdo.keu.kz/content/19618/19524/62440/62440.htm,http://cdo.keu.kz/content/19618/19524/62441/62441.htm,http://cdo.keu.kz/content/19618/19524/62442/62442.htm,,,,,,,,,,,,,,,,,,,,,,,,,,,,,,,,,,,,,,,,,,,,,,,,,,,,,,,,,,,,,,,,,,,,,,,,,,,,,,,,,,,,,,,,,
http://cdo.keu.kz/content/19619/19525/test.htm,,,,,,,,,,,,,,,,,,,,,,,,,,,,,,,,,,,,,,,,,,,,,,,,,,,,,,,,,,,,,,,,,,,,,,,,,,,,,,,,,,,,,,,,,,,,,,,,,,,,
http://cdo.keu.kz/content/19620/19526/19526.htm,http://cdo.keu.kz/content/19620/19526/62443/62443.htm,http://cdo.keu.kz/content/19620/19526/62444/62444.htm,http://cdo.keu.kz/content/19620/19526/62445/62445.htm,http://cdo.keu.kz/content/19620/19526/62446/62446.htm,http://cdo.keu.kz/content/19620/19526/62447/62447.htm,http://cdo.keu.kz/content/19620/19526/62448/62448.htm,http://cdo.keu.kz/content/19620/19526/62449/62449.htm,http://cdo.keu.kz/content/19620/19526/62450/62450.htm,http://cdo.keu.kz/content/19620/19526/62451/62451.htm,http://cdo.keu.kz/content/19620/19526/62452/62452.htm,http://cdo.keu.kz/content/19620/19526/62453/62453.htm,http://cdo.keu.kz/content/19620/19526/62454/62454.htm,http://cdo.keu.kz/content/19620/19526/62455/62455.htm,http://cdo.keu.kz/content/19620/19526/62456/62456.htm,http://cdo.keu.kz/content/19620/19526/62457/62457.htm,http://cdo.keu.kz/content/19620/19526/62458/62458.htm,http://cdo.keu.kz/content/19620/19526/62459/62459.htm,http://cdo.keu.kz/content/19620/19526/62460/62460.htm,http://cdo.keu.kz/content/19620/19526/lekc.files/image001.jpg,,,,,,,,,,,,,,,,,,,,,,,,,,,,,,,,,,,,,,,,,,,,,,,,,,,,,,,,,,,,,,,,,,,,,,,,,,,,,,,,,
http://cdo.keu.kz/content/19621/19527/test.htm,,,,,,,,,,,,,,,,,,,,,,,,,,,,,,,,,,,,,,,,,,,,,,,,,,,,,,,,,,,,,,,,,,,,,,,,,,,,,,,,,,,,,,,,,,,,,,,,,,,,
http://cdo.keu.kz/content/19622/19528/19528.htm,http://cdo.keu.kz/content/19622/19528/62461/62461.htm,http://cdo.keu.kz/content/19622/19528/62462/62462.htm,http://cdo.keu.kz/content/19622/19528/62463/62463.htm,http://cdo.keu.kz/content/19622/19528/62464/62464.htm,http://cdo.keu.kz/content/19622/19528/62465/62465.htm,http://cdo.keu.kz/content/19622/19528/62466/62466.htm,http://cdo.keu.kz/content/19622/19528/62467/62467.htm,http://cdo.keu.kz/content/19622/19528/62468/62468.htm,http://cdo.keu.kz/content/19622/19528/62469/62469.htm,http://cdo.keu.kz/content/19622/19528/62470/62470.htm,http://cdo.keu.kz/content/19622/19528/62471/62471.htm,http://cdo.keu.kz/content/19622/19528/62472/62472.htm,http://cdo.keu.kz/content/19622/19528/62473/62473.htm,http://cdo.keu.kz/content/19622/19528/62474/62474.htm,http://cdo.keu.kz/content/19622/19528/62475/62475.htm,http://cdo.keu.kz/content/19622/19528/62476/62476.htm,http://cdo.keu.kz/content/19622/19528/62477/62477.htm,http://cdo.keu.kz/content/19622/19528/62478/62478.htm,,,,,,,,,,,,,,,,,,,,,,,,,,,,,,,,,,,,,,,,,,,,,,,,,,,,,,,,,,,,,,,,,,,,,,,,,,,,,,,,,,
http://cdo.keu.kz/content/19623/19529/test%20ru.htm,,,,,,,,,,,,,,,,,,,,,,,,,,,,,,,,,,,,,,,,,,,,,,,,,,,,,,,,,,,,,,,,,,,,,,,,,,,,,,,,,,,,,,,,,,,,,,,,,,,,
http://cdo.keu.kz/content/19624/19530/19530.htm,http://cdo.keu.kz/content/19624/19530/62479/62479.htm,http://cdo.keu.kz/content/19624/19530/62480/62480.htm,http://cdo.keu.kz/content/19624/19530/62481/62481.htm,http://cdo.keu.kz/content/19624/19530/62482/62482.htm,http://cdo.keu.kz/content/19624/19530/62483/62483.htm,http://cdo.keu.kz/content/19624/19530/62484/62484.htm,,,,,,,,,,,,,,,,,,,,,,,,,,,,,,,,,,,,,,,,,,,,,,,,,,,,,,,,,,,,,,,,,,,,,,,,,,,,,,,,,,,,,,,,,,,,,,
http://cdo.keu.kz/content/19625/19531/test%20ru.htm,,,,,,,,,,,,,,,,,,,,,,,,,,,,,,,,,,,,,,,,,,,,,,,,,,,,,,,,,,,,,,,,,,,,,,,,,,,,,,,,,,,,,,,,,,,,,,,,,,,,
http://cdo.keu.kz/content/19626/19532/19532.htm,http://cdo.keu.kz/content/19626/19532/62485/62485.htm,http://cdo.keu.kz/content/19626/19532/62486/62486.htm,http://cdo.keu.kz/content/19626/19532/62487/62487.htm,http://cdo.keu.kz/content/19626/19532/62488/62488.htm,http://cdo.keu.kz/content/19626/19532/62489/62489.htm,http://cdo.keu.kz/content/19626/19532/62490/62490.htm,http://cdo.keu.kz/content/19626/19532/62491/62491.htm,http://cdo.keu.kz/content/19626/19532/62492/62492.htm,http://cdo.keu.kz/content/19626/19532/62493/62493.htm,http://cdo.keu.kz/content/19626/19532/62494/62494.htm,http://cdo.keu.kz/content/19626/19532/62495/62495.htm,http://cdo.keu.kz/content/19626/19532/62496/62496.htm,http://cdo.keu.kz/content/19626/19532/62497/62497.htm,http://cdo.keu.kz/content/19626/19532/62498/62498.htm,http://cdo.keu.kz/content/19626/19532/62499/62499.htm,http://cdo.keu.kz/content/19626/19532/62500/62500.htm,http://cdo.keu.kz/content/19626/19532/62501/62501.htm,,,,,,,,,,,,,,,,,,,,,,,,,,,,,,,,,,,,,,,,,,,,,,,,,,,,,,,,,,,,,,,,,,,,,,,,,,,,,,,,,,,
http://cdo.keu.kz/content/19627/19533/test%20ru.htm,,,,,,,,,,,,,,,,,,,,,,,,,,,,,,,,,,,,,,,,,,,,,,,,,,,,,,,,,,,,,,,,,,,,,,,,,,,,,,,,,,,,,,,,,,,,,,,,,,,,
http://cdo.keu.kz/content/19628/19534/19534.htm,http://cdo.keu.kz/content/19628/19534/62502/62502.htm,http://cdo.keu.kz/content/19628/19534/62503/62503.htm,http://cdo.keu.kz/content/19628/19534/62504/62504.htm,http://cdo.keu.kz/content/19628/19534/62505/62505.htm,http://cdo.keu.kz/content/19628/19534/62506/62506.htm,http://cdo.keu.kz/content/19628/19534/62507/62507.htm,http://cdo.keu.kz/content/19628/19534/62508/62508.htm,http://cdo.keu.kz/content/19628/19534/62509/62509.htm,http://cdo.keu.kz/content/19628/19534/62510/62510.htm,http://cdo.keu.kz/content/19628/19534/62511/62511.htm,http://cdo.keu.kz/content/19628/19534/62512/62512.htm,http://cdo.keu.kz/content/19628/19534/62513/62513.htm,http://cdo.keu.kz/content/19628/19534/62514/62514.htm,http://cdo.keu.kz/content/19628/19534/62515/62515.htm,http://cdo.keu.kz/content/19628/19534/62516/62516.htm,http://cdo.keu.kz/content/19628/19534/62517/62517.htm,,,,,,,,,,,,,,,,,,,,,,,,,,,,,,,,,,,,,,,,,,,,,,,,,,,,,,,,,,,,,,,,,,,,,,,,,,,,,,,,,,,,
http://cdo.keu.kz/content/19629/19535/test.htm,,,,,,,,,,,,,,,,,,,,,,,,,,,,,,,,,,,,,,,,,,,,,,,,,,,,,,,,,,,,,,,,,,,,,,,,,,,,,,,,,,,,,,,,,,,,,,,,,,,,
http://cdo.keu.kz/content/19630/19536/19536.htm,http://cdo.keu.kz/content/19630/19536/lekc.ru.htm,,,,,,,,,,,,,,,,,,,,,,,,,,,,,,,,,,,,,,,,,,,,,,,,,,,,,,,,,,,,,,,,,,,,,,,,,,,,,,,,,,,,,,,,,,,,,,,,,,,
http://cdo.keu.kz/content/19631/19537/19537.htm,,,,,,,,,,,,,,,,,,,,,,,,,,,,,,,,,,,,,,,,,,,,,,,,,,,,,,,,,,,,,,,,,,,,,,,,,,,,,,,,,,,,,,,,,,,,,,,,,,,,
http://cdo.keu.kz/content/19632/19538/19538.htm,http://cdo.keu.kz/content/19632/19538/62518/62518.htm,http://cdo.keu.kz/content/19632/19538/62519/62519.htm,http://cdo.keu.kz/content/19632/19538/62520/62520.htm,http://cdo.keu.kz/content/19632/19538/62521/62521.htm,http://cdo.keu.kz/content/19632/19538/62522/62522.htm,http://cdo.keu.kz/content/19632/19538/62523/62523.htm,http://cdo.keu.kz/content/19632/19538/62524/62524.htm,http://cdo.keu.kz/content/19632/19538/62525/62525.htm,http://cdo.keu.kz/content/19632/19538/62526/62526.htm,http://cdo.keu.kz/content/19632/19538/62527/62527.htm,http://cdo.keu.kz/content/19632/19538/62528/62528.htm,http://cdo.keu.kz/content/19632/19538/62529/62529.htm,http://cdo.keu.kz/content/19632/19538/62530/62530.htm,http://cdo.keu.kz/content/19632/19538/62531/62531.htm,http://cdo.keu.kz/content/19632/19538/62532/62532.htm,http://cdo.keu.kz/content/19632/19538/62533/62533.htm,http://cdo.keu.kz/content/19632/19538/62534/62534.htm,http://cdo.keu.kz/content/19632/19538/62535/62535.htm,http://cdo.keu.kz/content/19632/19538/62536/62536.htm,http://cdo.keu.kz/content/19632/19538/62537/62537.htm,http://cdo.keu.kz/content/19632/19538/62538/62538.htm,http://cdo.keu.kz/content/19632/19538/62539/62539.htm,http://cdo.keu.kz/content/19632/19538/62540/62540.htm,http://cdo.keu.kz/content/19632/19538/62541/62541.htm,http://cdo.keu.kz/content/19632/19538/62542/62542.htm,http://cdo.keu.kz/content/19632/19538/62543/62543.htm,http://cdo.keu.kz/content/19632/19538/62544/62544.htm,http://cdo.keu.kz/content/19632/19538/62545/62545.htm,http://cdo.keu.kz/content/19632/19538/62546/62546.htm,http://cdo.keu.kz/content/19632/19538/62547/62547.htm,http://cdo.keu.kz/content/19632/19538/62548/62548.htm,http://cdo.keu.kz/content/19632/19538/62549/62549.htm,http://cdo.keu.kz/content/19632/19538/62550/62550.htm,http://cdo.keu.kz/content/19632/19538/62551/62551.htm,http://cdo.keu.kz/content/19632/19538/62552/62552.htm,http://cdo.keu.kz/content/19632/19538/62553/62553.htm,http://cdo.keu.kz/content/19632/19538/62554/62554.htm,http://cdo.keu.kz/content/19632/19538/62555/62555.htm,http://cdo.keu.kz/content/19632/19538/lekc.files/image001.gif,http://cdo.keu.kz/content/19632/19538/lekc.files/image002.gif,http://cdo.keu.kz/content/19632/19538/lekc.files/image003.gif,http://cdo.keu.kz/content/19632/19538/lekc.files/image004.gif,http://cdo.keu.kz/content/19632/19538/lekc.files/image005.gif,http://cdo.keu.kz/content/19632/19538/lekc.files/image006.jpg,http://cdo.keu.kz/content/19632/19538/lekc.files/image007.jpg,http://cdo.keu.kz/content/19632/19538/lekc.files/image008.jpg,http://cdo.keu.kz/content/19632/19538/lekc.files/image009.jpg,http://cdo.keu.kz/content/19632/19538/lekc.files/image010.jpg,,,,,,,,,,,,,,,,,,,,,,,,,,,,,,,,,,,,,,,,,,,,,,,,,,,,
http://cdo.keu.kz/content/19633/19539/test.htm,,,,,,,,,,,,,,,,,,,,,,,,,,,,,,,,,,,,,,,,,,,,,,,,,,,,,,,,,,,,,,,,,,,,,,,,,,,,,,,,,,,,,,,,,,,,,,,,,,,,
http://cdo.keu.kz/content/19634/19540/19540.htm,http://cdo.keu.kz/content/19634/19540/62556/62556.htm,http://cdo.keu.kz/content/19634/19540/62557/62557.htm,http://cdo.keu.kz/content/19634/19540/62558/62558.htm,http://cdo.keu.kz/content/19634/19540/62559/62559.htm,http://cdo.keu.kz/content/19634/19540/62560/62560.htm,http://cdo.keu.kz/content/19634/19540/62561/62561.htm,http://cdo.keu.kz/content/19634/19540/62562/62562.htm,http://cdo.keu.kz/content/19634/19540/62563/62563.htm,http://cdo.keu.kz/content/19634/19540/62564/62564.htm,http://cdo.keu.kz/content/19634/19540/62565/62565.htm,http://cdo.keu.kz/content/19634/19540/62566/62566.htm,http://cdo.keu.kz/content/19634/19540/62567/62567.htm,http://cdo.keu.kz/content/19634/19540/62568/62568.htm,http://cdo.keu.kz/content/19634/19540/62569/62569.htm,http://cdo.keu.kz/content/19634/19540/62570/62570.htm,http://cdo.keu.kz/content/19634/19540/62571/62571.htm,http://cdo.keu.kz/content/19634/19540/lekc.files/image001.jpg,,,,,,,,,,,,,,,,,,,,,,,,,,,,,,,,,,,,,,,,,,,,,,,,,,,,,,,,,,,,,,,,,,,,,,,,,,,,,,,,,,,
http://cdo.keu.kz/content/19635/19541/test.htm,,,,,,,,,,,,,,,,,,,,,,,,,,,,,,,,,,,,,,,,,,,,,,,,,,,,,,,,,,,,,,,,,,,,,,,,,,,,,,,,,,,,,,,,,,,,,,,,,,,,
http://cdo.keu.kz/content/19636/19542/19542.htm,http://cdo.keu.kz/content/19636/19542/62572/62572.htm,http://cdo.keu.kz/content/19636/19542/62573/62573.htm,http://cdo.keu.kz/content/19636/19542/62574/62574.htm,http://cdo.keu.kz/content/19636/19542/62575/62575.htm,http://cdo.keu.kz/content/19636/19542/62576/62576.htm,http://cdo.keu.kz/content/19636/19542/62577/62577.htm,http://cdo.keu.kz/content/19636/19542/62578/62578.htm,http://cdo.keu.kz/content/19636/19542/62579/62579.htm,http://cdo.keu.kz/content/19636/19542/62580/62580.htm,http://cdo.keu.kz/content/19636/19542/62581/62581.htm,http://cdo.keu.kz/content/19636/19542/62582/62582.htm,,,,,,,,,,,,,,,,,,,,,,,,,,,,,,,,,,,,,,,,,,,,,,,,,,,,,,,,,,,,,,,,,,,,,,,,,,,,,,,,,,,,,,,,,
http://cdo.keu.kz/content/19637/19543/test.htm,,,,,,,,,,,,,,,,,,,,,,,,,,,,,,,,,,,,,,,,,,,,,,,,,,,,,,,,,,,,,,,,,,,,,,,,,,,,,,,,,,,,,,,,,,,,,,,,,,,,
http://cdo.keu.kz/content/19638/19544/19544.htm,http://cdo.keu.kz/content/19638/19544/62583/62583.htm,http://cdo.keu.kz/content/19638/19544/62584/62584.htm,http://cdo.keu.kz/content/19638/19544/62585/62585.htm,http://cdo.keu.kz/content/19638/19544/62586/62586.htm,http://cdo.keu.kz/content/19638/19544/62587/62587.htm,http://cdo.keu.kz/content/19638/19544/62588/62588.htm,http://cdo.keu.kz/content/19638/19544/62589/62589.htm,http://cdo.keu.kz/content/19638/19544/62590/62590.htm,http://cdo.keu.kz/content/19638/19544/62591/62591.htm,http://cdo.keu.kz/content/19638/19544/62592/62592.htm,http://cdo.keu.kz/content/19638/19544/62593/62593.htm,http://cdo.keu.kz/content/19638/19544/62594/62594.htm,http://cdo.keu.kz/content/19638/19544/62595/62595.htm,http://cdo.keu.kz/content/19638/19544/62596/62596.htm,http://cdo.keu.kz/content/19638/19544/62597/62597.htm,http://cdo.keu.kz/content/19638/19544/62598/62598.htm,http://cdo.keu.kz/content/19638/19544/62599/62599.htm,http://cdo.keu.kz/content/19638/19544/62600/62600.htm,http://cdo.keu.kz/content/19638/19544/62601/62601.htm,http://cdo.keu.kz/content/19638/19544/62602/62602.htm,http://cdo.keu.kz/content/19638/19544/62603/62603.htm,http://cdo.keu.kz/content/19638/19544/62604/62604.htm,http://cdo.keu.kz/content/19638/19544/62605/62605.htm,http://cdo.keu.kz/content/19638/19544/62606/62606.htm,http://cdo.keu.kz/content/19638/19544/62607/62607.htm,http://cdo.keu.kz/content/19638/19544/62608/62608.htm,http://cdo.keu.kz/content/19638/19544/62609/62609.htm,http://cdo.keu.kz/content/19638/19544/62610/62610.htm,http://cdo.keu.kz/content/19638/19544/62611/62611.htm,http://cdo.keu.kz/content/19638/19544/62612/62612.htm,http://cdo.keu.kz/content/19638/19544/62613/62613.htm,http://cdo.keu.kz/content/19638/19544/62614/62614.htm,http://cdo.keu.kz/content/19638/19544/62615/62615.htm,http://cdo.keu.kz/content/19638/19544/62616/62616.htm,http://cdo.keu.kz/content/19638/19544/62617/62617.htm,http://cdo.keu.kz/content/19638/19544/62618/62618.htm,http://cdo.keu.kz/content/19638/19544/62619/62619.htm,http://cdo.keu.kz/content/19638/19544/62620/62620.htm,http://cdo.keu.kz/content/19638/19544/62621/62621.htm,http://cdo.keu.kz/content/19638/19544/62622/62622.htm,http://cdo.keu.kz/content/19638/19544/62623/62623.htm,http://cdo.keu.kz/content/19638/19544/62624/62624.htm,http://cdo.keu.kz/content/19638/19544/62625/62625.htm,http://cdo.keu.kz/content/19638/19544/62626/62626.htm,http://cdo.keu.kz/content/19638/19544/62627/62627.htm,http://cdo.keu.kz/content/19638/19544/62628/62628.htm,http://cdo.keu.kz/content/19638/19544/62629/62629.htm,,,,,,,,,,,,,,,,,,,,,,,,,,,,,,,,,,,,,,,,,,,,,,,,,,,,,
http://cdo.keu.kz/content/19639/19545/test.htm,,,,,,,,,,,,,,,,,,,,,,,,,,,,,,,,,,,,,,,,,,,,,,,,,,,,,,,,,,,,,,,,,,,,,,,,,,,,,,,,,,,,,,,,,,,,,,,,,,,,
http://cdo.keu.kz/content/19640/19546/19546.htm,http://cdo.keu.kz/content/19640/19546/62630/62630.htm,http://cdo.keu.kz/content/19640/19546/62631/62631.htm,http://cdo.keu.kz/content/19640/19546/62632/62632.htm,http://cdo.keu.kz/content/19640/19546/62633/62633.htm,http://cdo.keu.kz/content/19640/19546/62634/62634.htm,http://cdo.keu.kz/content/19640/19546/62635/62635.htm,http://cdo.keu.kz/content/19640/19546/62636/62636.htm,http://cdo.keu.kz/content/19640/19546/62637/62637.htm,http://cdo.keu.kz/content/19640/19546/62638/62638.htm,http://cdo.keu.kz/content/19640/19546/62639/62639.htm,http://cdo.keu.kz/content/19640/19546/62640/62640.htm,http://cdo.keu.kz/content/19640/19546/62641/62641.htm,http://cdo.keu.kz/content/19640/19546/62642/62642.htm,http://cdo.keu.kz/content/19640/19546/62643/62643.htm,http://cdo.keu.kz/content/19640/19546/62644/62644.htm,http://cdo.keu.kz/content/19640/19546/62645/62645.htm,http://cdo.keu.kz/content/19640/19546/62646/62646.htm,http://cdo.keu.kz/content/19640/19546/62647/62647.htm,http://cdo.keu.kz/content/19640/19546/62648/62648.htm,http://cdo.keu.kz/content/19640/19546/62649/62649.htm,http://cdo.keu.kz/content/19640/19546/62650/62650.htm,http://cdo.keu.kz/content/19640/19546/62651/62651.htm,http://cdo.keu.kz/content/19640/19546/62652/62652.htm,http://cdo.keu.kz/content/19640/19546/62653/62653.htm,http://cdo.keu.kz/content/19640/19546/62654/62654.htm,http://cdo.keu.kz/content/19640/19546/62655/62655.htm,http://cdo.keu.kz/content/19640/19546/62656/62656.htm,http://cdo.keu.kz/content/19640/19546/62657/62657.htm,http://cdo.keu.kz/content/19640/19546/62658/62658.htm,http://cdo.keu.kz/content/19640/19546/62659/62659.htm,http://cdo.keu.kz/content/19640/19546/62660/62660.htm,http://cdo.keu.kz/content/19640/19546/62661/62661.htm,http://cdo.keu.kz/content/19640/19546/62662/62662.htm,http://cdo.keu.kz/content/19640/19546/62663/62663.htm,http://cdo.keu.kz/content/19640/19546/62664/62664.htm,http://cdo.keu.kz/content/19640/19546/62665/62665.htm,,,,,,,,,,,,,,,,,,,,,,,,,,,,,,,,,,,,,,,,,,,,,,,,,,,,,,,,,,,,,,,,
http://cdo.keu.kz/content/19641/19547/19547.htm,http://cdo.keu.kz/content/19641/19547/62666/62666.htm,http://cdo.keu.kz/content/19641/19547/62667/62667.htm,http://cdo.keu.kz/content/19641/19547/62668/62668.htm,http://cdo.keu.kz/content/19641/19547/62669/62669.htm,http://cdo.keu.kz/content/19641/19547/62670/62670.htm,http://cdo.keu.kz/content/19641/19547/62671/62671.htm,http://cdo.keu.kz/content/19641/19547/62672/62672.htm,http://cdo.keu.kz/content/19641/19547/62673/62673.htm,http://cdo.keu.kz/content/19641/19547/62674/62674.htm,http://cdo.keu.kz/content/19641/19547/62675/62675.htm,http://cdo.keu.kz/content/19641/19547/62676/62676.htm,,,,,,,,,,,,,,,,,,,,,,,,,,,,,,,,,,,,,,,,,,,,,,,,,,,,,,,,,,,,,,,,,,,,,,,,,,,,,,,,,,,,,,,,,
http://cdo.keu.kz/content/19642/19548/test.htm,,,,,,,,,,,,,,,,,,,,,,,,,,,,,,,,,,,,,,,,,,,,,,,,,,,,,,,,,,,,,,,,,,,,,,,,,,,,,,,,,,,,,,,,,,,,,,,,,,,,
http://cdo.keu.kz/content/19643/19549/19549.htm,http://cdo.keu.kz/content/19643/19549/62677/62677.htm,http://cdo.keu.kz/content/19643/19549/62678/62678.htm,http://cdo.keu.kz/content/19643/19549/62679/62679.htm,http://cdo.keu.kz/content/19643/19549/62680/62680.htm,http://cdo.keu.kz/content/19643/19549/62681/62681.htm,http://cdo.keu.kz/content/19643/19549/62682/62682.htm,http://cdo.keu.kz/content/19643/19549/62683/62683.htm,http://cdo.keu.kz/content/19643/19549/62684/62684.htm,http://cdo.keu.kz/content/19643/19549/62685/62685.htm,http://cdo.keu.kz/content/19643/19549/62686/62686.htm,http://cdo.keu.kz/content/19643/19549/62687/62687.htm,,,,,,,,,,,,,,,,,,,,,,,,,,,,,,,,,,,,,,,,,,,,,,,,,,,,,,,,,,,,,,,,,,,,,,,,,,,,,,,,,,,,,,,,,
http://cdo.keu.kz/content/19644/19550/test.htm,,,,,,,,,,,,,,,,,,,,,,,,,,,,,,,,,,,,,,,,,,,,,,,,,,,,,,,,,,,,,,,,,,,,,,,,,,,,,,,,,,,,,,,,,,,,,,,,,,,,
http://cdo.keu.kz/content/19645/19551/lekc.files/image001.jpg,http://cdo.keu.kz/content/19645/19551/lekc.htm,,,,,,,,,,,,,,,,,,,,,,,,,,,,,,,,,,,,,,,,,,,,,,,,,,,,,,,,,,,,,,,,,,,,,,,,,,,,,,,,,,,,,,,,,,,,,,,,,,,
http://cdo.keu.kz/content/19646/19552/19552.htm,http://cdo.keu.kz/content/19646/19552/62688/62688.htm,http://cdo.keu.kz/content/19646/19552/62689/62689.htm,http://cdo.keu.kz/content/19646/19552/62690/62690.htm,http://cdo.keu.kz/content/19646/19552/62691/62691.htm,http://cdo.keu.kz/content/19646/19552/62692/62692.htm,http://cdo.keu.kz/content/19646/19552/62693/62693.htm,http://cdo.keu.kz/content/19646/19552/62694/62694.htm,http://cdo.keu.kz/content/19646/19552/62695/62695.htm,http://cdo.keu.kz/content/19646/19552/62696/62696.htm,http://cdo.keu.kz/content/19646/19552/62697/62697.htm,http://cdo.keu.kz/content/19646/19552/62698/62698.htm,http://cdo.keu.kz/content/19646/19552/62699/62699.htm,http://cdo.keu.kz/content/19646/19552/62700/62700.htm,http://cdo.keu.kz/content/19646/19552/62701/62701.htm,http://cdo.keu.kz/content/19646/19552/62702/62702.htm,http://cdo.keu.kz/content/19646/19552/62703/62703.htm,http://cdo.keu.kz/content/19646/19552/62704/62704.htm,http://cdo.keu.kz/content/19646/19552/62705/62705.htm,http://cdo.keu.kz/content/19646/19552/lekc.files/image001.jpg,,,,,,,,,,,,,,,,,,,,,,,,,,,,,,,,,,,,,,,,,,,,,,,,,,,,,,,,,,,,,,,,,,,,,,,,,,,,,,,,,
http://cdo.keu.kz/content/19647/19553/test.htm,,,,,,,,,,,,,,,,,,,,,,,,,,,,,,,,,,,,,,,,,,,,,,,,,,,,,,,,,,,,,,,,,,,,,,,,,,,,,,,,,,,,,,,,,,,,,,,,,,,,
http://cdo.keu.kz/content/19648/19554/19554.htm,http://cdo.keu.kz/content/19648/19554/62706/62706.htm,http://cdo.keu.kz/content/19648/19554/62707/62707.htm,http://cdo.keu.kz/content/19648/19554/62708/62708.htm,http://cdo.keu.kz/content/19648/19554/62709/62709.htm,http://cdo.keu.kz/content/19648/19554/62710/62710.htm,http://cdo.keu.kz/content/19648/19554/62711/62711.htm,http://cdo.keu.kz/content/19648/19554/62712/62712.htm,http://cdo.keu.kz/content/19648/19554/62713/62713.htm,http://cdo.keu.kz/content/19648/19554/62714/62714.htm,http://cdo.keu.kz/content/19648/19554/62715/62715.htm,http://cdo.keu.kz/content/19648/19554/62716/62716.htm,http://cdo.keu.kz/content/19648/19554/62717/62717.htm,http://cdo.keu.kz/content/19648/19554/62718/62718.htm,http://cdo.keu.kz/content/19648/19554/62719/62719.htm,http://cdo.keu.kz/content/19648/19554/62720/62720.htm,http://cdo.keu.kz/content/19648/19554/62721/62721.htm,http://cdo.keu.kz/content/19648/19554/62722/62722.htm,http://cdo.keu.kz/content/19648/19554/62723/62723.htm,,,,,,,,,,,,,,,,,,,,,,,,,,,,,,,,,,,,,,,,,,,,,,,,,,,,,,,,,,,,,,,,,,,,,,,,,,,,,,,,,,
http://cdo.keu.kz/content/19649/19555/test%20ru.htm,,,,,,,,,,,,,,,,,,,,,,,,,,,,,,,,,,,,,,,,,,,,,,,,,,,,,,,,,,,,,,,,,,,,,,,,,,,,,,,,,,,,,,,,,,,,,,,,,,,,
http://cdo.keu.kz/content/19650/19556/19556.htm,http://cdo.keu.kz/content/19650/19556/62724/62724.htm,http://cdo.keu.kz/content/19650/19556/62725/62725.htm,http://cdo.keu.kz/content/19650/19556/62726/62726.htm,http://cdo.keu.kz/content/19650/19556/62727/62727.htm,http://cdo.keu.kz/content/19650/19556/62728/62728.htm,http://cdo.keu.kz/content/19650/19556/62729/62729.htm,http://cdo.keu.kz/content/19650/19556/62730/62730.htm,http://cdo.keu.kz/content/19650/19556/62731/62731.htm,http://cdo.keu.kz/content/19650/19556/62732/62732.htm,http://cdo.keu.kz/content/19650/19556/62733/62733.htm,http://cdo.keu.kz/content/19650/19556/62734/62734.htm,http://cdo.keu.kz/content/19650/19556/62735/62735.htm,http://cdo.keu.kz/content/19650/19556/62736/62736.htm,http://cdo.keu.kz/content/19650/19556/62737/62737.htm,http://cdo.keu.kz/content/19650/19556/62738/62738.htm,http://cdo.keu.kz/content/19650/19556/62739/62739.htm,http://cdo.keu.kz/content/19650/19556/62740/62740.htm,http://cdo.keu.kz/content/19650/19556/62741/62741.htm,http://cdo.keu.kz/content/19650/19556/62742/62742.htm,http://cdo.keu.kz/content/19650/19556/62743/62743.htm,http://cdo.keu.kz/content/19650/19556/62744/62744.htm,http://cdo.keu.kz/content/19650/19556/62745/62745.htm,http://cdo.keu.kz/content/19650/19556/62746/62746.htm,http://cdo.keu.kz/content/19650/19556/62747/62747.htm,http://cdo.keu.kz/content/19650/19556/62748/62748.htm,http://cdo.keu.kz/content/19650/19556/62749/62749.htm,http://cdo.keu.kz/content/19650/19556/62750/62750.htm,http://cdo.keu.kz/content/19650/19556/62751/62751.htm,http://cdo.keu.kz/content/19650/19556/62752/62752.htm,http://cdo.keu.kz/content/19650/19556/62753/62753.htm,http://cdo.keu.kz/content/19650/19556/62754/62754.htm,http://cdo.keu.kz/content/19650/19556/62755/62755.htm,http://cdo.keu.kz/content/19650/19556/62756/62756.htm,http://cdo.keu.kz/content/19650/19556/62757/62757.htm,http://cdo.keu.kz/content/19650/19556/62758/62758.htm,http://cdo.keu.kz/content/19650/19556/62759/62759.htm,http://cdo.keu.kz/content/19650/19556/62760/62760.htm,http://cdo.keu.kz/content/19650/19556/lekc.files/image001.gif,http://cdo.keu.kz/content/19650/19556/lekc.files/image002.gif,http://cdo.keu.kz/content/19650/19556/lekc.files/image003.gif,http://cdo.keu.kz/content/19650/19556/lekc.files/image004.gif,http://cdo.keu.kz/content/19650/19556/lekc.files/image005.gif,http://cdo.keu.kz/content/19650/19556/lekc.files/image006.gif,http://cdo.keu.kz/content/19650/19556/lekc.files/image007.gif,http://cdo.keu.kz/content/19650/19556/lekc.files/image008.gif,http://cdo.keu.kz/content/19650/19556/lekc.files/image009.gif,http://cdo.keu.kz/content/19650/19556/lekc.files/image010.gif,http://cdo.keu.kz/content/19650/19556/lekc.files/image011.gif,,,,,,,,,,,,,,,,,,,,,,,,,,,,,,,,,,,,,,,,,,,,,,,,,,,,
http://cdo.keu.kz/content/19651/19557/test.htm,,,,,,,,,,,,,,,,,,,,,,,,,,,,,,,,,,,,,,,,,,,,,,,,,,,,,,,,,,,,,,,,,,,,,,,,,,,,,,,,,,,,,,,,,,,,,,,,,,,,
http://cdo.keu.kz/content/19652/19558/19558.htm,http://cdo.keu.kz/content/19652/19558/62761/62761.htm,http://cdo.keu.kz/content/19652/19558/62762/62762.htm,http://cdo.keu.kz/content/19652/19558/62763/62763.htm,http://cdo.keu.kz/content/19652/19558/62764/62764.htm,http://cdo.keu.kz/content/19652/19558/62765/62765.htm,http://cdo.keu.kz/content/19652/19558/62766/62766.htm,http://cdo.keu.kz/content/19652/19558/62767/62767.htm,http://cdo.keu.kz/content/19652/19558/62768/62768.htm,http://cdo.keu.kz/content/19652/19558/62769/62769.htm,http://cdo.keu.kz/content/19652/19558/62770/62770.htm,http://cdo.keu.kz/content/19652/19558/62771/62771.htm,http://cdo.keu.kz/content/19652/19558/62772/62772.htm,http://cdo.keu.kz/content/19652/19558/62773/62773.htm,http://cdo.keu.kz/content/19652/19558/62774/62774.htm,http://cdo.keu.kz/content/19652/19558/62775/62775.htm,http://cdo.keu.kz/content/19652/19558/62776/62776.htm,,,,,,,,,,,,,,,,,,,,,,,,,,,,,,,,,,,,,,,,,,,,,,,,,,,,,,,,,,,,,,,,,,,,,,,,,,,,,,,,,,,,
http://cdo.keu.kz/content/19653/19559/test%20ru.htm,,,,,,,,,,,,,,,,,,,,,,,,,,,,,,,,,,,,,,,,,,,,,,,,,,,,,,,,,,,,,,,,,,,,,,,,,,,,,,,,,,,,,,,,,,,,,,,,,,,,
http://cdo.keu.kz/content/19654/19560/test%20ru.htm,,,,,,,,,,,,,,,,,,,,,,,,,,,,,,,,,,,,,,,,,,,,,,,,,,,,,,,,,,,,,,,,,,,,,,,,,,,,,,,,,,,,,,,,,,,,,,,,,,,,
http://cdo.keu.kz/content/19655/19561/test%20ru.htm,,,,,,,,,,,,,,,,,,,,,,,,,,,,,,,,,,,,,,,,,,,,,,,,,,,,,,,,,,,,,,,,,,,,,,,,,,,,,,,,,,,,,,,,,,,,,,,,,,,,
http://cdo.keu.kz/content/19656/19562/test%20ru.htm,,,,,,,,,,,,,,,,,,,,,,,,,,,,,,,,,,,,,,,,,,,,,,,,,,,,,,,,,,,,,,,,,,,,,,,,,,,,,,,,,,,,,,,,,,,,,,,,,,,,
http://cdo.keu.kz/content/19657/19563/test%20ru.htm,,,,,,,,,,,,,,,,,,,,,,,,,,,,,,,,,,,,,,,,,,,,,,,,,,,,,,,,,,,,,,,,,,,,,,,,,,,,,,,,,,,,,,,,,,,,,,,,,,,,
http://cdo.keu.kz/content/19658/19564/19564.htm,http://cdo.keu.kz/content/19658/19564/62777/62777.htm,http://cdo.keu.kz/content/19658/19564/62778/62778.htm,http://cdo.keu.kz/content/19658/19564/62779/62779.htm,http://cdo.keu.kz/content/19658/19564/62780/62780.htm,http://cdo.keu.kz/content/19658/19564/62781/62781.htm,http://cdo.keu.kz/content/19658/19564/62782/62782.htm,http://cdo.keu.kz/content/19658/19564/62783/62783.htm,http://cdo.keu.kz/content/19658/19564/62784/62784.htm,http://cdo.keu.kz/content/19658/19564/62785/62785.htm,http://cdo.keu.kz/content/19658/19564/62786/62786.htm,http://cdo.keu.kz/content/19658/19564/62787/62787.htm,http://cdo.keu.kz/content/19658/19564/62788/62788.htm,http://cdo.keu.kz/content/19658/19564/lekc.files/image001.jpg,http://cdo.keu.kz/content/19658/19564/lekc.files/image002.jpg,http://cdo.keu.kz/content/19658/19564/lekc.files/image003.jpg,http://cdo.keu.kz/content/19658/19564/lekc.files/image004.jpg,http://cdo.keu.kz/content/19658/19564/lekc.files/image005.jpg,http://cdo.keu.kz/content/19658/19564/lekc.files/image006.jpg,http://cdo.keu.kz/content/19658/19564/lekc.files/image007.jpg,http://cdo.keu.kz/content/19658/19564/lekc.files/image008.jpg,http://cdo.keu.kz/content/19658/19564/lekc.files/image009.jpg,http://cdo.keu.kz/content/19658/19564/lekc.files/image010.jpg,http://cdo.keu.kz/content/19658/19564/lekc.files/image011.jpg,http://cdo.keu.kz/content/19658/19564/lekc.files/image012.jpg,http://cdo.keu.kz/content/19658/19564/lekc.files/image013.jpg,http://cdo.keu.kz/content/19658/19564/lekc.files/image014.jpg,http://cdo.keu.kz/content/19658/19564/lekc.files/image015.jpg,http://cdo.keu.kz/content/19658/19564/lekc.files/image016.jpg,http://cdo.keu.kz/content/19658/19564/lekc.files/image017.jpg,http://cdo.keu.kz/content/19658/19564/lekc.files/image018.jpg,http://cdo.keu.kz/content/19658/19564/lekc.files/image019.jpg,http://cdo.keu.kz/content/19658/19564/lekc.files/image020.jpg,http://cdo.keu.kz/content/19658/19564/lekc.files/image021.jpg,http://cdo.keu.kz/content/19658/19564/lekc.files/image022.jpg,http://cdo.keu.kz/content/19658/19564/lekc.files/image023.jpg,http://cdo.keu.kz/content/19658/19564/lekc.files/image024.jpg,http://cdo.keu.kz/content/19658/19564/lekc.files/image025.jpg,http://cdo.keu.kz/content/19658/19564/lekc.files/image026.jpg,http://cdo.keu.kz/content/19658/19564/lekc.files/image027.jpg,http://cdo.keu.kz/content/19658/19564/lekc.files/image028.jpg,http://cdo.keu.kz/content/19658/19564/lekc.files/image029.jpg,http://cdo.keu.kz/content/19658/19564/lekc.files/image030.jpg,http://cdo.keu.kz/content/19658/19564/lekc.files/image031.jpg,http://cdo.keu.kz/content/19658/19564/lekc.files/image032.jpg,http://cdo.keu.kz/content/19658/19564/lekc.files/image033.jpg,http://cdo.keu.kz/content/19658/19564/lekc.files/image034.jpg,http://cdo.keu.kz/content/19658/19564/lekc.files/image035.jpg,http://cdo.keu.kz/content/19658/19564/lekc.files/image036.jpg,http://cdo.keu.kz/content/19658/19564/lekc.files/image037.jpg,http://cdo.keu.kz/content/19658/19564/lekc.files/image038.jpg,http://cdo.keu.kz/content/19658/19564/lekc.files/image039.jpg,http://cdo.keu.kz/content/19658/19564/lekc.files/image040.jpg,http://cdo.keu.kz/content/19658/19564/lekc.files/image041.jpg,http://cdo.keu.kz/content/19658/19564/lekc.files/image042.jpg,http://cdo.keu.kz/content/19658/19564/lekc.files/image043.jpg,http://cdo.keu.kz/content/19658/19564/lekc.files/image044.jpg,http://cdo.keu.kz/content/19658/19564/lekc.files/image045.jpg,http://cdo.keu.kz/content/19658/19564/lekc.files/image046.jpg,http://cdo.keu.kz/content/19658/19564/lekc.files/image047.jpg,http://cdo.keu.kz/content/19658/19564/lekc.files/image048.jpg,http://cdo.keu.kz/content/19658/19564/lekc.files/image049.png,http://cdo.keu.kz/content/19658/19564/lekc.files/image050.jpg,http://cdo.keu.kz/content/19658/19564/lekc.files/image051.jpg,http://cdo.keu.kz/content/19658/19564/lekc.files/image052.jpg,http://cdo.keu.kz/content/19658/19564/lekc.files/image053.jpg,http://cdo.keu.kz/content/19658/19564/lekc.files/image054.jpg,http://cdo.keu.kz/content/19658/19564/lekc.files/image055.jpg,http://cdo.keu.kz/content/19658/19564/lekc.files/image056.jpg,http://cdo.keu.kz/content/19658/19564/lekc.files/image057.jpg,http://cdo.keu.kz/content/19658/19564/lekc.files/image058.jpg,http://cdo.keu.kz/content/19658/19564/lekc.files/image059.jpg,http://cdo.keu.kz/content/19658/19564/lekc.files/image060.png,http://cdo.keu.kz/content/19658/19564/lekc.files/image061.png,http://cdo.keu.kz/content/19658/19564/lekc.files/image062.png,http://cdo.keu.kz/content/19658/19564/lekc.files/image063.png,http://cdo.keu.kz/content/19658/19564/lekc.files/image064.png,http://cdo.keu.kz/content/19658/19564/lekc.files/image065.png,http://cdo.keu.kz/content/19658/19564/lekc.files/image066.png,http://cdo.keu.kz/content/19658/19564/lekc.files/image067.png,http://cdo.keu.kz/content/19658/19564/lekc.files/image068.png,http://cdo.keu.kz/content/19658/19564/lekc.files/image069.png,http://cdo.keu.kz/content/19658/19564/lekc.files/image070.png,http://cdo.keu.kz/content/19658/19564/lekc.files/image071.png,http://cdo.keu.kz/content/19658/19564/lekc.files/image072.png,http://cdo.keu.kz/content/19658/19564/lekc.files/image073.png,http://cdo.keu.kz/content/19658/19564/lekc.files/image074.png,http://cdo.keu.kz/content/19658/19564/lekc.files/image075.png,http://cdo.keu.kz/content/19658/19564/lekc.files/image076.png,http://cdo.keu.kz/content/19658/19564/lekc.files/image077.png,http://cdo.keu.kz/content/19658/19564/lekc.files/image078.png,http://cdo.keu.kz/content/19658/19564/lekc.files/image079.png,http://cdo.keu.kz/content/19658/19564/lekc.files/image080.png,http://cdo.keu.kz/content/19658/19564/lekc.files/image081.png,http://cdo.keu.kz/content/19658/19564/lekc.files/image082.png,http://cdo.keu.kz/content/19658/19564/lekc.files/image083.png,http://cdo.keu.kz/content/19658/19564/lekc.files/image084.png,http://cdo.keu.kz/content/19658/19564/lekc.files/image085.png,http://cdo.keu.kz/content/19658/19564/lekc.files/image086.png,http://cdo.keu.kz/content/19658/19564/lekc.files/image087.png,http://cdo.keu.kz/content/19658/19564/lekc.files/image088.jpg
http://cdo.keu.kz/content/19659/19565/test.files/image001.jpg,http://cdo.keu.kz/content/19659/19565/test.files/image002.jpg,http://cdo.keu.kz/content/19659/19565/test.files/image003.jpg,http://cdo.keu.kz/content/19659/19565/test.files/image004.jpg,http://cdo.keu.kz/content/19659/19565/test.files/image005.jpg,http://cdo.keu.kz/content/19659/19565/test.files/image006.jpg,http://cdo.keu.kz/content/19659/19565/test.htm,,,,,,,,,,,,,,,,,,,,,,,,,,,,,,,,,,,,,,,,,,,,,,,,,,,,,,,,,,,,,,,,,,,,,,,,,,,,,,,,,,,,,,,,,,,,,,
http://cdo.keu.kz/content/19660/19566/19566.htm,http://cdo.keu.kz/content/19660/19566/62789/62789.htm,http://cdo.keu.kz/content/19660/19566/62790/62790.htm,http://cdo.keu.kz/content/19660/19566/62791/62791.htm,http://cdo.keu.kz/content/19660/19566/62792/62792.htm,http://cdo.keu.kz/content/19660/19566/62793/62793.htm,http://cdo.keu.kz/content/19660/19566/62794/62794.htm,http://cdo.keu.kz/content/19660/19566/62795/62795.htm,http://cdo.keu.kz/content/19660/19566/62796/62796.htm,http://cdo.keu.kz/content/19660/19566/62797/62797.htm,http://cdo.keu.kz/content/19660/19566/62798/62798.htm,http://cdo.keu.kz/content/19660/19566/62799/62799.htm,http://cdo.keu.kz/content/19660/19566/62800/62800.htm,http://cdo.keu.kz/content/19660/19566/62801/62801.htm,http://cdo.keu.kz/content/19660/19566/62802/62802.htm,http://cdo.keu.kz/content/19660/19566/62803/62803.htm,http://cdo.keu.kz/content/19660/19566/62804/62804.htm,http://cdo.keu.kz/content/19660/19566/62805/62805.htm,http://cdo.keu.kz/content/19660/19566/62806/62806.htm,http://cdo.keu.kz/content/19660/19566/62807/62807.htm,http://cdo.keu.kz/content/19660/19566/62808/62808.htm,http://cdo.keu.kz/content/19660/19566/62809/62809.htm,http://cdo.keu.kz/content/19660/19566/62810/62810.htm,http://cdo.keu.kz/content/19660/19566/62811/62811.htm,http://cdo.keu.kz/content/19660/19566/62812/62812.htm,http://cdo.keu.kz/content/19660/19566/62813/62813.htm,http://cdo.keu.kz/content/19660/19566/62814/62814.htm,http://cdo.keu.kz/content/19660/19566/62815/62815.htm,http://cdo.keu.kz/content/19660/19566/62816/62816.htm,http://cdo.keu.kz/content/19660/19566/62817/62817.htm,http://cdo.keu.kz/content/19660/19566/62818/62818.htm,http://cdo.keu.kz/content/19660/19566/lekc.files/image001.jpg,http://cdo.keu.kz/content/19660/19566/lekc.files/image002.jpg,http://cdo.keu.kz/content/19660/19566/lekc.files/image003.jpg,http://cdo.keu.kz/content/19660/19566/lekc.files/image004.jpg,http://cdo.keu.kz/content/19660/19566/lekc.files/image005.jpg,http://cdo.keu.kz/content/19660/19566/lekc.files/image006.jpg,http://cdo.keu.kz/content/19660/19566/lekc.files/image007.jpg,http://cdo.keu.kz/content/19660/19566/lekc.files/image008.jpg,http://cdo.keu.kz/content/19660/19566/lekc.files/image009.jpg,http://cdo.keu.kz/content/19660/19566/lekc.files/image010.jpg,http://cdo.keu.kz/content/19660/19566/lekc.files/image011.jpg,http://cdo.keu.kz/content/19660/19566/lekc.files/image012.jpg,http://cdo.keu.kz/content/19660/19566/lekc.files/image013.jpg,,,,,,,,,,,,,,,,,,,,,,,,,,,,,,,,,,,,,,,,,,,,,,,,,,,,,,,,,
http://cdo.keu.kz/content/19661/19567/test.htm,,,,,,,,,,,,,,,,,,,,,,,,,,,,,,,,,,,,,,,,,,,,,,,,,,,,,,,,,,,,,,,,,,,,,,,,,,,,,,,,,,,,,,,,,,,,,,,,,,,,
http://cdo.keu.kz/content/19662/19568/19568.htm,http://cdo.keu.kz/content/19662/19568/62819/62819.htm,http://cdo.keu.kz/content/19662/19568/62820/62820.htm,http://cdo.keu.kz/content/19662/19568/62821/62821.htm,http://cdo.keu.kz/content/19662/19568/62822/62822.htm,http://cdo.keu.kz/content/19662/19568/62823/62823.htm,http://cdo.keu.kz/content/19662/19568/62824/62824.htm,http://cdo.keu.kz/content/19662/19568/62825/62825.htm,http://cdo.keu.kz/content/19662/19568/62826/62826.htm,http://cdo.keu.kz/content/19662/19568/62827/62827.htm,http://cdo.keu.kz/content/19662/19568/62828/62828.htm,http://cdo.keu.kz/content/19662/19568/62829/62829.htm,http://cdo.keu.kz/content/19662/19568/62830/62830.htm,http://cdo.keu.kz/content/19662/19568/62831/62831.htm,http://cdo.keu.kz/content/19662/19568/62832/62832.htm,http://cdo.keu.kz/content/19662/19568/62833/62833.htm,http://cdo.keu.kz/content/19662/19568/62834/62834.htm,http://cdo.keu.kz/content/19662/19568/62835/62835.htm,http://cdo.keu.kz/content/19662/19568/62836/62836.htm,http://cdo.keu.kz/content/19662/19568/62837/62837.htm,http://cdo.keu.kz/content/19662/19568/62838/62838.htm,http://cdo.keu.kz/content/19662/19568/62839/62839.htm,http://cdo.keu.kz/content/19662/19568/62840/62840.htm,http://cdo.keu.kz/content/19662/19568/62841/62841.htm,http://cdo.keu.kz/content/19662/19568/62842/62842.htm,http://cdo.keu.kz/content/19662/19568/62843/62843.htm,http://cdo.keu.kz/content/19662/19568/62844/62844.htm,http://cdo.keu.kz/content/19662/19568/62845/62845.htm,http://cdo.keu.kz/content/19662/19568/62846/62846.htm,http://cdo.keu.kz/content/19662/19568/62847/62847.htm,http://cdo.keu.kz/content/19662/19568/62848/62848.htm,http://cdo.keu.kz/content/19662/19568/62849/62849.htm,http://cdo.keu.kz/content/19662/19568/62850/62850.htm,http://cdo.keu.kz/content/19662/19568/62851/62851.htm,http://cdo.keu.kz/content/19662/19568/62852/62852.htm,http://cdo.keu.kz/content/19662/19568/lekc.files/image001.jpg,http://cdo.keu.kz/content/19662/19568/lekc.files/image002.jpg,http://cdo.keu.kz/content/19662/19568/lekc.files/image003.jpg,,,,,,,,,,,,,,,,,,,,,,,,,,,,,,,,,,,,,,,,,,,,,,,,,,,,,,,,,,,,,,,
http://cdo.keu.kz/content/19663/19569/19569.htm,http://cdo.keu.kz/content/19663/19569/62853/62853.htm,http://cdo.keu.kz/content/19663/19569/62854/62854.htm,http://cdo.keu.kz/content/19663/19569/62855/62855.htm,http://cdo.keu.kz/content/19663/19569/62856/62856.htm,http://cdo.keu.kz/content/19663/19569/62857/62857.htm,http://cdo.keu.kz/content/19663/19569/62858/62858.htm,http://cdo.keu.kz/content/19663/19569/62859/62859.htm,http://cdo.keu.kz/content/19663/19569/62860/62860.htm,http://cdo.keu.kz/content/19663/19569/62861/62861.htm,http://cdo.keu.kz/content/19663/19569/62862/62862.htm,http://cdo.keu.kz/content/19663/19569/62863/62863.htm,http://cdo.keu.kz/content/19663/19569/62864/62864.htm,http://cdo.keu.kz/content/19663/19569/62865/62865.htm,http://cdo.keu.kz/content/19663/19569/62866/62866.htm,http://cdo.keu.kz/content/19663/19569/62867/62867.htm,http://cdo.keu.kz/content/19663/19569/62868/62868.htm,http://cdo.keu.kz/content/19663/19569/62869/62869.htm,http://cdo.keu.kz/content/19663/19569/62870/62870.htm,http://cdo.keu.kz/content/19663/19569/62871/62871.htm,http://cdo.keu.kz/content/19663/19569/62872/62872.htm,http://cdo.keu.kz/content/19663/19569/62873/62873.htm,http://cdo.keu.kz/content/19663/19569/62874/62874.htm,http://cdo.keu.kz/content/19663/19569/62875/62875.htm,http://cdo.keu.kz/content/19663/19569/62876/62876.htm,http://cdo.keu.kz/content/19663/19569/62877/62877.htm,http://cdo.keu.kz/content/19663/19569/62878/62878.htm,http://cdo.keu.kz/content/19663/19569/62879/62879.htm,http://cdo.keu.kz/content/19663/19569/62880/62880.htm,http://cdo.keu.kz/content/19663/19569/62881/62881.htm,http://cdo.keu.kz/content/19663/19569/62882/62882.htm,http://cdo.keu.kz/content/19663/19569/62883/62883.htm,http://cdo.keu.kz/content/19663/19569/62884/62884.htm,http://cdo.keu.kz/content/19663/19569/62885/62885.htm,http://cdo.keu.kz/content/19663/19569/62886/62886.htm,http://cdo.keu.kz/content/19663/19569/lekc.files/image001.jpg,http://cdo.keu.kz/content/19663/19569/lekc.files/image002.jpg,http://cdo.keu.kz/content/19663/19569/lekc.files/image003.jpg,,,,,,,,,,,,,,,,,,,,,,,,,,,,,,,,,,,,,,,,,,,,,,,,,,,,,,,,,,,,,,,
http://cdo.keu.kz/content/19664/19570/test.htm,,,,,,,,,,,,,,,,,,,,,,,,,,,,,,,,,,,,,,,,,,,,,,,,,,,,,,,,,,,,,,,,,,,,,,,,,,,,,,,,,,,,,,,,,,,,,,,,,,,,
http://cdo.keu.kz/content/19665/19571/%c2%ac%d0%b7%d0%87%20%d0%b2%d2%90%d0%b1%d0%b2%d0%bb.files/colorschememapping.xml,http://cdo.keu.kz/content/19665/19571/%c2%ac%d0%b7%d0%87%20%d0%b2%d2%90%d0%b1%d0%b2%d0%bb.files/filelist.xml,http://cdo.keu.kz/content/19665/19571/%c2%ac%d0%b7%d0%87%20%d0%b2%d2%90%d0%b1%d0%b2%d0%bb.files/themedata.thmx,http://cdo.keu.kz/content/19665/19571/%c2%ac%d0%b7%d0%87%20%d0%b2%d2%90%d0%b1%d0%b2%d0%bb.htm,,,,,,,,,,,,,,,,,,,,,,,,,,,,,,,,,,,,,,,,,,,,,,,,,,,,,,,,,,,,,,,,,,,,,,,,,,,,,,,,,,,,,,,,,,,,,,,,,
http://cdo.keu.kz/content/19666/19572/%e2%80%9e%c2%ae%d0%88%c2%ae%d1%9e%c2%ae%d0%b0%20%d0%87%d0%b0.files/colorschememapping.xml,http://cdo.keu.kz/content/19666/19572/%e2%80%9e%c2%ae%d0%88%c2%ae%d1%9e%c2%ae%d0%b0%20%d0%87%d0%b0.files/filelist.xml,http://cdo.keu.kz/content/19666/19572/%e2%80%9e%c2%ae%d0%88%c2%ae%d1%9e%c2%ae%d0%b0%20%d0%87%d0%b0.files/themedata.thmx,http://cdo.keu.kz/content/19666/19572/%e2%80%9e%c2%ae%d0%88%c2%ae%d1%9e%c2%ae%d0%b0%20%d0%87%d0%b0.htm,,,,,,,,,,,,,,,,,,,,,,,,,,,,,,,,,,,,,,,,,,,,,,,,,,,,,,,,,,,,,,,,,,,,,,,,,,,,,,,,,,,,,,,,,,,,,,,,,
http://cdo.keu.kz/content/19667/19573/19573.htm,http://cdo.keu.kz/content/19667/19573/62887/62887.htm,http://cdo.keu.kz/content/19667/19573/62888/62888.htm,http://cdo.keu.kz/content/19667/19573/62889/62889.htm,http://cdo.keu.kz/content/19667/19573/62890/62890.htm,http://cdo.keu.kz/content/19667/19573/62891/62891.htm,http://cdo.keu.kz/content/19667/19573/62892/62892.htm,http://cdo.keu.kz/content/19667/19573/62893/62893.htm,http://cdo.keu.kz/content/19667/19573/62894/62894.htm,http://cdo.keu.kz/content/19667/19573/62895/62895.htm,http://cdo.keu.kz/content/19667/19573/62896/62896.htm,http://cdo.keu.kz/content/19667/19573/62897/62897.htm,http://cdo.keu.kz/content/19667/19573/62898/62898.htm,http://cdo.keu.kz/content/19667/19573/62899/62899.htm,http://cdo.keu.kz/content/19667/19573/62900/62900.htm,http://cdo.keu.kz/content/19667/19573/62901/62901.htm,http://cdo.keu.kz/content/19667/19573/62902/62902.htm,http://cdo.keu.kz/content/19667/19573/62903/62903.htm,http://cdo.keu.kz/content/19667/19573/62904/62904.htm,http://cdo.keu.kz/content/19667/19573/62905/62905.htm,http://cdo.keu.kz/content/19667/19573/62906/62906.htm,http://cdo.keu.kz/content/19667/19573/62907/62907.htm,http://cdo.keu.kz/content/19667/19573/62908/62908.htm,http://cdo.keu.kz/content/19667/19573/62909/62909.htm,http://cdo.keu.kz/content/19667/19573/62910/62910.htm,http://cdo.keu.kz/content/19667/19573/62911/62911.htm,http://cdo.keu.kz/content/19667/19573/62912/62912.htm,http://cdo.keu.kz/content/19667/19573/62913/62913.htm,http://cdo.keu.kz/content/19667/19573/62914/62914.htm,http://cdo.keu.kz/content/19667/19573/62915/62915.htm,http://cdo.keu.kz/content/19667/19573/62916/62916.htm,http://cdo.keu.kz/content/19667/19573/62917/62917.htm,http://cdo.keu.kz/content/19667/19573/62918/62918.htm,http://cdo.keu.kz/content/19667/19573/62919/62919.htm,http://cdo.keu.kz/content/19667/19573/62920/62920.htm,http://cdo.keu.kz/content/19667/19573/62921/62921.htm,http://cdo.keu.kz/content/19667/19573/62922/62922.htm,http://cdo.keu.kz/content/19667/19573/62923/62923.htm,http://cdo.keu.kz/content/19667/19573/62924/62924.htm,http://cdo.keu.kz/content/19667/19573/62925/62925.htm,http://cdo.keu.kz/content/19667/19573/62926/62926.htm,,,,,,,,,,,,,,,,,,,,,,,,,,,,,,,,,,,,,,,,,,,,,,,,,,,,,,,,,,,,
http://cdo.keu.kz/content/19668/19574/%e2%80%99%d2%90%d0%b1%d0%b2%d0%b2%d2%90%d0%b0%20%d0%83%c2%a0%d0%b1%d0%84%c2%a0%d0%b0%d0%b3%20%e2%80%a6%d0%b1%d2%90%d0%87-%202.files/image001.gif,http://cdo.keu.kz/content/19668/19574/%e2%80%99%d2%90%d0%b1%d0%b2%d0%b2%d2%90%d0%b0%20%d0%83%c2%a0%d0%b1%d0%84%c2%a0%d0%b0%d0%b3%20%e2%80%a6%d0%b1%d2%90%d0%87-%202.htm,,,,,,,,,,,,,,,,,,,,,,,,,,,,,,,,,,,,,,,,,,,,,,,,,,,,,,,,,,,,,,,,,,,,,,,,,,,,,,,,,,,,,,,,,,,,,,,,,,,
http://cdo.keu.kz/content/19670/19576/%d0%82%d0%8f%20%d0%b2%d2%90%d0%b1%d0%b2%d0%bb%d0%84%c2%a0%c2%a7.mht,,,,,,,,,,,,,,,,,,,,,,,,,,,,,,,,,,,,,,,,,,,,,,,,,,,,,,,,,,,,,,,,,,,,,,,,,,,,,,,,,,,,,,,,,,,,,,,,,,,,
http://cdo.keu.kz/content/19671/19577/%d0%82%d0%8f%20%d0%b2%d2%90%d0%b1%d0%b2%d0%bb%d0%84%c2%a0%c2%a7.files/colorschememapping.xml,http://cdo.keu.kz/content/19671/19577/%d0%82%d0%8f%20%d0%b2%d2%90%d0%b1%d0%b2%d0%bb%d0%84%c2%a0%c2%a7.files/filelist.xml,http://cdo.keu.kz/content/19671/19577/%d0%82%d0%8f%20%d0%b2%d2%90%d0%b1%d0%b2%d0%bb%d0%84%c2%a0%c2%a7.files/themedata.thmx,http://cdo.keu.kz/content/19671/19577/%d0%82%d0%8f%20%d0%b2%d2%90%d0%b1%d0%b2%d0%bb%d0%84%c2%a0%c2%a7.htm,,,,,,,,,,,,,,,,,,,,,,,,,,,,,,,,,,,,,,,,,,,,,,,,,,,,,,,,,,,,,,,,,,,,,,,,,,,,,,,,,,,,,,,,,,,,,,,,,
http://cdo.keu.kz/content/19672/19578/19578.htm,http://cdo.keu.kz/content/19672/19578/62927/62927.htm,http://cdo.keu.kz/content/19672/19578/62928/62928.htm,http://cdo.keu.kz/content/19672/19578/62929/62929.htm,http://cdo.keu.kz/content/19672/19578/62930/62930.htm,http://cdo.keu.kz/content/19672/19578/62931/62931.htm,http://cdo.keu.kz/content/19672/19578/62932/62932.htm,http://cdo.keu.kz/content/19672/19578/62933/62933.htm,http://cdo.keu.kz/content/19672/19578/62934/62934.htm,http://cdo.keu.kz/content/19672/19578/62935/62935.htm,http://cdo.keu.kz/content/19672/19578/62936/62936.htm,http://cdo.keu.kz/content/19672/19578/62937/62937.htm,http://cdo.keu.kz/content/19672/19578/62938/62938.htm,http://cdo.keu.kz/content/19672/19578/62939/62939.htm,http://cdo.keu.kz/content/19672/19578/62940/62940.htm,http://cdo.keu.kz/content/19672/19578/62941/62941.htm,http://cdo.keu.kz/content/19672/19578/62942/62942.htm,http://cdo.keu.kz/content/19672/19578/62943/62943.htm,http://cdo.keu.kz/content/19672/19578/62944/62944.htm,,,,,,,,,,,,,,,,,,,,,,,,,,,,,,,,,,,,,,,,,,,,,,,,,,,,,,,,,,,,,,,,,,,,,,,,,,,,,,,,,,
http://cdo.keu.kz/content/19673/19579/test%20ru.htm,,,,,,,,,,,,,,,,,,,,,,,,,,,,,,,,,,,,,,,,,,,,,,,,,,,,,,,,,,,,,,,,,,,,,,,,,,,,,,,,,,,,,,,,,,,,,,,,,,,,
http://cdo.keu.kz/content/19674/19580/q.htm,,,,,,,,,,,,,,,,,,,,,,,,,,,,,,,,,,,,,,,,,,,,,,,,,,,,,,,,,,,,,,,,,,,,,,,,,,,,,,,,,,,,,,,,,,,,,,,,,,,,
http://cdo.keu.kz/content/19675/19581/19581.htm,http://cdo.keu.kz/content/19675/19581/62945/62945.htm,http://cdo.keu.kz/content/19675/19581/62946/62946.htm,http://cdo.keu.kz/content/19675/19581/62947/62947.htm,http://cdo.keu.kz/content/19675/19581/62948/62948.htm,http://cdo.keu.kz/content/19675/19581/62949/62949.htm,http://cdo.keu.kz/content/19675/19581/62950/62950.htm,http://cdo.keu.kz/content/19675/19581/62951/62951.htm,http://cdo.keu.kz/content/19675/19581/62952/62952.htm,http://cdo.keu.kz/content/19675/19581/62953/62953.htm,http://cdo.keu.kz/content/19675/19581/62954/62954.htm,http://cdo.keu.kz/content/19675/19581/62955/62955.htm,http://cdo.keu.kz/content/19675/19581/62956/62956.htm,http://cdo.keu.kz/content/19675/19581/62957/62957.htm,http://cdo.keu.kz/content/19675/19581/62958/62958.htm,http://cdo.keu.kz/content/19675/19581/62959/62959.htm,http://cdo.keu.kz/content/19675/19581/62960/62960.htm,http://cdo.keu.kz/content/19675/19581/62961/62961.htm,http://cdo.keu.kz/content/19675/19581/62962/62962.htm,http://cdo.keu.kz/content/19675/19581/62963/62963.htm,http://cdo.keu.kz/content/19675/19581/62964/62964.htm,http://cdo.keu.kz/content/19675/19581/62965/62965.htm,http://cdo.keu.kz/content/19675/19581/62966/62966.htm,http://cdo.keu.kz/content/19675/19581/62967/62967.htm,http://cdo.keu.kz/content/19675/19581/62968/62968.htm,http://cdo.keu.kz/content/19675/19581/62969/62969.htm,http://cdo.keu.kz/content/19675/19581/62970/62970.htm,http://cdo.keu.kz/content/19675/19581/62971/62971.htm,http://cdo.keu.kz/content/19675/19581/62972/62972.htm,http://cdo.keu.kz/content/19675/19581/62973/62973.htm,http://cdo.keu.kz/content/19675/19581/62974/62974.htm,http://cdo.keu.kz/content/19675/19581/62975/62975.htm,http://cdo.keu.kz/content/19675/19581/62976/62976.htm,http://cdo.keu.kz/content/19675/19581/62977/62977.htm,http://cdo.keu.kz/content/19675/19581/62978/62978.htm,http://cdo.keu.kz/content/19675/19581/62979/62979.htm,http://cdo.keu.kz/content/19675/19581/62980/62980.htm,http://cdo.keu.kz/content/19675/19581/62981/62981.htm,http://cdo.keu.kz/content/19675/19581/62982/62982.htm,http://cdo.keu.kz/content/19675/19581/62983/62983.htm,http://cdo.keu.kz/content/19675/19581/62984/62984.htm,,,,,,,,,,,,,,,,,,,,,,,,,,,,,,,,,,,,,,,,,,,,,,,,,,,,,,,,,,,,
http://cdo.keu.kz/content/19676/19582/test%20kz.htm,,,,,,,,,,,,,,,,,,,,,,,,,,,,,,,,,,,,,,,,,,,,,,,,,,,,,,,,,,,,,,,,,,,,,,,,,,,,,,,,,,,,,,,,,,,,,,,,,,,,
http://cdo.keu.kz/content/19677/19583/19583.htm,http://cdo.keu.kz/content/19677/19583/62985/62985.htm,http://cdo.keu.kz/content/19677/19583/62986/62986.htm,http://cdo.keu.kz/content/19677/19583/62987/62987.htm,http://cdo.keu.kz/content/19677/19583/62988/62988.htm,http://cdo.keu.kz/content/19677/19583/62989/62989.htm,http://cdo.keu.kz/content/19677/19583/62990/62990.htm,http://cdo.keu.kz/content/19677/19583/62991/62991.htm,http://cdo.keu.kz/content/19677/19583/62992/62992.htm,http://cdo.keu.kz/content/19677/19583/62993/62993.htm,http://cdo.keu.kz/content/19677/19583/62994/62994.htm,http://cdo.keu.kz/content/19677/19583/62995/62995.htm,http://cdo.keu.kz/content/19677/19583/62996/62996.htm,http://cdo.keu.kz/content/19677/19583/62997/62997.htm,http://cdo.keu.kz/content/19677/19583/62998/62998.htm,http://cdo.keu.kz/content/19677/19583/62999/62999.htm,http://cdo.keu.kz/content/19677/19583/63000/63000.htm,http://cdo.keu.kz/content/19677/19583/63001/63001.htm,http://cdo.keu.kz/content/19677/19583/63002/63002.htm,http://cdo.keu.kz/content/19677/19583/63003/63003.htm,http://cdo.keu.kz/content/19677/19583/63004/63004.htm,http://cdo.keu.kz/content/19677/19583/63005/63005.htm,http://cdo.keu.kz/content/19677/19583/63006/63006.htm,http://cdo.keu.kz/content/19677/19583/63007/63007.htm,http://cdo.keu.kz/content/19677/19583/63008/63008.htm,http://cdo.keu.kz/content/19677/19583/63009/63009.htm,http://cdo.keu.kz/content/19677/19583/63010/63010.htm,http://cdo.keu.kz/content/19677/19583/63011/63011.htm,http://cdo.keu.kz/content/19677/19583/63012/63012.htm,http://cdo.keu.kz/content/19677/19583/lekc.files/image001.png,http://cdo.keu.kz/content/19677/19583/lekc.files/image002.gif,http://cdo.keu.kz/content/19677/19583/lekc.files/image003.gif,http://cdo.keu.kz/content/19677/19583/lekc.files/image004.jpg,http://cdo.keu.kz/content/19677/19583/lekc.files/image005.jpg,,,,,,,,,,,,,,,,,,,,,,,,,,,,,,,,,,,,,,,,,,,,,,,,,,,,,,,,,,,,,,,,,,,
http://cdo.keu.kz/content/19678/19584/test.htm,,,,,,,,,,,,,,,,,,,,,,,,,,,,,,,,,,,,,,,,,,,,,,,,,,,,,,,,,,,,,,,,,,,,,,,,,,,,,,,,,,,,,,,,,,,,,,,,,,,,
http://cdo.keu.kz/content/19679/19585/19585.htm,http://cdo.keu.kz/content/19679/19585/63013/63013.htm,http://cdo.keu.kz/content/19679/19585/63014/63014.htm,http://cdo.keu.kz/content/19679/19585/63015/63015.htm,http://cdo.keu.kz/content/19679/19585/63016/63016.htm,http://cdo.keu.kz/content/19679/19585/63017/63017.htm,http://cdo.keu.kz/content/19679/19585/63018/63018.htm,http://cdo.keu.kz/content/19679/19585/63019/63019.htm,http://cdo.keu.kz/content/19679/19585/63020/63020.htm,http://cdo.keu.kz/content/19679/19585/63021/63021.htm,http://cdo.keu.kz/content/19679/19585/63022/63022.htm,http://cdo.keu.kz/content/19679/19585/63023/63023.htm,http://cdo.keu.kz/content/19679/19585/63024/63024.htm,http://cdo.keu.kz/content/19679/19585/63025/63025.htm,http://cdo.keu.kz/content/19679/19585/63026/63026.htm,http://cdo.keu.kz/content/19679/19585/63027/63027.htm,http://cdo.keu.kz/content/19679/19585/63028/63028.htm,http://cdo.keu.kz/content/19679/19585/63029/63029.htm,http://cdo.keu.kz/content/19679/19585/63030/63030.htm,http://cdo.keu.kz/content/19679/19585/63031/63031.htm,http://cdo.keu.kz/content/19679/19585/63032/63032.htm,http://cdo.keu.kz/content/19679/19585/63033/63033.htm,http://cdo.keu.kz/content/19679/19585/63034/63034.htm,http://cdo.keu.kz/content/19679/19585/63035/63035.htm,http://cdo.keu.kz/content/19679/19585/63036/63036.htm,http://cdo.keu.kz/content/19679/19585/63037/63037.htm,http://cdo.keu.kz/content/19679/19585/63038/63038.htm,http://cdo.keu.kz/content/19679/19585/63039/63039.htm,http://cdo.keu.kz/content/19679/19585/63040/63040.htm,http://cdo.keu.kz/content/19679/19585/lekc.files/image001.png,http://cdo.keu.kz/content/19679/19585/lekc.files/image002.gif,http://cdo.keu.kz/content/19679/19585/lekc.files/image003.gif,http://cdo.keu.kz/content/19679/19585/lekc.files/image004.jpg,http://cdo.keu.kz/content/19679/19585/lekc.files/image005.jpg,,,,,,,,,,,,,,,,,,,,,,,,,,,,,,,,,,,,,,,,,,,,,,,,,,,,,,,,,,,,,,,,,,,
http://cdo.keu.kz/content/19680/19586/test.htm,,,,,,,,,,,,,,,,,,,,,,,,,,,,,,,,,,,,,,,,,,,,,,,,,,,,,,,,,,,,,,,,,,,,,,,,,,,,,,,,,,,,,,,,,,,,,,,,,,,,
http://cdo.keu.kz/content/19681/19587/19587.htm,http://cdo.keu.kz/content/19681/19587/63041/63041.htm,http://cdo.keu.kz/content/19681/19587/63042/63042.htm,http://cdo.keu.kz/content/19681/19587/63043/63043.htm,http://cdo.keu.kz/content/19681/19587/63044/63044.htm,http://cdo.keu.kz/content/19681/19587/63045/63045.htm,http://cdo.keu.kz/content/19681/19587/63046/63046.htm,http://cdo.keu.kz/content/19681/19587/63047/63047.htm,http://cdo.keu.kz/content/19681/19587/63048/63048.htm,http://cdo.keu.kz/content/19681/19587/63049/63049.htm,http://cdo.keu.kz/content/19681/19587/63050/63050.htm,http://cdo.keu.kz/content/19681/19587/63051/63051.htm,http://cdo.keu.kz/content/19681/19587/63052/63052.htm,,,,,,,,,,,,,,,,,,,,,,,,,,,,,,,,,,,,,,,,,,,,,,,,,,,,,,,,,,,,,,,,,,,,,,,,,,,,,,,,,,,,,,,,
http://cdo.keu.kz/content/19682/19588/19588.htm,,,,,,,,,,,,,,,,,,,,,,,,,,,,,,,,,,,,,,,,,,,,,,,,,,,,,,,,,,,,,,,,,,,,,,,,,,,,,,,,,,,,,,,,,,,,,,,,,,,,
http://cdo.keu.kz/content/19683/19589/test%20kaz.htm,,,,,,,,,,,,,,,,,,,,,,,,,,,,,,,,,,,,,,,,,,,,,,,,,,,,,,,,,,,,,,,,,,,,,,,,,,,,,,,,,,,,,,,,,,,,,,,,,,,,
http://cdo.keu.kz/content/19684/19590/19590.htm,http://cdo.keu.kz/content/19684/19590/63053/63053.htm,http://cdo.keu.kz/content/19684/19590/63054/63054.htm,http://cdo.keu.kz/content/19684/19590/63055/63055.htm,http://cdo.keu.kz/content/19684/19590/63056/63056.htm,http://cdo.keu.kz/content/19684/19590/63057/63057.htm,http://cdo.keu.kz/content/19684/19590/63058/63058.htm,http://cdo.keu.kz/content/19684/19590/63059/63059.htm,http://cdo.keu.kz/content/19684/19590/63060/63060.htm,http://cdo.keu.kz/content/19684/19590/63061/63061.htm,http://cdo.keu.kz/content/19684/19590/63062/63062.htm,http://cdo.keu.kz/content/19684/19590/63063/63063.htm,http://cdo.keu.kz/content/19684/19590/63064/63064.htm,http://cdo.keu.kz/content/19684/19590/63065/63065.htm,http://cdo.keu.kz/content/19684/19590/63066/63066.htm,http://cdo.keu.kz/content/19684/19590/63067/63067.htm,http://cdo.keu.kz/content/19684/19590/63068/63068.htm,http://cdo.keu.kz/content/19684/19590/63069/63069.htm,,,,,,,,,,,,,,,,,,,,,,,,,,,,,,,,,,,,,,,,,,,,,,,,,,,,,,,,,,,,,,,,,,,,,,,,,,,,,,,,,,,
http://cdo.keu.kz/content/19685/19591/test%20kz.htm,,,,,,,,,,,,,,,,,,,,,,,,,,,,,,,,,,,,,,,,,,,,,,,,,,,,,,,,,,,,,,,,,,,,,,,,,,,,,,,,,,,,,,,,,,,,,,,,,,,,
http://cdo.keu.kz/content/19686/19592/19592.htm,http://cdo.keu.kz/content/19686/19592/63070/63070.htm,http://cdo.keu.kz/content/19686/19592/63071/63071.htm,http://cdo.keu.kz/content/19686/19592/63072/63072.htm,http://cdo.keu.kz/content/19686/19592/63073/63073.htm,http://cdo.keu.kz/content/19686/19592/63074/63074.htm,http://cdo.keu.kz/content/19686/19592/63075/63075.htm,http://cdo.keu.kz/content/19686/19592/63076/63076.htm,http://cdo.keu.kz/content/19686/19592/63077/63077.htm,http://cdo.keu.kz/content/19686/19592/63078/63078.htm,http://cdo.keu.kz/content/19686/19592/63079/63079.htm,,,,,,,,,,,,,,,,,,,,,,,,,,,,,,,,,,,,,,,,,,,,,,,,,,,,,,,,,,,,,,,,,,,,,,,,,,,,,,,,,,,,,,,,,,
http://cdo.keu.kz/content/19687/19593/test.htm,,,,,,,,,,,,,,,,,,,,,,,,,,,,,,,,,,,,,,,,,,,,,,,,,,,,,,,,,,,,,,,,,,,,,,,,,,,,,,,,,,,,,,,,,,,,,,,,,,,,
http://cdo.keu.kz/content/19688/19594/19594.htm,http://cdo.keu.kz/content/19688/19594/63080/63080.htm,http://cdo.keu.kz/content/19688/19594/63081/63081.htm,http://cdo.keu.kz/content/19688/19594/63082/63082.htm,http://cdo.keu.kz/content/19688/19594/63083/63083.htm,http://cdo.keu.kz/content/19688/19594/63084/63084.htm,http://cdo.keu.kz/content/19688/19594/63085/63085.htm,http://cdo.keu.kz/content/19688/19594/63086/63086.htm,http://cdo.keu.kz/content/19688/19594/63087/63087.htm,http://cdo.keu.kz/content/19688/19594/63088/63088.htm,http://cdo.keu.kz/content/19688/19594/63089/63089.htm,http://cdo.keu.kz/content/19688/19594/63090/63090.htm,http://cdo.keu.kz/content/19688/19594/63091/63091.htm,http://cdo.keu.kz/content/19688/19594/63092/63092.htm,http://cdo.keu.kz/content/19688/19594/63093/63093.htm,http://cdo.keu.kz/content/19688/19594/63094/63094.htm,http://cdo.keu.kz/content/19688/19594/63095/63095.htm,http://cdo.keu.kz/content/19688/19594/63096/63096.htm,http://cdo.keu.kz/content/19688/19594/63097/63097.htm,http://cdo.keu.kz/content/19688/19594/63098/63098.htm,http://cdo.keu.kz/content/19688/19594/63099/63099.htm,http://cdo.keu.kz/content/19688/19594/63100/63100.htm,http://cdo.keu.kz/content/19688/19594/63101/63101.htm,,,,,,,,,,,,,,,,,,,,,,,,,,,,,,,,,,,,,,,,,,,,,,,,,,,,,,,,,,,,,,,,,,,,,,,,,,,,,,
http://cdo.keu.kz/content/19689/19595/test.htm,,,,,,,,,,,,,,,,,,,,,,,,,,,,,,,,,,,,,,,,,,,,,,,,,,,,,,,,,,,,,,,,,,,,,,,,,,,,,,,,,,,,,,,,,,,,,,,,,,,,
http://cdo.keu.kz/content/19690/19596/19596.htm,http://cdo.keu.kz/content/19690/19596/63102/63102.htm,http://cdo.keu.kz/content/19690/19596/63103/63103.htm,http://cdo.keu.kz/content/19690/19596/63104/63104.htm,http://cdo.keu.kz/content/19690/19596/63105/63105.htm,http://cdo.keu.kz/content/19690/19596/63106/63106.htm,http://cdo.keu.kz/content/19690/19596/63107/63107.htm,http://cdo.keu.kz/content/19690/19596/63108/63108.htm,http://cdo.keu.kz/content/19690/19596/63109/63109.htm,http://cdo.keu.kz/content/19690/19596/63110/63110.htm,http://cdo.keu.kz/content/19690/19596/63111/63111.htm,http://cdo.keu.kz/content/19690/19596/63112/63112.htm,http://cdo.keu.kz/content/19690/19596/63113/63113.htm,http://cdo.keu.kz/content/19690/19596/63114/63114.htm,http://cdo.keu.kz/content/19690/19596/63115/63115.htm,http://cdo.keu.kz/content/19690/19596/63116/63116.htm,http://cdo.keu.kz/content/19690/19596/63117/63117.htm,http://cdo.keu.kz/content/19690/19596/63118/63118.htm,http://cdo.keu.kz/content/19690/19596/63119/63119.htm,,,,,,,,,,,,,,,,,,,,,,,,,,,,,,,,,,,,,,,,,,,,,,,,,,,,,,,,,,,,,,,,,,,,,,,,,,,,,,,,,,
http://cdo.keu.kz/content/19691/19597/test.htm,,,,,,,,,,,,,,,,,,,,,,,,,,,,,,,,,,,,,,,,,,,,,,,,,,,,,,,,,,,,,,,,,,,,,,,,,,,,,,,,,,,,,,,,,,,,,,,,,,,,
http://cdo.keu.kz/content/19692/19598/19598.htm,http://cdo.keu.kz/content/19692/19598/63120/63120.htm,http://cdo.keu.kz/content/19692/19598/63121/63121.htm,http://cdo.keu.kz/content/19692/19598/63122/63122.htm,http://cdo.keu.kz/content/19692/19598/63123/63123.htm,http://cdo.keu.kz/content/19692/19598/63124/63124.htm,http://cdo.keu.kz/content/19692/19598/63125/63125.htm,http://cdo.keu.kz/content/19692/19598/63126/63126.htm,http://cdo.keu.kz/content/19692/19598/63127/63127.htm,http://cdo.keu.kz/content/19692/19598/63128/63128.htm,http://cdo.keu.kz/content/19692/19598/63129/63129.htm,http://cdo.keu.kz/content/19692/19598/63130/63130.htm,http://cdo.keu.kz/content/19692/19598/63131/63131.htm,http://cdo.keu.kz/content/19692/19598/63132/63132.htm,http://cdo.keu.kz/content/19692/19598/63133/63133.htm,http://cdo.keu.kz/content/19692/19598/63134/63134.htm,http://cdo.keu.kz/content/19692/19598/63135/63135.htm,http://cdo.keu.kz/content/19692/19598/63136/63136.htm,http://cdo.keu.kz/content/19692/19598/63137/63137.htm,http://cdo.keu.kz/content/19692/19598/63138/63138.htm,http://cdo.keu.kz/content/19692/19598/63139/63139.htm,http://cdo.keu.kz/content/19692/19598/63140/63140.htm,,,,,,,,,,,,,,,,,,,,,,,,,,,,,,,,,,,,,,,,,,,,,,,,,,,,,,,,,,,,,,,,,,,,,,,,,,,,,,,
http://cdo.keu.kz/content/19693/19599/test.htm,,,,,,,,,,,,,,,,,,,,,,,,,,,,,,,,,,,,,,,,,,,,,,,,,,,,,,,,,,,,,,,,,,,,,,,,,,,,,,,,,,,,,,,,,,,,,,,,,,,,
http://cdo.keu.kz/content/19694/19600/19600.htm,http://cdo.keu.kz/content/19694/19600/63141/63141.htm,http://cdo.keu.kz/content/19694/19600/63142/63142.htm,http://cdo.keu.kz/content/19694/19600/63143/63143.htm,http://cdo.keu.kz/content/19694/19600/63144/63144.htm,http://cdo.keu.kz/content/19694/19600/63145/63145.htm,http://cdo.keu.kz/content/19694/19600/63146/63146.htm,http://cdo.keu.kz/content/19694/19600/63147/63147.htm,http://cdo.keu.kz/content/19694/19600/63148/63148.htm,http://cdo.keu.kz/content/19694/19600/63149/63149.htm,http://cdo.keu.kz/content/19694/19600/63150/63150.htm,http://cdo.keu.kz/content/19694/19600/63151/63151.htm,http://cdo.keu.kz/content/19694/19600/63152/63152.htm,http://cdo.keu.kz/content/19694/19600/63153/63153.htm,http://cdo.keu.kz/content/19694/19600/63154/63154.htm,http://cdo.keu.kz/content/19694/19600/63155/63155.htm,http://cdo.keu.kz/content/19694/19600/63156/63156.htm,http://cdo.keu.kz/content/19694/19600/63157/63157.htm,http://cdo.keu.kz/content/19694/19600/63158/63158.htm,http://cdo.keu.kz/content/19694/19600/63159/63159.htm,http://cdo.keu.kz/content/19694/19600/63160/63160.htm,http://cdo.keu.kz/content/19694/19600/63161/63161.htm,http://cdo.keu.kz/content/19694/19600/63162/63162.htm,http://cdo.keu.kz/content/19694/19600/63163/63163.htm,http://cdo.keu.kz/content/19694/19600/63164/63164.htm,http://cdo.keu.kz/content/19694/19600/63165/63165.htm,http://cdo.keu.kz/content/19694/19600/63166/63166.htm,http://cdo.keu.kz/content/19694/19600/63167/63167.htm,http://cdo.keu.kz/content/19694/19600/63168/63168.htm,http://cdo.keu.kz/content/19694/19600/63169/63169.htm,http://cdo.keu.kz/content/19694/19600/63170/63170.htm,http://cdo.keu.kz/content/19694/19600/63171/63171.htm,http://cdo.keu.kz/content/19694/19600/63172/63172.htm,http://cdo.keu.kz/content/19694/19600/63173/63173.htm,http://cdo.keu.kz/content/19694/19600/63174/63174.htm,http://cdo.keu.kz/content/19694/19600/63175/63175.htm,http://cdo.keu.kz/content/19694/19600/63176/63176.htm,http://cdo.keu.kz/content/19694/19600/63177/63177.htm,http://cdo.keu.kz/content/19694/19600/63178/63178.htm,http://cdo.keu.kz/content/19694/19600/63179/63179.htm,http://cdo.keu.kz/content/19694/19600/63180/63180.htm,http://cdo.keu.kz/content/19694/19600/63181/63181.htm,http://cdo.keu.kz/content/19694/19600/63182/63182.htm,http://cdo.keu.kz/content/19694/19600/63183/63183.htm,http://cdo.keu.kz/content/19694/19600/63184/63184.htm,http://cdo.keu.kz/content/19694/19600/63185/63185.htm,http://cdo.keu.kz/content/19694/19600/63186/63186.htm,http://cdo.keu.kz/content/19694/19600/63187/63187.htm,http://cdo.keu.kz/content/19694/19600/63188/63188.htm,,,,,,,,,,,,,,,,,,,,,,,,,,,,,,,,,,,,,,,,,,,,,,,,,,,,
http://cdo.keu.kz/content/19695/19601/test.htm,,,,,,,,,,,,,,,,,,,,,,,,,,,,,,,,,,,,,,,,,,,,,,,,,,,,,,,,,,,,,,,,,,,,,,,,,,,,,,,,,,,,,,,,,,,,,,,,,,,,
http://cdo.keu.kz/content/19696/19602/19602.htm,http://cdo.keu.kz/content/19696/19602/63189/63189.htm,http://cdo.keu.kz/content/19696/19602/63190/63190.htm,http://cdo.keu.kz/content/19696/19602/63191/63191.htm,http://cdo.keu.kz/content/19696/19602/63192/63192.htm,http://cdo.keu.kz/content/19696/19602/63193/63193.htm,http://cdo.keu.kz/content/19696/19602/63194/63194.htm,http://cdo.keu.kz/content/19696/19602/63195/63195.htm,http://cdo.keu.kz/content/19696/19602/63196/63196.htm,http://cdo.keu.kz/content/19696/19602/63197/63197.htm,http://cdo.keu.kz/content/19696/19602/63198/63198.htm,http://cdo.keu.kz/content/19696/19602/63199/63199.htm,http://cdo.keu.kz/content/19696/19602/63200/63200.htm,http://cdo.keu.kz/content/19696/19602/63201/63201.htm,http://cdo.keu.kz/content/19696/19602/63202/63202.htm,http://cdo.keu.kz/content/19696/19602/63203/63203.htm,http://cdo.keu.kz/content/19696/19602/63204/63204.htm,http://cdo.keu.kz/content/19696/19602/63205/63205.htm,,,,,,,,,,,,,,,,,,,,,,,,,,,,,,,,,,,,,,,,,,,,,,,,,,,,,,,,,,,,,,,,,,,,,,,,,,,,,,,,,,,
http://cdo.keu.kz/content/19697/19603/test.htm,,,,,,,,,,,,,,,,,,,,,,,,,,,,,,,,,,,,,,,,,,,,,,,,,,,,,,,,,,,,,,,,,,,,,,,,,,,,,,,,,,,,,,,,,,,,,,,,,,,,
http://cdo.keu.kz/content/19698/19604/test%20kaz%2018-19.htm,,,,,,,,,,,,,,,,,,,,,,,,,,,,,,,,,,,,,,,,,,,,,,,,,,,,,,,,,,,,,,,,,,,,,,,,,,,,,,,,,,,,,,,,,,,,,,,,,,,,
http://cdo.keu.kz/content/19699/19605/19605.htm,http://cdo.keu.kz/content/19699/19605/63206/63206.htm,http://cdo.keu.kz/content/19699/19605/63207/63207.htm,http://cdo.keu.kz/content/19699/19605/63208/63208.htm,http://cdo.keu.kz/content/19699/19605/63209/63209.htm,http://cdo.keu.kz/content/19699/19605/63210/63210.htm,http://cdo.keu.kz/content/19699/19605/63211/63211.htm,http://cdo.keu.kz/content/19699/19605/63212/63212.htm,http://cdo.keu.kz/content/19699/19605/63213/63213.htm,http://cdo.keu.kz/content/19699/19605/63214/63214.htm,http://cdo.keu.kz/content/19699/19605/63215/63215.htm,http://cdo.keu.kz/content/19699/19605/63216/63216.htm,http://cdo.keu.kz/content/19699/19605/63217/63217.htm,http://cdo.keu.kz/content/19699/19605/63218/63218.htm,http://cdo.keu.kz/content/19699/19605/63219/63219.htm,http://cdo.keu.kz/content/19699/19605/63220/63220.htm,,,,,,,,,,,,,,,,,,,,,,,,,,,,,,,,,,,,,,,,,,,,,,,,,,,,,,,,,,,,,,,,,,,,,,,,,,,,,,,,,,,,,
http://cdo.keu.kz/content/19700/19606/test.htm,,,,,,,,,,,,,,,,,,,,,,,,,,,,,,,,,,,,,,,,,,,,,,,,,,,,,,,,,,,,,,,,,,,,,,,,,,,,,,,,,,,,,,,,,,,,,,,,,,,,
