0,1,2,3,4,5,6,7,8,9,10,11,12,13,14,15,16,17,18,19,20,21,22,23,24,25,26,27,28,29,30,31,32,33,34,35,36,37,38,39,40,41,42,43,44,45,46,47,48,49,50,51,52,53,54,55,56,57,58,59,60,61,62,63,64,65,66,67,68,69,70,71,72,73,74,75
http://cdo.keu.kz/content/10101/10174/2r.files/colorschememapping.xml,http://cdo.keu.kz/content/10101/10174/2r.files/filelist.xml,http://cdo.keu.kz/content/10101/10174/2r.files/themedata.thmx,http://cdo.keu.kz/content/10101/10174/2r.htm,,,,,,,,,,,,,,,,,,,,,,,,,,,,,,,,,,,,,,,,,,,,,,,,,,,,,,,,,,,,,,,,,,,,,,,,
http://cdo.keu.kz/content/10102/10175/14.12.2010(N)2.htm,,,,,,,,,,,,,,,,,,,,,,,,,,,,,,,,,,,,,,,,,,,,,,,,,,,,,,,,,,,,,,,,,,,,,,,,,,,
http://cdo.keu.kz/content/10103/10176/itog.files/colorschememapping.xml,http://cdo.keu.kz/content/10103/10176/itog.files/filelist.xml,http://cdo.keu.kz/content/10103/10176/itog.files/themedata.thmx,http://cdo.keu.kz/content/10103/10176/itog.htm,,,,,,,,,,,,,,,,,,,,,,,,,,,,,,,,,,,,,,,,,,,,,,,,,,,,,,,,,,,,,,,,,,,,,,,,
http://cdo.keu.kz/content/10104/10177/14.12.2010(N)1.htm,,,,,,,,,,,,,,,,,,,,,,,,,,,,,,,,,,,,,,,,,,,,,,,,,,,,,,,,,,,,,,,,,,,,,,,,,,,
http://cdo.keu.kz/content/10105/10178/14.12.2010(N)1.htm,,,,,,,,,,,,,,,,,,,,,,,,,,,,,,,,,,,,,,,,,,,,,,,,,,,,,,,,,,,,,,,,,,,,,,,,,,,
http://cdo.keu.kz/content/10106/10179/itoq.files/colorschememapping.xml,http://cdo.keu.kz/content/10106/10179/itoq.files/filelist.xml,http://cdo.keu.kz/content/10106/10179/itoq.files/themedata.thmx,http://cdo.keu.kz/content/10106/10179/itoq.htm,,,,,,,,,,,,,,,,,,,,,,,,,,,,,,,,,,,,,,,,,,,,,,,,,,,,,,,,,,,,,,,,,,,,,,,,
http://cdo.keu.kz/content/10107/10180/14.12.2010(N)2.htm,,,,,,,,,,,,,,,,,,,,,,,,,,,,,,,,,,,,,,,,,,,,,,,,,,,,,,,,,,,,,,,,,,,,,,,,,,,
http://cdo.keu.kz/content/10108/10181/14.12.2010(N)2.htm,,,,,,,,,,,,,,,,,,,,,,,,,,,,,,,,,,,,,,,,,,,,,,,,,,,,,,,,,,,,,,,,,,,,,,,,,,,
http://cdo.keu.kz/content/10109/10182/14.12.2010(N)2.htm,,,,,,,,,,,,,,,,,,,,,,,,,,,,,,,,,,,,,,,,,,,,,,,,,,,,,,,,,,,,,,,,,,,,,,,,,,,
http://cdo.keu.kz/content/10110/10183/14.12.2010(N).itog.htm,,,,,,,,,,,,,,,,,,,,,,,,,,,,,,,,,,,,,,,,,,,,,,,,,,,,,,,,,,,,,,,,,,,,,,,,,,,
http://cdo.keu.kz/content/10111/10184/1.htm,,,,,,,,,,,,,,,,,,,,,,,,,,,,,,,,,,,,,,,,,,,,,,,,,,,,,,,,,,,,,,,,,,,,,,,,,,,
http://cdo.keu.kz/content/10112/10185/2.htm,,,,,,,,,,,,,,,,,,,,,,,,,,,,,,,,,,,,,,,,,,,,,,,,,,,,,,,,,,,,,,,,,,,,,,,,,,,
http://cdo.keu.kz/content/10113/10186/it.htm,,,,,,,,,,,,,,,,,,,,,,,,,,,,,,,,,,,,,,,,,,,,,,,,,,,,,,,,,,,,,,,,,,,,,,,,,,,
http://cdo.keu.kz/content/10114/10187/1.htm,,,,,,,,,,,,,,,,,,,,,,,,,,,,,,,,,,,,,,,,,,,,,,,,,,,,,,,,,,,,,,,,,,,,,,,,,,,
http://cdo.keu.kz/content/10115/10188/2.htm,,,,,,,,,,,,,,,,,,,,,,,,,,,,,,,,,,,,,,,,,,,,,,,,,,,,,,,,,,,,,,,,,,,,,,,,,,,
http://cdo.keu.kz/content/10116/10189/1rub.files/colorschememapping.xml,http://cdo.keu.kz/content/10116/10189/1rub.files/filelist.xml,http://cdo.keu.kz/content/10116/10189/1rub.files/image001.wmz,http://cdo.keu.kz/content/10116/10189/1rub.files/image002.gif,http://cdo.keu.kz/content/10116/10189/1rub.files/image003.wmz,http://cdo.keu.kz/content/10116/10189/1rub.files/image004.gif,http://cdo.keu.kz/content/10116/10189/1rub.files/oledata.mso,http://cdo.keu.kz/content/10116/10189/1rub.files/themedata.thmx,http://cdo.keu.kz/content/10116/10189/1rub.htm,,,,,,,,,,,,,,,,,,,,,,,,,,,,,,,,,,,,,,,,,,,,,,,,,,,,,,,,,,,,,,,,,,,
http://cdo.keu.kz/content/10117/10190/it.htm,,,,,,,,,,,,,,,,,,,,,,,,,,,,,,,,,,,,,,,,,,,,,,,,,,,,,,,,,,,,,,,,,,,,,,,,,,,
http://cdo.keu.kz/content/10118/10191/10191.htm,http://cdo.keu.kz/content/10118/10191/lek.files/filelist.xml,http://cdo.keu.kz/content/10118/10191/lek.files/image001.png,http://cdo.keu.kz/content/10118/10191/lek.files/image002.jpg,http://cdo.keu.kz/content/10118/10191/lek.files/image003.png,http://cdo.keu.kz/content/10118/10191/lek.files/image004.jpg,http://cdo.keu.kz/content/10118/10191/lek.files/image005.png,http://cdo.keu.kz/content/10118/10191/lek.files/image006.jpg,http://cdo.keu.kz/content/10118/10191/lek.files/image007.png,http://cdo.keu.kz/content/10118/10191/lek.files/image008.jpg,http://cdo.keu.kz/content/10118/10191/lek.files/image009.png,http://cdo.keu.kz/content/10118/10191/lek.files/image010.jpg,http://cdo.keu.kz/content/10118/10191/lek.files/image011.png,http://cdo.keu.kz/content/10118/10191/lek.files/image012.jpg,http://cdo.keu.kz/content/10118/10191/lek.files/image013.png,http://cdo.keu.kz/content/10118/10191/lek.files/image014.jpg,http://cdo.keu.kz/content/10118/10191/lek.files/image015.png,http://cdo.keu.kz/content/10118/10191/lek.files/image016.jpg,http://cdo.keu.kz/content/10118/10191/lek.files/image017.png,http://cdo.keu.kz/content/10118/10191/lek.files/image018.jpg,http://cdo.keu.kz/content/10118/10191/lek.files/image019.png,http://cdo.keu.kz/content/10118/10191/lek.files/image020.jpg,http://cdo.keu.kz/content/10118/10191/lek.files/image021.png,http://cdo.keu.kz/content/10118/10191/lek.files/image022.jpg,http://cdo.keu.kz/content/10118/10191/lek.files/image023.gif,http://cdo.keu.kz/content/10118/10191/lek.files/image024.gif,http://cdo.keu.kz/content/10118/10191/lek.files/image025.gif,http://cdo.keu.kz/content/10118/10191/lek.files/image026.gif,http://cdo.keu.kz/content/10118/10191/lek.files/image027.gif,http://cdo.keu.kz/content/10118/10191/lek.files/image028.gif,http://cdo.keu.kz/content/10118/10191/lek.files/image029.png,http://cdo.keu.kz/content/10118/10191/lek.files/image030.jpg,http://cdo.keu.kz/content/10118/10191/lek.files/image031.png,http://cdo.keu.kz/content/10118/10191/lek.files/image032.jpg,http://cdo.keu.kz/content/10118/10191/lek.files/image033.wmz,http://cdo.keu.kz/content/10118/10191/lek.files/image034.gif,http://cdo.keu.kz/content/10118/10191/lek.files/image035.png,http://cdo.keu.kz/content/10118/10191/lek.files/image036.jpg,http://cdo.keu.kz/content/10118/10191/lek.files/image037.png,http://cdo.keu.kz/content/10118/10191/lek.files/image038.jpg,http://cdo.keu.kz/content/10118/10191/lek.files/image039.png,http://cdo.keu.kz/content/10118/10191/lek.files/image040.jpg,http://cdo.keu.kz/content/10118/10191/lek.files/image041.png,http://cdo.keu.kz/content/10118/10191/lek.files/image042.jpg,http://cdo.keu.kz/content/10118/10191/lek.files/image043.png,http://cdo.keu.kz/content/10118/10191/lek.files/image044.jpg,http://cdo.keu.kz/content/10118/10191/lek.files/image045.png,http://cdo.keu.kz/content/10118/10191/lek.files/image046.jpg,http://cdo.keu.kz/content/10118/10191/lek.files/image047.png,http://cdo.keu.kz/content/10118/10191/lek.files/image048.jpg,http://cdo.keu.kz/content/10118/10191/lek.files/image049.png,http://cdo.keu.kz/content/10118/10191/lek.files/image050.jpg,http://cdo.keu.kz/content/10118/10191/lek.files/image051.png,http://cdo.keu.kz/content/10118/10191/lek.files/image052.jpg,http://cdo.keu.kz/content/10118/10191/lek.files/image053.png,http://cdo.keu.kz/content/10118/10191/lek.files/image054.jpg,http://cdo.keu.kz/content/10118/10191/lek.files/image055.png,http://cdo.keu.kz/content/10118/10191/lek.files/image056.jpg,http://cdo.keu.kz/content/10118/10191/lek.files/image057.png,http://cdo.keu.kz/content/10118/10191/lek.files/image058.jpg,http://cdo.keu.kz/content/10118/10191/lek.files/image059.png,http://cdo.keu.kz/content/10118/10191/lek.files/image060.jpg,http://cdo.keu.kz/content/10118/10191/lek.files/image061.png,http://cdo.keu.kz/content/10118/10191/lek.files/image062.jpg,http://cdo.keu.kz/content/10118/10191/lek.files/image063.gif,http://cdo.keu.kz/content/10118/10191/lek.files/image064.png,http://cdo.keu.kz/content/10118/10191/lek.files/image065.jpg,http://cdo.keu.kz/content/10118/10191/lek.files/image066.png,http://cdo.keu.kz/content/10118/10191/lek.files/image067.jpg,http://cdo.keu.kz/content/10118/10191/lek.files/image068.png,http://cdo.keu.kz/content/10118/10191/lek.files/image069.jpg,http://cdo.keu.kz/content/10118/10191/lek.files/image070.png,http://cdo.keu.kz/content/10118/10191/lek.files/image071.jpg,http://cdo.keu.kz/content/10118/10191/lek.files/image072.gif,http://cdo.keu.kz/content/10118/10191/lek.files/oledata.mso,http://cdo.keu.kz/content/10118/10191/lek.htm
http://cdo.keu.kz/content/10119/10192/1r.files/colorschememapping.xml,http://cdo.keu.kz/content/10119/10192/1r.files/filelist.xml,http://cdo.keu.kz/content/10119/10192/1r.files/themedata.thmx,http://cdo.keu.kz/content/10119/10192/1r.htm,,,,,,,,,,,,,,,,,,,,,,,,,,,,,,,,,,,,,,,,,,,,,,,,,,,,,,,,,,,,,,,,,,,,,,,,
http://cdo.keu.kz/content/10120/10193/1rub.htm,,,,,,,,,,,,,,,,,,,,,,,,,,,,,,,,,,,,,,,,,,,,,,,,,,,,,,,,,,,,,,,,,,,,,,,,,,,
http://cdo.keu.kz/content/10121/10194/2rub.files/colorschememapping.xml,http://cdo.keu.kz/content/10121/10194/2rub.files/filelist.xml,http://cdo.keu.kz/content/10121/10194/2rub.files/themedata.thmx,http://cdo.keu.kz/content/10121/10194/2rub.htm,,,,,,,,,,,,,,,,,,,,,,,,,,,,,,,,,,,,,,,,,,,,,,,,,,,,,,,,,,,,,,,,,,,,,,,,
http://cdo.keu.kz/content/10122/10195/itog.files/colorschememapping.xml,http://cdo.keu.kz/content/10122/10195/itog.files/filelist.xml,http://cdo.keu.kz/content/10122/10195/itog.files/image001.wmz,http://cdo.keu.kz/content/10122/10195/itog.files/image002.gif,http://cdo.keu.kz/content/10122/10195/itog.files/image003.wmz,http://cdo.keu.kz/content/10122/10195/itog.files/image004.gif,http://cdo.keu.kz/content/10122/10195/itog.files/oledata.mso,http://cdo.keu.kz/content/10122/10195/itog.files/themedata.thmx,http://cdo.keu.kz/content/10122/10195/itog.htm,,,,,,,,,,,,,,,,,,,,,,,,,,,,,,,,,,,,,,,,,,,,,,,,,,,,,,,,,,,,,,,,,,,
http://cdo.keu.kz/content/10123/10196/2rub.htm,,,,,,,,,,,,,,,,,,,,,,,,,,,,,,,,,,,,,,,,,,,,,,,,,,,,,,,,,,,,,,,,,,,,,,,,,,,
http://cdo.keu.kz/content/10124/10197/itog.htm,,,,,,,,,,,,,,,,,,,,,,,,,,,,,,,,,,,,,,,,,,,,,,,,,,,,,,,,,,,,,,,,,,,,,,,,,,,
http://cdo.keu.kz/content/10125/10198/1.htm,,,,,,,,,,,,,,,,,,,,,,,,,,,,,,,,,,,,,,,,,,,,,,,,,,,,,,,,,,,,,,,,,,,,,,,,,,,
http://cdo.keu.kz/content/10126/10199/2r.files/colorschememapping.xml,http://cdo.keu.kz/content/10126/10199/2r.files/filelist.xml,http://cdo.keu.kz/content/10126/10199/2r.files/themedata.thmx,http://cdo.keu.kz/content/10126/10199/2r.htm,,,,,,,,,,,,,,,,,,,,,,,,,,,,,,,,,,,,,,,,,,,,,,,,,,,,,,,,,,,,,,,,,,,,,,,,
http://cdo.keu.kz/content/10127/10200/14.12.2010(N)1.htm,,,,,,,,,,,,,,,,,,,,,,,,,,,,,,,,,,,,,,,,,,,,,,,,,,,,,,,,,,,,,,,,,,,,,,,,,,,
http://cdo.keu.kz/content/10128/10201/14.12.2010(N)2.htm,,,,,,,,,,,,,,,,,,,,,,,,,,,,,,,,,,,,,,,,,,,,,,,,,,,,,,,,,,,,,,,,,,,,,,,,,,,
http://cdo.keu.kz/content/10129/10202/itog.files/colorschememapping.xml,http://cdo.keu.kz/content/10129/10202/itog.files/filelist.xml,http://cdo.keu.kz/content/10129/10202/itog.files/themedata.thmx,http://cdo.keu.kz/content/10129/10202/itog.htm,,,,,,,,,,,,,,,,,,,,,,,,,,,,,,,,,,,,,,,,,,,,,,,,,,,,,,,,,,,,,,,,,,,,,,,,
http://cdo.keu.kz/content/10130/10203/14.12.2010(N)1.htm,,,,,,,,,,,,,,,,,,,,,,,,,,,,,,,,,,,,,,,,,,,,,,,,,,,,,,,,,,,,,,,,,,,,,,,,,,,
http://cdo.keu.kz/content/10131/10204/2.htm,,,,,,,,,,,,,,,,,,,,,,,,,,,,,,,,,,,,,,,,,,,,,,,,,,,,,,,,,,,,,,,,,,,,,,,,,,,
http://cdo.keu.kz/content/10132/10205/14.12.2010(N)2.htm,,,,,,,,,,,,,,,,,,,,,,,,,,,,,,,,,,,,,,,,,,,,,,,,,,,,,,,,,,,,,,,,,,,,,,,,,,,
http://cdo.keu.kz/content/10133/10206/14.12.2010(N)2.htm,,,,,,,,,,,,,,,,,,,,,,,,,,,,,,,,,,,,,,,,,,,,,,,,,,,,,,,,,,,,,,,,,,,,,,,,,,,
http://cdo.keu.kz/content/10134/10207/1q.files/colorschememapping.xml,http://cdo.keu.kz/content/10134/10207/1q.files/filelist.xml,http://cdo.keu.kz/content/10134/10207/1q.files/themedata.thmx,http://cdo.keu.kz/content/10134/10207/1q.htm,,,,,,,,,,,,,,,,,,,,,,,,,,,,,,,,,,,,,,,,,,,,,,,,,,,,,,,,,,,,,,,,,,,,,,,,
http://cdo.keu.kz/content/10135/10208/14.12.2010(N)itog.htm,,,,,,,,,,,,,,,,,,,,,,,,,,,,,,,,,,,,,,,,,,,,,,,,,,,,,,,,,,,,,,,,,,,,,,,,,,,
http://cdo.keu.kz/content/10136/10209/q.htm,,,,,,,,,,,,,,,,,,,,,,,,,,,,,,,,,,,,,,,,,,,,,,,,,,,,,,,,,,,,,,,,,,,,,,,,,,,
http://cdo.keu.kz/content/10137/10210/2q.files/colorschememapping.xml,http://cdo.keu.kz/content/10137/10210/2q.files/filelist.xml,http://cdo.keu.kz/content/10137/10210/2q.files/themedata.thmx,http://cdo.keu.kz/content/10137/10210/2q.htm,,,,,,,,,,,,,,,,,,,,,,,,,,,,,,,,,,,,,,,,,,,,,,,,,,,,,,,,,,,,,,,,,,,,,,,,
http://cdo.keu.kz/content/10138/10211/10211.htm,http://cdo.keu.kz/content/10138/10211/28027/28027.htm,http://cdo.keu.kz/content/10138/10211/28028/28028.htm,http://cdo.keu.kz/content/10138/10211/28029/28029.htm,http://cdo.keu.kz/content/10138/10211/28030/28030.htm,http://cdo.keu.kz/content/10138/10211/28031/28031.htm,http://cdo.keu.kz/content/10138/10211/28032/28032.htm,http://cdo.keu.kz/content/10138/10211/28033/28033.htm,http://cdo.keu.kz/content/10138/10211/28034/28034.htm,http://cdo.keu.kz/content/10138/10211/28035/28035.htm,http://cdo.keu.kz/content/10138/10211/28036/28036.htm,http://cdo.keu.kz/content/10138/10211/28037/28037.htm,http://cdo.keu.kz/content/10138/10211/28038/28038.htm,http://cdo.keu.kz/content/10138/10211/28039/28039.htm,http://cdo.keu.kz/content/10138/10211/lek.files/image001.jpg,http://cdo.keu.kz/content/10138/10211/lek.files/image002.jpg,http://cdo.keu.kz/content/10138/10211/lek.files/image003.jpg,http://cdo.keu.kz/content/10138/10211/lek.files/image004.jpg,http://cdo.keu.kz/content/10138/10211/lek.files/image005.jpg,http://cdo.keu.kz/content/10138/10211/lek.files/image006.jpg,http://cdo.keu.kz/content/10138/10211/lek.files/image007.jpg,http://cdo.keu.kz/content/10138/10211/lek.files/image008.jpg,http://cdo.keu.kz/content/10138/10211/lek.files/image009.jpg,http://cdo.keu.kz/content/10138/10211/lek.files/image010.jpg,http://cdo.keu.kz/content/10138/10211/lek.files/image011.jpg,http://cdo.keu.kz/content/10138/10211/lek.files/image012.jpg,http://cdo.keu.kz/content/10138/10211/lek.files/image013.jpg,http://cdo.keu.kz/content/10138/10211/lek.files/image014.gif,http://cdo.keu.kz/content/10138/10211/lek.files/image015.jpg,http://cdo.keu.kz/content/10138/10211/lek.files/image016.jpg,http://cdo.keu.kz/content/10138/10211/lek.files/image017.jpg,http://cdo.keu.kz/content/10138/10211/lek.files/image018.jpg,http://cdo.keu.kz/content/10138/10211/lek.files/image019.jpg,http://cdo.keu.kz/content/10138/10211/lek.files/image020.jpg,http://cdo.keu.kz/content/10138/10211/lek.files/image021.jpg,http://cdo.keu.kz/content/10138/10211/lek.files/image022.jpg,http://cdo.keu.kz/content/10138/10211/lek.files/image023.jpg,http://cdo.keu.kz/content/10138/10211/lek.files/image024.jpg,http://cdo.keu.kz/content/10138/10211/lek.files/image025.jpg,http://cdo.keu.kz/content/10138/10211/lek.files/image026.jpg,http://cdo.keu.kz/content/10138/10211/lek.files/image027.jpg,http://cdo.keu.kz/content/10138/10211/lek.files/image028.jpg,http://cdo.keu.kz/content/10138/10211/lek.files/image029.gif,http://cdo.keu.kz/content/10138/10211/lek.files/image030.jpg,http://cdo.keu.kz/content/10138/10211/lek.files/image031.jpg,http://cdo.keu.kz/content/10138/10211/lek.files/image032.jpg,http://cdo.keu.kz/content/10138/10211/lek.files/image033.jpg,http://cdo.keu.kz/content/10138/10211/lek.files/image034.gif,,,,,,,,,,,,,,,,,,,,,,,,,,,,
http://cdo.keu.kz/content/10139/10212/itoq.files/colorschememapping.xml,http://cdo.keu.kz/content/10139/10212/itoq.files/filelist.xml,http://cdo.keu.kz/content/10139/10212/itoq.files/themedata.thmx,http://cdo.keu.kz/content/10139/10212/itoq.htm,,,,,,,,,,,,,,,,,,,,,,,,,,,,,,,,,,,,,,,,,,,,,,,,,,,,,,,,,,,,,,,,,,,,,,,,
http://cdo.keu.kz/content/10140/10213/1rub.files/colorschememapping.xml,http://cdo.keu.kz/content/10140/10213/1rub.files/filelist.xml,http://cdo.keu.kz/content/10140/10213/1rub.files/themedata.thmx,http://cdo.keu.kz/content/10140/10213/1rub.htm,,,,,,,,,,,,,,,,,,,,,,,,,,,,,,,,,,,,,,,,,,,,,,,,,,,,,,,,,,,,,,,,,,,,,,,,
http://cdo.keu.kz/content/10141/10214/2rub.files/colorschememapping.xml,http://cdo.keu.kz/content/10141/10214/2rub.files/filelist.xml,http://cdo.keu.kz/content/10141/10214/2rub.files/themedata.thmx,http://cdo.keu.kz/content/10141/10214/2rub.htm,,,,,,,,,,,,,,,,,,,,,,,,,,,,,,,,,,,,,,,,,,,,,,,,,,,,,,,,,,,,,,,,,,,,,,,,
http://cdo.keu.kz/content/10142/10215/itog.files/colorschememapping.xml,http://cdo.keu.kz/content/10142/10215/itog.files/filelist.xml,http://cdo.keu.kz/content/10142/10215/itog.files/themedata.thmx,http://cdo.keu.kz/content/10142/10215/itog.htm,,,,,,,,,,,,,,,,,,,,,,,,,,,,,,,,,,,,,,,,,,,,,,,,,,,,,,,,,,,,,,,,,,,,,,,,
http://cdo.keu.kz/content/10143/10216/1.htm,,,,,,,,,,,,,,,,,,,,,,,,,,,,,,,,,,,,,,,,,,,,,,,,,,,,,,,,,,,,,,,,,,,,,,,,,,,
http://cdo.keu.kz/content/10144/10217/1rub.files/colorschememapping.xml,http://cdo.keu.kz/content/10144/10217/1rub.files/filelist.xml,http://cdo.keu.kz/content/10144/10217/1rub.files/themedata.thmx,http://cdo.keu.kz/content/10144/10217/1rub.htm,,,,,,,,,,,,,,,,,,,,,,,,,,,,,,,,,,,,,,,,,,,,,,,,,,,,,,,,,,,,,,,,,,,,,,,,
http://cdo.keu.kz/content/10145/10218/2rub.files/colorschememapping.xml,http://cdo.keu.kz/content/10145/10218/2rub.files/filelist.xml,http://cdo.keu.kz/content/10145/10218/2rub.files/themedata.thmx,http://cdo.keu.kz/content/10145/10218/2rub.htm,,,,,,,,,,,,,,,,,,,,,,,,,,,,,,,,,,,,,,,,,,,,,,,,,,,,,,,,,,,,,,,,,,,,,,,,
http://cdo.keu.kz/content/10146/10219/itog.files/colorschememapping.xml,http://cdo.keu.kz/content/10146/10219/itog.files/filelist.xml,http://cdo.keu.kz/content/10146/10219/itog.files/themedata.thmx,http://cdo.keu.kz/content/10146/10219/itog.htm,,,,,,,,,,,,,,,,,,,,,,,,,,,,,,,,,,,,,,,,,,,,,,,,,,,,,,,,,,,,,,,,,,,,,,,,
http://cdo.keu.kz/content/10147/10220/1rub.htm,,,,,,,,,,,,,,,,,,,,,,,,,,,,,,,,,,,,,,,,,,,,,,,,,,,,,,,,,,,,,,,,,,,,,,,,,,,
http://cdo.keu.kz/content/10148/10221/2rub.htm,,,,,,,,,,,,,,,,,,,,,,,,,,,,,,,,,,,,,,,,,,,,,,,,,,,,,,,,,,,,,,,,,,,,,,,,,,,
http://cdo.keu.kz/content/10149/10222/itog.htm,,,,,,,,,,,,,,,,,,,,,,,,,,,,,,,,,,,,,,,,,,,,,,,,,,,,,,,,,,,,,,,,,,,,,,,,,,,
http://cdo.keu.kz/content/10150/10223/2.htm,,,,,,,,,,,,,,,,,,,,,,,,,,,,,,,,,,,,,,,,,,,,,,,,,,,,,,,,,,,,,,,,,,,,,,,,,,,
http://cdo.keu.kz/content/10151/10224/it.htm,,,,,,,,,,,,,,,,,,,,,,,,,,,,,,,,,,,,,,,,,,,,,,,,,,,,,,,,,,,,,,,,,,,,,,,,,,,
http://cdo.keu.kz/content/10152/10225/14.12.2010(N)1.htm,,,,,,,,,,,,,,,,,,,,,,,,,,,,,,,,,,,,,,,,,,,,,,,,,,,,,,,,,,,,,,,,,,,,,,,,,,,
http://cdo.keu.kz/content/10153/10226/r1.files/colorschememapping.xml,http://cdo.keu.kz/content/10153/10226/r1.files/filelist.xml,http://cdo.keu.kz/content/10153/10226/r1.files/themedata.thmx,http://cdo.keu.kz/content/10153/10226/r1.htm,,,,,,,,,,,,,,,,,,,,,,,,,,,,,,,,,,,,,,,,,,,,,,,,,,,,,,,,,,,,,,,,,,,,,,,,
http://cdo.keu.kz/content/10154/10227/r2.files/colorschememapping.xml,http://cdo.keu.kz/content/10154/10227/r2.files/filelist.xml,http://cdo.keu.kz/content/10154/10227/r2.files/themedata.thmx,http://cdo.keu.kz/content/10154/10227/r2.htm,,,,,,,,,,,,,,,,,,,,,,,,,,,,,,,,,,,,,,,,,,,,,,,,,,,,,,,,,,,,,,,,,,,,,,,,
http://cdo.keu.kz/content/10155/10228/r2.files/colorschememapping.xml,http://cdo.keu.kz/content/10155/10228/r2.files/filelist.xml,http://cdo.keu.kz/content/10155/10228/r2.files/themedata.thmx,http://cdo.keu.kz/content/10155/10228/r2.htm,,,,,,,,,,,,,,,,,,,,,,,,,,,,,,,,,,,,,,,,,,,,,,,,,,,,,,,,,,,,,,,,,,,,,,,,
http://cdo.keu.kz/content/10156/10229/itog.files/colorschememapping.xml,http://cdo.keu.kz/content/10156/10229/itog.files/filelist.xml,http://cdo.keu.kz/content/10156/10229/itog.files/themedata.thmx,http://cdo.keu.kz/content/10156/10229/itog.htm,,,,,,,,,,,,,,,,,,,,,,,,,,,,,,,,,,,,,,,,,,,,,,,,,,,,,,,,,,,,,,,,,,,,,,,,
http://cdo.keu.kz/content/10157/10230/1.htm,,,,,,,,,,,,,,,,,,,,,,,,,,,,,,,,,,,,,,,,,,,,,,,,,,,,,,,,,,,,,,,,,,,,,,,,,,,
http://cdo.keu.kz/content/10158/10231/1rub.htm,,,,,,,,,,,,,,,,,,,,,,,,,,,,,,,,,,,,,,,,,,,,,,,,,,,,,,,,,,,,,,,,,,,,,,,,,,,
http://cdo.keu.kz/content/10159/10232/2.htm,,,,,,,,,,,,,,,,,,,,,,,,,,,,,,,,,,,,,,,,,,,,,,,,,,,,,,,,,,,,,,,,,,,,,,,,,,,
http://cdo.keu.kz/content/10160/10233/it.htm,,,,,,,,,,,,,,,,,,,,,,,,,,,,,,,,,,,,,,,,,,,,,,,,,,,,,,,,,,,,,,,,,,,,,,,,,,,
http://cdo.keu.kz/content/10161/10234/1rub.files/colorschememapping.xml,http://cdo.keu.kz/content/10161/10234/1rub.files/filelist.xml,http://cdo.keu.kz/content/10161/10234/1rub.files/themedata.thmx,http://cdo.keu.kz/content/10161/10234/1rub.htm,,,,,,,,,,,,,,,,,,,,,,,,,,,,,,,,,,,,,,,,,,,,,,,,,,,,,,,,,,,,,,,,,,,,,,,,
http://cdo.keu.kz/content/10162/10235/2rub.files/colorschememapping.xml,http://cdo.keu.kz/content/10162/10235/2rub.files/filelist.xml,http://cdo.keu.kz/content/10162/10235/2rub.files/themedata.thmx,http://cdo.keu.kz/content/10162/10235/2rub.htm,,,,,,,,,,,,,,,,,,,,,,,,,,,,,,,,,,,,,,,,,,,,,,,,,,,,,,,,,,,,,,,,,,,,,,,,
http://cdo.keu.kz/content/10163/10236/itog.files/colorschememapping.xml,http://cdo.keu.kz/content/10163/10236/itog.files/filelist.xml,http://cdo.keu.kz/content/10163/10236/itog.files/themedata.thmx,http://cdo.keu.kz/content/10163/10236/itog.htm,,,,,,,,,,,,,,,,,,,,,,,,,,,,,,,,,,,,,,,,,,,,,,,,,,,,,,,,,,,,,,,,,,,,,,,,
http://cdo.keu.kz/content/10164/10237/1r.files/colorschememapping.xml,http://cdo.keu.kz/content/10164/10237/1r.files/filelist.xml,http://cdo.keu.kz/content/10164/10237/1r.files/themedata.thmx,http://cdo.keu.kz/content/10164/10237/1r.htm,,,,,,,,,,,,,,,,,,,,,,,,,,,,,,,,,,,,,,,,,,,,,,,,,,,,,,,,,,,,,,,,,,,,,,,,
http://cdo.keu.kz/content/10165/10238/2r.files/colorschememapping.xml,http://cdo.keu.kz/content/10165/10238/2r.files/filelist.xml,http://cdo.keu.kz/content/10165/10238/2r.files/themedata.thmx,http://cdo.keu.kz/content/10165/10238/2r.htm,,,,,,,,,,,,,,,,,,,,,,,,,,,,,,,,,,,,,,,,,,,,,,,,,,,,,,,,,,,,,,,,,,,,,,,,
http://cdo.keu.kz/content/10166/10239/itog.files/colorschememapping.xml,http://cdo.keu.kz/content/10166/10239/itog.files/filelist.xml,http://cdo.keu.kz/content/10166/10239/itog.files/themedata.thmx,http://cdo.keu.kz/content/10166/10239/itog.htm,,,,,,,,,,,,,,,,,,,,,,,,,,,,,,,,,,,,,,,,,,,,,,,,,,,,,,,,,,,,,,,,,,,,,,,,
http://cdo.keu.kz/content/10167/10240/1r.files/colorschememapping.xml,http://cdo.keu.kz/content/10167/10240/1r.files/filelist.xml,http://cdo.keu.kz/content/10167/10240/1r.files/themedata.thmx,http://cdo.keu.kz/content/10167/10240/1r.htm,,,,,,,,,,,,,,,,,,,,,,,,,,,,,,,,,,,,,,,,,,,,,,,,,,,,,,,,,,,,,,,,,,,,,,,,
http://cdo.keu.kz/content/10168/10241/2r.files/colorschememapping.xml,http://cdo.keu.kz/content/10168/10241/2r.files/filelist.xml,http://cdo.keu.kz/content/10168/10241/2r.files/themedata.thmx,http://cdo.keu.kz/content/10168/10241/2r.htm,,,,,,,,,,,,,,,,,,,,,,,,,,,,,,,,,,,,,,,,,,,,,,,,,,,,,,,,,,,,,,,,,,,,,,,,
http://cdo.keu.kz/content/10169/10242/itog.files/colorschememapping.xml,http://cdo.keu.kz/content/10169/10242/itog.files/filelist.xml,http://cdo.keu.kz/content/10169/10242/itog.files/themedata.thmx,http://cdo.keu.kz/content/10169/10242/itog.htm,,,,,,,,,,,,,,,,,,,,,,,,,,,,,,,,,,,,,,,,,,,,,,,,,,,,,,,,,,,,,,,,,,,,,,,,
http://cdo.keu.kz/content/10170/10243/1rub.files/colorschememapping.xml,http://cdo.keu.kz/content/10170/10243/1rub.files/filelist.xml,http://cdo.keu.kz/content/10170/10243/1rub.files/themedata.thmx,http://cdo.keu.kz/content/10170/10243/1rub.htm,,,,,,,,,,,,,,,,,,,,,,,,,,,,,,,,,,,,,,,,,,,,,,,,,,,,,,,,,,,,,,,,,,,,,,,,
http://cdo.keu.kz/content/10171/10244/2rub.files/colorschememapping.xml,http://cdo.keu.kz/content/10171/10244/2rub.files/filelist.xml,http://cdo.keu.kz/content/10171/10244/2rub.files/themedata.thmx,http://cdo.keu.kz/content/10171/10244/2rub.htm,,,,,,,,,,,,,,,,,,,,,,,,,,,,,,,,,,,,,,,,,,,,,,,,,,,,,,,,,,,,,,,,,,,,,,,,
http://cdo.keu.kz/content/10172/10245/itog.files/colorschememapping.xml,http://cdo.keu.kz/content/10172/10245/itog.files/filelist.xml,http://cdo.keu.kz/content/10172/10245/itog.files/themedata.thmx,http://cdo.keu.kz/content/10172/10245/itog.htm,,,,,,,,,,,,,,,,,,,,,,,,,,,,,,,,,,,,,,,,,,,,,,,,,,,,,,,,,,,,,,,,,,,,,,,,
http://cdo.keu.kz/content/10173/10246/15.12.2010(N)1.htm,,,,,,,,,,,,,,,,,,,,,,,,,,,,,,,,,,,,,,,,,,,,,,,,,,,,,,,,,,,,,,,,,,,,,,,,,,,
http://cdo.keu.kz/content/10174/10247/1rub.htm,,,,,,,,,,,,,,,,,,,,,,,,,,,,,,,,,,,,,,,,,,,,,,,,,,,,,,,,,,,,,,,,,,,,,,,,,,,
http://cdo.keu.kz/content/10175/10248/1rub.htm,,,,,,,,,,,,,,,,,,,,,,,,,,,,,,,,,,,,,,,,,,,,,,,,,,,,,,,,,,,,,,,,,,,,,,,,,,,
http://cdo.keu.kz/content/10176/10249/15.12.2010(N)1.htm,,,,,,,,,,,,,,,,,,,,,,,,,,,,,,,,,,,,,,,,,,,,,,,,,,,,,,,,,,,,,,,,,,,,,,,,,,,
http://cdo.keu.kz/content/10177/10250/q.htm,,,,,,,,,,,,,,,,,,,,,,,,,,,,,,,,,,,,,,,,,,,,,,,,,,,,,,,,,,,,,,,,,,,,,,,,,,,
http://cdo.keu.kz/content/10178/10251/itog.files/filelist.xml,http://cdo.keu.kz/content/10178/10251/itog.files/header.htm,http://cdo.keu.kz/content/10178/10251/itog.htm,,,,,,,,,,,,,,,,,,,,,,,,,,,,,,,,,,,,,,,,,,,,,,,,,,,,,,,,,,,,,,,,,,,,,,,,,
http://cdo.keu.kz/content/10179/10252/15.12.2010(N)2.htm,,,,,,,,,,,,,,,,,,,,,,,,,,,,,,,,,,,,,,,,,,,,,,,,,,,,,,,,,,,,,,,,,,,,,,,,,,,
http://cdo.keu.kz/content/10180/10253/2rub.htm,,,,,,,,,,,,,,,,,,,,,,,,,,,,,,,,,,,,,,,,,,,,,,,,,,,,,,,,,,,,,,,,,,,,,,,,,,,
http://cdo.keu.kz/content/10181/10254/15.12.2010(N)itog.htm,,,,,,,,,,,,,,,,,,,,,,,,,,,,,,,,,,,,,,,,,,,,,,,,,,,,,,,,,,,,,,,,,,,,,,,,,,,
http://cdo.keu.kz/content/10182/10255/itog.files/colorschememapping.xml,http://cdo.keu.kz/content/10182/10255/itog.files/filelist.xml,http://cdo.keu.kz/content/10182/10255/itog.files/themedata.thmx,http://cdo.keu.kz/content/10182/10255/itog.htm,,,,,,,,,,,,,,,,,,,,,,,,,,,,,,,,,,,,,,,,,,,,,,,,,,,,,,,,,,,,,,,,,,,,,,,,
http://cdo.keu.kz/content/10183/10256/2rub.htm,,,,,,,,,,,,,,,,,,,,,,,,,,,,,,,,,,,,,,,,,,,,,,,,,,,,,,,,,,,,,,,,,,,,,,,,,,,
http://cdo.keu.kz/content/10184/10257/itog.files/colorschememapping.xml,http://cdo.keu.kz/content/10184/10257/itog.files/filelist.xml,http://cdo.keu.kz/content/10184/10257/itog.files/themedata.thmx,http://cdo.keu.kz/content/10184/10257/itog.htm,,,,,,,,,,,,,,,,,,,,,,,,,,,,,,,,,,,,,,,,,,,,,,,,,,,,,,,,,,,,,,,,,,,,,,,,
http://cdo.keu.kz/content/10185/10258/itog.htm,,,,,,,,,,,,,,,,,,,,,,,,,,,,,,,,,,,,,,,,,,,,,,,,,,,,,,,,,,,,,,,,,,,,,,,,,,,
http://cdo.keu.kz/content/10186/10259/it.files/filelist.xml,http://cdo.keu.kz/content/10186/10259/it.files/image001.gif,http://cdo.keu.kz/content/10186/10259/it.htm,,,,,,,,,,,,,,,,,,,,,,,,,,,,,,,,,,,,,,,,,,,,,,,,,,,,,,,,,,,,,,,,,,,,,,,,,
http://cdo.keu.kz/content/10187/10260/1rub.htm,,,,,,,,,,,,,,,,,,,,,,,,,,,,,,,,,,,,,,,,,,,,,,,,,,,,,,,,,,,,,,,,,,,,,,,,,,,
http://cdo.keu.kz/content/10188/10261/itog.files/colorschememapping.xml,http://cdo.keu.kz/content/10188/10261/itog.files/filelist.xml,http://cdo.keu.kz/content/10188/10261/itog.files/item0001.xml,http://cdo.keu.kz/content/10188/10261/itog.files/props0002.xml,http://cdo.keu.kz/content/10188/10261/itog.files/themedata.thmx,http://cdo.keu.kz/content/10188/10261/itog.htm,,,,,,,,,,,,,,,,,,,,,,,,,,,,,,,,,,,,,,,,,,,,,,,,,,,,,,,,,,,,,,,,,,,,,,
http://cdo.keu.kz/content/10189/10262/1.htm,,,,,,,,,,,,,,,,,,,,,,,,,,,,,,,,,,,,,,,,,,,,,,,,,,,,,,,,,,,,,,,,,,,,,,,,,,,
http://cdo.keu.kz/content/10190/10263/itog.files/filelist.xml,http://cdo.keu.kz/content/10190/10263/itog.files/header.htm,http://cdo.keu.kz/content/10190/10263/itog.htm,,,,,,,,,,,,,,,,,,,,,,,,,,,,,,,,,,,,,,,,,,,,,,,,,,,,,,,,,,,,,,,,,,,,,,,,,
http://cdo.keu.kz/content/10191/10264/2.htm,,,,,,,,,,,,,,,,,,,,,,,,,,,,,,,,,,,,,,,,,,,,,,,,,,,,,,,,,,,,,,,,,,,,,,,,,,,
http://cdo.keu.kz/content/10192/10265/itog.files/colorschememapping.xml,http://cdo.keu.kz/content/10192/10265/itog.files/filelist.xml,http://cdo.keu.kz/content/10192/10265/itog.files/themedata.thmx,http://cdo.keu.kz/content/10192/10265/itog.htm,,,,,,,,,,,,,,,,,,,,,,,,,,,,,,,,,,,,,,,,,,,,,,,,,,,,,,,,,,,,,,,,,,,,,,,,
http://cdo.keu.kz/content/10193/10266/itog.files/colorschememapping.xml,http://cdo.keu.kz/content/10193/10266/itog.files/filelist.xml,http://cdo.keu.kz/content/10193/10266/itog.files/themedata.thmx,http://cdo.keu.kz/content/10193/10266/itog.htm,,,,,,,,,,,,,,,,,,,,,,,,,,,,,,,,,,,,,,,,,,,,,,,,,,,,,,,,,,,,,,,,,,,,,,,,
http://cdo.keu.kz/content/10194/10267/15.12.2010(N)itog.htm,,,,,,,,,,,,,,,,,,,,,,,,,,,,,,,,,,,,,,,,,,,,,,,,,,,,,,,,,,,,,,,,,,,,,,,,,,,
http://cdo.keu.kz/content/10195/10268/15.12.2010(N)1.htm,,,,,,,,,,,,,,,,,,,,,,,,,,,,,,,,,,,,,,,,,,,,,,,,,,,,,,,,,,,,,,,,,,,,,,,,,,,
http://cdo.keu.kz/content/10196/10269/15.12.2010(N)2.htm,,,,,,,,,,,,,,,,,,,,,,,,,,,,,,,,,,,,,,,,,,,,,,,,,,,,,,,,,,,,,,,,,,,,,,,,,,,
http://cdo.keu.kz/content/10197/10270/15.12.2010(N)itog.htm,,,,,,,,,,,,,,,,,,,,,,,,,,,,,,,,,,,,,,,,,,,,,,,,,,,,,,,,,,,,,,,,,,,,,,,,,,,
http://cdo.keu.kz/content/10198/10271/1rub.files/colorschememapping.xml,http://cdo.keu.kz/content/10198/10271/1rub.files/filelist.xml,http://cdo.keu.kz/content/10198/10271/1rub.files/themedata.thmx,http://cdo.keu.kz/content/10198/10271/1rub.htm,,,,,,,,,,,,,,,,,,,,,,,,,,,,,,,,,,,,,,,,,,,,,,,,,,,,,,,,,,,,,,,,,,,,,,,,
http://cdo.keu.kz/content/10199/10272/2rub.files/colorschememapping.xml,http://cdo.keu.kz/content/10199/10272/2rub.files/filelist.xml,http://cdo.keu.kz/content/10199/10272/2rub.files/themedata.thmx,http://cdo.keu.kz/content/10199/10272/2rub.htm,,,,,,,,,,,,,,,,,,,,,,,,,,,,,,,,,,,,,,,,,,,,,,,,,,,,,,,,,,,,,,,,,,,,,,,,
http://cdo.keu.kz/content/10200/10273/R1.htm,,,,,,,,,,,,,,,,,,,,,,,,,,,,,,,,,,,,,,,,,,,,,,,,,,,,,,,,,,,,,,,,,,,,,,,,,,,
