0,1,2,3,4,5,6,7,8,9,10,11,12,13,14,15,16,17,18,19,20,21,22,23,24,25,26,27,28,29,30,31,32,33,34,35,36,37,38,39,40,41,42,43,44,45,46,47,48,49,50,51,52,53,54,55,56,57,58,59,60,61,62,63,64,65,66,67,68,69,70,71,72,73,74,75,76,77,78,79,80,81,82,83,84,85,86,87,88,89,90,91,92,93,94,95,96,97,98,99,100,101,102,103,104,105,106,107,108,109,110,111,112,113,114,115,116,117,118,119,120,121,122,123,124,125,126,127,128,129,130,131,132,133,134,135,136,137,138,139,140,141,142,143,144,145,146,147,148,149,150,151,152,153,154,155,156,157,158,159,160,161,162,163,164,165,166,167,168,169,170,171,172
http://cdo.keu.kz/content/16001/16003/1%20%d0%b2%c2%a0%d0%84%d0%bb%d0%b0%d0%bb%d0%87.files/colorschememapping.xml,http://cdo.keu.kz/content/16001/16003/1%20%d0%b2%c2%a0%d0%84%d0%bb%d0%b0%d0%bb%d0%87.files/filelist.xml,http://cdo.keu.kz/content/16001/16003/1%20%d0%b2%c2%a0%d0%84%d0%bb%d0%b0%d0%bb%d0%87.files/header.htm,,,,,,,,,,,,,,,,,,,,,,,,,,,,,,,,,,,,,,,,,,,,,,,,,,,,,,,,,,,,,,,,,,,,,,,,,,,,,,,,,,,,,,,,,,,,,,,,,,,,,,,,,,,,,,,,,,,,,,,,,,,,,,,,,,,,,,,,,,,,,,,,,,,,,,,,,,,,,,,,,,,,,,,,,,
http://cdo.keu.kz/content/16002/16004/fgj4f.files/colorschememapping.xml,http://cdo.keu.kz/content/16002/16004/fgj4f.files/filelist.xml,http://cdo.keu.kz/content/16002/16004/fgj4f.files/header.htm,,,,,,,,,,,,,,,,,,,,,,,,,,,,,,,,,,,,,,,,,,,,,,,,,,,,,,,,,,,,,,,,,,,,,,,,,,,,,,,,,,,,,,,,,,,,,,,,,,,,,,,,,,,,,,,,,,,,,,,,,,,,,,,,,,,,,,,,,,,,,,,,,,,,,,,,,,,,,,,,,,,,,,,,,,
http://cdo.keu.kz/content/16003/16005/1g.files/colorschememapping.xml,http://cdo.keu.kz/content/16003/16005/1g.files/filelist.xml,http://cdo.keu.kz/content/16003/16005/1g.files/header.htm,,,,,,,,,,,,,,,,,,,,,,,,,,,,,,,,,,,,,,,,,,,,,,,,,,,,,,,,,,,,,,,,,,,,,,,,,,,,,,,,,,,,,,,,,,,,,,,,,,,,,,,,,,,,,,,,,,,,,,,,,,,,,,,,,,,,,,,,,,,,,,,,,,,,,,,,,,,,,,,,,,,,,,,,,,
http://cdo.keu.kz/content/16004/16006/16006.htm,http://cdo.keu.kz/content/16004/16006/ver16006.htm,,,,,,,,,,,,,,,,,,,,,,,,,,,,,,,,,,,,,,,,,,,,,,,,,,,,,,,,,,,,,,,,,,,,,,,,,,,,,,,,,,,,,,,,,,,,,,,,,,,,,,,,,,,,,,,,,,,,,,,,,,,,,,,,,,,,,,,,,,,,,,,,,,,,,,,,,,,,,,,,,,,,,,,,,,,
http://cdo.keu.kz/content/16005/16007/sxd.files/colorschememapping.xml,http://cdo.keu.kz/content/16005/16007/sxd.files/filelist.xml,http://cdo.keu.kz/content/16005/16007/sxd.files/header.htm,,,,,,,,,,,,,,,,,,,,,,,,,,,,,,,,,,,,,,,,,,,,,,,,,,,,,,,,,,,,,,,,,,,,,,,,,,,,,,,,,,,,,,,,,,,,,,,,,,,,,,,,,,,,,,,,,,,,,,,,,,,,,,,,,,,,,,,,,,,,,,,,,,,,,,,,,,,,,,,,,,,,,,,,,,
http://cdo.keu.kz/content/16006/16008/itog.files/colorschememapping.xml,http://cdo.keu.kz/content/16006/16008/itog.files/filelist.xml,,,,,,,,,,,,,,,,,,,,,,,,,,,,,,,,,,,,,,,,,,,,,,,,,,,,,,,,,,,,,,,,,,,,,,,,,,,,,,,,,,,,,,,,,,,,,,,,,,,,,,,,,,,,,,,,,,,,,,,,,,,,,,,,,,,,,,,,,,,,,,,,,,,,,,,,,,,,,,,,,,,,,,,,,,,
http://cdo.keu.kz/content/16007/16009/16009.htm,http://cdo.keu.kz/content/16007/16009/lek.files/colorschememapping.xml,http://cdo.keu.kz/content/16007/16009/lek.files/filelist.xml,http://cdo.keu.kz/content/16007/16009/lek.files/image001.png,http://cdo.keu.kz/content/16007/16009/lek.files/image002.jpg,http://cdo.keu.kz/content/16007/16009/lek.files/image003.jpg,http://cdo.keu.kz/content/16007/16009/lek.files/image004.png,http://cdo.keu.kz/content/16007/16009/lek.files/image005.png,http://cdo.keu.kz/content/16007/16009/lek.files/image006.png,http://cdo.keu.kz/content/16007/16009/lek.files/image007.png,http://cdo.keu.kz/content/16007/16009/lek.files/themedata.thmx,,,,,,,,,,,,,,,,,,,,,,,,,,,,,,,,,,,,,,,,,,,,,,,,,,,,,,,,,,,,,,,,,,,,,,,,,,,,,,,,,,,,,,,,,,,,,,,,,,,,,,,,,,,,,,,,,,,,,,,,,,,,,,,,,,,,,,,,,,,,,,,,,,,,,,,,,,,,,,,,,,
http://cdo.keu.kz/content/16008/16010/itog.files/colorschememapping.xml,http://cdo.keu.kz/content/16008/16010/itog.files/filelist.xml,http://cdo.keu.kz/content/16008/16010/itog.files/themedata.thmx,http://cdo.keu.kz/content/16008/16010/itog.htm,,,,,,,,,,,,,,,,,,,,,,,,,,,,,,,,,,,,,,,,,,,,,,,,,,,,,,,,,,,,,,,,,,,,,,,,,,,,,,,,,,,,,,,,,,,,,,,,,,,,,,,,,,,,,,,,,,,,,,,,,,,,,,,,,,,,,,,,,,,,,,,,,,,,,,,,,,,,,,,,,,,,,,,,,
http://cdo.keu.kz/content/16009/16011/q.files/colorschememapping.xml,http://cdo.keu.kz/content/16009/16011/q.files/filelist.xml,http://cdo.keu.kz/content/16009/16011/q.files/themedata.thmx,http://cdo.keu.kz/content/16009/16011/q.htm,,,,,,,,,,,,,,,,,,,,,,,,,,,,,,,,,,,,,,,,,,,,,,,,,,,,,,,,,,,,,,,,,,,,,,,,,,,,,,,,,,,,,,,,,,,,,,,,,,,,,,,,,,,,,,,,,,,,,,,,,,,,,,,,,,,,,,,,,,,,,,,,,,,,,,,,,,,,,,,,,,,,,,,,,
http://cdo.keu.kz/content/16010/16012/q.files/colorschememapping.xml,http://cdo.keu.kz/content/16010/16012/q.files/filelist.xml,http://cdo.keu.kz/content/16010/16012/q.files/themedata.thmx,http://cdo.keu.kz/content/16010/16012/q.htm,,,,,,,,,,,,,,,,,,,,,,,,,,,,,,,,,,,,,,,,,,,,,,,,,,,,,,,,,,,,,,,,,,,,,,,,,,,,,,,,,,,,,,,,,,,,,,,,,,,,,,,,,,,,,,,,,,,,,,,,,,,,,,,,,,,,,,,,,,,,,,,,,,,,,,,,,,,,,,,,,,,,,,,,,
http://cdo.keu.kz/content/16011/16013/16013.htm,http://cdo.keu.kz/content/16011/16013/sxd.files/colorschememapping.xml,http://cdo.keu.kz/content/16011/16013/sxd.files/filelist.xml,http://cdo.keu.kz/content/16011/16013/sxd.files/header.htm,http://cdo.keu.kz/content/16011/16013/sxd.files/themedata.thmx,,,,,,,,,,,,,,,,,,,,,,,,,,,,,,,,,,,,,,,,,,,,,,,,,,,,,,,,,,,,,,,,,,,,,,,,,,,,,,,,,,,,,,,,,,,,,,,,,,,,,,,,,,,,,,,,,,,,,,,,,,,,,,,,,,,,,,,,,,,,,,,,,,,,,,,,,,,,,,,,,,,,,,,,
http://cdo.keu.kz/content/16012/16014/16014.htm,http://cdo.keu.kz/content/16012/16014/dfg3.files/colorschememapping.xml,http://cdo.keu.kz/content/16012/16014/dfg3.files/filelist.xml,http://cdo.keu.kz/content/16012/16014/dfg3.files/header.htm,http://cdo.keu.kz/content/16012/16014/dfg3.files/themedata.thmx,,,,,,,,,,,,,,,,,,,,,,,,,,,,,,,,,,,,,,,,,,,,,,,,,,,,,,,,,,,,,,,,,,,,,,,,,,,,,,,,,,,,,,,,,,,,,,,,,,,,,,,,,,,,,,,,,,,,,,,,,,,,,,,,,,,,,,,,,,,,,,,,,,,,,,,,,,,,,,,,,,,,,,,,
http://cdo.keu.kz/content/16013/16015/1-5.files/colorschememapping.xml,http://cdo.keu.kz/content/16013/16015/1-5.files/filelist.xml,http://cdo.keu.kz/content/16013/16015/1-5.files/header.htm,http://cdo.keu.kz/content/16013/16015/1-5.files/themedata.thmx,http://cdo.keu.kz/content/16013/16015/16015.htm,,,,,,,,,,,,,,,,,,,,,,,,,,,,,,,,,,,,,,,,,,,,,,,,,,,,,,,,,,,,,,,,,,,,,,,,,,,,,,,,,,,,,,,,,,,,,,,,,,,,,,,,,,,,,,,,,,,,,,,,,,,,,,,,,,,,,,,,,,,,,,,,,,,,,,,,,,,,,,,,,,,,,,,,
http://cdo.keu.kz/content/16014/16016/16016.htm,http://cdo.keu.kz/content/16014/16016/ghj5.files/colorschememapping.xml,http://cdo.keu.kz/content/16014/16016/ghj5.files/filelist.xml,http://cdo.keu.kz/content/16014/16016/ghj5.files/header.htm,http://cdo.keu.kz/content/16014/16016/ghj5.files/themedata.thmx,,,,,,,,,,,,,,,,,,,,,,,,,,,,,,,,,,,,,,,,,,,,,,,,,,,,,,,,,,,,,,,,,,,,,,,,,,,,,,,,,,,,,,,,,,,,,,,,,,,,,,,,,,,,,,,,,,,,,,,,,,,,,,,,,,,,,,,,,,,,,,,,,,,,,,,,,,,,,,,,,,,,,,,,
http://cdo.keu.kz/content/16015/16017/1-5.files/colorschememapping.xml,http://cdo.keu.kz/content/16015/16017/1-5.files/filelist.xml,http://cdo.keu.kz/content/16015/16017/1-5.files/header.htm,http://cdo.keu.kz/content/16015/16017/1-5.files/themedata.thmx,http://cdo.keu.kz/content/16015/16017/16017.htm,,,,,,,,,,,,,,,,,,,,,,,,,,,,,,,,,,,,,,,,,,,,,,,,,,,,,,,,,,,,,,,,,,,,,,,,,,,,,,,,,,,,,,,,,,,,,,,,,,,,,,,,,,,,,,,,,,,,,,,,,,,,,,,,,,,,,,,,,,,,,,,,,,,,,,,,,,,,,,,,,,,,,,,,
http://cdo.keu.kz/content/16016/16018/1-5.files/colorschememapping.xml,http://cdo.keu.kz/content/16016/16018/1-5.files/filelist.xml,http://cdo.keu.kz/content/16016/16018/1-5.files/header.htm,http://cdo.keu.kz/content/16016/16018/1-5.files/themedata.thmx,http://cdo.keu.kz/content/16016/16018/16018.htm,,,,,,,,,,,,,,,,,,,,,,,,,,,,,,,,,,,,,,,,,,,,,,,,,,,,,,,,,,,,,,,,,,,,,,,,,,,,,,,,,,,,,,,,,,,,,,,,,,,,,,,,,,,,,,,,,,,,,,,,,,,,,,,,,,,,,,,,,,,,,,,,,,,,,,,,,,,,,,,,,,,,,,,,
http://cdo.keu.kz/content/16017/16019/1-5.files/colorschememapping.xml,http://cdo.keu.kz/content/16017/16019/1-5.files/filelist.xml,http://cdo.keu.kz/content/16017/16019/1-5.files/header.htm,http://cdo.keu.kz/content/16017/16019/1-5.files/themedata.thmx,http://cdo.keu.kz/content/16017/16019/16019.htm,,,,,,,,,,,,,,,,,,,,,,,,,,,,,,,,,,,,,,,,,,,,,,,,,,,,,,,,,,,,,,,,,,,,,,,,,,,,,,,,,,,,,,,,,,,,,,,,,,,,,,,,,,,,,,,,,,,,,,,,,,,,,,,,,,,,,,,,,,,,,,,,,,,,,,,,,,,,,,,,,,,,,,,,
http://cdo.keu.kz/content/16018/16020/1-5.files/colorschememapping.xml,http://cdo.keu.kz/content/16018/16020/1-5.files/filelist.xml,http://cdo.keu.kz/content/16018/16020/1-5.files/header.htm,http://cdo.keu.kz/content/16018/16020/1-5.files/themedata.thmx,http://cdo.keu.kz/content/16018/16020/16020.htm,,,,,,,,,,,,,,,,,,,,,,,,,,,,,,,,,,,,,,,,,,,,,,,,,,,,,,,,,,,,,,,,,,,,,,,,,,,,,,,,,,,,,,,,,,,,,,,,,,,,,,,,,,,,,,,,,,,,,,,,,,,,,,,,,,,,,,,,,,,,,,,,,,,,,,,,,,,,,,,,,,,,,,,,
http://cdo.keu.kz/content/16019/16021/16021.htm,http://cdo.keu.kz/content/16019/16021/42364/42364.htm,http://cdo.keu.kz/content/16019/16021/42365/42365.htm,http://cdo.keu.kz/content/16019/16021/42366/42366.htm,http://cdo.keu.kz/content/16019/16021/42367/42367.htm,http://cdo.keu.kz/content/16019/16021/42368/42368.htm,http://cdo.keu.kz/content/16019/16021/42369/42369.htm,http://cdo.keu.kz/content/16019/16021/42370/42370.htm,http://cdo.keu.kz/content/16019/16021/42371/42371.htm,http://cdo.keu.kz/content/16019/16021/42372/42372.htm,http://cdo.keu.kz/content/16019/16021/42373/42373.htm,http://cdo.keu.kz/content/16019/16021/42374/42374.htm,http://cdo.keu.kz/content/16019/16021/42375/42375.htm,http://cdo.keu.kz/content/16019/16021/42376/42376.htm,http://cdo.keu.kz/content/16019/16021/42377/42377.htm,http://cdo.keu.kz/content/16019/16021/42378/42378.htm,http://cdo.keu.kz/content/16019/16021/42379/42379.htm,http://cdo.keu.kz/content/16019/16021/42380/42380.htm,http://cdo.keu.kz/content/16019/16021/42381/42381.htm,http://cdo.keu.kz/content/16019/16021/42382/42382.htm,http://cdo.keu.kz/content/16019/16021/42383/42383.htm,http://cdo.keu.kz/content/16019/16021/42384/42384.htm,http://cdo.keu.kz/content/16019/16021/42385/42385.htm,http://cdo.keu.kz/content/16019/16021/42386/42386.htm,http://cdo.keu.kz/content/16019/16021/lek.files/colorschememapping.xml,http://cdo.keu.kz/content/16019/16021/lek.files/filelist.xml,http://cdo.keu.kz/content/16019/16021/lek.files/header.htm,http://cdo.keu.kz/content/16019/16021/lek.files/item0007.xml,http://cdo.keu.kz/content/16019/16021/lek.files/props008.xml,http://cdo.keu.kz/content/16019/16021/lek.files/themedata.thmx,,,,,,,,,,,,,,,,,,,,,,,,,,,,,,,,,,,,,,,,,,,,,,,,,,,,,,,,,,,,,,,,,,,,,,,,,,,,,,,,,,,,,,,,,,,,,,,,,,,,,,,,,,,,,,,,,,,,,,,,,,,,,,,,,,,,,,,,,,,,,,,
http://cdo.keu.kz/content/16020/16022/16022.htm,http://cdo.keu.kz/content/16020/16022/42387/42387.htm,http://cdo.keu.kz/content/16020/16022/42388/42388.htm,http://cdo.keu.kz/content/16020/16022/42389/42389.htm,http://cdo.keu.kz/content/16020/16022/42390/42390.htm,http://cdo.keu.kz/content/16020/16022/42391/42391.htm,http://cdo.keu.kz/content/16020/16022/42392/42392.htm,http://cdo.keu.kz/content/16020/16022/gj.files/colorschememapping.xml,http://cdo.keu.kz/content/16020/16022/gj.files/filelist.xml,http://cdo.keu.kz/content/16020/16022/gj.files/image001.gif,http://cdo.keu.kz/content/16020/16022/gj.files/themedata.thmx,,,,,,,,,,,,,,,,,,,,,,,,,,,,,,,,,,,,,,,,,,,,,,,,,,,,,,,,,,,,,,,,,,,,,,,,,,,,,,,,,,,,,,,,,,,,,,,,,,,,,,,,,,,,,,,,,,,,,,,,,,,,,,,,,,,,,,,,,,,,,,,,,,,,,,,,,,,,,,,,,,
http://cdo.keu.kz/content/16021/16023/16023.htm,http://cdo.keu.kz/content/16021/16023/42393/42393.htm,http://cdo.keu.kz/content/16021/16023/42394/42394.htm,http://cdo.keu.kz/content/16021/16023/42395/42395.htm,http://cdo.keu.kz/content/16021/16023/42396/42396.htm,http://cdo.keu.kz/content/16021/16023/42397/42397.htm,http://cdo.keu.kz/content/16021/16023/42398/42398.htm,http://cdo.keu.kz/content/16021/16023/42399/42399.htm,http://cdo.keu.kz/content/16021/16023/42400/42400.htm,http://cdo.keu.kz/content/16021/16023/42401/42401.htm,http://cdo.keu.kz/content/16021/16023/42402/42402.htm,http://cdo.keu.kz/content/16021/16023/42403/42403.htm,http://cdo.keu.kz/content/16021/16023/42404/42404.htm,http://cdo.keu.kz/content/16021/16023/42405/42405.htm,http://cdo.keu.kz/content/16021/16023/42406/42406.htm,http://cdo.keu.kz/content/16021/16023/42407/42407.htm,http://cdo.keu.kz/content/16021/16023/gj.files/colorschememapping.xml,http://cdo.keu.kz/content/16021/16023/gj.files/filelist.xml,http://cdo.keu.kz/content/16021/16023/gj.files/image001.gif,http://cdo.keu.kz/content/16021/16023/gj.files/themedata.thmx,,,,,,,,,,,,,,,,,,,,,,,,,,,,,,,,,,,,,,,,,,,,,,,,,,,,,,,,,,,,,,,,,,,,,,,,,,,,,,,,,,,,,,,,,,,,,,,,,,,,,,,,,,,,,,,,,,,,,,,,,,,,,,,,,,,,,,,,,,,,,,,,,,,,,,,,,
http://cdo.keu.kz/content/16022/16024/16024.htm,http://cdo.keu.kz/content/16022/16024/42408/42408.htm,http://cdo.keu.kz/content/16022/16024/42409/42409.htm,http://cdo.keu.kz/content/16022/16024/42410/42410.htm,http://cdo.keu.kz/content/16022/16024/42411/42411.htm,http://cdo.keu.kz/content/16022/16024/42412/42412.htm,http://cdo.keu.kz/content/16022/16024/42413/42413.htm,http://cdo.keu.kz/content/16022/16024/42414/42414.htm,http://cdo.keu.kz/content/16022/16024/42415/42415.htm,http://cdo.keu.kz/content/16022/16024/42416/42416.htm,http://cdo.keu.kz/content/16022/16024/42417/42417.htm,http://cdo.keu.kz/content/16022/16024/42418/42418.htm,http://cdo.keu.kz/content/16022/16024/42419/42419.htm,http://cdo.keu.kz/content/16022/16024/42420/42420.htm,http://cdo.keu.kz/content/16022/16024/42421/42421.htm,http://cdo.keu.kz/content/16022/16024/42422/42422.htm,http://cdo.keu.kz/content/16022/16024/sdj4.files/colorschememapping.xml,http://cdo.keu.kz/content/16022/16024/sdj4.files/filelist.xml,http://cdo.keu.kz/content/16022/16024/sdj4.files/header.htm,http://cdo.keu.kz/content/16022/16024/sdj4.files/item0001.xml,http://cdo.keu.kz/content/16022/16024/sdj4.files/props0002.xml,http://cdo.keu.kz/content/16022/16024/sdj4.files/themedata.thmx,,,,,,,,,,,,,,,,,,,,,,,,,,,,,,,,,,,,,,,,,,,,,,,,,,,,,,,,,,,,,,,,,,,,,,,,,,,,,,,,,,,,,,,,,,,,,,,,,,,,,,,,,,,,,,,,,,,,,,,,,,,,,,,,,,,,,,,,,,,,,,,,,,,,,,,
http://cdo.keu.kz/content/16023/16025/1-5.files/colorschememapping.xml,http://cdo.keu.kz/content/16023/16025/1-5.files/filelist.xml,http://cdo.keu.kz/content/16023/16025/1-5.files/header.htm,http://cdo.keu.kz/content/16023/16025/1-5.files/themedata.thmx,http://cdo.keu.kz/content/16023/16025/16025.htm,,,,,,,,,,,,,,,,,,,,,,,,,,,,,,,,,,,,,,,,,,,,,,,,,,,,,,,,,,,,,,,,,,,,,,,,,,,,,,,,,,,,,,,,,,,,,,,,,,,,,,,,,,,,,,,,,,,,,,,,,,,,,,,,,,,,,,,,,,,,,,,,,,,,,,,,,,,,,,,,,,,,,,,,
http://cdo.keu.kz/content/16024/16026/16026.htm,http://cdo.keu.kz/content/16024/16026/42423/42423.htm,http://cdo.keu.kz/content/16024/16026/gl.files/colorschememapping.xml,http://cdo.keu.kz/content/16024/16026/gl.files/filelist.xml,http://cdo.keu.kz/content/16024/16026/gl.files/themedata.thmx,,,,,,,,,,,,,,,,,,,,,,,,,,,,,,,,,,,,,,,,,,,,,,,,,,,,,,,,,,,,,,,,,,,,,,,,,,,,,,,,,,,,,,,,,,,,,,,,,,,,,,,,,,,,,,,,,,,,,,,,,,,,,,,,,,,,,,,,,,,,,,,,,,,,,,,,,,,,,,,,,,,,,,,,
http://cdo.keu.kz/content/16025/16027/16027.htm,http://cdo.keu.kz/content/16025/16027/gl.files/colorschememapping.xml,http://cdo.keu.kz/content/16025/16027/gl.files/filelist.xml,http://cdo.keu.kz/content/16025/16027/gl.files/themedata.thmx,,,,,,,,,,,,,,,,,,,,,,,,,,,,,,,,,,,,,,,,,,,,,,,,,,,,,,,,,,,,,,,,,,,,,,,,,,,,,,,,,,,,,,,,,,,,,,,,,,,,,,,,,,,,,,,,,,,,,,,,,,,,,,,,,,,,,,,,,,,,,,,,,,,,,,,,,,,,,,,,,,,,,,,,,
http://cdo.keu.kz/content/16026/16028/16028.htm,http://cdo.keu.kz/content/16026/16028/kgl.files/colorschememapping.xml,http://cdo.keu.kz/content/16026/16028/kgl.files/filelist.xml,http://cdo.keu.kz/content/16026/16028/kgl.files/themedata.thmx,,,,,,,,,,,,,,,,,,,,,,,,,,,,,,,,,,,,,,,,,,,,,,,,,,,,,,,,,,,,,,,,,,,,,,,,,,,,,,,,,,,,,,,,,,,,,,,,,,,,,,,,,,,,,,,,,,,,,,,,,,,,,,,,,,,,,,,,,,,,,,,,,,,,,,,,,,,,,,,,,,,,,,,,,
http://cdo.keu.kz/content/16027/16029/16029.htm,http://cdo.keu.kz/content/16027/16029/kgl.files/colorschememapping.xml,http://cdo.keu.kz/content/16027/16029/kgl.files/filelist.xml,http://cdo.keu.kz/content/16027/16029/kgl.files/themedata.thmx,,,,,,,,,,,,,,,,,,,,,,,,,,,,,,,,,,,,,,,,,,,,,,,,,,,,,,,,,,,,,,,,,,,,,,,,,,,,,,,,,,,,,,,,,,,,,,,,,,,,,,,,,,,,,,,,,,,,,,,,,,,,,,,,,,,,,,,,,,,,,,,,,,,,,,,,,,,,,,,,,,,,,,,,,
http://cdo.keu.kz/content/16028/16030/itog.files/colorschememapping.xml,http://cdo.keu.kz/content/16028/16030/itog.files/filelist.xml,http://cdo.keu.kz/content/16028/16030/itog.files/header.htm,http://cdo.keu.kz/content/16028/16030/itog.files/themedata.thmx,http://cdo.keu.kz/content/16028/16030/itog.htm,,,,,,,,,,,,,,,,,,,,,,,,,,,,,,,,,,,,,,,,,,,,,,,,,,,,,,,,,,,,,,,,,,,,,,,,,,,,,,,,,,,,,,,,,,,,,,,,,,,,,,,,,,,,,,,,,,,,,,,,,,,,,,,,,,,,,,,,,,,,,,,,,,,,,,,,,,,,,,,,,,,,,,,,
http://cdo.keu.kz/content/16029/16031/q.files/colorschememapping.xml,http://cdo.keu.kz/content/16029/16031/q.files/filelist.xml,http://cdo.keu.kz/content/16029/16031/q.files/themedata.thmx,http://cdo.keu.kz/content/16029/16031/q.htm,,,,,,,,,,,,,,,,,,,,,,,,,,,,,,,,,,,,,,,,,,,,,,,,,,,,,,,,,,,,,,,,,,,,,,,,,,,,,,,,,,,,,,,,,,,,,,,,,,,,,,,,,,,,,,,,,,,,,,,,,,,,,,,,,,,,,,,,,,,,,,,,,,,,,,,,,,,,,,,,,,,,,,,,,
http://cdo.keu.kz/content/16030/16032/16032.htm,http://cdo.keu.kz/content/16030/16032/kgl.files/colorschememapping.xml,http://cdo.keu.kz/content/16030/16032/kgl.files/filelist.xml,http://cdo.keu.kz/content/16030/16032/kgl.files/themedata.thmx,,,,,,,,,,,,,,,,,,,,,,,,,,,,,,,,,,,,,,,,,,,,,,,,,,,,,,,,,,,,,,,,,,,,,,,,,,,,,,,,,,,,,,,,,,,,,,,,,,,,,,,,,,,,,,,,,,,,,,,,,,,,,,,,,,,,,,,,,,,,,,,,,,,,,,,,,,,,,,,,,,,,,,,,,
http://cdo.keu.kz/content/16031/16033/16033.htm,http://cdo.keu.kz/content/16031/16033/42424/42424.htm,http://cdo.keu.kz/content/16031/16033/42425/42425.htm,http://cdo.keu.kz/content/16031/16033/42426/42426.htm,http://cdo.keu.kz/content/16031/16033/42427/42427.htm,http://cdo.keu.kz/content/16031/16033/42428/42428.htm,http://cdo.keu.kz/content/16031/16033/42429/42429.htm,http://cdo.keu.kz/content/16031/16033/42430/42430.htm,http://cdo.keu.kz/content/16031/16033/42431/42431.htm,http://cdo.keu.kz/content/16031/16033/42432/42432.htm,http://cdo.keu.kz/content/16031/16033/42433/42433.htm,http://cdo.keu.kz/content/16031/16033/lek.files/colorschememapping.xml,http://cdo.keu.kz/content/16031/16033/lek.files/filelist.xml,http://cdo.keu.kz/content/16031/16033/lek.files/themedata.thmx,,,,,,,,,,,,,,,,,,,,,,,,,,,,,,,,,,,,,,,,,,,,,,,,,,,,,,,,,,,,,,,,,,,,,,,,,,,,,,,,,,,,,,,,,,,,,,,,,,,,,,,,,,,,,,,,,,,,,,,,,,,,,,,,,,,,,,,,,,,,,,,,,,,,,,,,,,,,,,,
http://cdo.keu.kz/content/16032/16034/test.files/colorschememapping.xml,http://cdo.keu.kz/content/16032/16034/test.files/filelist.xml,http://cdo.keu.kz/content/16032/16034/test.files/header.htm,http://cdo.keu.kz/content/16032/16034/test.files/themedata.thmx,http://cdo.keu.kz/content/16032/16034/test.htm,,,,,,,,,,,,,,,,,,,,,,,,,,,,,,,,,,,,,,,,,,,,,,,,,,,,,,,,,,,,,,,,,,,,,,,,,,,,,,,,,,,,,,,,,,,,,,,,,,,,,,,,,,,,,,,,,,,,,,,,,,,,,,,,,,,,,,,,,,,,,,,,,,,,,,,,,,,,,,,,,,,,,,,,
http://cdo.keu.kz/content/16033/16035/finansLekciii.files/colorschememapping.xml,http://cdo.keu.kz/content/16033/16035/finansLekciii.files/image001.png,http://cdo.keu.kz/content/16033/16035/finansLekciii.files/image002.gif,http://cdo.keu.kz/content/16033/16035/finansLekciii.files/image003.png,http://cdo.keu.kz/content/16033/16035/finansLekciii.files/image004.gif,http://cdo.keu.kz/content/16033/16035/finansLekciii.files/image005.png,http://cdo.keu.kz/content/16033/16035/finansLekciii.files/image006.gif,http://cdo.keu.kz/content/16033/16035/finansLekciii.files/image007.png,http://cdo.keu.kz/content/16033/16035/finansLekciii.files/image008.gif,http://cdo.keu.kz/content/16033/16035/finansLekciii.files/image009.png,http://cdo.keu.kz/content/16033/16035/finansLekciii.files/image010.gif,http://cdo.keu.kz/content/16033/16035/finansLekciii.files/image011.gif,http://cdo.keu.kz/content/16033/16035/finansLekciii.files/image012.png,http://cdo.keu.kz/content/16033/16035/finansLekciii.files/image013.gif,http://cdo.keu.kz/content/16033/16035/finansLekciii.files/image014.gif,http://cdo.keu.kz/content/16033/16035/finansLekciii.files/image015.png,http://cdo.keu.kz/content/16033/16035/finansLekciii.files/image016.gif,http://cdo.keu.kz/content/16033/16035/finansLekciii.files/image017.png,http://cdo.keu.kz/content/16033/16035/finansLekciii.files/image018.gif,http://cdo.keu.kz/content/16033/16035/finansLekciii.files/image019.png,http://cdo.keu.kz/content/16033/16035/finansLekciii.files/image020.gif,http://cdo.keu.kz/content/16033/16035/finansLekciii.files/image021.gif,http://cdo.keu.kz/content/16033/16035/finansLekciii.files/image022.gif,http://cdo.keu.kz/content/16033/16035/finansLekciii.files/image023.png,http://cdo.keu.kz/content/16033/16035/finansLekciii.files/image024.gif,http://cdo.keu.kz/content/16033/16035/finansLekciii.files/image025.gif,http://cdo.keu.kz/content/16033/16035/finansLekciii.files/image026.gif,http://cdo.keu.kz/content/16033/16035/finansLekciii.files/image027.gif,http://cdo.keu.kz/content/16033/16035/finansLekciii.files/image028.png,http://cdo.keu.kz/content/16033/16035/finansLekciii.files/image029.gif,http://cdo.keu.kz/content/16033/16035/finansLekciii.files/image030.gif,http://cdo.keu.kz/content/16033/16035/finansLekciii.files/image031.gif,http://cdo.keu.kz/content/16033/16035/finansLekciii.files/image032.png,http://cdo.keu.kz/content/16033/16035/finansLekciii.files/image033.gif,http://cdo.keu.kz/content/16033/16035/finansLekciii.files/image034.png,http://cdo.keu.kz/content/16033/16035/finansLekciii.files/image035.gif,http://cdo.keu.kz/content/16033/16035/finansLekciii.files/image036.png,http://cdo.keu.kz/content/16033/16035/finansLekciii.files/image037.gif,http://cdo.keu.kz/content/16033/16035/finansLekciii.files/image038.gif,http://cdo.keu.kz/content/16033/16035/finansLekciii.files/themedata.thmx,,,,,,,,,,,,,,,,,,,,,,,,,,,,,,,,,,,,,,,,,,,,,,,,,,,,,,,,,,,,,,,,,,,,,,,,,,,,,,,,,,,,,,,,,,,,,,,,,,,,,,,,,,,,,,,,,,,,,,,,,,,,,,,,,,,,,
http://cdo.keu.kz/content/16034/16036/16036.htm,http://cdo.keu.kz/content/16034/16036/42434/42434.htm,http://cdo.keu.kz/content/16034/16036/42435/42435.htm,http://cdo.keu.kz/content/16034/16036/42436/42436.htm,http://cdo.keu.kz/content/16034/16036/42437/42437.htm,http://cdo.keu.kz/content/16034/16036/42438/42438.htm,http://cdo.keu.kz/content/16034/16036/42439/42439.htm,http://cdo.keu.kz/content/16034/16036/42440/42440.htm,http://cdo.keu.kz/content/16034/16036/42441/42441.htm,http://cdo.keu.kz/content/16034/16036/42442/42442.htm,http://cdo.keu.kz/content/16034/16036/42443/42443.htm,http://cdo.keu.kz/content/16034/16036/42444/42444.htm,http://cdo.keu.kz/content/16034/16036/42445/42445.htm,http://cdo.keu.kz/content/16034/16036/42446/42446.htm,http://cdo.keu.kz/content/16034/16036/42447/42447.htm,http://cdo.keu.kz/content/16034/16036/42448/42448.htm,http://cdo.keu.kz/content/16034/16036/Lekciii.files/image001.gif,http://cdo.keu.kz/content/16034/16036/Lekciii.files/image002.gif,http://cdo.keu.kz/content/16034/16036/Lekciii.files/image003.gif,http://cdo.keu.kz/content/16034/16036/Lekciii.files/image004.gif,http://cdo.keu.kz/content/16034/16036/Lekciii.files/image005.gif,http://cdo.keu.kz/content/16034/16036/Lekciii.files/image006.gif,http://cdo.keu.kz/content/16034/16036/Lekciii.files/image007.gif,http://cdo.keu.kz/content/16034/16036/Lekciii.files/image008.gif,http://cdo.keu.kz/content/16034/16036/Lekciii.files/image009.gif,http://cdo.keu.kz/content/16034/16036/Lekciii.files/image010.gif,http://cdo.keu.kz/content/16034/16036/Lekciii.files/image011.gif,http://cdo.keu.kz/content/16034/16036/Lekciii.files/image012.gif,http://cdo.keu.kz/content/16034/16036/Lekciii.files/image013.gif,http://cdo.keu.kz/content/16034/16036/Lekciii.files/image014.gif,http://cdo.keu.kz/content/16034/16036/Lekciii.files/image015.gif,http://cdo.keu.kz/content/16034/16036/Lekciii.files/image016.gif,http://cdo.keu.kz/content/16034/16036/Lekciii.files/image017.gif,http://cdo.keu.kz/content/16034/16036/Lekciii.files/image018.gif,http://cdo.keu.kz/content/16034/16036/Lekciii.files/image019.gif,http://cdo.keu.kz/content/16034/16036/Lekciii.files/image020.gif,http://cdo.keu.kz/content/16034/16036/Lekciii.files/image021.gif,http://cdo.keu.kz/content/16034/16036/Lekciii.files/image022.gif,http://cdo.keu.kz/content/16034/16036/Lekciii.files/image023.gif,http://cdo.keu.kz/content/16034/16036/Lekciii.files/image024.gif,http://cdo.keu.kz/content/16034/16036/Lekciii.files/image025.gif,http://cdo.keu.kz/content/16034/16036/Lekciii.files/image026.gif,http://cdo.keu.kz/content/16034/16036/Lekciii.files/image027.gif,http://cdo.keu.kz/content/16034/16036/Lekciii.files/image028.gif,http://cdo.keu.kz/content/16034/16036/Lekciii.files/image029.gif,,,,,,,,,,,,,,,,,,,,,,,,,,,,,,,,,,,,,,,,,,,,,,,,,,,,,,,,,,,,,,,,,,,,,,,,,,,,,,,,,,,,,,,,,,,,,,,,,,,,,,,,,,,,,,,,,,,,,,,,,,,,,,,,
http://cdo.keu.kz/content/16035/16037/q.files/colorschememapping.xml,http://cdo.keu.kz/content/16035/16037/q.files/filelist.xml,http://cdo.keu.kz/content/16035/16037/q.files/themedata.thmx,http://cdo.keu.kz/content/16035/16037/q.htm,,,,,,,,,,,,,,,,,,,,,,,,,,,,,,,,,,,,,,,,,,,,,,,,,,,,,,,,,,,,,,,,,,,,,,,,,,,,,,,,,,,,,,,,,,,,,,,,,,,,,,,,,,,,,,,,,,,,,,,,,,,,,,,,,,,,,,,,,,,,,,,,,,,,,,,,,,,,,,,,,,,,,,,,,
http://cdo.keu.kz/content/16036/16038/16038.htm,http://cdo.keu.kz/content/16036/16038/42449/42449.htm,http://cdo.keu.kz/content/16036/16038/42450/42450.htm,http://cdo.keu.kz/content/16036/16038/42451/42451.htm,http://cdo.keu.kz/content/16036/16038/42452/42452.htm,http://cdo.keu.kz/content/16036/16038/42453/42453.htm,http://cdo.keu.kz/content/16036/16038/42454/42454.htm,http://cdo.keu.kz/content/16036/16038/42455/42455.htm,http://cdo.keu.kz/content/16036/16038/42456/42456.htm,http://cdo.keu.kz/content/16036/16038/42457/42457.htm,http://cdo.keu.kz/content/16036/16038/42458/42458.htm,http://cdo.keu.kz/content/16036/16038/lek.files/colorschememapping.xml,http://cdo.keu.kz/content/16036/16038/lek.files/filelist.xml,http://cdo.keu.kz/content/16036/16038/lek.files/themedata.thmx,,,,,,,,,,,,,,,,,,,,,,,,,,,,,,,,,,,,,,,,,,,,,,,,,,,,,,,,,,,,,,,,,,,,,,,,,,,,,,,,,,,,,,,,,,,,,,,,,,,,,,,,,,,,,,,,,,,,,,,,,,,,,,,,,,,,,,,,,,,,,,,,,,,,,,,,,,,,,,,
http://cdo.keu.kz/content/16037/16039/itog.files/colorschememapping.xml,http://cdo.keu.kz/content/16037/16039/itog.files/filelist.xml,http://cdo.keu.kz/content/16037/16039/itog.files/image001.wmz,http://cdo.keu.kz/content/16037/16039/itog.files/image002.wmz,http://cdo.keu.kz/content/16037/16039/itog.files/image003.wmz,http://cdo.keu.kz/content/16037/16039/itog.files/image004.wmz,http://cdo.keu.kz/content/16037/16039/itog.files/image005.wmz,http://cdo.keu.kz/content/16037/16039/itog.files/image006.wmz,http://cdo.keu.kz/content/16037/16039/itog.files/image007.wmz,http://cdo.keu.kz/content/16037/16039/itog.files/image008.wmz,http://cdo.keu.kz/content/16037/16039/itog.files/image009.wmz,http://cdo.keu.kz/content/16037/16039/itog.files/image010.wmz,http://cdo.keu.kz/content/16037/16039/itog.files/image011.wmz,http://cdo.keu.kz/content/16037/16039/itog.files/image012.wmz,http://cdo.keu.kz/content/16037/16039/itog.files/image013.wmz,http://cdo.keu.kz/content/16037/16039/itog.files/image014.wmz,http://cdo.keu.kz/content/16037/16039/itog.files/image015.wmz,http://cdo.keu.kz/content/16037/16039/itog.files/item0001.xml,http://cdo.keu.kz/content/16037/16039/itog.files/oledata.mso,http://cdo.keu.kz/content/16037/16039/itog.files/props0002.xml,http://cdo.keu.kz/content/16037/16039/itog.files/themedata.thmx,http://cdo.keu.kz/content/16037/16039/itog.htm,,,,,,,,,,,,,,,,,,,,,,,,,,,,,,,,,,,,,,,,,,,,,,,,,,,,,,,,,,,,,,,,,,,,,,,,,,,,,,,,,,,,,,,,,,,,,,,,,,,,,,,,,,,,,,,,,,,,,,,,,,,,,,,,,,,,,,,,,,,,,,,,,,,,,,,
http://cdo.keu.kz/content/16038/16040/itog.files/colorschememapping.xml,http://cdo.keu.kz/content/16038/16040/itog.files/filelist.xml,http://cdo.keu.kz/content/16038/16040/itog.files/item0001.xml,http://cdo.keu.kz/content/16038/16040/itog.files/props0002.xml,http://cdo.keu.kz/content/16038/16040/itog.files/themedata.thmx,http://cdo.keu.kz/content/16038/16040/itog.htm,,,,,,,,,,,,,,,,,,,,,,,,,,,,,,,,,,,,,,,,,,,,,,,,,,,,,,,,,,,,,,,,,,,,,,,,,,,,,,,,,,,,,,,,,,,,,,,,,,,,,,,,,,,,,,,,,,,,,,,,,,,,,,,,,,,,,,,,,,,,,,,,,,,,,,,,,,,,,,,,,,,,,,,
http://cdo.keu.kz/content/16039/16041/itog.files/colorschememapping.xml,http://cdo.keu.kz/content/16039/16041/itog.files/filelist.xml,http://cdo.keu.kz/content/16039/16041/itog.files/item0001.xml,http://cdo.keu.kz/content/16039/16041/itog.files/props0002.xml,http://cdo.keu.kz/content/16039/16041/itog.files/themedata.thmx,http://cdo.keu.kz/content/16039/16041/itog.htm,,,,,,,,,,,,,,,,,,,,,,,,,,,,,,,,,,,,,,,,,,,,,,,,,,,,,,,,,,,,,,,,,,,,,,,,,,,,,,,,,,,,,,,,,,,,,,,,,,,,,,,,,,,,,,,,,,,,,,,,,,,,,,,,,,,,,,,,,,,,,,,,,,,,,,,,,,,,,,,,,,,,,,,
http://cdo.keu.kz/content/16040/16042/itog.files/colorschememapping.xml,http://cdo.keu.kz/content/16040/16042/itog.files/filelist.xml,http://cdo.keu.kz/content/16040/16042/itog.files/themedata.thmx,http://cdo.keu.kz/content/16040/16042/itog.htm,,,,,,,,,,,,,,,,,,,,,,,,,,,,,,,,,,,,,,,,,,,,,,,,,,,,,,,,,,,,,,,,,,,,,,,,,,,,,,,,,,,,,,,,,,,,,,,,,,,,,,,,,,,,,,,,,,,,,,,,,,,,,,,,,,,,,,,,,,,,,,,,,,,,,,,,,,,,,,,,,,,,,,,,,
http://cdo.keu.kz/content/16041/16043/q.files/colorschememapping.xml,http://cdo.keu.kz/content/16041/16043/q.files/filelist.xml,http://cdo.keu.kz/content/16041/16043/q.files/themedata.thmx,http://cdo.keu.kz/content/16041/16043/q.htm,,,,,,,,,,,,,,,,,,,,,,,,,,,,,,,,,,,,,,,,,,,,,,,,,,,,,,,,,,,,,,,,,,,,,,,,,,,,,,,,,,,,,,,,,,,,,,,,,,,,,,,,,,,,,,,,,,,,,,,,,,,,,,,,,,,,,,,,,,,,,,,,,,,,,,,,,,,,,,,,,,,,,,,,,
http://cdo.keu.kz/content/16042/16044/q.files/colorschememapping.xml,http://cdo.keu.kz/content/16042/16044/q.files/filelist.xml,http://cdo.keu.kz/content/16042/16044/q.files/themedata.thmx,http://cdo.keu.kz/content/16042/16044/q.htm,,,,,,,,,,,,,,,,,,,,,,,,,,,,,,,,,,,,,,,,,,,,,,,,,,,,,,,,,,,,,,,,,,,,,,,,,,,,,,,,,,,,,,,,,,,,,,,,,,,,,,,,,,,,,,,,,,,,,,,,,,,,,,,,,,,,,,,,,,,,,,,,,,,,,,,,,,,,,,,,,,,,,,,,,
http://cdo.keu.kz/content/16043/16045/q.files/colorschememapping.xml,http://cdo.keu.kz/content/16043/16045/q.files/filelist.xml,http://cdo.keu.kz/content/16043/16045/q.files/themedata.thmx,http://cdo.keu.kz/content/16043/16045/q.htm,,,,,,,,,,,,,,,,,,,,,,,,,,,,,,,,,,,,,,,,,,,,,,,,,,,,,,,,,,,,,,,,,,,,,,,,,,,,,,,,,,,,,,,,,,,,,,,,,,,,,,,,,,,,,,,,,,,,,,,,,,,,,,,,,,,,,,,,,,,,,,,,,,,,,,,,,,,,,,,,,,,,,,,,,
http://cdo.keu.kz/content/16044/16046/Itogov.htm,,,,,,,,,,,,,,,,,,,,,,,,,,,,,,,,,,,,,,,,,,,,,,,,,,,,,,,,,,,,,,,,,,,,,,,,,,,,,,,,,,,,,,,,,,,,,,,,,,,,,,,,,,,,,,,,,,,,,,,,,,,,,,,,,,,,,,,,,,,,,,,,,,,,,,,,,,,,,,,,,,,,,,,,,,,,
http://cdo.keu.kz/content/16045/16047/16047.htm,http://cdo.keu.kz/content/16045/16047/42459/42459.htm,http://cdo.keu.kz/content/16045/16047/42460/42460.htm,http://cdo.keu.kz/content/16045/16047/42461/42461.htm,http://cdo.keu.kz/content/16045/16047/42462/42462.htm,http://cdo.keu.kz/content/16045/16047/42463/42463.htm,http://cdo.keu.kz/content/16045/16047/42464/42464.htm,http://cdo.keu.kz/content/16045/16047/42465/42465.htm,http://cdo.keu.kz/content/16045/16047/42466/42466.htm,http://cdo.keu.kz/content/16045/16047/42467/42467.htm,http://cdo.keu.kz/content/16045/16047/42468/42468.htm,http://cdo.keu.kz/content/16045/16047/42469/42469.htm,http://cdo.keu.kz/content/16045/16047/42470/42470.htm,http://cdo.keu.kz/content/16045/16047/lek.files/colorschememapping.xml,http://cdo.keu.kz/content/16045/16047/lek.files/filelist.xml,http://cdo.keu.kz/content/16045/16047/lek.files/item0001.xml,http://cdo.keu.kz/content/16045/16047/lek.files/props002.xml,http://cdo.keu.kz/content/16045/16047/lek.files/themedata.thmx,,,,,,,,,,,,,,,,,,,,,,,,,,,,,,,,,,,,,,,,,,,,,,,,,,,,,,,,,,,,,,,,,,,,,,,,,,,,,,,,,,,,,,,,,,,,,,,,,,,,,,,,,,,,,,,,,,,,,,,,,,,,,,,,,,,,,,,,,,,,,,,,,,,,,,,,,,,
http://cdo.keu.kz/content/16046/16048/q.files/colorschememapping.xml,http://cdo.keu.kz/content/16046/16048/q.files/filelist.xml,http://cdo.keu.kz/content/16046/16048/q.files/item0001.xml,http://cdo.keu.kz/content/16046/16048/q.files/props002.xml,http://cdo.keu.kz/content/16046/16048/q.files/themedata.thmx,http://cdo.keu.kz/content/16046/16048/q.htm,,,,,,,,,,,,,,,,,,,,,,,,,,,,,,,,,,,,,,,,,,,,,,,,,,,,,,,,,,,,,,,,,,,,,,,,,,,,,,,,,,,,,,,,,,,,,,,,,,,,,,,,,,,,,,,,,,,,,,,,,,,,,,,,,,,,,,,,,,,,,,,,,,,,,,,,,,,,,,,,,,,,,,,
http://cdo.keu.kz/content/16047/16049/q.files/colorschememapping.xml,http://cdo.keu.kz/content/16047/16049/q.files/filelist.xml,http://cdo.keu.kz/content/16047/16049/q.files/themedata.thmx,http://cdo.keu.kz/content/16047/16049/q.htm,,,,,,,,,,,,,,,,,,,,,,,,,,,,,,,,,,,,,,,,,,,,,,,,,,,,,,,,,,,,,,,,,,,,,,,,,,,,,,,,,,,,,,,,,,,,,,,,,,,,,,,,,,,,,,,,,,,,,,,,,,,,,,,,,,,,,,,,,,,,,,,,,,,,,,,,,,,,,,,,,,,,,,,,,
http://cdo.keu.kz/content/16048/16050/16050.htm,http://cdo.keu.kz/content/16048/16050/Lek.files/colorschememapping.xml,http://cdo.keu.kz/content/16048/16050/Lek.files/image001.gif,http://cdo.keu.kz/content/16048/16050/Lek.files/themedata.thmx,http://cdo.keu.kz/content/16048/16050/Lek.htm,,,,,,,,,,,,,,,,,,,,,,,,,,,,,,,,,,,,,,,,,,,,,,,,,,,,,,,,,,,,,,,,,,,,,,,,,,,,,,,,,,,,,,,,,,,,,,,,,,,,,,,,,,,,,,,,,,,,,,,,,,,,,,,,,,,,,,,,,,,,,,,,,,,,,,,,,,,,,,,,,,,,,,,,
http://cdo.keu.kz/content/16049/16051/16051.htm,http://cdo.keu.kz/content/16049/16051/42471/42471.htm,http://cdo.keu.kz/content/16049/16051/42472/42472.htm,http://cdo.keu.kz/content/16049/16051/42473/42473.htm,http://cdo.keu.kz/content/16049/16051/42474/42474.htm,http://cdo.keu.kz/content/16049/16051/42475/42475.htm,http://cdo.keu.kz/content/16049/16051/42476/42476.htm,http://cdo.keu.kz/content/16049/16051/42477/42477.htm,http://cdo.keu.kz/content/16049/16051/42478/42478.htm,http://cdo.keu.kz/content/16049/16051/42479/42479.htm,http://cdo.keu.kz/content/16049/16051/42480/42480.htm,http://cdo.keu.kz/content/16049/16051/42481/42481.htm,http://cdo.keu.kz/content/16049/16051/42482/42482.htm,http://cdo.keu.kz/content/16049/16051/42483/42483.htm,http://cdo.keu.kz/content/16049/16051/socialnaj%20gerontologia.files/colorschememapping.xml,http://cdo.keu.kz/content/16049/16051/socialnaj%20gerontologia.files/filelist.xml,http://cdo.keu.kz/content/16049/16051/socialnaj%20gerontologia.files/header.htm,http://cdo.keu.kz/content/16049/16051/socialnaj%20gerontologia.files/image001.wmz,http://cdo.keu.kz/content/16049/16051/socialnaj%20gerontologia.files/image002.gif,http://cdo.keu.kz/content/16049/16051/socialnaj%20gerontologia.files/themedata.thmx,,,,,,,,,,,,,,,,,,,,,,,,,,,,,,,,,,,,,,,,,,,,,,,,,,,,,,,,,,,,,,,,,,,,,,,,,,,,,,,,,,,,,,,,,,,,,,,,,,,,,,,,,,,,,,,,,,,,,,,,,,,,,,,,,,,,,,,,,,,,,,,,,,,,,,,,,
http://cdo.keu.kz/content/16050/16052/q.files/colorschememapping.xml,http://cdo.keu.kz/content/16050/16052/q.files/filelist.xml,http://cdo.keu.kz/content/16050/16052/q.files/item0001.xml,http://cdo.keu.kz/content/16050/16052/q.files/props002.xml,http://cdo.keu.kz/content/16050/16052/q.files/themedata.thmx,http://cdo.keu.kz/content/16050/16052/q.htm,,,,,,,,,,,,,,,,,,,,,,,,,,,,,,,,,,,,,,,,,,,,,,,,,,,,,,,,,,,,,,,,,,,,,,,,,,,,,,,,,,,,,,,,,,,,,,,,,,,,,,,,,,,,,,,,,,,,,,,,,,,,,,,,,,,,,,,,,,,,,,,,,,,,,,,,,,,,,,,,,,,,,,,
http://cdo.keu.kz/content/16051/16053/16053.htm,http://cdo.keu.kz/content/16051/16053/42484/42484.htm,http://cdo.keu.kz/content/16051/16053/42485/42485.htm,http://cdo.keu.kz/content/16051/16053/42486/42486.htm,http://cdo.keu.kz/content/16051/16053/42487/42487.htm,http://cdo.keu.kz/content/16051/16053/42488/42488.htm,http://cdo.keu.kz/content/16051/16053/42489/42489.htm,http://cdo.keu.kz/content/16051/16053/42490/42490.htm,http://cdo.keu.kz/content/16051/16053/42491/42491.htm,http://cdo.keu.kz/content/16051/16053/42492/42492.htm,http://cdo.keu.kz/content/16051/16053/42493/42493.htm,http://cdo.keu.kz/content/16051/16053/42494/42494.htm,http://cdo.keu.kz/content/16051/16053/42495/42495.htm,http://cdo.keu.kz/content/16051/16053/42496/42496.htm,http://cdo.keu.kz/content/16051/16053/42497/42497.htm,http://cdo.keu.kz/content/16051/16053/42498/42498.htm,http://cdo.keu.kz/content/16051/16053/42499/42499.htm,http://cdo.keu.kz/content/16051/16053/lek.files/colorschememapping.xml,http://cdo.keu.kz/content/16051/16053/lek.files/filelist.xml,http://cdo.keu.kz/content/16051/16053/lek.files/themedata.thmx,,,,,,,,,,,,,,,,,,,,,,,,,,,,,,,,,,,,,,,,,,,,,,,,,,,,,,,,,,,,,,,,,,,,,,,,,,,,,,,,,,,,,,,,,,,,,,,,,,,,,,,,,,,,,,,,,,,,,,,,,,,,,,,,,,,,,,,,,,,,,,,,,,,,,,,,,
http://cdo.keu.kz/content/16052/16054/q.files/colorschememapping.xml,http://cdo.keu.kz/content/16052/16054/q.files/filelist.xml,http://cdo.keu.kz/content/16052/16054/q.files/themedata.thmx,http://cdo.keu.kz/content/16052/16054/q.htm,,,,,,,,,,,,,,,,,,,,,,,,,,,,,,,,,,,,,,,,,,,,,,,,,,,,,,,,,,,,,,,,,,,,,,,,,,,,,,,,,,,,,,,,,,,,,,,,,,,,,,,,,,,,,,,,,,,,,,,,,,,,,,,,,,,,,,,,,,,,,,,,,,,,,,,,,,,,,,,,,,,,,,,,,
http://cdo.keu.kz/content/16053/16055/itog.files/colorschememapping.xml,http://cdo.keu.kz/content/16053/16055/itog.files/filelist.xml,http://cdo.keu.kz/content/16053/16055/itog.files/themedata.thmx,http://cdo.keu.kz/content/16053/16055/itog.htm,,,,,,,,,,,,,,,,,,,,,,,,,,,,,,,,,,,,,,,,,,,,,,,,,,,,,,,,,,,,,,,,,,,,,,,,,,,,,,,,,,,,,,,,,,,,,,,,,,,,,,,,,,,,,,,,,,,,,,,,,,,,,,,,,,,,,,,,,,,,,,,,,,,,,,,,,,,,,,,,,,,,,,,,,
http://cdo.keu.kz/content/16054/16056/16056.htm,http://cdo.keu.kz/content/16054/16056/lek.files/colorschememapping.xml,http://cdo.keu.kz/content/16054/16056/lek.files/filelist.xml,http://cdo.keu.kz/content/16054/16056/lek.files/themedata.thmx,http://cdo.keu.kz/content/16054/16056/lek.htm,,,,,,,,,,,,,,,,,,,,,,,,,,,,,,,,,,,,,,,,,,,,,,,,,,,,,,,,,,,,,,,,,,,,,,,,,,,,,,,,,,,,,,,,,,,,,,,,,,,,,,,,,,,,,,,,,,,,,,,,,,,,,,,,,,,,,,,,,,,,,,,,,,,,,,,,,,,,,,,,,,,,,,,,
http://cdo.keu.kz/content/16055/16057/16057.htm,http://cdo.keu.kz/content/16055/16057/lek.files/colorschememapping.xml,http://cdo.keu.kz/content/16055/16057/lek.files/filelist.xml,http://cdo.keu.kz/content/16055/16057/lek.files/themedata.thmx,http://cdo.keu.kz/content/16055/16057/lek.htm,,,,,,,,,,,,,,,,,,,,,,,,,,,,,,,,,,,,,,,,,,,,,,,,,,,,,,,,,,,,,,,,,,,,,,,,,,,,,,,,,,,,,,,,,,,,,,,,,,,,,,,,,,,,,,,,,,,,,,,,,,,,,,,,,,,,,,,,,,,,,,,,,,,,,,,,,,,,,,,,,,,,,,,,
http://cdo.keu.kz/content/16056/16058/16058.htm,http://cdo.keu.kz/content/16056/16058/lek.htm,,,,,,,,,,,,,,,,,,,,,,,,,,,,,,,,,,,,,,,,,,,,,,,,,,,,,,,,,,,,,,,,,,,,,,,,,,,,,,,,,,,,,,,,,,,,,,,,,,,,,,,,,,,,,,,,,,,,,,,,,,,,,,,,,,,,,,,,,,,,,,,,,,,,,,,,,,,,,,,,,,,,,,,,,,,
http://cdo.keu.kz/content/16057/16059/q.files/colorschememapping.xml,http://cdo.keu.kz/content/16057/16059/q.files/filelist.xml,http://cdo.keu.kz/content/16057/16059/q.files/themedata.thmx,http://cdo.keu.kz/content/16057/16059/q.htm,,,,,,,,,,,,,,,,,,,,,,,,,,,,,,,,,,,,,,,,,,,,,,,,,,,,,,,,,,,,,,,,,,,,,,,,,,,,,,,,,,,,,,,,,,,,,,,,,,,,,,,,,,,,,,,,,,,,,,,,,,,,,,,,,,,,,,,,,,,,,,,,,,,,,,,,,,,,,,,,,,,,,,,,,
http://cdo.keu.kz/content/16058/16060/16060.htm,http://cdo.keu.kz/content/16058/16060/42500/42500.htm,http://cdo.keu.kz/content/16058/16060/42501/42501.htm,http://cdo.keu.kz/content/16058/16060/42502/42502.htm,http://cdo.keu.kz/content/16058/16060/42503/42503.htm,http://cdo.keu.kz/content/16058/16060/42504/42504.htm,http://cdo.keu.kz/content/16058/16060/42505/42505.htm,http://cdo.keu.kz/content/16058/16060/42506/42506.htm,http://cdo.keu.kz/content/16058/16060/42507/42507.htm,http://cdo.keu.kz/content/16058/16060/42508/42508.htm,http://cdo.keu.kz/content/16058/16060/42509/42509.htm,http://cdo.keu.kz/content/16058/16060/42510/42510.htm,http://cdo.keu.kz/content/16058/16060/42511/42511.htm,http://cdo.keu.kz/content/16058/16060/42512/42512.htm,http://cdo.keu.kz/content/16058/16060/42513/42513.htm,http://cdo.keu.kz/content/16058/16060/42514/42514.htm,,,,,,,,,,,,,,,,,,,,,,,,,,,,,,,,,,,,,,,,,,,,,,,,,,,,,,,,,,,,,,,,,,,,,,,,,,,,,,,,,,,,,,,,,,,,,,,,,,,,,,,,,,,,,,,,,,,,,,,,,,,,,,,,,,,,,,,,,,,,,,,,,,,,,,,,,,,,,
http://cdo.keu.kz/content/16059/16061/it.htm,,,,,,,,,,,,,,,,,,,,,,,,,,,,,,,,,,,,,,,,,,,,,,,,,,,,,,,,,,,,,,,,,,,,,,,,,,,,,,,,,,,,,,,,,,,,,,,,,,,,,,,,,,,,,,,,,,,,,,,,,,,,,,,,,,,,,,,,,,,,,,,,,,,,,,,,,,,,,,,,,,,,,,,,,,,,
http://cdo.keu.kz/content/16060/16062/itog.files/colorschememapping.xml,http://cdo.keu.kz/content/16060/16062/itog.files/editdata.mso,http://cdo.keu.kz/content/16060/16062/itog.files/filelist.xml,http://cdo.keu.kz/content/16060/16062/itog.files/item0001.xml,http://cdo.keu.kz/content/16060/16062/itog.files/props0002.xml,http://cdo.keu.kz/content/16060/16062/itog.files/themedata.thmx,http://cdo.keu.kz/content/16060/16062/itog.htm,,,,,,,,,,,,,,,,,,,,,,,,,,,,,,,,,,,,,,,,,,,,,,,,,,,,,,,,,,,,,,,,,,,,,,,,,,,,,,,,,,,,,,,,,,,,,,,,,,,,,,,,,,,,,,,,,,,,,,,,,,,,,,,,,,,,,,,,,,,,,,,,,,,,,,,,,,,,,,,,,,,,,,
http://cdo.keu.kz/content/16061/16063/16063.htm,http://cdo.keu.kz/content/16061/16063/42515/42515.htm,http://cdo.keu.kz/content/16061/16063/42516/42516.htm,http://cdo.keu.kz/content/16061/16063/42517/42517.htm,http://cdo.keu.kz/content/16061/16063/42518/42518.htm,http://cdo.keu.kz/content/16061/16063/42519/42519.htm,http://cdo.keu.kz/content/16061/16063/42520/42520.htm,http://cdo.keu.kz/content/16061/16063/42521/42521.htm,http://cdo.keu.kz/content/16061/16063/42522/42522.htm,http://cdo.keu.kz/content/16061/16063/42523/42523.htm,http://cdo.keu.kz/content/16061/16063/42524/42524.htm,http://cdo.keu.kz/content/16061/16063/42525/42525.htm,http://cdo.keu.kz/content/16061/16063/42526/42526.htm,http://cdo.keu.kz/content/16061/16063/42527/42527.htm,http://cdo.keu.kz/content/16061/16063/lek.files/colorschememapping.xml,http://cdo.keu.kz/content/16061/16063/lek.files/filelist.xml,http://cdo.keu.kz/content/16061/16063/lek.files/themedata.thmx,,,,,,,,,,,,,,,,,,,,,,,,,,,,,,,,,,,,,,,,,,,,,,,,,,,,,,,,,,,,,,,,,,,,,,,,,,,,,,,,,,,,,,,,,,,,,,,,,,,,,,,,,,,,,,,,,,,,,,,,,,,,,,,,,,,,,,,,,,,,,,,,,,,,,,,,,,,,
http://cdo.keu.kz/content/16062/16064/q.files/colorschememapping.xml,http://cdo.keu.kz/content/16062/16064/q.files/filelist.xml,http://cdo.keu.kz/content/16062/16064/q.files/header.htm,http://cdo.keu.kz/content/16062/16064/q.files/themedata.thmx,http://cdo.keu.kz/content/16062/16064/q.htm,,,,,,,,,,,,,,,,,,,,,,,,,,,,,,,,,,,,,,,,,,,,,,,,,,,,,,,,,,,,,,,,,,,,,,,,,,,,,,,,,,,,,,,,,,,,,,,,,,,,,,,,,,,,,,,,,,,,,,,,,,,,,,,,,,,,,,,,,,,,,,,,,,,,,,,,,,,,,,,,,,,,,,,,
http://cdo.keu.kz/content/16063/16065/q.files/colorschememapping.xml,http://cdo.keu.kz/content/16063/16065/q.files/filelist.xml,http://cdo.keu.kz/content/16063/16065/q.files/header.htm,http://cdo.keu.kz/content/16063/16065/q.files/themedata.thmx,http://cdo.keu.kz/content/16063/16065/q.htm,,,,,,,,,,,,,,,,,,,,,,,,,,,,,,,,,,,,,,,,,,,,,,,,,,,,,,,,,,,,,,,,,,,,,,,,,,,,,,,,,,,,,,,,,,,,,,,,,,,,,,,,,,,,,,,,,,,,,,,,,,,,,,,,,,,,,,,,,,,,,,,,,,,,,,,,,,,,,,,,,,,,,,,,
http://cdo.keu.kz/content/16064/16066/q.files/colorschememapping.xml,http://cdo.keu.kz/content/16064/16066/q.files/filelist.xml,http://cdo.keu.kz/content/16064/16066/q.files/header.htm,http://cdo.keu.kz/content/16064/16066/q.files/themedata.thmx,http://cdo.keu.kz/content/16064/16066/q.htm,,,,,,,,,,,,,,,,,,,,,,,,,,,,,,,,,,,,,,,,,,,,,,,,,,,,,,,,,,,,,,,,,,,,,,,,,,,,,,,,,,,,,,,,,,,,,,,,,,,,,,,,,,,,,,,,,,,,,,,,,,,,,,,,,,,,,,,,,,,,,,,,,,,,,,,,,,,,,,,,,,,,,,,,
http://cdo.keu.kz/content/16065/16067/q.files/colorschememapping.xml,http://cdo.keu.kz/content/16065/16067/q.files/filelist.xml,http://cdo.keu.kz/content/16065/16067/q.files/header.htm,http://cdo.keu.kz/content/16065/16067/q.files/themedata.thmx,http://cdo.keu.kz/content/16065/16067/q.htm,,,,,,,,,,,,,,,,,,,,,,,,,,,,,,,,,,,,,,,,,,,,,,,,,,,,,,,,,,,,,,,,,,,,,,,,,,,,,,,,,,,,,,,,,,,,,,,,,,,,,,,,,,,,,,,,,,,,,,,,,,,,,,,,,,,,,,,,,,,,,,,,,,,,,,,,,,,,,,,,,,,,,,,,
http://cdo.keu.kz/content/16066/16068/itog.files/colorschememapping.xml,http://cdo.keu.kz/content/16066/16068/itog.files/filelist.xml,http://cdo.keu.kz/content/16066/16068/itog.files/themedata.thmx,http://cdo.keu.kz/content/16066/16068/itog.htm,,,,,,,,,,,,,,,,,,,,,,,,,,,,,,,,,,,,,,,,,,,,,,,,,,,,,,,,,,,,,,,,,,,,,,,,,,,,,,,,,,,,,,,,,,,,,,,,,,,,,,,,,,,,,,,,,,,,,,,,,,,,,,,,,,,,,,,,,,,,,,,,,,,,,,,,,,,,,,,,,,,,,,,,,
http://cdo.keu.kz/content/16067/16069/16069.htm,http://cdo.keu.kz/content/16067/16069/42528/42528.htm,http://cdo.keu.kz/content/16067/16069/42529/42529.htm,http://cdo.keu.kz/content/16067/16069/42530/42530.htm,http://cdo.keu.kz/content/16067/16069/42531/42531.htm,http://cdo.keu.kz/content/16067/16069/42532/42532.htm,http://cdo.keu.kz/content/16067/16069/42533/42533.htm,http://cdo.keu.kz/content/16067/16069/42534/42534.htm,http://cdo.keu.kz/content/16067/16069/42535/42535.htm,http://cdo.keu.kz/content/16067/16069/42536/42536.htm,http://cdo.keu.kz/content/16067/16069/42537/42537.htm,http://cdo.keu.kz/content/16067/16069/42538/42538.htm,http://cdo.keu.kz/content/16067/16069/42539/42539.htm,http://cdo.keu.kz/content/16067/16069/Lekcii.files/filelist.xml,http://cdo.keu.kz/content/16067/16069/Lekcii.files/header.htm,http://cdo.keu.kz/content/16067/16069/Lekcii.files/image001.gif,http://cdo.keu.kz/content/16067/16069/Lekcii.files/image002.emz,http://cdo.keu.kz/content/16067/16069/Lekcii.files/image003.gif,http://cdo.keu.kz/content/16067/16069/Lekcii.files/image004.emz,http://cdo.keu.kz/content/16067/16069/Lekcii.files/image005.gif,http://cdo.keu.kz/content/16067/16069/Lekcii.files/image006.emz,http://cdo.keu.kz/content/16067/16069/Lekcii.files/image007.gif,http://cdo.keu.kz/content/16067/16069/Lekcii.files/image008.wmz,http://cdo.keu.kz/content/16067/16069/Lekcii.files/image009.gif,http://cdo.keu.kz/content/16067/16069/Lekcii.files/image010.wmz,http://cdo.keu.kz/content/16067/16069/Lekcii.files/image011.gif,http://cdo.keu.kz/content/16067/16069/Lekcii.files/image012.wmz,http://cdo.keu.kz/content/16067/16069/Lekcii.files/image013.gif,http://cdo.keu.kz/content/16067/16069/Lekcii.files/image014.gif,http://cdo.keu.kz/content/16067/16069/Lekcii.files/image015.gif,http://cdo.keu.kz/content/16067/16069/Lekcii.files/image016.gif,http://cdo.keu.kz/content/16067/16069/Lekcii.files/image017.gif,http://cdo.keu.kz/content/16067/16069/Lekcii.files/image018.gif,http://cdo.keu.kz/content/16067/16069/Lekcii.files/image019.gif,http://cdo.keu.kz/content/16067/16069/Lekcii.files/image020.gif,http://cdo.keu.kz/content/16067/16069/Lekcii.files/image021.gif,http://cdo.keu.kz/content/16067/16069/Lekcii.files/image022.gif,http://cdo.keu.kz/content/16067/16069/Lekcii.files/image023.gif,http://cdo.keu.kz/content/16067/16069/Lekcii.files/image024.gif,http://cdo.keu.kz/content/16067/16069/Lekcii.files/image025.gif,http://cdo.keu.kz/content/16067/16069/Lekcii.files/image026.gif,http://cdo.keu.kz/content/16067/16069/Lekcii.files/image027.gif,http://cdo.keu.kz/content/16067/16069/Lekcii.files/image028.gif,http://cdo.keu.kz/content/16067/16069/Lekcii.files/image029.gif,http://cdo.keu.kz/content/16067/16069/Lekcii.files/image030.gif,http://cdo.keu.kz/content/16067/16069/Lekcii.files/oledata.mso,,,,,,,,,,,,,,,,,,,,,,,,,,,,,,,,,,,,,,,,,,,,,,,,,,,,,,,,,,,,,,,,,,,,,,,,,,,,,,,,,,,,,,,,,,,,,,,,,,,,,,,,,,,,,,,,,,,,,,,,,,,,,,,
http://cdo.keu.kz/content/16068/16070/itogovui.htm,,,,,,,,,,,,,,,,,,,,,,,,,,,,,,,,,,,,,,,,,,,,,,,,,,,,,,,,,,,,,,,,,,,,,,,,,,,,,,,,,,,,,,,,,,,,,,,,,,,,,,,,,,,,,,,,,,,,,,,,,,,,,,,,,,,,,,,,,,,,,,,,,,,,,,,,,,,,,,,,,,,,,,,,,,,,
http://cdo.keu.kz/content/16069/16071/16071.htm,http://cdo.keu.kz/content/16069/16071/42540/42540.htm,http://cdo.keu.kz/content/16069/16071/42541/42541.htm,http://cdo.keu.kz/content/16069/16071/42542/42542.htm,http://cdo.keu.kz/content/16069/16071/42543/42543.htm,http://cdo.keu.kz/content/16069/16071/42544/42544.htm,http://cdo.keu.kz/content/16069/16071/42545/42545.htm,http://cdo.keu.kz/content/16069/16071/42546/42546.htm,http://cdo.keu.kz/content/16069/16071/42547/42547.htm,http://cdo.keu.kz/content/16069/16071/42548/42548.htm,http://cdo.keu.kz/content/16069/16071/42549/42549.htm,http://cdo.keu.kz/content/16069/16071/42550/42550.htm,http://cdo.keu.kz/content/16069/16071/42551/42551.htm,http://cdo.keu.kz/content/16069/16071/42552/42552.htm,http://cdo.keu.kz/content/16069/16071/42553/42553.htm,http://cdo.keu.kz/content/16069/16071/42554/42554.htm,http://cdo.keu.kz/content/16069/16071/lek.files/colorschememapping.xml,http://cdo.keu.kz/content/16069/16071/lek.files/filelist.xml,http://cdo.keu.kz/content/16069/16071/lek.files/themedata.thmx,,,,,,,,,,,,,,,,,,,,,,,,,,,,,,,,,,,,,,,,,,,,,,,,,,,,,,,,,,,,,,,,,,,,,,,,,,,,,,,,,,,,,,,,,,,,,,,,,,,,,,,,,,,,,,,,,,,,,,,,,,,,,,,,,,,,,,,,,,,,,,,,,,,,,,,,,,
http://cdo.keu.kz/content/16070/16072/itog.files/colorschememapping.xml,http://cdo.keu.kz/content/16070/16072/itog.files/filelist.xml,http://cdo.keu.kz/content/16070/16072/itog.files/themedata.thmx,http://cdo.keu.kz/content/16070/16072/itog.htm,,,,,,,,,,,,,,,,,,,,,,,,,,,,,,,,,,,,,,,,,,,,,,,,,,,,,,,,,,,,,,,,,,,,,,,,,,,,,,,,,,,,,,,,,,,,,,,,,,,,,,,,,,,,,,,,,,,,,,,,,,,,,,,,,,,,,,,,,,,,,,,,,,,,,,,,,,,,,,,,,,,,,,,,,
http://cdo.keu.kz/content/16071/16073/16073.htm,http://cdo.keu.kz/content/16071/16073/42555/42555.htm,http://cdo.keu.kz/content/16071/16073/42556/42556.htm,http://cdo.keu.kz/content/16071/16073/42557/42557.htm,http://cdo.keu.kz/content/16071/16073/42558/42558.htm,http://cdo.keu.kz/content/16071/16073/42559/42559.htm,http://cdo.keu.kz/content/16071/16073/42560/42560.htm,http://cdo.keu.kz/content/16071/16073/42561/42561.htm,http://cdo.keu.kz/content/16071/16073/42562/42562.htm,http://cdo.keu.kz/content/16071/16073/42563/42563.htm,http://cdo.keu.kz/content/16071/16073/42564/42564.htm,http://cdo.keu.kz/content/16071/16073/42565/42565.htm,http://cdo.keu.kz/content/16071/16073/42566/42566.htm,http://cdo.keu.kz/content/16071/16073/42567/42567.htm,http://cdo.keu.kz/content/16071/16073/42568/42568.htm,http://cdo.keu.kz/content/16071/16073/lek.files/colorschememapping.xml,http://cdo.keu.kz/content/16071/16073/lek.files/filelist.xml,http://cdo.keu.kz/content/16071/16073/lek.files/themedata.thmx,,,,,,,,,,,,,,,,,,,,,,,,,,,,,,,,,,,,,,,,,,,,,,,,,,,,,,,,,,,,,,,,,,,,,,,,,,,,,,,,,,,,,,,,,,,,,,,,,,,,,,,,,,,,,,,,,,,,,,,,,,,,,,,,,,,,,,,,,,,,,,,,,,,,,,,,,,,
http://cdo.keu.kz/content/16072/16074/16074.htm,http://cdo.keu.kz/content/16072/16074/42569/42569.htm,http://cdo.keu.kz/content/16072/16074/42570/42570.htm,http://cdo.keu.kz/content/16072/16074/42571/42571.htm,http://cdo.keu.kz/content/16072/16074/42572/42572.htm,http://cdo.keu.kz/content/16072/16074/42573/42573.htm,http://cdo.keu.kz/content/16072/16074/42574/42574.htm,http://cdo.keu.kz/content/16072/16074/42575/42575.htm,http://cdo.keu.kz/content/16072/16074/42576/42576.htm,http://cdo.keu.kz/content/16072/16074/42577/42577.htm,http://cdo.keu.kz/content/16072/16074/42578/42578.htm,http://cdo.keu.kz/content/16072/16074/42579/42579.htm,http://cdo.keu.kz/content/16072/16074/42580/42580.htm,http://cdo.keu.kz/content/16072/16074/42581/42581.htm,http://cdo.keu.kz/content/16072/16074/42582/42582.htm,http://cdo.keu.kz/content/16072/16074/42583/42583.htm,http://cdo.keu.kz/content/16072/16074/lek.files/colorschememapping.xml,http://cdo.keu.kz/content/16072/16074/lek.files/filelist.xml,http://cdo.keu.kz/content/16072/16074/lek.files/themedata.thmx,,,,,,,,,,,,,,,,,,,,,,,,,,,,,,,,,,,,,,,,,,,,,,,,,,,,,,,,,,,,,,,,,,,,,,,,,,,,,,,,,,,,,,,,,,,,,,,,,,,,,,,,,,,,,,,,,,,,,,,,,,,,,,,,,,,,,,,,,,,,,,,,,,,,,,,,,,
http://cdo.keu.kz/content/16073/16075/16075.htm,http://cdo.keu.kz/content/16073/16075/lek.files/colorschememapping.xml,http://cdo.keu.kz/content/16073/16075/lek.files/filelist.xml,http://cdo.keu.kz/content/16073/16075/lek.files/header.htm,http://cdo.keu.kz/content/16073/16075/lek.files/image001.gif,http://cdo.keu.kz/content/16073/16075/lek.files/image002.gif,http://cdo.keu.kz/content/16073/16075/lek.files/image003.gif,http://cdo.keu.kz/content/16073/16075/lek.files/image004.png,http://cdo.keu.kz/content/16073/16075/lek.files/image005.jpg,http://cdo.keu.kz/content/16073/16075/lek.files/image006.gif,http://cdo.keu.kz/content/16073/16075/lek.files/image007.gif,http://cdo.keu.kz/content/16073/16075/lek.files/themedata.thmx,,,,,,,,,,,,,,,,,,,,,,,,,,,,,,,,,,,,,,,,,,,,,,,,,,,,,,,,,,,,,,,,,,,,,,,,,,,,,,,,,,,,,,,,,,,,,,,,,,,,,,,,,,,,,,,,,,,,,,,,,,,,,,,,,,,,,,,,,,,,,,,,,,,,,,,,,,,,,,,,,
http://cdo.keu.kz/content/16074/16076/16076.htm,http://cdo.keu.kz/content/16074/16076/42584/42584.htm,http://cdo.keu.kz/content/16074/16076/42585/42585.htm,http://cdo.keu.kz/content/16074/16076/42586/42586.htm,http://cdo.keu.kz/content/16074/16076/42587/42587.htm,http://cdo.keu.kz/content/16074/16076/42588/42588.htm,http://cdo.keu.kz/content/16074/16076/42589/42589.htm,http://cdo.keu.kz/content/16074/16076/42590/42590.htm,http://cdo.keu.kz/content/16074/16076/42591/42591.htm,http://cdo.keu.kz/content/16074/16076/42592/42592.htm,http://cdo.keu.kz/content/16074/16076/42593/42593.htm,http://cdo.keu.kz/content/16074/16076/42594/42594.htm,http://cdo.keu.kz/content/16074/16076/42595/42595.htm,http://cdo.keu.kz/content/16074/16076/42596/42596.htm,http://cdo.keu.kz/content/16074/16076/42597/42597.htm,http://cdo.keu.kz/content/16074/16076/42598/42598.htm,http://cdo.keu.kz/content/16074/16076/lek.files/colorschememapping.xml,http://cdo.keu.kz/content/16074/16076/lek.files/filelist.xml,http://cdo.keu.kz/content/16074/16076/lek.files/header.htm,http://cdo.keu.kz/content/16074/16076/lek.files/image001.gif,http://cdo.keu.kz/content/16074/16076/lek.files/image001.wmz,http://cdo.keu.kz/content/16074/16076/lek.files/image002.gif,http://cdo.keu.kz/content/16074/16076/lek.files/image003.gif,http://cdo.keu.kz/content/16074/16076/lek.files/image003.png,http://cdo.keu.kz/content/16074/16076/lek.files/image004.jpg,http://cdo.keu.kz/content/16074/16076/lek.files/image004.png,http://cdo.keu.kz/content/16074/16076/lek.files/image005.jpg,http://cdo.keu.kz/content/16074/16076/lek.files/image005.wmz,http://cdo.keu.kz/content/16074/16076/lek.files/image006.gif,http://cdo.keu.kz/content/16074/16076/lek.files/image007.gif,http://cdo.keu.kz/content/16074/16076/lek.files/themedata.thmx,,,,,,,,,,,,,,,,,,,,,,,,,,,,,,,,,,,,,,,,,,,,,,,,,,,,,,,,,,,,,,,,,,,,,,,,,,,,,,,,,,,,,,,,,,,,,,,,,,,,,,,,,,,,,,,,,,,,,,,,,,,,,,,,,,,,,,,,,,,,,,
http://cdo.keu.kz/content/16075/16077/q.files/colorschememapping.xml,http://cdo.keu.kz/content/16075/16077/q.files/filelist.xml,http://cdo.keu.kz/content/16075/16077/q.files/themedata.thmx,http://cdo.keu.kz/content/16075/16077/q.htm,,,,,,,,,,,,,,,,,,,,,,,,,,,,,,,,,,,,,,,,,,,,,,,,,,,,,,,,,,,,,,,,,,,,,,,,,,,,,,,,,,,,,,,,,,,,,,,,,,,,,,,,,,,,,,,,,,,,,,,,,,,,,,,,,,,,,,,,,,,,,,,,,,,,,,,,,,,,,,,,,,,,,,,,,
http://cdo.keu.kz/content/16076/16078/16078.htm,http://cdo.keu.kz/content/16076/16078/42599/42599.htm,http://cdo.keu.kz/content/16076/16078/42600/42600.htm,http://cdo.keu.kz/content/16076/16078/42601/42601.htm,http://cdo.keu.kz/content/16076/16078/42602/42602.htm,http://cdo.keu.kz/content/16076/16078/42603/42603.htm,http://cdo.keu.kz/content/16076/16078/42604/42604.htm,http://cdo.keu.kz/content/16076/16078/42605/42605.htm,http://cdo.keu.kz/content/16076/16078/42606/42606.htm,http://cdo.keu.kz/content/16076/16078/42607/42607.htm,http://cdo.keu.kz/content/16076/16078/42608/42608.htm,http://cdo.keu.kz/content/16076/16078/42609/42609.htm,http://cdo.keu.kz/content/16076/16078/42610/42610.htm,http://cdo.keu.kz/content/16076/16078/42611/42611.htm,http://cdo.keu.kz/content/16076/16078/42612/42612.htm,http://cdo.keu.kz/content/16076/16078/lek.files/colorschememapping.xml,http://cdo.keu.kz/content/16076/16078/lek.files/filelist.xml,http://cdo.keu.kz/content/16076/16078/lek.files/themedata.thmx,,,,,,,,,,,,,,,,,,,,,,,,,,,,,,,,,,,,,,,,,,,,,,,,,,,,,,,,,,,,,,,,,,,,,,,,,,,,,,,,,,,,,,,,,,,,,,,,,,,,,,,,,,,,,,,,,,,,,,,,,,,,,,,,,,,,,,,,,,,,,,,,,,,,,,,,,,,
http://cdo.keu.kz/content/16077/16079/16079.htm,http://cdo.keu.kz/content/16077/16079/42613/42613.htm,http://cdo.keu.kz/content/16077/16079/42614/42614.htm,http://cdo.keu.kz/content/16077/16079/42615/42615.htm,http://cdo.keu.kz/content/16077/16079/42616/42616.htm,http://cdo.keu.kz/content/16077/16079/42617/42617.htm,http://cdo.keu.kz/content/16077/16079/42618/42618.htm,http://cdo.keu.kz/content/16077/16079/42619/42619.htm,http://cdo.keu.kz/content/16077/16079/42620/42620.htm,http://cdo.keu.kz/content/16077/16079/42621/42621.htm,http://cdo.keu.kz/content/16077/16079/42622/42622.htm,http://cdo.keu.kz/content/16077/16079/42623/42623.htm,http://cdo.keu.kz/content/16077/16079/42624/42624.htm,http://cdo.keu.kz/content/16077/16079/42625/42625.htm,http://cdo.keu.kz/content/16077/16079/42626/42626.htm,http://cdo.keu.kz/content/16077/16079/42627/42627.htm,http://cdo.keu.kz/content/16077/16079/q.files/colorschememapping.xml,http://cdo.keu.kz/content/16077/16079/q.files/filelist.xml,http://cdo.keu.kz/content/16077/16079/q.files/header.htm,http://cdo.keu.kz/content/16077/16079/q.files/image001.gif,http://cdo.keu.kz/content/16077/16079/q.files/themedata.thmx,,,,,,,,,,,,,,,,,,,,,,,,,,,,,,,,,,,,,,,,,,,,,,,,,,,,,,,,,,,,,,,,,,,,,,,,,,,,,,,,,,,,,,,,,,,,,,,,,,,,,,,,,,,,,,,,,,,,,,,,,,,,,,,,,,,,,,,,,,,,,,,,,,,,,,,,
http://cdo.keu.kz/content/16078/16080/itog.files/colorschememapping.xml,http://cdo.keu.kz/content/16078/16080/itog.files/filelist.xml,http://cdo.keu.kz/content/16078/16080/itog.files/themedata.thmx,http://cdo.keu.kz/content/16078/16080/itog.htm,,,,,,,,,,,,,,,,,,,,,,,,,,,,,,,,,,,,,,,,,,,,,,,,,,,,,,,,,,,,,,,,,,,,,,,,,,,,,,,,,,,,,,,,,,,,,,,,,,,,,,,,,,,,,,,,,,,,,,,,,,,,,,,,,,,,,,,,,,,,,,,,,,,,,,,,,,,,,,,,,,,,,,,,,
http://cdo.keu.kz/content/16079/16081/lekcia.files/image001.gif,http://cdo.keu.kz/content/16079/16081/lekcia.htm,,,,,,,,,,,,,,,,,,,,,,,,,,,,,,,,,,,,,,,,,,,,,,,,,,,,,,,,,,,,,,,,,,,,,,,,,,,,,,,,,,,,,,,,,,,,,,,,,,,,,,,,,,,,,,,,,,,,,,,,,,,,,,,,,,,,,,,,,,,,,,,,,,,,,,,,,,,,,,,,,,,,,,,,,,,
http://cdo.keu.kz/content/16080/16082/16082.htm,http://cdo.keu.kz/content/16080/16082/42628/42628.htm,http://cdo.keu.kz/content/16080/16082/42629/42629.htm,http://cdo.keu.kz/content/16080/16082/42630/42630.htm,http://cdo.keu.kz/content/16080/16082/42631/42631.htm,http://cdo.keu.kz/content/16080/16082/42632/42632.htm,http://cdo.keu.kz/content/16080/16082/42633/42633.htm,http://cdo.keu.kz/content/16080/16082/42634/42634.htm,http://cdo.keu.kz/content/16080/16082/42635/42635.htm,http://cdo.keu.kz/content/16080/16082/42636/42636.htm,http://cdo.keu.kz/content/16080/16082/42637/42637.htm,http://cdo.keu.kz/content/16080/16082/42638/42638.htm,http://cdo.keu.kz/content/16080/16082/42639/42639.htm,http://cdo.keu.kz/content/16080/16082/42640/42640.htm,http://cdo.keu.kz/content/16080/16082/42641/42641.htm,http://cdo.keu.kz/content/16080/16082/42642/42642.htm,http://cdo.keu.kz/content/16080/16082/lek.files/image001.gif,http://cdo.keu.kz/content/16080/16082/lek.files/image002.gif,http://cdo.keu.kz/content/16080/16082/lek.files/image003.gif,,,,,,,,,,,,,,,,,,,,,,,,,,,,,,,,,,,,,,,,,,,,,,,,,,,,,,,,,,,,,,,,,,,,,,,,,,,,,,,,,,,,,,,,,,,,,,,,,,,,,,,,,,,,,,,,,,,,,,,,,,,,,,,,,,,,,,,,,,,,,,,,,,,,,,,,,,
http://cdo.keu.kz/content/16081/16083/16083.htm,http://cdo.keu.kz/content/16081/16083/42643/42643.htm,http://cdo.keu.kz/content/16081/16083/42644/42644.htm,http://cdo.keu.kz/content/16081/16083/42645/42645.htm,http://cdo.keu.kz/content/16081/16083/42646/42646.htm,http://cdo.keu.kz/content/16081/16083/42647/42647.htm,http://cdo.keu.kz/content/16081/16083/42648/42648.htm,http://cdo.keu.kz/content/16081/16083/42649/42649.htm,http://cdo.keu.kz/content/16081/16083/42650/42650.htm,http://cdo.keu.kz/content/16081/16083/42651/42651.htm,http://cdo.keu.kz/content/16081/16083/42652/42652.htm,http://cdo.keu.kz/content/16081/16083/42653/42653.htm,http://cdo.keu.kz/content/16081/16083/42654/42654.htm,http://cdo.keu.kz/content/16081/16083/42655/42655.htm,http://cdo.keu.kz/content/16081/16083/lek.files/colorschememapping.xml,http://cdo.keu.kz/content/16081/16083/lek.files/filelist.xml,http://cdo.keu.kz/content/16081/16083/lek.files/themedata.thmx,,,,,,,,,,,,,,,,,,,,,,,,,,,,,,,,,,,,,,,,,,,,,,,,,,,,,,,,,,,,,,,,,,,,,,,,,,,,,,,,,,,,,,,,,,,,,,,,,,,,,,,,,,,,,,,,,,,,,,,,,,,,,,,,,,,,,,,,,,,,,,,,,,,,,,,,,,,,
http://cdo.keu.kz/content/16082/16084/itog.files/colorschememapping.xml,http://cdo.keu.kz/content/16082/16084/itog.files/filelist.xml,http://cdo.keu.kz/content/16082/16084/itog.files/themedata.thmx,http://cdo.keu.kz/content/16082/16084/itog.htm,,,,,,,,,,,,,,,,,,,,,,,,,,,,,,,,,,,,,,,,,,,,,,,,,,,,,,,,,,,,,,,,,,,,,,,,,,,,,,,,,,,,,,,,,,,,,,,,,,,,,,,,,,,,,,,,,,,,,,,,,,,,,,,,,,,,,,,,,,,,,,,,,,,,,,,,,,,,,,,,,,,,,,,,,
http://cdo.keu.kz/content/16083/16085/q.files/colorschememapping.xml,http://cdo.keu.kz/content/16083/16085/q.files/filelist.xml,http://cdo.keu.kz/content/16083/16085/q.files/themedata.thmx,http://cdo.keu.kz/content/16083/16085/q.htm,,,,,,,,,,,,,,,,,,,,,,,,,,,,,,,,,,,,,,,,,,,,,,,,,,,,,,,,,,,,,,,,,,,,,,,,,,,,,,,,,,,,,,,,,,,,,,,,,,,,,,,,,,,,,,,,,,,,,,,,,,,,,,,,,,,,,,,,,,,,,,,,,,,,,,,,,,,,,,,,,,,,,,,,,
http://cdo.keu.kz/content/16084/16086/Itogov.htm,,,,,,,,,,,,,,,,,,,,,,,,,,,,,,,,,,,,,,,,,,,,,,,,,,,,,,,,,,,,,,,,,,,,,,,,,,,,,,,,,,,,,,,,,,,,,,,,,,,,,,,,,,,,,,,,,,,,,,,,,,,,,,,,,,,,,,,,,,,,,,,,,,,,,,,,,,,,,,,,,,,,,,,,,,,,
http://cdo.keu.kz/content/16085/16087/itog.files/colorschememapping.xml,http://cdo.keu.kz/content/16085/16087/itog.files/filelist.xml,http://cdo.keu.kz/content/16085/16087/itog.files/themedata.thmx,http://cdo.keu.kz/content/16085/16087/itog.htm,,,,,,,,,,,,,,,,,,,,,,,,,,,,,,,,,,,,,,,,,,,,,,,,,,,,,,,,,,,,,,,,,,,,,,,,,,,,,,,,,,,,,,,,,,,,,,,,,,,,,,,,,,,,,,,,,,,,,,,,,,,,,,,,,,,,,,,,,,,,,,,,,,,,,,,,,,,,,,,,,,,,,,,,,
http://cdo.keu.kz/content/16086/16088/itog.files/colorschememapping.xml,http://cdo.keu.kz/content/16086/16088/itog.files/filelist.xml,http://cdo.keu.kz/content/16086/16088/itog.files/themedata.thmx,http://cdo.keu.kz/content/16086/16088/itog.htm,,,,,,,,,,,,,,,,,,,,,,,,,,,,,,,,,,,,,,,,,,,,,,,,,,,,,,,,,,,,,,,,,,,,,,,,,,,,,,,,,,,,,,,,,,,,,,,,,,,,,,,,,,,,,,,,,,,,,,,,,,,,,,,,,,,,,,,,,,,,,,,,,,,,,,,,,,,,,,,,,,,,,,,,,
http://cdo.keu.kz/content/16087/16089/q.files/colorschememapping.xml,http://cdo.keu.kz/content/16087/16089/q.files/filelist.xml,http://cdo.keu.kz/content/16087/16089/q.files/item0006.xml,http://cdo.keu.kz/content/16087/16089/q.files/props007.xml,http://cdo.keu.kz/content/16087/16089/q.files/themedata.thmx,http://cdo.keu.kz/content/16087/16089/q.htm,,,,,,,,,,,,,,,,,,,,,,,,,,,,,,,,,,,,,,,,,,,,,,,,,,,,,,,,,,,,,,,,,,,,,,,,,,,,,,,,,,,,,,,,,,,,,,,,,,,,,,,,,,,,,,,,,,,,,,,,,,,,,,,,,,,,,,,,,,,,,,,,,,,,,,,,,,,,,,,,,,,,,,,
http://cdo.keu.kz/content/16088/16090/16090.htm,http://cdo.keu.kz/content/16088/16090/Lekcia.files/colorschememapping.xml,http://cdo.keu.kz/content/16088/16090/Lekcia.files/filelist.xml,http://cdo.keu.kz/content/16088/16090/Lekcia.files/themedata.thmx,,,,,,,,,,,,,,,,,,,,,,,,,,,,,,,,,,,,,,,,,,,,,,,,,,,,,,,,,,,,,,,,,,,,,,,,,,,,,,,,,,,,,,,,,,,,,,,,,,,,,,,,,,,,,,,,,,,,,,,,,,,,,,,,,,,,,,,,,,,,,,,,,,,,,,,,,,,,,,,,,,,,,,,,,
http://cdo.keu.kz/content/16089/16091/16091.htm,http://cdo.keu.kz/content/16089/16091/Lekcia.files/colorschememapping.xml,http://cdo.keu.kz/content/16089/16091/Lekcia.files/filelist.xml,http://cdo.keu.kz/content/16089/16091/Lekcia.files/image001.png,http://cdo.keu.kz/content/16089/16091/Lekcia.files/image002.wmz,http://cdo.keu.kz/content/16089/16091/Lekcia.files/image003.png,http://cdo.keu.kz/content/16089/16091/Lekcia.files/image004.wmz,http://cdo.keu.kz/content/16089/16091/Lekcia.files/image005.png,http://cdo.keu.kz/content/16089/16091/Lekcia.files/image006.png,http://cdo.keu.kz/content/16089/16091/Lekcia.files/image007.jpg,http://cdo.keu.kz/content/16089/16091/Lekcia.files/themedata.thmx,,,,,,,,,,,,,,,,,,,,,,,,,,,,,,,,,,,,,,,,,,,,,,,,,,,,,,,,,,,,,,,,,,,,,,,,,,,,,,,,,,,,,,,,,,,,,,,,,,,,,,,,,,,,,,,,,,,,,,,,,,,,,,,,,,,,,,,,,,,,,,,,,,,,,,,,,,,,,,,,,,
http://cdo.keu.kz/content/16090/16092/16092.htm,http://cdo.keu.kz/content/16090/16092/Lekcia.files/colorschememapping.xml,http://cdo.keu.kz/content/16090/16092/Lekcia.files/filelist.xml,http://cdo.keu.kz/content/16090/16092/Lekcia.files/image001.png,http://cdo.keu.kz/content/16090/16092/Lekcia.files/image002.wmz,http://cdo.keu.kz/content/16090/16092/Lekcia.files/image003.png,http://cdo.keu.kz/content/16090/16092/Lekcia.files/image004.wmz,http://cdo.keu.kz/content/16090/16092/Lekcia.files/image005.png,http://cdo.keu.kz/content/16090/16092/Lekcia.files/image006.png,http://cdo.keu.kz/content/16090/16092/Lekcia.files/image007.jpg,http://cdo.keu.kz/content/16090/16092/Lekcia.files/themedata.thmx,,,,,,,,,,,,,,,,,,,,,,,,,,,,,,,,,,,,,,,,,,,,,,,,,,,,,,,,,,,,,,,,,,,,,,,,,,,,,,,,,,,,,,,,,,,,,,,,,,,,,,,,,,,,,,,,,,,,,,,,,,,,,,,,,,,,,,,,,,,,,,,,,,,,,,,,,,,,,,,,,,
http://cdo.keu.kz/content/16091/16093/16093.htm,,,,,,,,,,,,,,,,,,,,,,,,,,,,,,,,,,,,,,,,,,,,,,,,,,,,,,,,,,,,,,,,,,,,,,,,,,,,,,,,,,,,,,,,,,,,,,,,,,,,,,,,,,,,,,,,,,,,,,,,,,,,,,,,,,,,,,,,,,,,,,,,,,,,,,,,,,,,,,,,,,,,,,,,,,,,
http://cdo.keu.kz/content/16092/16094/16094.htm,http://cdo.keu.kz/content/16092/16094/42656/42656.htm,http://cdo.keu.kz/content/16092/16094/42657/42657.htm,http://cdo.keu.kz/content/16092/16094/42658/42658.htm,http://cdo.keu.kz/content/16092/16094/42659/42659.htm,http://cdo.keu.kz/content/16092/16094/42660/42660.htm,http://cdo.keu.kz/content/16092/16094/42661/42661.htm,http://cdo.keu.kz/content/16092/16094/42662/42662.htm,http://cdo.keu.kz/content/16092/16094/42663/42663.htm,http://cdo.keu.kz/content/16092/16094/42664/42664.htm,http://cdo.keu.kz/content/16092/16094/42665/42665.htm,http://cdo.keu.kz/content/16092/16094/42666/42666.htm,,,,,,,,,,,,,,,,,,,,,,,,,,,,,,,,,,,,,,,,,,,,,,,,,,,,,,,,,,,,,,,,,,,,,,,,,,,,,,,,,,,,,,,,,,,,,,,,,,,,,,,,,,,,,,,,,,,,,,,,,,,,,,,,,,,,,,,,,,,,,,,,,,,,,,,,,,,,,,,,,
http://cdo.keu.kz/content/16093/16095/16095.htm,http://cdo.keu.kz/content/16093/16095/42667/42667.htm,http://cdo.keu.kz/content/16093/16095/42668/42668.htm,http://cdo.keu.kz/content/16093/16095/42669/42669.htm,http://cdo.keu.kz/content/16093/16095/42670/42670.htm,http://cdo.keu.kz/content/16093/16095/42671/42671.htm,http://cdo.keu.kz/content/16093/16095/42672/42672.htm,http://cdo.keu.kz/content/16093/16095/42673/42673.htm,http://cdo.keu.kz/content/16093/16095/42674/42674.htm,http://cdo.keu.kz/content/16093/16095/lek.files/colorschememapping.xml,http://cdo.keu.kz/content/16093/16095/lek.files/filelist.xml,http://cdo.keu.kz/content/16093/16095/lek.files/item0001.xml,http://cdo.keu.kz/content/16093/16095/lek.files/props0002.xml,http://cdo.keu.kz/content/16093/16095/lek.files/themedata.thmx,,,,,,,,,,,,,,,,,,,,,,,,,,,,,,,,,,,,,,,,,,,,,,,,,,,,,,,,,,,,,,,,,,,,,,,,,,,,,,,,,,,,,,,,,,,,,,,,,,,,,,,,,,,,,,,,,,,,,,,,,,,,,,,,,,,,,,,,,,,,,,,,,,,,,,,,,,,,,,,
http://cdo.keu.kz/content/16094/16096/itog.files/colorschememapping.xml,http://cdo.keu.kz/content/16094/16096/itog.files/filelist.xml,http://cdo.keu.kz/content/16094/16096/itog.files/item0001.xml,http://cdo.keu.kz/content/16094/16096/itog.files/props0002.xml,http://cdo.keu.kz/content/16094/16096/itog.files/themedata.thmx,http://cdo.keu.kz/content/16094/16096/itog.htm,,,,,,,,,,,,,,,,,,,,,,,,,,,,,,,,,,,,,,,,,,,,,,,,,,,,,,,,,,,,,,,,,,,,,,,,,,,,,,,,,,,,,,,,,,,,,,,,,,,,,,,,,,,,,,,,,,,,,,,,,,,,,,,,,,,,,,,,,,,,,,,,,,,,,,,,,,,,,,,,,,,,,,,
http://cdo.keu.kz/content/16095/16097/16097.htm,http://cdo.keu.kz/content/16095/16097/lek.files/image001.jpg,http://cdo.keu.kz/content/16095/16097/lek.files/image002.png,http://cdo.keu.kz/content/16095/16097/lek.files/image003.png,http://cdo.keu.kz/content/16095/16097/lek.files/image004.png,http://cdo.keu.kz/content/16095/16097/lek.files/image005.png,http://cdo.keu.kz/content/16095/16097/lek.files/image006.png,http://cdo.keu.kz/content/16095/16097/lek.files/image007.png,http://cdo.keu.kz/content/16095/16097/lek.files/image008.jpg,http://cdo.keu.kz/content/16095/16097/lek.files/image009.png,http://cdo.keu.kz/content/16095/16097/lek.files/image010.png,http://cdo.keu.kz/content/16095/16097/lek.files/image011.png,http://cdo.keu.kz/content/16095/16097/lek.files/image012.png,http://cdo.keu.kz/content/16095/16097/lek.htm,,,,,,,,,,,,,,,,,,,,,,,,,,,,,,,,,,,,,,,,,,,,,,,,,,,,,,,,,,,,,,,,,,,,,,,,,,,,,,,,,,,,,,,,,,,,,,,,,,,,,,,,,,,,,,,,,,,,,,,,,,,,,,,,,,,,,,,,,,,,,,,,,,,,,,,,,,,,,,,
http://cdo.keu.kz/content/16096/16098/16098.htm,http://cdo.keu.kz/content/16096/16098/lek.files/image001.jpg,http://cdo.keu.kz/content/16096/16098/lek.files/image002.png,http://cdo.keu.kz/content/16096/16098/lek.files/image003.png,http://cdo.keu.kz/content/16096/16098/lek.files/image004.png,http://cdo.keu.kz/content/16096/16098/lek.files/image005.png,http://cdo.keu.kz/content/16096/16098/lek.files/image006.png,http://cdo.keu.kz/content/16096/16098/lek.files/image007.png,http://cdo.keu.kz/content/16096/16098/lek.files/image008.jpg,http://cdo.keu.kz/content/16096/16098/lek.files/image009.png,http://cdo.keu.kz/content/16096/16098/lek.files/image010.png,http://cdo.keu.kz/content/16096/16098/lek.files/image011.png,http://cdo.keu.kz/content/16096/16098/lek.files/image012.png,http://cdo.keu.kz/content/16096/16098/lek.htm,,,,,,,,,,,,,,,,,,,,,,,,,,,,,,,,,,,,,,,,,,,,,,,,,,,,,,,,,,,,,,,,,,,,,,,,,,,,,,,,,,,,,,,,,,,,,,,,,,,,,,,,,,,,,,,,,,,,,,,,,,,,,,,,,,,,,,,,,,,,,,,,,,,,,,,,,,,,,,,
http://cdo.keu.kz/content/16097/16099/16099.htm,http://cdo.keu.kz/content/16097/16099/42675/42675.htm,http://cdo.keu.kz/content/16097/16099/42676/42676.htm,http://cdo.keu.kz/content/16097/16099/42677/42677.htm,http://cdo.keu.kz/content/16097/16099/42678/42678.htm,http://cdo.keu.kz/content/16097/16099/42679/42679.htm,http://cdo.keu.kz/content/16097/16099/42680/42680.htm,http://cdo.keu.kz/content/16097/16099/42681/42681.htm,http://cdo.keu.kz/content/16097/16099/42682/42682.htm,http://cdo.keu.kz/content/16097/16099/42683/42683.htm,http://cdo.keu.kz/content/16097/16099/42684/42684.htm,http://cdo.keu.kz/content/16097/16099/42685/42685.htm,http://cdo.keu.kz/content/16097/16099/42686/42686.htm,http://cdo.keu.kz/content/16097/16099/42687/42687.htm,http://cdo.keu.kz/content/16097/16099/42688/42688.htm,http://cdo.keu.kz/content/16097/16099/42689/42689.htm,,,,,,,,,,,,,,,,,,,,,,,,,,,,,,,,,,,,,,,,,,,,,,,,,,,,,,,,,,,,,,,,,,,,,,,,,,,,,,,,,,,,,,,,,,,,,,,,,,,,,,,,,,,,,,,,,,,,,,,,,,,,,,,,,,,,,,,,,,,,,,,,,,,,,,,,,,,,,
http://cdo.keu.kz/content/16098/16100/16100.htm,http://cdo.keu.kz/content/16098/16100/42690/42690.htm,http://cdo.keu.kz/content/16098/16100/42691/42691.htm,http://cdo.keu.kz/content/16098/16100/42692/42692.htm,http://cdo.keu.kz/content/16098/16100/42693/42693.htm,http://cdo.keu.kz/content/16098/16100/42694/42694.htm,http://cdo.keu.kz/content/16098/16100/42695/42695.htm,http://cdo.keu.kz/content/16098/16100/42696/42696.htm,http://cdo.keu.kz/content/16098/16100/42697/42697.htm,http://cdo.keu.kz/content/16098/16100/42698/42698.htm,http://cdo.keu.kz/content/16098/16100/42699/42699.htm,http://cdo.keu.kz/content/16098/16100/42700/42700.htm,http://cdo.keu.kz/content/16098/16100/42701/42701.htm,http://cdo.keu.kz/content/16098/16100/42702/42702.htm,http://cdo.keu.kz/content/16098/16100/42703/42703.htm,http://cdo.keu.kz/content/16098/16100/42704/42704.htm,http://cdo.keu.kz/content/16098/16100/Kibernetika.files/image001.gif,http://cdo.keu.kz/content/16098/16100/Kibernetika.files/image002.gif,http://cdo.keu.kz/content/16098/16100/Kibernetika.files/image003.gif,http://cdo.keu.kz/content/16098/16100/Kibernetika.files/image004.gif,http://cdo.keu.kz/content/16098/16100/Kibernetika.files/image005.gif,http://cdo.keu.kz/content/16098/16100/Kibernetika.files/image006.gif,http://cdo.keu.kz/content/16098/16100/Kibernetika.files/image007.gif,http://cdo.keu.kz/content/16098/16100/Kibernetika.files/image008.gif,http://cdo.keu.kz/content/16098/16100/Kibernetika.files/image009.gif,http://cdo.keu.kz/content/16098/16100/Kibernetika.files/image010.gif,http://cdo.keu.kz/content/16098/16100/Kibernetika.files/image011.gif,http://cdo.keu.kz/content/16098/16100/Kibernetika.files/image012.gif,http://cdo.keu.kz/content/16098/16100/Kibernetika.files/image013.gif,http://cdo.keu.kz/content/16098/16100/Kibernetika.files/image014.gif,http://cdo.keu.kz/content/16098/16100/Kibernetika.files/image015.gif,http://cdo.keu.kz/content/16098/16100/Kibernetika.files/image016.gif,http://cdo.keu.kz/content/16098/16100/Kibernetika.files/image017.gif,http://cdo.keu.kz/content/16098/16100/Kibernetika.files/image018.gif,http://cdo.keu.kz/content/16098/16100/Kibernetika.files/image019.gif,http://cdo.keu.kz/content/16098/16100/Kibernetika.files/image020.gif,http://cdo.keu.kz/content/16098/16100/Kibernetika.files/image021.gif,http://cdo.keu.kz/content/16098/16100/Kibernetika.files/image022.gif,http://cdo.keu.kz/content/16098/16100/Kibernetika.files/image023.gif,http://cdo.keu.kz/content/16098/16100/Kibernetika.files/image024.gif,http://cdo.keu.kz/content/16098/16100/Kibernetika.files/image025.gif,http://cdo.keu.kz/content/16098/16100/Kibernetika.files/image026.gif,http://cdo.keu.kz/content/16098/16100/Kibernetika.files/image027.gif,http://cdo.keu.kz/content/16098/16100/Kibernetika.files/image028.gif,http://cdo.keu.kz/content/16098/16100/Kibernetika.files/image029.gif,http://cdo.keu.kz/content/16098/16100/Kibernetika.files/image030.gif,http://cdo.keu.kz/content/16098/16100/Kibernetika.files/image031.gif,http://cdo.keu.kz/content/16098/16100/Kibernetika.files/image032.gif,http://cdo.keu.kz/content/16098/16100/Kibernetika.files/image033.gif,http://cdo.keu.kz/content/16098/16100/Kibernetika.files/image034.gif,http://cdo.keu.kz/content/16098/16100/Kibernetika.files/image035.gif,http://cdo.keu.kz/content/16098/16100/Kibernetika.files/image036.gif,http://cdo.keu.kz/content/16098/16100/Kibernetika.files/image037.gif,http://cdo.keu.kz/content/16098/16100/Kibernetika.files/image038.gif,http://cdo.keu.kz/content/16098/16100/Kibernetika.files/image039.gif,http://cdo.keu.kz/content/16098/16100/Kibernetika.files/image040.gif,http://cdo.keu.kz/content/16098/16100/Kibernetika.files/image041.gif,http://cdo.keu.kz/content/16098/16100/Kibernetika.files/image042.gif,http://cdo.keu.kz/content/16098/16100/Kibernetika.files/image043.gif,http://cdo.keu.kz/content/16098/16100/Kibernetika.files/image044.gif,http://cdo.keu.kz/content/16098/16100/Kibernetika.files/image045.gif,http://cdo.keu.kz/content/16098/16100/Kibernetika.files/image046.gif,http://cdo.keu.kz/content/16098/16100/Kibernetika.files/image047.gif,http://cdo.keu.kz/content/16098/16100/Kibernetika.files/image048.gif,http://cdo.keu.kz/content/16098/16100/Kibernetika.files/image049.gif,http://cdo.keu.kz/content/16098/16100/Kibernetika.files/image050.gif,http://cdo.keu.kz/content/16098/16100/Kibernetika.files/image051.gif,http://cdo.keu.kz/content/16098/16100/Kibernetika.files/image052.gif,http://cdo.keu.kz/content/16098/16100/Kibernetika.files/image053.gif,http://cdo.keu.kz/content/16098/16100/Kibernetika.files/image054.gif,http://cdo.keu.kz/content/16098/16100/Kibernetika.files/image055.gif,http://cdo.keu.kz/content/16098/16100/Kibernetika.files/image056.gif,http://cdo.keu.kz/content/16098/16100/Kibernetika.files/image057.gif,http://cdo.keu.kz/content/16098/16100/Kibernetika.files/image058.gif,http://cdo.keu.kz/content/16098/16100/Kibernetika.files/image059.gif,http://cdo.keu.kz/content/16098/16100/Kibernetika.files/image060.gif,http://cdo.keu.kz/content/16098/16100/Kibernetika.files/image061.gif,http://cdo.keu.kz/content/16098/16100/Kibernetika.files/image062.gif,http://cdo.keu.kz/content/16098/16100/Kibernetika.files/image063.gif,http://cdo.keu.kz/content/16098/16100/Kibernetika.files/image064.gif,http://cdo.keu.kz/content/16098/16100/Kibernetika.files/image065.gif,http://cdo.keu.kz/content/16098/16100/Kibernetika.files/image066.gif,http://cdo.keu.kz/content/16098/16100/Kibernetika.files/image067.gif,http://cdo.keu.kz/content/16098/16100/Kibernetika.files/image068.gif,http://cdo.keu.kz/content/16098/16100/Kibernetika.files/image069.gif,http://cdo.keu.kz/content/16098/16100/Kibernetika.files/image070.gif,http://cdo.keu.kz/content/16098/16100/Kibernetika.files/image071.gif,http://cdo.keu.kz/content/16098/16100/Kibernetika.files/image072.gif,http://cdo.keu.kz/content/16098/16100/Kibernetika.files/image073.gif,http://cdo.keu.kz/content/16098/16100/Kibernetika.files/image074.gif,http://cdo.keu.kz/content/16098/16100/Kibernetika.files/image075.gif,http://cdo.keu.kz/content/16098/16100/Kibernetika.files/image076.gif,http://cdo.keu.kz/content/16098/16100/Kibernetika.files/image077.gif,http://cdo.keu.kz/content/16098/16100/Kibernetika.files/image078.gif,http://cdo.keu.kz/content/16098/16100/Kibernetika.files/image079.gif,http://cdo.keu.kz/content/16098/16100/Kibernetika.files/image080.gif,http://cdo.keu.kz/content/16098/16100/Kibernetika.files/image081.gif,http://cdo.keu.kz/content/16098/16100/Kibernetika.files/image082.gif,http://cdo.keu.kz/content/16098/16100/Kibernetika.files/image083.gif,http://cdo.keu.kz/content/16098/16100/Kibernetika.files/image084.gif,http://cdo.keu.kz/content/16098/16100/Kibernetika.files/image085.gif,http://cdo.keu.kz/content/16098/16100/Kibernetika.files/image086.gif,http://cdo.keu.kz/content/16098/16100/Kibernetika.files/image087.gif,http://cdo.keu.kz/content/16098/16100/Kibernetika.files/image088.gif,http://cdo.keu.kz/content/16098/16100/Kibernetika.files/image089.gif,http://cdo.keu.kz/content/16098/16100/Kibernetika.files/image090.gif,http://cdo.keu.kz/content/16098/16100/Kibernetika.files/image091.gif,http://cdo.keu.kz/content/16098/16100/Kibernetika.files/image092.gif,http://cdo.keu.kz/content/16098/16100/Kibernetika.files/image093.gif,http://cdo.keu.kz/content/16098/16100/Kibernetika.files/image094.gif,http://cdo.keu.kz/content/16098/16100/Kibernetika.files/image095.gif,http://cdo.keu.kz/content/16098/16100/Kibernetika.files/image096.gif,http://cdo.keu.kz/content/16098/16100/Kibernetika.files/image097.gif,http://cdo.keu.kz/content/16098/16100/Kibernetika.files/image098.gif,http://cdo.keu.kz/content/16098/16100/Kibernetika.files/image099.gif,http://cdo.keu.kz/content/16098/16100/Kibernetika.files/image100.gif,http://cdo.keu.kz/content/16098/16100/Kibernetika.files/image101.gif,http://cdo.keu.kz/content/16098/16100/Kibernetika.files/image102.gif,http://cdo.keu.kz/content/16098/16100/Kibernetika.files/image103.gif,http://cdo.keu.kz/content/16098/16100/Kibernetika.files/image104.gif,http://cdo.keu.kz/content/16098/16100/Kibernetika.files/image105.gif,http://cdo.keu.kz/content/16098/16100/Kibernetika.files/image106.gif,http://cdo.keu.kz/content/16098/16100/Kibernetika.files/image107.gif,http://cdo.keu.kz/content/16098/16100/Kibernetika.files/image108.gif,http://cdo.keu.kz/content/16098/16100/Kibernetika.files/image109.gif,http://cdo.keu.kz/content/16098/16100/Kibernetika.files/image110.gif,http://cdo.keu.kz/content/16098/16100/Kibernetika.files/image111.gif,http://cdo.keu.kz/content/16098/16100/Kibernetika.files/image112.gif,http://cdo.keu.kz/content/16098/16100/Kibernetika.files/image113.gif,http://cdo.keu.kz/content/16098/16100/Kibernetika.files/image114.gif,http://cdo.keu.kz/content/16098/16100/Kibernetika.files/image115.gif,http://cdo.keu.kz/content/16098/16100/Kibernetika.files/image116.gif,http://cdo.keu.kz/content/16098/16100/Kibernetika.files/image117.gif,http://cdo.keu.kz/content/16098/16100/Kibernetika.files/image118.gif,http://cdo.keu.kz/content/16098/16100/Kibernetika.files/image119.gif,http://cdo.keu.kz/content/16098/16100/Kibernetika.files/image120.gif,http://cdo.keu.kz/content/16098/16100/Kibernetika.files/image121.gif,http://cdo.keu.kz/content/16098/16100/Kibernetika.files/image122.gif,http://cdo.keu.kz/content/16098/16100/Kibernetika.files/image123.gif,http://cdo.keu.kz/content/16098/16100/Kibernetika.files/image124.gif,http://cdo.keu.kz/content/16098/16100/Kibernetika.files/image125.gif,http://cdo.keu.kz/content/16098/16100/Kibernetika.files/image126.gif,http://cdo.keu.kz/content/16098/16100/Kibernetika.files/image127.gif,http://cdo.keu.kz/content/16098/16100/Kibernetika.files/image128.gif,http://cdo.keu.kz/content/16098/16100/Kibernetika.files/image129.gif,http://cdo.keu.kz/content/16098/16100/Kibernetika.files/image130.gif,http://cdo.keu.kz/content/16098/16100/Kibernetika.files/image131.gif,http://cdo.keu.kz/content/16098/16100/Kibernetika.files/image132.gif,http://cdo.keu.kz/content/16098/16100/Kibernetika.files/image133.gif,http://cdo.keu.kz/content/16098/16100/Kibernetika.files/image134.gif,http://cdo.keu.kz/content/16098/16100/Kibernetika.files/image135.gif,http://cdo.keu.kz/content/16098/16100/Kibernetika.files/image136.gif,http://cdo.keu.kz/content/16098/16100/Kibernetika.files/image137.gif,http://cdo.keu.kz/content/16098/16100/Kibernetika.files/image138.gif,http://cdo.keu.kz/content/16098/16100/Kibernetika.files/image139.gif,http://cdo.keu.kz/content/16098/16100/Kibernetika.files/image140.gif,http://cdo.keu.kz/content/16098/16100/Kibernetika.files/image141.gif,http://cdo.keu.kz/content/16098/16100/Kibernetika.files/image142.gif,http://cdo.keu.kz/content/16098/16100/Kibernetika.files/image143.gif,http://cdo.keu.kz/content/16098/16100/Kibernetika.files/image144.gif,http://cdo.keu.kz/content/16098/16100/Kibernetika.files/image145.gif,http://cdo.keu.kz/content/16098/16100/Kibernetika.files/image146.gif,http://cdo.keu.kz/content/16098/16100/Kibernetika.files/image147.gif,http://cdo.keu.kz/content/16098/16100/Kibernetika.files/image148.gif,http://cdo.keu.kz/content/16098/16100/Kibernetika.files/image149.gif,http://cdo.keu.kz/content/16098/16100/Kibernetika.files/image150.gif,http://cdo.keu.kz/content/16098/16100/Kibernetika.files/image151.gif,http://cdo.keu.kz/content/16098/16100/Kibernetika.files/image152.gif,http://cdo.keu.kz/content/16098/16100/Kibernetika.files/image153.gif,http://cdo.keu.kz/content/16098/16100/Kibernetika.files/image154.gif,http://cdo.keu.kz/content/16098/16100/Kibernetika.files/image155.gif,http://cdo.keu.kz/content/16098/16100/Kibernetika.files/image156.gif,http://cdo.keu.kz/content/16098/16100/Kibernetika.files/image157.gif
http://cdo.keu.kz/content/16099/16101/q.files/colorschememapping.xml,http://cdo.keu.kz/content/16099/16101/q.files/filelist.xml,http://cdo.keu.kz/content/16099/16101/q.files/themedata.thmx,http://cdo.keu.kz/content/16099/16101/q.htm,,,,,,,,,,,,,,,,,,,,,,,,,,,,,,,,,,,,,,,,,,,,,,,,,,,,,,,,,,,,,,,,,,,,,,,,,,,,,,,,,,,,,,,,,,,,,,,,,,,,,,,,,,,,,,,,,,,,,,,,,,,,,,,,,,,,,,,,,,,,,,,,,,,,,,,,,,,,,,,,,,,,,,,,,
http://cdo.keu.kz/content/16100/16102/16102.htm,http://cdo.keu.kz/content/16100/16102/42705/42705.htm,http://cdo.keu.kz/content/16100/16102/42706/42706.htm,http://cdo.keu.kz/content/16100/16102/42707/42707.htm,http://cdo.keu.kz/content/16100/16102/42708/42708.htm,http://cdo.keu.kz/content/16100/16102/42709/42709.htm,http://cdo.keu.kz/content/16100/16102/42710/42710.htm,http://cdo.keu.kz/content/16100/16102/42711/42711.htm,http://cdo.keu.kz/content/16100/16102/42712/42712.htm,http://cdo.keu.kz/content/16100/16102/42713/42713.htm,http://cdo.keu.kz/content/16100/16102/42714/42714.htm,http://cdo.keu.kz/content/16100/16102/42715/42715.htm,http://cdo.keu.kz/content/16100/16102/42716/42716.htm,http://cdo.keu.kz/content/16100/16102/42717/42717.htm,http://cdo.keu.kz/content/16100/16102/42718/42718.htm,http://cdo.keu.kz/content/16100/16102/42719/42719.htm,http://cdo.keu.kz/content/16100/16102/lek.files/colorschememapping.xml,http://cdo.keu.kz/content/16100/16102/lek.files/filelist.xml,http://cdo.keu.kz/content/16100/16102/lek.files/themedata.thmx,,,,,,,,,,,,,,,,,,,,,,,,,,,,,,,,,,,,,,,,,,,,,,,,,,,,,,,,,,,,,,,,,,,,,,,,,,,,,,,,,,,,,,,,,,,,,,,,,,,,,,,,,,,,,,,,,,,,,,,,,,,,,,,,,,,,,,,,,,,,,,,,,,,,,,,,,,
