0,1,2,3,4,5,6,7,8,9,10,11,12,13,14,15,16,17,18,19,20,21,22,23,24,25,26,27,28,29,30,31,32,33,34,35,36,37,38,39,40,41,42,43,44,45,46,47,48,49,50,51,52,53,54,55,56,57,58,59,60,61,62,63,64,65,66,67,68,69,70,71,72,73,74,75,76,77,78,79,80,81,82,83,84,85,86,87,88,89,90,91,92,93,94,95,96,97,98,99,100
http://cdo.keu.kz/content/14901/14929/14929.htm,http://cdo.keu.kz/content/14901/14929/38769/38769.htm,http://cdo.keu.kz/content/14901/14929/38770/38770.htm,http://cdo.keu.kz/content/14901/14929/38771/38771.htm,http://cdo.keu.kz/content/14901/14929/38772/38772.htm,http://cdo.keu.kz/content/14901/14929/38773/38773.htm,http://cdo.keu.kz/content/14901/14929/38774/38774.htm,http://cdo.keu.kz/content/14901/14929/38775/38775.htm,http://cdo.keu.kz/content/14901/14929/38776/38776.htm,http://cdo.keu.kz/content/14901/14929/38777/38777.htm,http://cdo.keu.kz/content/14901/14929/38778/38778.htm,http://cdo.keu.kz/content/14901/14929/38779/38779.htm,http://cdo.keu.kz/content/14901/14929/38780/38780.htm,http://cdo.keu.kz/content/14901/14929/38781/38781.htm,http://cdo.keu.kz/content/14901/14929/38782/38782.htm,http://cdo.keu.kz/content/14901/14929/38783/38783.htm,http://cdo.keu.kz/content/14901/14929/Lekcii.files/colorschememapping.xml,http://cdo.keu.kz/content/14901/14929/Lekcii.files/filelist.xml,http://cdo.keu.kz/content/14901/14929/Lekcii.files/image001.gif,http://cdo.keu.kz/content/14901/14929/Lekcii.files/image002.jpg,http://cdo.keu.kz/content/14901/14929/Lekcii.files/image003.png,http://cdo.keu.kz/content/14901/14929/Lekcii.files/image004.jpg,http://cdo.keu.kz/content/14901/14929/Lekcii.files/image005.gif,http://cdo.keu.kz/content/14901/14929/Lekcii.files/image006.gif,http://cdo.keu.kz/content/14901/14929/Lekcii.files/image007.gif,http://cdo.keu.kz/content/14901/14929/Lekcii.files/image008.gif,http://cdo.keu.kz/content/14901/14929/Lekcii.files/image009.gif,http://cdo.keu.kz/content/14901/14929/Lekcii.files/image010.gif,http://cdo.keu.kz/content/14901/14929/Lekcii.files/image011.gif,http://cdo.keu.kz/content/14901/14929/Lekcii.files/image012.gif,http://cdo.keu.kz/content/14901/14929/Lekcii.files/image013.gif,http://cdo.keu.kz/content/14901/14929/Lekcii.files/image014.gif,http://cdo.keu.kz/content/14901/14929/Lekcii.files/image015.gif,http://cdo.keu.kz/content/14901/14929/Lekcii.files/image016.gif,http://cdo.keu.kz/content/14901/14929/Lekcii.files/image017.gif,http://cdo.keu.kz/content/14901/14929/Lekcii.files/image018.gif,http://cdo.keu.kz/content/14901/14929/Lekcii.files/image019.gif,http://cdo.keu.kz/content/14901/14929/Lekcii.files/image020.gif,http://cdo.keu.kz/content/14901/14929/Lekcii.files/image021.gif,http://cdo.keu.kz/content/14901/14929/Lekcii.files/image022.png,http://cdo.keu.kz/content/14901/14929/Lekcii.files/image023.jpg,http://cdo.keu.kz/content/14901/14929/Lekcii.files/item0001.xml,http://cdo.keu.kz/content/14901/14929/Lekcii.files/props002.xml,http://cdo.keu.kz/content/14901/14929/Lekcii.files/themedata.thmx,,,,,,,,,,,,,,,,,,,,,,,,,,,,,,,,,,,,,,,,,,,,,,,,,,,,,,,,,
http://cdo.keu.kz/content/14902/14930/test.files/colorschememapping.xml,http://cdo.keu.kz/content/14902/14930/test.files/filelist.xml,http://cdo.keu.kz/content/14902/14930/test.files/themedata.thmx,http://cdo.keu.kz/content/14902/14930/test.htm,,,,,,,,,,,,,,,,,,,,,,,,,,,,,,,,,,,,,,,,,,,,,,,,,,,,,,,,,,,,,,,,,,,,,,,,,,,,,,,,,,,,,,,,,,,,,,,,,
http://cdo.keu.kz/content/14903/14931/itog.files/colorschememapping.xml,http://cdo.keu.kz/content/14903/14931/itog.files/filelist.xml,http://cdo.keu.kz/content/14903/14931/itog.files/header.htm,http://cdo.keu.kz/content/14903/14931/itog.files/themedata.thmx,http://cdo.keu.kz/content/14903/14931/itog.htm,,,,,,,,,,,,,,,,,,,,,,,,,,,,,,,,,,,,,,,,,,,,,,,,,,,,,,,,,,,,,,,,,,,,,,,,,,,,,,,,,,,,,,,,,,,,,,,,
http://cdo.keu.kz/content/14904/14932/test.files/colorschememapping.xml,http://cdo.keu.kz/content/14904/14932/test.files/filelist.xml,http://cdo.keu.kz/content/14904/14932/test.files/themedata.thmx,http://cdo.keu.kz/content/14904/14932/test.htm,,,,,,,,,,,,,,,,,,,,,,,,,,,,,,,,,,,,,,,,,,,,,,,,,,,,,,,,,,,,,,,,,,,,,,,,,,,,,,,,,,,,,,,,,,,,,,,,,
http://cdo.keu.kz/content/14905/14933/14933.htm,http://cdo.keu.kz/content/14905/14933/Lekcii.files/colorschememapping.xml,http://cdo.keu.kz/content/14905/14933/Lekcii.files/filelist.xml,http://cdo.keu.kz/content/14905/14933/Lekcii.files/header.htm,http://cdo.keu.kz/content/14905/14933/Lekcii.files/themedata.thmx,http://cdo.keu.kz/content/14905/14933/Lekcii.htm,,,,,,,,,,,,,,,,,,,,,,,,,,,,,,,,,,,,,,,,,,,,,,,,,,,,,,,,,,,,,,,,,,,,,,,,,,,,,,,,,,,,,,,,,,,,,,,
http://cdo.keu.kz/content/14906/14934/14934.htm,http://cdo.keu.kz/content/14906/14934/Lekcii.files/colorschememapping.xml,http://cdo.keu.kz/content/14906/14934/Lekcii.files/filelist.xml,http://cdo.keu.kz/content/14906/14934/Lekcii.files/header.htm,http://cdo.keu.kz/content/14906/14934/Lekcii.files/themedata.thmx,http://cdo.keu.kz/content/14906/14934/Lekcii.htm,,,,,,,,,,,,,,,,,,,,,,,,,,,,,,,,,,,,,,,,,,,,,,,,,,,,,,,,,,,,,,,,,,,,,,,,,,,,,,,,,,,,,,,,,,,,,,,
http://cdo.keu.kz/content/14907/14935/14935.htm,http://cdo.keu.kz/content/14907/14935/Lekcii.files/colorschememapping.xml,http://cdo.keu.kz/content/14907/14935/Lekcii.files/filelist.xml,http://cdo.keu.kz/content/14907/14935/Lekcii.files/header.htm,http://cdo.keu.kz/content/14907/14935/Lekcii.files/themedata.thmx,http://cdo.keu.kz/content/14907/14935/Lekcii.htm,,,,,,,,,,,,,,,,,,,,,,,,,,,,,,,,,,,,,,,,,,,,,,,,,,,,,,,,,,,,,,,,,,,,,,,,,,,,,,,,,,,,,,,,,,,,,,,
http://cdo.keu.kz/content/14908/14936/14936.htm,http://cdo.keu.kz/content/14908/14936/38784/38784.htm,http://cdo.keu.kz/content/14908/14936/38785/38785.htm,http://cdo.keu.kz/content/14908/14936/38786/38786.htm,http://cdo.keu.kz/content/14908/14936/38787/38787.htm,http://cdo.keu.kz/content/14908/14936/38788/38788.htm,http://cdo.keu.kz/content/14908/14936/38789/38789.htm,http://cdo.keu.kz/content/14908/14936/38790/38790.htm,http://cdo.keu.kz/content/14908/14936/38791/38791.htm,http://cdo.keu.kz/content/14908/14936/38792/38792.htm,http://cdo.keu.kz/content/14908/14936/38793/38793.htm,http://cdo.keu.kz/content/14908/14936/38794/38794.htm,http://cdo.keu.kz/content/14908/14936/38795/38795.htm,http://cdo.keu.kz/content/14908/14936/38796/38796.htm,http://cdo.keu.kz/content/14908/14936/38797/38797.htm,http://cdo.keu.kz/content/14908/14936/38798/38798.htm,,,,,,,,,,,,,,,,,,,,,,,,,,,,,,,,,,,,,,,,,,,,,,,,,,,,,,,,,,,,,,,,,,,,,,,,,,,,,,,,,,,,,
http://cdo.keu.kz/content/14909/14937/14937.htm,http://cdo.keu.kz/content/14909/14937/38799/38799.htm,http://cdo.keu.kz/content/14909/14937/38800/38800.htm,http://cdo.keu.kz/content/14909/14937/38801/38801.htm,http://cdo.keu.kz/content/14909/14937/38802/38802.htm,http://cdo.keu.kz/content/14909/14937/38803/38803.htm,http://cdo.keu.kz/content/14909/14937/38804/38804.htm,http://cdo.keu.kz/content/14909/14937/38805/38805.htm,http://cdo.keu.kz/content/14909/14937/38806/38806.htm,http://cdo.keu.kz/content/14909/14937/38807/38807.htm,http://cdo.keu.kz/content/14909/14937/38808/38808.htm,http://cdo.keu.kz/content/14909/14937/38809/38809.htm,http://cdo.keu.kz/content/14909/14937/38810/38810.htm,http://cdo.keu.kz/content/14909/14937/38811/38811.htm,http://cdo.keu.kz/content/14909/14937/38812/38812.htm,http://cdo.keu.kz/content/14909/14937/38813/38813.htm,,,,,,,,,,,,,,,,,,,,,,,,,,,,,,,,,,,,,,,,,,,,,,,,,,,,,,,,,,,,,,,,,,,,,,,,,,,,,,,,,,,,,
http://cdo.keu.kz/content/14910/14938/itogovui.files/colorschememapping.xml,http://cdo.keu.kz/content/14910/14938/itogovui.files/filelist.xml,http://cdo.keu.kz/content/14910/14938/itogovui.files/themedata.thmx,http://cdo.keu.kz/content/14910/14938/itogovui.htm,,,,,,,,,,,,,,,,,,,,,,,,,,,,,,,,,,,,,,,,,,,,,,,,,,,,,,,,,,,,,,,,,,,,,,,,,,,,,,,,,,,,,,,,,,,,,,,,,
http://cdo.keu.kz/content/14913/14939/14939.htm,http://cdo.keu.kz/content/14913/14939/Lekcii.mht,,,,,,,,,,,,,,,,,,,,,,,,,,,,,,,,,,,,,,,,,,,,,,,,,,,,,,,,,,,,,,,,,,,,,,,,,,,,,,,,,,,,,,,,,,,,,,,,,,,
http://cdo.keu.kz/content/14914/14940/14940.htm,http://cdo.keu.kz/content/14914/14940/38814/38814.htm,http://cdo.keu.kz/content/14914/14940/38815/38815.htm,http://cdo.keu.kz/content/14914/14940/38816/38816.htm,http://cdo.keu.kz/content/14914/14940/38817/38817.htm,http://cdo.keu.kz/content/14914/14940/38818/38818.htm,http://cdo.keu.kz/content/14914/14940/38819/38819.htm,http://cdo.keu.kz/content/14914/14940/38820/38820.htm,http://cdo.keu.kz/content/14914/14940/38821/38821.htm,http://cdo.keu.kz/content/14914/14940/38822/38822.htm,http://cdo.keu.kz/content/14914/14940/38823/38823.htm,http://cdo.keu.kz/content/14914/14940/38824/38824.htm,http://cdo.keu.kz/content/14914/14940/38825/38825.htm,http://cdo.keu.kz/content/14914/14940/38826/38826.htm,,,,,,,,,,,,,,,,,,,,,,,,,,,,,,,,,,,,,,,,,,,,,,,,,,,,,,,,,,,,,,,,,,,,,,,,,,,,,,,,,,,,,,,
http://cdo.keu.kz/content/14915/14941/testu.files/colorschememapping.xml,http://cdo.keu.kz/content/14915/14941/testu.files/filelist.xml,http://cdo.keu.kz/content/14915/14941/testu.files/themedata.thmx,http://cdo.keu.kz/content/14915/14941/testu.htm,,,,,,,,,,,,,,,,,,,,,,,,,,,,,,,,,,,,,,,,,,,,,,,,,,,,,,,,,,,,,,,,,,,,,,,,,,,,,,,,,,,,,,,,,,,,,,,,,
http://cdo.keu.kz/content/14916/14942/Lekcii.files.files/image001.jpg,http://cdo.keu.kz/content/14916/14942/Lekcii.files.files/image002.jpg,http://cdo.keu.kz/content/14916/14942/Lekcii.files.htm,http://cdo.keu.kz/content/14916/14942/Lekcii.files/colorschememapping.xml,http://cdo.keu.kz/content/14916/14942/Lekcii.files/filelist.xml,http://cdo.keu.kz/content/14916/14942/Lekcii.files/header.htm,http://cdo.keu.kz/content/14916/14942/Lekcii.files/image001.jpg,http://cdo.keu.kz/content/14916/14942/Lekcii.files/image002.jpg,http://cdo.keu.kz/content/14916/14942/Lekcii.files/image003.jpg,http://cdo.keu.kz/content/14916/14942/Lekcii.files/image004.jpg,http://cdo.keu.kz/content/14916/14942/Lekcii.files/themedata.thmx,http://cdo.keu.kz/content/14916/14942/Lekcii.htm,,,,,,,,,,,,,,,,,,,,,,,,,,,,,,,,,,,,,,,,,,,,,,,,,,,,,,,,,,,,,,,,,,,,,,,,,,,,,,,,,,,,,,,,,
http://cdo.keu.kz/content/14917/14943/14943.htm,http://cdo.keu.kz/content/14917/14943/Lekcia.files/colorschememapping.xml,http://cdo.keu.kz/content/14917/14943/Lekcia.files/filelist.xml,http://cdo.keu.kz/content/14917/14943/Lekcia.files/header.htm,http://cdo.keu.kz/content/14917/14943/Lekcia.files/image001.jpg,http://cdo.keu.kz/content/14917/14943/Lekcia.files/image002.jpg,http://cdo.keu.kz/content/14917/14943/Lekcia.files/image003.jpg,http://cdo.keu.kz/content/14917/14943/Lekcia.files/image004.jpg,http://cdo.keu.kz/content/14917/14943/Lekcia.files/themedata.thmx,,,,,,,,,,,,,,,,,,,,,,,,,,,,,,,,,,,,,,,,,,,,,,,,,,,,,,,,,,,,,,,,,,,,,,,,,,,,,,,,,,,,,,,,,,,,
http://cdo.keu.kz/content/14919/14944/14944.htm,http://cdo.keu.kz/content/14919/14944/38827/38827.htm,http://cdo.keu.kz/content/14919/14944/38828/38828.htm,http://cdo.keu.kz/content/14919/14944/38829/38829.htm,http://cdo.keu.kz/content/14919/14944/38830/38830.htm,http://cdo.keu.kz/content/14919/14944/38831/38831.htm,http://cdo.keu.kz/content/14919/14944/38832/38832.htm,http://cdo.keu.kz/content/14919/14944/38833/38833.htm,http://cdo.keu.kz/content/14919/14944/38834/38834.htm,http://cdo.keu.kz/content/14919/14944/38835/38835.htm,http://cdo.keu.kz/content/14919/14944/38836/38836.htm,http://cdo.keu.kz/content/14919/14944/38837/38837.htm,http://cdo.keu.kz/content/14919/14944/38838/38838.htm,http://cdo.keu.kz/content/14919/14944/38839/38839.htm,http://cdo.keu.kz/content/14919/14944/38840/38840.htm,http://cdo.keu.kz/content/14919/14944/38841/38841.htm,http://cdo.keu.kz/content/14919/14944/konfliktologia.files/image001.jpg,http://cdo.keu.kz/content/14919/14944/konfliktologia.files/image002.jpg,,,,,,,,,,,,,,,,,,,,,,,,,,,,,,,,,,,,,,,,,,,,,,,,,,,,,,,,,,,,,,,,,,,,,,,,,,,,,,,,,,,
http://cdo.keu.kz/content/14920/14945/qqq.files/colorschememapping.xml,http://cdo.keu.kz/content/14920/14945/qqq.files/filelist.xml,http://cdo.keu.kz/content/14920/14945/qqq.files/themedata.thmx,http://cdo.keu.kz/content/14920/14945/qqq.htm,http://cdo.keu.kz/content/14920/14945/%e2%82%ac%d0%b2%c2%ae%d0%88%c2%ae%d1%9e%d0%bb%c2%a9%20%d0%84%c2%ae%c2%ad%d0%b2%d0%b0%c2%ae%c2%ab%d0%bc.docx,,,,,,,,,,,,,,,,,,,,,,,,,,,,,,,,,,,,,,,,,,,,,,,,,,,,,,,,,,,,,,,,,,,,,,,,,,,,,,,,,,,,,,,,,,,,,,,,
http://cdo.keu.kz/content/14921/14946/itog.files/colorschememapping.xml,http://cdo.keu.kz/content/14921/14946/itog.files/filelist.xml,http://cdo.keu.kz/content/14921/14946/itog.files/themedata.thmx,http://cdo.keu.kz/content/14921/14946/itog.htm,,,,,,,,,,,,,,,,,,,,,,,,,,,,,,,,,,,,,,,,,,,,,,,,,,,,,,,,,,,,,,,,,,,,,,,,,,,,,,,,,,,,,,,,,,,,,,,,,
http://cdo.keu.kz/content/14922/14947/itogovui.files/colorschememapping.xml,http://cdo.keu.kz/content/14922/14947/itogovui.files/filelist.xml,http://cdo.keu.kz/content/14922/14947/itogovui.files/themedata.thmx,http://cdo.keu.kz/content/14922/14947/itogovui.htm,,,,,,,,,,,,,,,,,,,,,,,,,,,,,,,,,,,,,,,,,,,,,,,,,,,,,,,,,,,,,,,,,,,,,,,,,,,,,,,,,,,,,,,,,,,,,,,,,
http://cdo.keu.kz/content/14923/14948/14948.htm,http://cdo.keu.kz/content/14923/14948/38842/38842.htm,http://cdo.keu.kz/content/14923/14948/38843/38843.htm,http://cdo.keu.kz/content/14923/14948/38844/38844.htm,http://cdo.keu.kz/content/14923/14948/38845/38845.htm,http://cdo.keu.kz/content/14923/14948/38846/38846.htm,http://cdo.keu.kz/content/14923/14948/38847/38847.htm,http://cdo.keu.kz/content/14923/14948/38848/38848.htm,http://cdo.keu.kz/content/14923/14948/38849/38849.htm,http://cdo.keu.kz/content/14923/14948/38850/38850.htm,http://cdo.keu.kz/content/14923/14948/38851/38851.htm,http://cdo.keu.kz/content/14923/14948/38852/38852.htm,http://cdo.keu.kz/content/14923/14948/38853/38853.htm,http://cdo.keu.kz/content/14923/14948/38854/38854.htm,http://cdo.keu.kz/content/14923/14948/38855/38855.htm,http://cdo.keu.kz/content/14923/14948/38856/38856.htm,http://cdo.keu.kz/content/14923/14948/lekcii.files/colorschememapping.xml,http://cdo.keu.kz/content/14923/14948/lekcii.files/filelist.xml,http://cdo.keu.kz/content/14923/14948/lekcii.files/themedata.thmx,,,,,,,,,,,,,,,,,,,,,,,,,,,,,,,,,,,,,,,,,,,,,,,,,,,,,,,,,,,,,,,,,,,,,,,,,,,,,,,,,,
http://cdo.keu.kz/content/14924/14949/itogovui.files/colorschememapping.xml,http://cdo.keu.kz/content/14924/14949/itogovui.files/filelist.xml,http://cdo.keu.kz/content/14924/14949/itogovui.files/themedata.thmx,http://cdo.keu.kz/content/14924/14949/itogovui.htm,,,,,,,,,,,,,,,,,,,,,,,,,,,,,,,,,,,,,,,,,,,,,,,,,,,,,,,,,,,,,,,,,,,,,,,,,,,,,,,,,,,,,,,,,,,,,,,,,
http://cdo.keu.kz/content/14925/14950/14950.htm,http://cdo.keu.kz/content/14925/14950/Lekcia.files/colorschememapping.xml,http://cdo.keu.kz/content/14925/14950/Lekcia.files/filelist.xml,http://cdo.keu.kz/content/14925/14950/Lekcia.files/item0001.xml,http://cdo.keu.kz/content/14925/14950/Lekcia.files/props002.xml,http://cdo.keu.kz/content/14925/14950/Lekcia.files/themedata.thmx,http://cdo.keu.kz/content/14925/14950/Lekcia.htm,,,,,,,,,,,,,,,,,,,,,,,,,,,,,,,,,,,,,,,,,,,,,,,,,,,,,,,,,,,,,,,,,,,,,,,,,,,,,,,,,,,,,,,,,,,,,,
http://cdo.keu.kz/content/14926/14951/14951.htm,http://cdo.keu.kz/content/14926/14951/38857/38857.htm,http://cdo.keu.kz/content/14926/14951/38858/38858.htm,http://cdo.keu.kz/content/14926/14951/38859/38859.htm,http://cdo.keu.kz/content/14926/14951/38860/38860.htm,http://cdo.keu.kz/content/14926/14951/38861/38861.htm,http://cdo.keu.kz/content/14926/14951/38862/38862.htm,http://cdo.keu.kz/content/14926/14951/38863/38863.htm,http://cdo.keu.kz/content/14926/14951/38864/38864.htm,http://cdo.keu.kz/content/14926/14951/38865/38865.htm,,,,,,,,,,,,,,,,,,,,,,,,,,,,,,,,,,,,,,,,,,,,,,,,,,,,,,,,,,,,,,,,,,,,,,,,,,,,,,,,,,,,,,,,,,,
http://cdo.keu.kz/content/14927/14952/14952.htm,http://cdo.keu.kz/content/14927/14952/38866/38866.htm,http://cdo.keu.kz/content/14927/14952/38867/38867.htm,http://cdo.keu.kz/content/14927/14952/38868/38868.htm,http://cdo.keu.kz/content/14927/14952/38869/38869.htm,http://cdo.keu.kz/content/14927/14952/38870/38870.htm,http://cdo.keu.kz/content/14927/14952/38871/38871.htm,http://cdo.keu.kz/content/14927/14952/38872/38872.htm,http://cdo.keu.kz/content/14927/14952/38873/38873.htm,http://cdo.keu.kz/content/14927/14952/38874/38874.htm,http://cdo.keu.kz/content/14927/14952/38875/38875.htm,http://cdo.keu.kz/content/14927/14952/38876/38876.htm,http://cdo.keu.kz/content/14927/14952/38877/38877.htm,http://cdo.keu.kz/content/14927/14952/38878/38878.htm,http://cdo.keu.kz/content/14927/14952/38879/38879.htm,http://cdo.keu.kz/content/14927/14952/lek.files/colorschememapping.xml,http://cdo.keu.kz/content/14927/14952/lek.files/filelist.xml,http://cdo.keu.kz/content/14927/14952/lek.files/themedata.thmx,,,,,,,,,,,,,,,,,,,,,,,,,,,,,,,,,,,,,,,,,,,,,,,,,,,,,,,,,,,,,,,,,,,,,,,,,,,,,,,,,,,
http://cdo.keu.kz/content/14928/14953/itog.files/colorschememapping.xml,http://cdo.keu.kz/content/14928/14953/itog.files/filelist.xml,http://cdo.keu.kz/content/14928/14953/itog.files/themedata.thmx,http://cdo.keu.kz/content/14928/14953/itog.htm,,,,,,,,,,,,,,,,,,,,,,,,,,,,,,,,,,,,,,,,,,,,,,,,,,,,,,,,,,,,,,,,,,,,,,,,,,,,,,,,,,,,,,,,,,,,,,,,,
http://cdo.keu.kz/content/14929/14954/itogo.files/colorschememapping.xml,http://cdo.keu.kz/content/14929/14954/itogo.files/filelist.xml,http://cdo.keu.kz/content/14929/14954/itogo.files/item0006.xml,http://cdo.keu.kz/content/14929/14954/itogo.files/props007.xml,http://cdo.keu.kz/content/14929/14954/itogo.files/themedata.thmx,http://cdo.keu.kz/content/14929/14954/itogo.htm,,,,,,,,,,,,,,,,,,,,,,,,,,,,,,,,,,,,,,,,,,,,,,,,,,,,,,,,,,,,,,,,,,,,,,,,,,,,,,,,,,,,,,,,,,,,,,,
http://cdo.keu.kz/content/14930/14955/itog.files/colorschememapping.xml,http://cdo.keu.kz/content/14930/14955/itog.files/filelist.xml,http://cdo.keu.kz/content/14930/14955/itog.files/item0001.xml,http://cdo.keu.kz/content/14930/14955/itog.files/props0002.xml,http://cdo.keu.kz/content/14930/14955/itog.files/themedata.thmx,http://cdo.keu.kz/content/14930/14955/itog.htm,,,,,,,,,,,,,,,,,,,,,,,,,,,,,,,,,,,,,,,,,,,,,,,,,,,,,,,,,,,,,,,,,,,,,,,,,,,,,,,,,,,,,,,,,,,,,,,
http://cdo.keu.kz/content/14931/14956/14956.htm,http://cdo.keu.kz/content/14931/14956/38880/38880.htm,http://cdo.keu.kz/content/14931/14956/38881/38881.htm,http://cdo.keu.kz/content/14931/14956/38882/38882.htm,http://cdo.keu.kz/content/14931/14956/38883/38883.htm,http://cdo.keu.kz/content/14931/14956/38884/38884.htm,http://cdo.keu.kz/content/14931/14956/38885/38885.htm,http://cdo.keu.kz/content/14931/14956/38886/38886.htm,http://cdo.keu.kz/content/14931/14956/38887/38887.htm,http://cdo.keu.kz/content/14931/14956/38888/38888.htm,http://cdo.keu.kz/content/14931/14956/38889/38889.htm,http://cdo.keu.kz/content/14931/14956/38890/38890.htm,http://cdo.keu.kz/content/14931/14956/38891/38891.htm,http://cdo.keu.kz/content/14931/14956/38892/38892.htm,http://cdo.keu.kz/content/14931/14956/38893/38893.htm,http://cdo.keu.kz/content/14931/14956/38894/38894.htm,http://cdo.keu.kz/content/14931/14956/itogovui.files/colorschememapping.xml,http://cdo.keu.kz/content/14931/14956/itogovui.files/filelist.xml,http://cdo.keu.kz/content/14931/14956/itogovui.files/header.htm,http://cdo.keu.kz/content/14931/14956/itogovui.files/themedata.thmx,,,,,,,,,,,,,,,,,,,,,,,,,,,,,,,,,,,,,,,,,,,,,,,,,,,,,,,,,,,,,,,,,,,,,,,,,,,,,,,,,
http://cdo.keu.kz/content/14935/14957/14957.htm,http://cdo.keu.kz/content/14935/14957/38895/38895.htm,http://cdo.keu.kz/content/14935/14957/38896/38896.htm,http://cdo.keu.kz/content/14935/14957/38897/38897.htm,http://cdo.keu.kz/content/14935/14957/38898/38898.htm,http://cdo.keu.kz/content/14935/14957/38899/38899.htm,http://cdo.keu.kz/content/14935/14957/38900/38900.htm,http://cdo.keu.kz/content/14935/14957/38901/38901.htm,http://cdo.keu.kz/content/14935/14957/38902/38902.htm,http://cdo.keu.kz/content/14935/14957/38903/38903.htm,http://cdo.keu.kz/content/14935/14957/38904/38904.htm,http://cdo.keu.kz/content/14935/14957/lek.files/colorschememapping.xml,http://cdo.keu.kz/content/14935/14957/lek.files/filelist.xml,http://cdo.keu.kz/content/14935/14957/lek.files/header.htm,http://cdo.keu.kz/content/14935/14957/lek.files/image001.png,http://cdo.keu.kz/content/14935/14957/lek.files/image002.png,http://cdo.keu.kz/content/14935/14957/lek.files/image003.jpg,http://cdo.keu.kz/content/14935/14957/lek.files/image004.jpg,http://cdo.keu.kz/content/14935/14957/lek.files/image005.gif,http://cdo.keu.kz/content/14935/14957/lek.files/image006.gif,http://cdo.keu.kz/content/14935/14957/lek.files/image007.png,http://cdo.keu.kz/content/14935/14957/lek.files/image008.png,http://cdo.keu.kz/content/14935/14957/lek.files/image009.png,http://cdo.keu.kz/content/14935/14957/lek.files/image010.png,http://cdo.keu.kz/content/14935/14957/lek.files/image011.png,http://cdo.keu.kz/content/14935/14957/lek.files/image012.png,http://cdo.keu.kz/content/14935/14957/lek.files/image013.png,http://cdo.keu.kz/content/14935/14957/lek.files/image014.png,http://cdo.keu.kz/content/14935/14957/lek.files/image015.png,http://cdo.keu.kz/content/14935/14957/lek.files/image016.png,http://cdo.keu.kz/content/14935/14957/lek.files/image017.png,http://cdo.keu.kz/content/14935/14957/lek.files/image018.png,http://cdo.keu.kz/content/14935/14957/lek.files/image019.png,http://cdo.keu.kz/content/14935/14957/lek.files/image020.png,http://cdo.keu.kz/content/14935/14957/lek.files/image021.png,http://cdo.keu.kz/content/14935/14957/lek.files/image022.png,http://cdo.keu.kz/content/14935/14957/lek.files/image023.png,http://cdo.keu.kz/content/14935/14957/lek.files/image024.png,http://cdo.keu.kz/content/14935/14957/lek.files/image025.png,http://cdo.keu.kz/content/14935/14957/lek.files/image026.png,http://cdo.keu.kz/content/14935/14957/lek.files/image027.png,http://cdo.keu.kz/content/14935/14957/lek.files/image028.png,http://cdo.keu.kz/content/14935/14957/lek.files/image029.png,http://cdo.keu.kz/content/14935/14957/lek.files/image030.emz,http://cdo.keu.kz/content/14935/14957/lek.files/image031.png,http://cdo.keu.kz/content/14935/14957/lek.files/image032.emz,http://cdo.keu.kz/content/14935/14957/lek.files/image033.png,http://cdo.keu.kz/content/14935/14957/lek.files/image034.png,http://cdo.keu.kz/content/14935/14957/lek.files/image035.png,http://cdo.keu.kz/content/14935/14957/lek.files/image036.png,http://cdo.keu.kz/content/14935/14957/lek.files/image037.png,http://cdo.keu.kz/content/14935/14957/lek.files/image038.png,http://cdo.keu.kz/content/14935/14957/lek.files/image039.png,http://cdo.keu.kz/content/14935/14957/lek.files/image040.png,http://cdo.keu.kz/content/14935/14957/lek.files/image041.png,http://cdo.keu.kz/content/14935/14957/lek.files/image042.png,http://cdo.keu.kz/content/14935/14957/lek.files/image043.png,http://cdo.keu.kz/content/14935/14957/lek.files/image044.emz,http://cdo.keu.kz/content/14935/14957/lek.files/image045.jpg,http://cdo.keu.kz/content/14935/14957/lek.files/image046.jpg,http://cdo.keu.kz/content/14935/14957/lek.files/item0001.xml,http://cdo.keu.kz/content/14935/14957/lek.files/props0002.xml,http://cdo.keu.kz/content/14935/14957/lek.files/themedata.thmx,,,,,,,,,,,,,,,,,,,,,,,,,,,,,,,,,,,,,,
http://cdo.keu.kz/content/14936/14958/14958.htm,http://cdo.keu.kz/content/14936/14958/38905/38905.htm,http://cdo.keu.kz/content/14936/14958/38906/38906.htm,http://cdo.keu.kz/content/14936/14958/38907/38907.htm,http://cdo.keu.kz/content/14936/14958/38908/38908.htm,http://cdo.keu.kz/content/14936/14958/38909/38909.htm,http://cdo.keu.kz/content/14936/14958/38910/38910.htm,http://cdo.keu.kz/content/14936/14958/38911/38911.htm,http://cdo.keu.kz/content/14936/14958/38912/38912.htm,http://cdo.keu.kz/content/14936/14958/38913/38913.htm,http://cdo.keu.kz/content/14936/14958/38914/38914.htm,http://cdo.keu.kz/content/14936/14958/lek.files/colorschememapping.xml,http://cdo.keu.kz/content/14936/14958/lek.files/filelist.xml,http://cdo.keu.kz/content/14936/14958/lek.files/header.htm,http://cdo.keu.kz/content/14936/14958/lek.files/image001.png,http://cdo.keu.kz/content/14936/14958/lek.files/image002.png,http://cdo.keu.kz/content/14936/14958/lek.files/image003.png,http://cdo.keu.kz/content/14936/14958/lek.files/image004.png,http://cdo.keu.kz/content/14936/14958/lek.files/image005.png,http://cdo.keu.kz/content/14936/14958/lek.files/image006.png,http://cdo.keu.kz/content/14936/14958/lek.files/image007.png,http://cdo.keu.kz/content/14936/14958/lek.files/image008.png,http://cdo.keu.kz/content/14936/14958/lek.files/image009.png,http://cdo.keu.kz/content/14936/14958/lek.files/image010.png,http://cdo.keu.kz/content/14936/14958/lek.files/image011.png,http://cdo.keu.kz/content/14936/14958/lek.files/image012.png,http://cdo.keu.kz/content/14936/14958/lek.files/image013.png,http://cdo.keu.kz/content/14936/14958/lek.files/image014.png,http://cdo.keu.kz/content/14936/14958/lek.files/image015.png,http://cdo.keu.kz/content/14936/14958/lek.files/image016.png,http://cdo.keu.kz/content/14936/14958/lek.files/image017.png,http://cdo.keu.kz/content/14936/14958/lek.files/image018.png,http://cdo.keu.kz/content/14936/14958/lek.files/image019.png,http://cdo.keu.kz/content/14936/14958/lek.files/image020.png,http://cdo.keu.kz/content/14936/14958/lek.files/image021.png,http://cdo.keu.kz/content/14936/14958/lek.files/image022.png,http://cdo.keu.kz/content/14936/14958/lek.files/image023.png,http://cdo.keu.kz/content/14936/14958/lek.files/image024.png,http://cdo.keu.kz/content/14936/14958/lek.files/image025.png,http://cdo.keu.kz/content/14936/14958/lek.files/image026.png,http://cdo.keu.kz/content/14936/14958/lek.files/image027.png,http://cdo.keu.kz/content/14936/14958/lek.files/image028.png,http://cdo.keu.kz/content/14936/14958/lek.files/image029.png,http://cdo.keu.kz/content/14936/14958/lek.files/image030.png,http://cdo.keu.kz/content/14936/14958/lek.files/image031.emz,http://cdo.keu.kz/content/14936/14958/lek.files/image032.png,http://cdo.keu.kz/content/14936/14958/lek.files/image033.emz,http://cdo.keu.kz/content/14936/14958/lek.files/image034.png,http://cdo.keu.kz/content/14936/14958/lek.files/image035.png,http://cdo.keu.kz/content/14936/14958/lek.files/image036.png,http://cdo.keu.kz/content/14936/14958/lek.files/image037.png,http://cdo.keu.kz/content/14936/14958/lek.files/image038.png,http://cdo.keu.kz/content/14936/14958/lek.files/image039.png,http://cdo.keu.kz/content/14936/14958/lek.files/image040.png,http://cdo.keu.kz/content/14936/14958/lek.files/image041.png,http://cdo.keu.kz/content/14936/14958/lek.files/image042.png,http://cdo.keu.kz/content/14936/14958/lek.files/image043.png,http://cdo.keu.kz/content/14936/14958/lek.files/image044.png,http://cdo.keu.kz/content/14936/14958/lek.files/image045.emz,http://cdo.keu.kz/content/14936/14958/lek.files/image046.png,http://cdo.keu.kz/content/14936/14958/lek.files/image047.png,http://cdo.keu.kz/content/14936/14958/lek.files/item0001.xml,http://cdo.keu.kz/content/14936/14958/lek.files/props0002.xml,http://cdo.keu.kz/content/14936/14958/lek.files/themedata.thmx,,,,,,,,,,,,,,,,,,,,,,,,,,,,,,,,,,,,,
http://cdo.keu.kz/content/14937/14959/tests.files/colorschememapping.xml,http://cdo.keu.kz/content/14937/14959/tests.files/filelist.xml,http://cdo.keu.kz/content/14937/14959/tests.files/item0001.xml,http://cdo.keu.kz/content/14937/14959/tests.files/props0002.xml,http://cdo.keu.kz/content/14937/14959/tests.files/themedata.thmx,http://cdo.keu.kz/content/14937/14959/tests.htm,,,,,,,,,,,,,,,,,,,,,,,,,,,,,,,,,,,,,,,,,,,,,,,,,,,,,,,,,,,,,,,,,,,,,,,,,,,,,,,,,,,,,,,,,,,,,,,
http://cdo.keu.kz/content/14938/14960/itog.files/colorschememapping.xml,http://cdo.keu.kz/content/14938/14960/itog.files/filelist.xml,http://cdo.keu.kz/content/14938/14960/itog.files/item0001.xml,http://cdo.keu.kz/content/14938/14960/itog.files/props0002.xml,http://cdo.keu.kz/content/14938/14960/itog.files/themedata.thmx,http://cdo.keu.kz/content/14938/14960/itog.htm,,,,,,,,,,,,,,,,,,,,,,,,,,,,,,,,,,,,,,,,,,,,,,,,,,,,,,,,,,,,,,,,,,,,,,,,,,,,,,,,,,,,,,,,,,,,,,,
http://cdo.keu.kz/content/14939/14961/itogovui.files/colorschememapping.xml,http://cdo.keu.kz/content/14939/14961/itogovui.files/filelist.xml,http://cdo.keu.kz/content/14939/14961/itogovui.files/item0001.xml,http://cdo.keu.kz/content/14939/14961/itogovui.files/props002.xml,http://cdo.keu.kz/content/14939/14961/itogovui.files/themedata.thmx,http://cdo.keu.kz/content/14939/14961/itogovui.htm,,,,,,,,,,,,,,,,,,,,,,,,,,,,,,,,,,,,,,,,,,,,,,,,,,,,,,,,,,,,,,,,,,,,,,,,,,,,,,,,,,,,,,,,,,,,,,,
http://cdo.keu.kz/content/14940/14962/14962.htm,http://cdo.keu.kz/content/14940/14962/38915/38915.htm,http://cdo.keu.kz/content/14940/14962/38916/38916.htm,http://cdo.keu.kz/content/14940/14962/38917/38917.htm,http://cdo.keu.kz/content/14940/14962/38918/38918.htm,http://cdo.keu.kz/content/14940/14962/38919/38919.htm,http://cdo.keu.kz/content/14940/14962/38920/38920.htm,http://cdo.keu.kz/content/14940/14962/38921/38921.htm,http://cdo.keu.kz/content/14940/14962/38922/38922.htm,http://cdo.keu.kz/content/14940/14962/38923/38923.htm,http://cdo.keu.kz/content/14940/14962/38924/38924.htm,http://cdo.keu.kz/content/14940/14962/38925/38925.htm,http://cdo.keu.kz/content/14940/14962/38926/38926.htm,http://cdo.keu.kz/content/14940/14962/38927/38927.htm,http://cdo.keu.kz/content/14940/14962/lek.files/colorschememapping.xml,http://cdo.keu.kz/content/14940/14962/lek.files/filelist.xml,http://cdo.keu.kz/content/14940/14962/lek.files/item0001.xml,http://cdo.keu.kz/content/14940/14962/lek.files/props0002.xml,http://cdo.keu.kz/content/14940/14962/lek.files/themedata.thmx,,,,,,,,,,,,,,,,,,,,,,,,,,,,,,,,,,,,,,,,,,,,,,,,,,,,,,,,,,,,,,,,,,,,,,,,,,,,,,,,,,
http://cdo.keu.kz/content/14941/14963/itog.files/colorschememapping.xml,http://cdo.keu.kz/content/14941/14963/itog.files/filelist.xml,http://cdo.keu.kz/content/14941/14963/itog.files/item0001.xml,http://cdo.keu.kz/content/14941/14963/itog.files/props0002.xml,http://cdo.keu.kz/content/14941/14963/itog.files/themedata.thmx,http://cdo.keu.kz/content/14941/14963/itog.htm,,,,,,,,,,,,,,,,,,,,,,,,,,,,,,,,,,,,,,,,,,,,,,,,,,,,,,,,,,,,,,,,,,,,,,,,,,,,,,,,,,,,,,,,,,,,,,,
http://cdo.keu.kz/content/14942/14964/itog.files/colorschememapping.xml,http://cdo.keu.kz/content/14942/14964/itog.files/filelist.xml,http://cdo.keu.kz/content/14942/14964/itog.files/themedata.thmx,http://cdo.keu.kz/content/14942/14964/itog.htm,,,,,,,,,,,,,,,,,,,,,,,,,,,,,,,,,,,,,,,,,,,,,,,,,,,,,,,,,,,,,,,,,,,,,,,,,,,,,,,,,,,,,,,,,,,,,,,,,
http://cdo.keu.kz/content/14943/14965/14965.htm,http://cdo.keu.kz/content/14943/14965/38928/38928.htm,http://cdo.keu.kz/content/14943/14965/38929/38929.htm,http://cdo.keu.kz/content/14943/14965/38930/38930.htm,http://cdo.keu.kz/content/14943/14965/38931/38931.htm,http://cdo.keu.kz/content/14943/14965/38932/38932.htm,http://cdo.keu.kz/content/14943/14965/38933/38933.htm,http://cdo.keu.kz/content/14943/14965/38934/38934.htm,http://cdo.keu.kz/content/14943/14965/38935/38935.htm,http://cdo.keu.kz/content/14943/14965/38936/38936.htm,http://cdo.keu.kz/content/14943/14965/38937/38937.htm,http://cdo.keu.kz/content/14943/14965/38938/38938.htm,http://cdo.keu.kz/content/14943/14965/38939/38939.htm,http://cdo.keu.kz/content/14943/14965/38940/38940.htm,http://cdo.keu.kz/content/14943/14965/38941/38941.htm,http://cdo.keu.kz/content/14943/14965/38942/38942.htm,http://cdo.keu.kz/content/14943/14965/lek.files/colorschememapping.xml,http://cdo.keu.kz/content/14943/14965/lek.files/filelist.xml,http://cdo.keu.kz/content/14943/14965/lek.files/item0001.xml,http://cdo.keu.kz/content/14943/14965/lek.files/props0002.xml,http://cdo.keu.kz/content/14943/14965/lek.files/themedata.thmx,,,,,,,,,,,,,,,,,,,,,,,,,,,,,,,,,,,,,,,,,,,,,,,,,,,,,,,,,,,,,,,,,,,,,,,,,,,,,,,,
http://cdo.keu.kz/content/14944/14966/itog.files/colorschememapping.xml,http://cdo.keu.kz/content/14944/14966/itog.files/filelist.xml,http://cdo.keu.kz/content/14944/14966/itog.files/themedata.thmx,http://cdo.keu.kz/content/14944/14966/itog.htm,,,,,,,,,,,,,,,,,,,,,,,,,,,,,,,,,,,,,,,,,,,,,,,,,,,,,,,,,,,,,,,,,,,,,,,,,,,,,,,,,,,,,,,,,,,,,,,,,
http://cdo.keu.kz/content/14945/14967/itog.files/colorschememapping.xml,http://cdo.keu.kz/content/14945/14967/itog.files/filelist.xml,http://cdo.keu.kz/content/14945/14967/itog.files/themedata.thmx,http://cdo.keu.kz/content/14945/14967/itog.htm,,,,,,,,,,,,,,,,,,,,,,,,,,,,,,,,,,,,,,,,,,,,,,,,,,,,,,,,,,,,,,,,,,,,,,,,,,,,,,,,,,,,,,,,,,,,,,,,,
http://cdo.keu.kz/content/14946/14968/itog.files/colorschememapping.xml,http://cdo.keu.kz/content/14946/14968/itog.files/filelist.xml,http://cdo.keu.kz/content/14946/14968/itog.files/themedata.thmx,http://cdo.keu.kz/content/14946/14968/itog.htm,,,,,,,,,,,,,,,,,,,,,,,,,,,,,,,,,,,,,,,,,,,,,,,,,,,,,,,,,,,,,,,,,,,,,,,,,,,,,,,,,,,,,,,,,,,,,,,,,
http://cdo.keu.kz/content/14947/14969/14969.htm,http://cdo.keu.kz/content/14947/14969/38943/38943.htm,http://cdo.keu.kz/content/14947/14969/38944/38944.htm,http://cdo.keu.kz/content/14947/14969/38945/38945.htm,http://cdo.keu.kz/content/14947/14969/38946/38946.htm,http://cdo.keu.kz/content/14947/14969/38947/38947.htm,http://cdo.keu.kz/content/14947/14969/38948/38948.htm,http://cdo.keu.kz/content/14947/14969/38949/38949.htm,http://cdo.keu.kz/content/14947/14969/38950/38950.htm,http://cdo.keu.kz/content/14947/14969/38951/38951.htm,http://cdo.keu.kz/content/14947/14969/38952/38952.htm,http://cdo.keu.kz/content/14947/14969/lek.files/colorschememapping.xml,http://cdo.keu.kz/content/14947/14969/lek.files/filelist.xml,http://cdo.keu.kz/content/14947/14969/lek.files/themedata.thmx,,,,,,,,,,,,,,,,,,,,,,,,,,,,,,,,,,,,,,,,,,,,,,,,,,,,,,,,,,,,,,,,,,,,,,,,,,,,,,,,,,,,,,,
http://cdo.keu.kz/content/14948/14970/itogovui.files/colorschememapping.xml,http://cdo.keu.kz/content/14948/14970/itogovui.files/filelist.xml,http://cdo.keu.kz/content/14948/14970/itogovui.files/item0001.xml,http://cdo.keu.kz/content/14948/14970/itogovui.files/props002.xml,http://cdo.keu.kz/content/14948/14970/itogovui.files/themedata.thmx,http://cdo.keu.kz/content/14948/14970/itogovui.htm,,,,,,,,,,,,,,,,,,,,,,,,,,,,,,,,,,,,,,,,,,,,,,,,,,,,,,,,,,,,,,,,,,,,,,,,,,,,,,,,,,,,,,,,,,,,,,,
http://cdo.keu.kz/content/14949/14971/14971.htm,http://cdo.keu.kz/content/14949/14971/Lekcia.files/colorschememapping.xml,http://cdo.keu.kz/content/14949/14971/Lekcia.files/filelist.xml,http://cdo.keu.kz/content/14949/14971/Lekcia.files/image001.gif,http://cdo.keu.kz/content/14949/14971/Lekcia.files/image002.gif,http://cdo.keu.kz/content/14949/14971/Lekcia.files/image003.gif,http://cdo.keu.kz/content/14949/14971/Lekcia.files/image004.gif,http://cdo.keu.kz/content/14949/14971/Lekcia.files/image005.gif,http://cdo.keu.kz/content/14949/14971/Lekcia.files/themedata.thmx,,,,,,,,,,,,,,,,,,,,,,,,,,,,,,,,,,,,,,,,,,,,,,,,,,,,,,,,,,,,,,,,,,,,,,,,,,,,,,,,,,,,,,,,,,,,
http://cdo.keu.kz/content/14950/14972/14972.htm,http://cdo.keu.kz/content/14950/14972/Lekcia.files/colorschememapping.xml,http://cdo.keu.kz/content/14950/14972/Lekcia.files/filelist.xml,http://cdo.keu.kz/content/14950/14972/Lekcia.files/image001.gif,http://cdo.keu.kz/content/14950/14972/Lekcia.files/image002.gif,http://cdo.keu.kz/content/14950/14972/Lekcia.files/image003.gif,http://cdo.keu.kz/content/14950/14972/Lekcia.files/image004.gif,http://cdo.keu.kz/content/14950/14972/Lekcia.files/image005.gif,http://cdo.keu.kz/content/14950/14972/Lekcia.files/themedata.thmx,,,,,,,,,,,,,,,,,,,,,,,,,,,,,,,,,,,,,,,,,,,,,,,,,,,,,,,,,,,,,,,,,,,,,,,,,,,,,,,,,,,,,,,,,,,,
http://cdo.keu.kz/content/14951/14973/14973.htm,http://cdo.keu.kz/content/14951/14973/38953/38953.htm,http://cdo.keu.kz/content/14951/14973/38954/38954.htm,http://cdo.keu.kz/content/14951/14973/38955/38955.htm,http://cdo.keu.kz/content/14951/14973/38956/38956.htm,http://cdo.keu.kz/content/14951/14973/38957/38957.htm,http://cdo.keu.kz/content/14951/14973/38958/38958.htm,http://cdo.keu.kz/content/14951/14973/38959/38959.htm,http://cdo.keu.kz/content/14951/14973/38960/38960.htm,http://cdo.keu.kz/content/14951/14973/38961/38961.htm,http://cdo.keu.kz/content/14951/14973/38962/38962.htm,http://cdo.keu.kz/content/14951/14973/38963/38963.htm,http://cdo.keu.kz/content/14951/14973/38964/38964.htm,http://cdo.keu.kz/content/14951/14973/38965/38965.htm,http://cdo.keu.kz/content/14951/14973/38966/38966.htm,http://cdo.keu.kz/content/14951/14973/38967/38967.htm,http://cdo.keu.kz/content/14951/14973/38968/38968.htm,http://cdo.keu.kz/content/14951/14973/Lekcia.files/colorschememapping.xml,http://cdo.keu.kz/content/14951/14973/Lekcia.files/filelist.xml,http://cdo.keu.kz/content/14951/14973/Lekcia.files/image001.gif,http://cdo.keu.kz/content/14951/14973/Lekcia.files/image002.gif,http://cdo.keu.kz/content/14951/14973/Lekcia.files/image003.gif,http://cdo.keu.kz/content/14951/14973/Lekcia.files/image004.gif,http://cdo.keu.kz/content/14951/14973/Lekcia.files/image005.gif,http://cdo.keu.kz/content/14951/14973/Lekcia.files/themedata.thmx,,,,,,,,,,,,,,,,,,,,,,,,,,,,,,,,,,,,,,,,,,,,,,,,,,,,,,,,,,,,,,,,,,,,,,,,,,,,
http://cdo.keu.kz/content/14952/14974/testy.files/colorschememapping.xml,http://cdo.keu.kz/content/14952/14974/testy.files/filelist.xml,http://cdo.keu.kz/content/14952/14974/testy.files/header.htm,http://cdo.keu.kz/content/14952/14974/testy.files/item0001.xml,http://cdo.keu.kz/content/14952/14974/testy.files/props002.xml,http://cdo.keu.kz/content/14952/14974/testy.files/themedata.thmx,http://cdo.keu.kz/content/14952/14974/testy.htm,,,,,,,,,,,,,,,,,,,,,,,,,,,,,,,,,,,,,,,,,,,,,,,,,,,,,,,,,,,,,,,,,,,,,,,,,,,,,,,,,,,,,,,,,,,,,,
http://cdo.keu.kz/content/14953/14975/14975.htm,http://cdo.keu.kz/content/14953/14975/38969/38969.htm,http://cdo.keu.kz/content/14953/14975/38970/38970.htm,http://cdo.keu.kz/content/14953/14975/38971/38971.htm,http://cdo.keu.kz/content/14953/14975/38972/38972.htm,http://cdo.keu.kz/content/14953/14975/38973/38973.htm,http://cdo.keu.kz/content/14953/14975/38974/38974.htm,http://cdo.keu.kz/content/14953/14975/38975/38975.htm,http://cdo.keu.kz/content/14953/14975/38976/38976.htm,http://cdo.keu.kz/content/14953/14975/Lekcia.files/colorschememapping.xml,http://cdo.keu.kz/content/14953/14975/Lekcia.files/filelist.xml,http://cdo.keu.kz/content/14953/14975/Lekcia.files/header.htm,http://cdo.keu.kz/content/14953/14975/Lekcia.files/item0001.xml,http://cdo.keu.kz/content/14953/14975/Lekcia.files/props002.xml,http://cdo.keu.kz/content/14953/14975/Lekcia.files/themedata.thmx,,,,,,,,,,,,,,,,,,,,,,,,,,,,,,,,,,,,,,,,,,,,,,,,,,,,,,,,,,,,,,,,,,,,,,,,,,,,,,,,,,,,,,
http://cdo.keu.kz/content/14954/14976/itogovui.files/colorschememapping.xml,http://cdo.keu.kz/content/14954/14976/itogovui.files/filelist.xml,http://cdo.keu.kz/content/14954/14976/itogovui.files/themedata.thmx,http://cdo.keu.kz/content/14954/14976/itogovui.htm,,,,,,,,,,,,,,,,,,,,,,,,,,,,,,,,,,,,,,,,,,,,,,,,,,,,,,,,,,,,,,,,,,,,,,,,,,,,,,,,,,,,,,,,,,,,,,,,,
http://cdo.keu.kz/content/14955/14977/14977.htm,http://cdo.keu.kz/content/14955/14977/Lekcia.files/colorschememapping.xml,http://cdo.keu.kz/content/14955/14977/Lekcia.files/filelist.xml,http://cdo.keu.kz/content/14955/14977/Lekcia.files/image001.jpg,http://cdo.keu.kz/content/14955/14977/Lekcia.files/image002.jpg,http://cdo.keu.kz/content/14955/14977/Lekcia.files/image003.gif,http://cdo.keu.kz/content/14955/14977/Lekcia.files/image004.gif,http://cdo.keu.kz/content/14955/14977/Lekcia.files/image005.jpg,http://cdo.keu.kz/content/14955/14977/Lekcia.files/image006.jpg,http://cdo.keu.kz/content/14955/14977/Lekcia.files/image007.jpg,http://cdo.keu.kz/content/14955/14977/Lekcia.files/image008.jpg,http://cdo.keu.kz/content/14955/14977/Lekcia.files/image009.png,http://cdo.keu.kz/content/14955/14977/Lekcia.files/image010.jpg,http://cdo.keu.kz/content/14955/14977/Lekcia.files/image011.jpg,http://cdo.keu.kz/content/14955/14977/Lekcia.files/image012.jpg,http://cdo.keu.kz/content/14955/14977/Lekcia.files/image013.jpg,http://cdo.keu.kz/content/14955/14977/Lekcia.files/image014.jpg,http://cdo.keu.kz/content/14955/14977/Lekcia.files/image015.jpg,http://cdo.keu.kz/content/14955/14977/Lekcia.files/image016.jpg,http://cdo.keu.kz/content/14955/14977/Lekcia.files/image017.jpg,http://cdo.keu.kz/content/14955/14977/Lekcia.files/image018.jpg,http://cdo.keu.kz/content/14955/14977/Lekcia.files/image019.jpg,http://cdo.keu.kz/content/14955/14977/Lekcia.files/image020.jpg,http://cdo.keu.kz/content/14955/14977/Lekcia.files/image021.jpg,http://cdo.keu.kz/content/14955/14977/Lekcia.files/image022.jpg,http://cdo.keu.kz/content/14955/14977/Lekcia.files/image023.jpg,http://cdo.keu.kz/content/14955/14977/Lekcia.files/themedata.thmx,http://cdo.keu.kz/content/14955/14977/Lekcia.htm,,,,,,,,,,,,,,,,,,,,,,,,,,,,,,,,,,,,,,,,,,,,,,,,,,,,,,,,,,,,,,,,,,,,,,,,,
http://cdo.keu.kz/content/14956/14978/14978.htm,http://cdo.keu.kz/content/14956/14978/38977/38977.htm,http://cdo.keu.kz/content/14956/14978/38978/38978.htm,http://cdo.keu.kz/content/14956/14978/38979/38979.htm,http://cdo.keu.kz/content/14956/14978/38980/38980.htm,http://cdo.keu.kz/content/14956/14978/38981/38981.htm,http://cdo.keu.kz/content/14956/14978/38982/38982.htm,http://cdo.keu.kz/content/14956/14978/38983/38983.htm,http://cdo.keu.kz/content/14956/14978/38984/38984.htm,http://cdo.keu.kz/content/14956/14978/38985/38985.htm,http://cdo.keu.kz/content/14956/14978/38986/38986.htm,http://cdo.keu.kz/content/14956/14978/38987/38987.htm,http://cdo.keu.kz/content/14956/14978/38988/38988.htm,http://cdo.keu.kz/content/14956/14978/38989/38989.htm,http://cdo.keu.kz/content/14956/14978/38990/38990.htm,http://cdo.keu.kz/content/14956/14978/Lekcia.files/colorschememapping.xml,http://cdo.keu.kz/content/14956/14978/Lekcia.files/filelist.xml,http://cdo.keu.kz/content/14956/14978/Lekcia.files/image001.jpg,http://cdo.keu.kz/content/14956/14978/Lekcia.files/image002.jpg,http://cdo.keu.kz/content/14956/14978/Lekcia.files/image003.gif,http://cdo.keu.kz/content/14956/14978/Lekcia.files/image004.gif,http://cdo.keu.kz/content/14956/14978/Lekcia.files/image005.jpg,http://cdo.keu.kz/content/14956/14978/Lekcia.files/image006.jpg,http://cdo.keu.kz/content/14956/14978/Lekcia.files/image007.jpg,http://cdo.keu.kz/content/14956/14978/Lekcia.files/image008.jpg,http://cdo.keu.kz/content/14956/14978/Lekcia.files/image009.png,http://cdo.keu.kz/content/14956/14978/Lekcia.files/image010.jpg,http://cdo.keu.kz/content/14956/14978/Lekcia.files/image011.jpg,http://cdo.keu.kz/content/14956/14978/Lekcia.files/image012.jpg,http://cdo.keu.kz/content/14956/14978/Lekcia.files/image013.jpg,http://cdo.keu.kz/content/14956/14978/Lekcia.files/image014.jpg,http://cdo.keu.kz/content/14956/14978/Lekcia.files/image015.jpg,http://cdo.keu.kz/content/14956/14978/Lekcia.files/image016.jpg,http://cdo.keu.kz/content/14956/14978/Lekcia.files/image017.jpg,http://cdo.keu.kz/content/14956/14978/Lekcia.files/image018.jpg,http://cdo.keu.kz/content/14956/14978/Lekcia.files/image019.jpg,http://cdo.keu.kz/content/14956/14978/Lekcia.files/image020.jpg,http://cdo.keu.kz/content/14956/14978/Lekcia.files/image021.jpg,http://cdo.keu.kz/content/14956/14978/Lekcia.files/image022.jpg,http://cdo.keu.kz/content/14956/14978/Lekcia.files/image023.jpg,http://cdo.keu.kz/content/14956/14978/Lekcia.files/themedata.thmx,,,,,,,,,,,,,,,,,,,,,,,,,,,,,,,,,,,,,,,,,,,,,,,,,,,,,,,,,,,,
http://cdo.keu.kz/content/14957/14979/itogovui.files/colorschememapping.xml,http://cdo.keu.kz/content/14957/14979/itogovui.files/filelist.xml,http://cdo.keu.kz/content/14957/14979/itogovui.files/themedata.thmx,http://cdo.keu.kz/content/14957/14979/itogovui.htm,,,,,,,,,,,,,,,,,,,,,,,,,,,,,,,,,,,,,,,,,,,,,,,,,,,,,,,,,,,,,,,,,,,,,,,,,,,,,,,,,,,,,,,,,,,,,,,,,
http://cdo.keu.kz/content/14958/14980/itog.files/image001.gif,http://cdo.keu.kz/content/14958/14980/itog.htm,,,,,,,,,,,,,,,,,,,,,,,,,,,,,,,,,,,,,,,,,,,,,,,,,,,,,,,,,,,,,,,,,,,,,,,,,,,,,,,,,,,,,,,,,,,,,,,,,,,
http://cdo.keu.kz/content/14959/14981/itog.htm,,,,,,,,,,,,,,,,,,,,,,,,,,,,,,,,,,,,,,,,,,,,,,,,,,,,,,,,,,,,,,,,,,,,,,,,,,,,,,,,,,,,,,,,,,,,,,,,,,,,
http://cdo.keu.kz/content/14960/14982/itog.files/colorschememapping.xml,http://cdo.keu.kz/content/14960/14982/itog.files/filelist.xml,http://cdo.keu.kz/content/14960/14982/itog.files/themedata.thmx,http://cdo.keu.kz/content/14960/14982/itog.htm,,,,,,,,,,,,,,,,,,,,,,,,,,,,,,,,,,,,,,,,,,,,,,,,,,,,,,,,,,,,,,,,,,,,,,,,,,,,,,,,,,,,,,,,,,,,,,,,,
http://cdo.keu.kz/content/14961/14983/itog.files/colorschememapping.xml,http://cdo.keu.kz/content/14961/14983/itog.files/filelist.xml,http://cdo.keu.kz/content/14961/14983/itog.files/themedata.thmx,http://cdo.keu.kz/content/14961/14983/itog.htm,,,,,,,,,,,,,,,,,,,,,,,,,,,,,,,,,,,,,,,,,,,,,,,,,,,,,,,,,,,,,,,,,,,,,,,,,,,,,,,,,,,,,,,,,,,,,,,,,
http://cdo.keu.kz/content/14962/14984/14984.htm,http://cdo.keu.kz/content/14962/14984/38991/38991.htm,http://cdo.keu.kz/content/14962/14984/38992/38992.htm,http://cdo.keu.kz/content/14962/14984/38993/38993.htm,http://cdo.keu.kz/content/14962/14984/38994/38994.htm,http://cdo.keu.kz/content/14962/14984/38995/38995.htm,http://cdo.keu.kz/content/14962/14984/38996/38996.htm,http://cdo.keu.kz/content/14962/14984/38997/38997.htm,http://cdo.keu.kz/content/14962/14984/38998/38998.htm,http://cdo.keu.kz/content/14962/14984/38999/38999.htm,http://cdo.keu.kz/content/14962/14984/39000/39000.htm,http://cdo.keu.kz/content/14962/14984/39001/39001.htm,http://cdo.keu.kz/content/14962/14984/39002/39002.htm,http://cdo.keu.kz/content/14962/14984/39003/39003.htm,http://cdo.keu.kz/content/14962/14984/39004/39004.htm,http://cdo.keu.kz/content/14962/14984/39005/39005.htm,,,,,,,,,,,,,,,,,,,,,,,,,,,,,,,,,,,,,,,,,,,,,,,,,,,,,,,,,,,,,,,,,,,,,,,,,,,,,,,,,,,,,
http://cdo.keu.kz/content/14963/14985/itog.files/colorschememapping.xml,http://cdo.keu.kz/content/14963/14985/itog.files/filelist.xml,http://cdo.keu.kz/content/14963/14985/itog.files/themedata.thmx,http://cdo.keu.kz/content/14963/14985/itog.htm,,,,,,,,,,,,,,,,,,,,,,,,,,,,,,,,,,,,,,,,,,,,,,,,,,,,,,,,,,,,,,,,,,,,,,,,,,,,,,,,,,,,,,,,,,,,,,,,,
http://cdo.keu.kz/content/14964/14986/14986.htm,http://cdo.keu.kz/content/14964/14986/lekcii.files/colorschememapping.xml,http://cdo.keu.kz/content/14964/14986/lekcii.files/filelist.xml,http://cdo.keu.kz/content/14964/14986/lekcii.files/image001.gif,http://cdo.keu.kz/content/14964/14986/lekcii.files/image002.gif,http://cdo.keu.kz/content/14964/14986/lekcii.files/image003.gif,http://cdo.keu.kz/content/14964/14986/lekcii.files/image004.gif,http://cdo.keu.kz/content/14964/14986/lekcii.files/image005.gif,http://cdo.keu.kz/content/14964/14986/lekcii.files/image006.gif,http://cdo.keu.kz/content/14964/14986/lekcii.files/image007.gif,http://cdo.keu.kz/content/14964/14986/lekcii.files/image008.gif,http://cdo.keu.kz/content/14964/14986/lekcii.files/image009.gif,http://cdo.keu.kz/content/14964/14986/lekcii.files/image010.gif,http://cdo.keu.kz/content/14964/14986/lekcii.files/image011.gif,http://cdo.keu.kz/content/14964/14986/lekcii.files/image012.gif,http://cdo.keu.kz/content/14964/14986/lekcii.files/image013.gif,http://cdo.keu.kz/content/14964/14986/lekcii.files/image014.gif,http://cdo.keu.kz/content/14964/14986/lekcii.files/image015.gif,http://cdo.keu.kz/content/14964/14986/lekcii.files/image016.gif,http://cdo.keu.kz/content/14964/14986/lekcii.files/image017.gif,http://cdo.keu.kz/content/14964/14986/lekcii.files/image018.gif,http://cdo.keu.kz/content/14964/14986/lekcii.files/image019.gif,http://cdo.keu.kz/content/14964/14986/lekcii.files/image020.gif,http://cdo.keu.kz/content/14964/14986/lekcii.files/image021.gif,http://cdo.keu.kz/content/14964/14986/lekcii.files/image022.gif,http://cdo.keu.kz/content/14964/14986/lekcii.files/image023.gif,http://cdo.keu.kz/content/14964/14986/lekcii.files/image024.gif,http://cdo.keu.kz/content/14964/14986/lekcii.files/image025.gif,http://cdo.keu.kz/content/14964/14986/lekcii.files/image026.gif,http://cdo.keu.kz/content/14964/14986/lekcii.files/image027.gif,http://cdo.keu.kz/content/14964/14986/lekcii.files/image028.gif,http://cdo.keu.kz/content/14964/14986/lekcii.files/image029.gif,http://cdo.keu.kz/content/14964/14986/lekcii.files/image030.gif,http://cdo.keu.kz/content/14964/14986/lekcii.files/image031.gif,http://cdo.keu.kz/content/14964/14986/lekcii.files/image032.gif,http://cdo.keu.kz/content/14964/14986/lekcii.files/image033.gif,http://cdo.keu.kz/content/14964/14986/lekcii.files/image034.gif,http://cdo.keu.kz/content/14964/14986/lekcii.files/image035.gif,http://cdo.keu.kz/content/14964/14986/lekcii.files/image036.gif,http://cdo.keu.kz/content/14964/14986/lekcii.files/image037.gif,http://cdo.keu.kz/content/14964/14986/lekcii.files/image038.gif,http://cdo.keu.kz/content/14964/14986/lekcii.files/image039.gif,http://cdo.keu.kz/content/14964/14986/lekcii.files/image040.gif,http://cdo.keu.kz/content/14964/14986/lekcii.files/image041.gif,http://cdo.keu.kz/content/14964/14986/lekcii.files/themedata.thmx,,,,,,,,,,,,,,,,,,,,,,,,,,,,,,,,,,,,,,,,,,,,,,,,,,,,,,,,
http://cdo.keu.kz/content/14965/14987/14987.htm,http://cdo.keu.kz/content/14965/14987/Lek.files/colorschememapping.xml,http://cdo.keu.kz/content/14965/14987/Lek.files/filelist.xml,http://cdo.keu.kz/content/14965/14987/Lek.files/image001.gif,http://cdo.keu.kz/content/14965/14987/Lek.files/image002.gif,http://cdo.keu.kz/content/14965/14987/Lek.files/image003.gif,http://cdo.keu.kz/content/14965/14987/Lek.files/image004.gif,http://cdo.keu.kz/content/14965/14987/Lek.files/image005.gif,http://cdo.keu.kz/content/14965/14987/Lek.files/image006.gif,http://cdo.keu.kz/content/14965/14987/Lek.files/image007.gif,http://cdo.keu.kz/content/14965/14987/Lek.files/image008.gif,http://cdo.keu.kz/content/14965/14987/Lek.files/image009.gif,http://cdo.keu.kz/content/14965/14987/Lek.files/image010.gif,http://cdo.keu.kz/content/14965/14987/Lek.files/image011.gif,http://cdo.keu.kz/content/14965/14987/Lek.files/image012.gif,http://cdo.keu.kz/content/14965/14987/Lek.files/image013.gif,http://cdo.keu.kz/content/14965/14987/Lek.files/image014.gif,http://cdo.keu.kz/content/14965/14987/Lek.files/image015.gif,http://cdo.keu.kz/content/14965/14987/Lek.files/image016.gif,http://cdo.keu.kz/content/14965/14987/Lek.files/image017.gif,http://cdo.keu.kz/content/14965/14987/Lek.files/image018.gif,http://cdo.keu.kz/content/14965/14987/Lek.files/image019.gif,http://cdo.keu.kz/content/14965/14987/Lek.files/image020.gif,http://cdo.keu.kz/content/14965/14987/Lek.files/image021.gif,http://cdo.keu.kz/content/14965/14987/Lek.files/image022.gif,http://cdo.keu.kz/content/14965/14987/Lek.files/image023.gif,http://cdo.keu.kz/content/14965/14987/Lek.files/image024.gif,http://cdo.keu.kz/content/14965/14987/Lek.files/image025.gif,http://cdo.keu.kz/content/14965/14987/Lek.files/image026.gif,http://cdo.keu.kz/content/14965/14987/Lek.files/image027.gif,http://cdo.keu.kz/content/14965/14987/Lek.files/image028.gif,http://cdo.keu.kz/content/14965/14987/Lek.files/image029.gif,http://cdo.keu.kz/content/14965/14987/Lek.files/image030.gif,http://cdo.keu.kz/content/14965/14987/Lek.files/image031.gif,http://cdo.keu.kz/content/14965/14987/Lek.files/image032.gif,http://cdo.keu.kz/content/14965/14987/Lek.files/image033.gif,http://cdo.keu.kz/content/14965/14987/Lek.files/image034.gif,http://cdo.keu.kz/content/14965/14987/Lek.files/image035.gif,http://cdo.keu.kz/content/14965/14987/Lek.files/image036.gif,http://cdo.keu.kz/content/14965/14987/Lek.files/image037.gif,http://cdo.keu.kz/content/14965/14987/Lek.files/image038.gif,http://cdo.keu.kz/content/14965/14987/Lek.files/image039.gif,http://cdo.keu.kz/content/14965/14987/Lek.files/image040.gif,http://cdo.keu.kz/content/14965/14987/Lek.files/image041.gif,http://cdo.keu.kz/content/14965/14987/Lek.files/themedata.thmx,,,,,,,,,,,,,,,,,,,,,,,,,,,,,,,,,,,,,,,,,,,,,,,,,,,,,,,,
http://cdo.keu.kz/content/14966/14988/14988.htm,http://cdo.keu.kz/content/14966/14988/Lek.files/colorschememapping.xml,http://cdo.keu.kz/content/14966/14988/Lek.files/filelist.xml,http://cdo.keu.kz/content/14966/14988/Lek.files/image001.gif,http://cdo.keu.kz/content/14966/14988/Lek.files/image002.gif,http://cdo.keu.kz/content/14966/14988/Lek.files/image003.gif,http://cdo.keu.kz/content/14966/14988/Lek.files/image004.gif,http://cdo.keu.kz/content/14966/14988/Lek.files/image005.gif,http://cdo.keu.kz/content/14966/14988/Lek.files/image006.gif,http://cdo.keu.kz/content/14966/14988/Lek.files/image007.gif,http://cdo.keu.kz/content/14966/14988/Lek.files/image008.gif,http://cdo.keu.kz/content/14966/14988/Lek.files/image009.gif,http://cdo.keu.kz/content/14966/14988/Lek.files/image010.gif,http://cdo.keu.kz/content/14966/14988/Lek.files/image011.gif,http://cdo.keu.kz/content/14966/14988/Lek.files/image012.gif,http://cdo.keu.kz/content/14966/14988/Lek.files/image013.gif,http://cdo.keu.kz/content/14966/14988/Lek.files/image014.gif,http://cdo.keu.kz/content/14966/14988/Lek.files/image015.gif,http://cdo.keu.kz/content/14966/14988/Lek.files/image016.gif,http://cdo.keu.kz/content/14966/14988/Lek.files/image017.gif,http://cdo.keu.kz/content/14966/14988/Lek.files/image018.gif,http://cdo.keu.kz/content/14966/14988/Lek.files/image019.gif,http://cdo.keu.kz/content/14966/14988/Lek.files/image020.gif,http://cdo.keu.kz/content/14966/14988/Lek.files/image021.gif,http://cdo.keu.kz/content/14966/14988/Lek.files/image022.gif,http://cdo.keu.kz/content/14966/14988/Lek.files/image023.gif,http://cdo.keu.kz/content/14966/14988/Lek.files/image024.gif,http://cdo.keu.kz/content/14966/14988/Lek.files/image025.gif,http://cdo.keu.kz/content/14966/14988/Lek.files/image026.gif,http://cdo.keu.kz/content/14966/14988/Lek.files/image027.gif,http://cdo.keu.kz/content/14966/14988/Lek.files/image028.gif,http://cdo.keu.kz/content/14966/14988/Lek.files/image029.gif,http://cdo.keu.kz/content/14966/14988/Lek.files/image030.gif,http://cdo.keu.kz/content/14966/14988/Lek.files/image031.gif,http://cdo.keu.kz/content/14966/14988/Lek.files/image032.gif,http://cdo.keu.kz/content/14966/14988/Lek.files/image033.gif,http://cdo.keu.kz/content/14966/14988/Lek.files/image034.gif,http://cdo.keu.kz/content/14966/14988/Lek.files/image035.gif,http://cdo.keu.kz/content/14966/14988/Lek.files/image036.gif,http://cdo.keu.kz/content/14966/14988/Lek.files/image037.gif,http://cdo.keu.kz/content/14966/14988/Lek.files/image038.gif,http://cdo.keu.kz/content/14966/14988/Lek.files/image039.gif,http://cdo.keu.kz/content/14966/14988/Lek.files/image040.gif,http://cdo.keu.kz/content/14966/14988/Lek.files/image041.gif,http://cdo.keu.kz/content/14966/14988/Lek.files/image042.gif,http://cdo.keu.kz/content/14966/14988/Lek.files/image043.gif,http://cdo.keu.kz/content/14966/14988/Lek.files/image044.gif,http://cdo.keu.kz/content/14966/14988/Lek.files/image045.gif,http://cdo.keu.kz/content/14966/14988/Lek.files/image046.gif,http://cdo.keu.kz/content/14966/14988/Lek.files/image047.gif,http://cdo.keu.kz/content/14966/14988/Lek.files/image048.gif,http://cdo.keu.kz/content/14966/14988/Lek.files/themedata.thmx,,,,,,,,,,,,,,,,,,,,,,,,,,,,,,,,,,,,,,,,,,,,,,,,,
http://cdo.keu.kz/content/14967/14989/itog.files/colorschememapping.xml,http://cdo.keu.kz/content/14967/14989/itog.files/filelist.xml,http://cdo.keu.kz/content/14967/14989/itog.files/image001.gif,http://cdo.keu.kz/content/14967/14989/itog.files/themedata.thmx,,,,,,,,,,,,,,,,,,,,,,,,,,,,,,,,,,,,,,,,,,,,,,,,,,,,,,,,,,,,,,,,,,,,,,,,,,,,,,,,,,,,,,,,,,,,,,,,,
http://cdo.keu.kz/content/14968/14990/14990.htm,http://cdo.keu.kz/content/14968/14990/39006/39006.htm,http://cdo.keu.kz/content/14968/14990/39007/39007.htm,http://cdo.keu.kz/content/14968/14990/39008/39008.htm,http://cdo.keu.kz/content/14968/14990/39009/39009.htm,http://cdo.keu.kz/content/14968/14990/39010/39010.htm,http://cdo.keu.kz/content/14968/14990/39011/39011.htm,http://cdo.keu.kz/content/14968/14990/39012/39012.htm,http://cdo.keu.kz/content/14968/14990/39013/39013.htm,http://cdo.keu.kz/content/14968/14990/39014/39014.htm,http://cdo.keu.kz/content/14968/14990/39015/39015.htm,http://cdo.keu.kz/content/14968/14990/39016/39016.htm,http://cdo.keu.kz/content/14968/14990/39017/39017.htm,http://cdo.keu.kz/content/14968/14990/39018/39018.htm,http://cdo.keu.kz/content/14968/14990/lekcia.files/image001.gif,,,,,,,,,,,,,,,,,,,,,,,,,,,,,,,,,,,,,,,,,,,,,,,,,,,,,,,,,,,,,,,,,,,,,,,,,,,,,,,,,,,,,,
http://cdo.keu.kz/content/14969/14991/itogovui.files/colorschememapping.xml,http://cdo.keu.kz/content/14969/14991/itogovui.files/filelist.xml,http://cdo.keu.kz/content/14969/14991/itogovui.files/item0001.xml,http://cdo.keu.kz/content/14969/14991/itogovui.files/props002.xml,http://cdo.keu.kz/content/14969/14991/itogovui.files/themedata.thmx,http://cdo.keu.kz/content/14969/14991/itogovui.htm,,,,,,,,,,,,,,,,,,,,,,,,,,,,,,,,,,,,,,,,,,,,,,,,,,,,,,,,,,,,,,,,,,,,,,,,,,,,,,,,,,,,,,,,,,,,,,,
http://cdo.keu.kz/content/14970/14992/14992.htm,http://cdo.keu.kz/content/14970/14992/39019/39019.htm,http://cdo.keu.kz/content/14970/14992/39020/39020.htm,http://cdo.keu.kz/content/14970/14992/39021/39021.htm,http://cdo.keu.kz/content/14970/14992/39022/39022.htm,http://cdo.keu.kz/content/14970/14992/lekcia.files/colorschememapping.xml,http://cdo.keu.kz/content/14970/14992/lekcia.files/filelist.xml,http://cdo.keu.kz/content/14970/14992/lekcia.files/header.htm,http://cdo.keu.kz/content/14970/14992/lekcia.files/themedata.thmx,,,,,,,,,,,,,,,,,,,,,,,,,,,,,,,,,,,,,,,,,,,,,,,,,,,,,,,,,,,,,,,,,,,,,,,,,,,,,,,,,,,,,,,,,,,,
http://cdo.keu.kz/content/14971/14993/inogovui.files/colorschememapping.xml,http://cdo.keu.kz/content/14971/14993/inogovui.files/filelist.xml,http://cdo.keu.kz/content/14971/14993/inogovui.files/themedata.thmx,http://cdo.keu.kz/content/14971/14993/inogovui.htm,,,,,,,,,,,,,,,,,,,,,,,,,,,,,,,,,,,,,,,,,,,,,,,,,,,,,,,,,,,,,,,,,,,,,,,,,,,,,,,,,,,,,,,,,,,,,,,,,
http://cdo.keu.kz/content/14972/14994/14994.htm,http://cdo.keu.kz/content/14972/14994/39023/39023.htm,http://cdo.keu.kz/content/14972/14994/39024/39024.htm,http://cdo.keu.kz/content/14972/14994/39025/39025.htm,http://cdo.keu.kz/content/14972/14994/39026/39026.htm,http://cdo.keu.kz/content/14972/14994/39027/39027.htm,http://cdo.keu.kz/content/14972/14994/39028/39028.htm,http://cdo.keu.kz/content/14972/14994/39029/39029.htm,http://cdo.keu.kz/content/14972/14994/39030/39030.htm,http://cdo.keu.kz/content/14972/14994/39031/39031.htm,http://cdo.keu.kz/content/14972/14994/39032/39032.htm,http://cdo.keu.kz/content/14972/14994/39033/39033.htm,http://cdo.keu.kz/content/14972/14994/39034/39034.htm,http://cdo.keu.kz/content/14972/14994/39035/39035.htm,http://cdo.keu.kz/content/14972/14994/39036/39036.htm,http://cdo.keu.kz/content/14972/14994/39037/39037.htm,,,,,,,,,,,,,,,,,,,,,,,,,,,,,,,,,,,,,,,,,,,,,,,,,,,,,,,,,,,,,,,,,,,,,,,,,,,,,,,,,,,,,
http://cdo.keu.kz/content/14973/14995/itogovui.doc.htm,,,,,,,,,,,,,,,,,,,,,,,,,,,,,,,,,,,,,,,,,,,,,,,,,,,,,,,,,,,,,,,,,,,,,,,,,,,,,,,,,,,,,,,,,,,,,,,,,,,,
http://cdo.keu.kz/content/14974/14996/14996.htm,http://cdo.keu.kz/content/14974/14996/itogovui.doc.files/colorschememapping.xml,http://cdo.keu.kz/content/14974/14996/itogovui.doc.files/filelist.xml,http://cdo.keu.kz/content/14974/14996/itogovui.doc.files/header.htm,http://cdo.keu.kz/content/14974/14996/itogovui.doc.files/image001.png,http://cdo.keu.kz/content/14974/14996/itogovui.doc.files/image002.png,http://cdo.keu.kz/content/14974/14996/itogovui.doc.files/image003.png,http://cdo.keu.kz/content/14974/14996/itogovui.doc.files/image004.png,http://cdo.keu.kz/content/14974/14996/itogovui.doc.files/image005.png,http://cdo.keu.kz/content/14974/14996/itogovui.doc.files/image006.png,http://cdo.keu.kz/content/14974/14996/itogovui.doc.files/image007.png,http://cdo.keu.kz/content/14974/14996/itogovui.doc.files/image008.png,http://cdo.keu.kz/content/14974/14996/itogovui.doc.files/themedata.thmx,,,,,,,,,,,,,,,,,,,,,,,,,,,,,,,,,,,,,,,,,,,,,,,,,,,,,,,,,,,,,,,,,,,,,,,,,,,,,,,,,,,,,,,,
http://cdo.keu.kz/content/14975/14997/14997.htm,http://cdo.keu.kz/content/14975/14997/Lek.files/colorschememapping.xml,http://cdo.keu.kz/content/14975/14997/Lek.files/filelist.xml,http://cdo.keu.kz/content/14975/14997/Lek.files/header.htm,http://cdo.keu.kz/content/14975/14997/Lek.files/image001.png,http://cdo.keu.kz/content/14975/14997/Lek.files/image002.png,http://cdo.keu.kz/content/14975/14997/Lek.files/image003.wmz,http://cdo.keu.kz/content/14975/14997/Lek.files/image004.wmz,http://cdo.keu.kz/content/14975/14997/Lek.files/image005.png,http://cdo.keu.kz/content/14975/14997/Lek.files/image006.wmz,http://cdo.keu.kz/content/14975/14997/Lek.files/image007.png,http://cdo.keu.kz/content/14975/14997/Lek.files/image008.wmz,http://cdo.keu.kz/content/14975/14997/Lek.files/themedata.thmx,,,,,,,,,,,,,,,,,,,,,,,,,,,,,,,,,,,,,,,,,,,,,,,,,,,,,,,,,,,,,,,,,,,,,,,,,,,,,,,,,,,,,,,,
http://cdo.keu.kz/content/14976/14998/14998.htm,http://cdo.keu.kz/content/14976/14998/39038/39038.htm,http://cdo.keu.kz/content/14976/14998/39039/39039.htm,http://cdo.keu.kz/content/14976/14998/39040/39040.htm,http://cdo.keu.kz/content/14976/14998/39041/39041.htm,http://cdo.keu.kz/content/14976/14998/39042/39042.htm,http://cdo.keu.kz/content/14976/14998/39043/39043.htm,http://cdo.keu.kz/content/14976/14998/39044/39044.htm,http://cdo.keu.kz/content/14976/14998/39045/39045.htm,http://cdo.keu.kz/content/14976/14998/39046/39046.htm,http://cdo.keu.kz/content/14976/14998/39047/39047.htm,http://cdo.keu.kz/content/14976/14998/39048/39048.htm,http://cdo.keu.kz/content/14976/14998/lek.files/image001.jpg,http://cdo.keu.kz/content/14976/14998/lek.files/image002.png,http://cdo.keu.kz/content/14976/14998/lek.files/image003.png,http://cdo.keu.kz/content/14976/14998/lek.files/image004.png,http://cdo.keu.kz/content/14976/14998/lek.files/image005.png,http://cdo.keu.kz/content/14976/14998/lek.files/image006.png,http://cdo.keu.kz/content/14976/14998/lek.files/image007.png,http://cdo.keu.kz/content/14976/14998/lek.files/image008.png,,,,,,,,,,,,,,,,,,,,,,,,,,,,,,,,,,,,,,,,,,,,,,,,,,,,,,,,,,,,,,,,,,,,,,,,,,,,,,,,,
http://cdo.keu.kz/content/14977/14999/itog.htm,,,,,,,,,,,,,,,,,,,,,,,,,,,,,,,,,,,,,,,,,,,,,,,,,,,,,,,,,,,,,,,,,,,,,,,,,,,,,,,,,,,,,,,,,,,,,,,,,,,,
http://cdo.keu.kz/content/14978/15000/15000.htm,http://cdo.keu.kz/content/14978/15000/39049/39049.htm,http://cdo.keu.kz/content/14978/15000/39050/39050.htm,http://cdo.keu.kz/content/14978/15000/39051/39051.htm,http://cdo.keu.kz/content/14978/15000/39052/39052.htm,http://cdo.keu.kz/content/14978/15000/39053/39053.htm,http://cdo.keu.kz/content/14978/15000/39054/39054.htm,http://cdo.keu.kz/content/14978/15000/39055/39055.htm,http://cdo.keu.kz/content/14978/15000/39056/39056.htm,http://cdo.keu.kz/content/14978/15000/39057/39057.htm,http://cdo.keu.kz/content/14978/15000/39058/39058.htm,http://cdo.keu.kz/content/14978/15000/39059/39059.htm,http://cdo.keu.kz/content/14978/15000/39060/39060.htm,http://cdo.keu.kz/content/14978/15000/39061/39061.htm,http://cdo.keu.kz/content/14978/15000/39062/39062.htm,http://cdo.keu.kz/content/14978/15000/39063/39063.htm,http://cdo.keu.kz/content/14978/15000/39064/39064.htm,http://cdo.keu.kz/content/14978/15000/39065/39065.htm,,,,,,,,,,,,,,,,,,,,,,,,,,,,,,,,,,,,,,,,,,,,,,,,,,,,,,,,,,,,,,,,,,,,,,,,,,,,,,,,,,,
http://cdo.keu.kz/content/14979/15001/itog.htm,,,,,,,,,,,,,,,,,,,,,,,,,,,,,,,,,,,,,,,,,,,,,,,,,,,,,,,,,,,,,,,,,,,,,,,,,,,,,,,,,,,,,,,,,,,,,,,,,,,,
http://cdo.keu.kz/content/14980/15002/Test.files/colorschememapping.xml,http://cdo.keu.kz/content/14980/15002/Test.files/filelist.xml,http://cdo.keu.kz/content/14980/15002/Test.files/themedata.thmx,http://cdo.keu.kz/content/14980/15002/Test.htm,,,,,,,,,,,,,,,,,,,,,,,,,,,,,,,,,,,,,,,,,,,,,,,,,,,,,,,,,,,,,,,,,,,,,,,,,,,,,,,,,,,,,,,,,,,,,,,,,
http://cdo.keu.kz/content/14981/15003/itogovui.files/colorschememapping.xml,http://cdo.keu.kz/content/14981/15003/itogovui.files/filelist.xml,http://cdo.keu.kz/content/14981/15003/itogovui.files/themedata.thmx,http://cdo.keu.kz/content/14981/15003/itogovui.htm,,,,,,,,,,,,,,,,,,,,,,,,,,,,,,,,,,,,,,,,,,,,,,,,,,,,,,,,,,,,,,,,,,,,,,,,,,,,,,,,,,,,,,,,,,,,,,,,,
http://cdo.keu.kz/content/14982/15004/itogovui.files/colorschememapping.xml,http://cdo.keu.kz/content/14982/15004/itogovui.files/filelist.xml,http://cdo.keu.kz/content/14982/15004/itogovui.files/themedata.thmx,http://cdo.keu.kz/content/14982/15004/itogovui.htm,,,,,,,,,,,,,,,,,,,,,,,,,,,,,,,,,,,,,,,,,,,,,,,,,,,,,,,,,,,,,,,,,,,,,,,,,,,,,,,,,,,,,,,,,,,,,,,,,
http://cdo.keu.kz/content/14983/15005/15005.htm,http://cdo.keu.kz/content/14983/15005/39066/39066.htm,http://cdo.keu.kz/content/14983/15005/39067/39067.htm,http://cdo.keu.kz/content/14983/15005/39068/39068.htm,http://cdo.keu.kz/content/14983/15005/39069/39069.htm,http://cdo.keu.kz/content/14983/15005/39070/39070.htm,http://cdo.keu.kz/content/14983/15005/39071/39071.htm,http://cdo.keu.kz/content/14983/15005/39072/39072.htm,http://cdo.keu.kz/content/14983/15005/39073/39073.htm,http://cdo.keu.kz/content/14983/15005/39074/39074.htm,http://cdo.keu.kz/content/14983/15005/39075/39075.htm,http://cdo.keu.kz/content/14983/15005/39076/39076.htm,http://cdo.keu.kz/content/14983/15005/39077/39077.htm,http://cdo.keu.kz/content/14983/15005/39078/39078.htm,http://cdo.keu.kz/content/14983/15005/39079/39079.htm,http://cdo.keu.kz/content/14983/15005/39080/39080.htm,http://cdo.keu.kz/content/14983/15005/lekcia.files/colorschememapping.xml,http://cdo.keu.kz/content/14983/15005/lekcia.files/filelist.xml,http://cdo.keu.kz/content/14983/15005/lekcia.files/image001.jpg,http://cdo.keu.kz/content/14983/15005/lekcia.files/image002.jpg,http://cdo.keu.kz/content/14983/15005/lekcia.files/image003.jpg,http://cdo.keu.kz/content/14983/15005/lekcia.files/image004.jpg,http://cdo.keu.kz/content/14983/15005/lekcia.files/image005.png,http://cdo.keu.kz/content/14983/15005/lekcia.files/image006.jpg,http://cdo.keu.kz/content/14983/15005/lekcia.files/image007.jpg,http://cdo.keu.kz/content/14983/15005/lekcia.files/image008.jpg,http://cdo.keu.kz/content/14983/15005/lekcia.files/image009.png,http://cdo.keu.kz/content/14983/15005/lekcia.files/image010.jpg,http://cdo.keu.kz/content/14983/15005/lekcia.files/image011.jpg,http://cdo.keu.kz/content/14983/15005/lekcia.files/image012.jpg,http://cdo.keu.kz/content/14983/15005/lekcia.files/image013.jpg,http://cdo.keu.kz/content/14983/15005/lekcia.files/image014.jpg,http://cdo.keu.kz/content/14983/15005/lekcia.files/image015.jpg,http://cdo.keu.kz/content/14983/15005/lekcia.files/image016.jpg,http://cdo.keu.kz/content/14983/15005/lekcia.files/image017.wmz,http://cdo.keu.kz/content/14983/15005/lekcia.files/image018.gif,http://cdo.keu.kz/content/14983/15005/lekcia.files/image019.png,http://cdo.keu.kz/content/14983/15005/lekcia.files/image020.jpg,http://cdo.keu.kz/content/14983/15005/lekcia.files/image021.jpg,http://cdo.keu.kz/content/14983/15005/lekcia.files/image022.jpg,http://cdo.keu.kz/content/14983/15005/lekcia.files/image023.jpg,http://cdo.keu.kz/content/14983/15005/lekcia.files/image024.jpg,http://cdo.keu.kz/content/14983/15005/lekcia.files/image025.jpg,http://cdo.keu.kz/content/14983/15005/lekcia.files/image026.jpg,http://cdo.keu.kz/content/14983/15005/lekcia.files/image027.png,http://cdo.keu.kz/content/14983/15005/lekcia.files/image028.jpg,http://cdo.keu.kz/content/14983/15005/lekcia.files/image029.jpg,http://cdo.keu.kz/content/14983/15005/lekcia.files/image030.jpg,http://cdo.keu.kz/content/14983/15005/lekcia.files/image031.png,http://cdo.keu.kz/content/14983/15005/lekcia.files/image032.jpg,http://cdo.keu.kz/content/14983/15005/lekcia.files/image033.jpg,http://cdo.keu.kz/content/14983/15005/lekcia.files/image034.jpg,http://cdo.keu.kz/content/14983/15005/lekcia.files/image035.jpg,http://cdo.keu.kz/content/14983/15005/lekcia.files/image036.jpg,http://cdo.keu.kz/content/14983/15005/lekcia.files/image037.jpg,http://cdo.keu.kz/content/14983/15005/lekcia.files/image038.jpg,http://cdo.keu.kz/content/14983/15005/lekcia.files/image039.jpg,http://cdo.keu.kz/content/14983/15005/lekcia.files/image040.jpg,http://cdo.keu.kz/content/14983/15005/lekcia.files/image041.jpg,http://cdo.keu.kz/content/14983/15005/lekcia.files/image042.jpg,http://cdo.keu.kz/content/14983/15005/lekcia.files/image043.png,http://cdo.keu.kz/content/14983/15005/lekcia.files/image044.jpg,http://cdo.keu.kz/content/14983/15005/lekcia.files/image045.gif,http://cdo.keu.kz/content/14983/15005/lekcia.files/image046.jpg,http://cdo.keu.kz/content/14983/15005/lekcia.files/image047.jpg,http://cdo.keu.kz/content/14983/15005/lekcia.files/image048.png,http://cdo.keu.kz/content/14983/15005/lekcia.files/image049.jpg,http://cdo.keu.kz/content/14983/15005/lekcia.files/image050.jpg,http://cdo.keu.kz/content/14983/15005/lekcia.files/image051.jpg,http://cdo.keu.kz/content/14983/15005/lekcia.files/image052.png,http://cdo.keu.kz/content/14983/15005/lekcia.files/image053.jpg,http://cdo.keu.kz/content/14983/15005/lekcia.files/image054.jpg,http://cdo.keu.kz/content/14983/15005/lekcia.files/image055.jpg,http://cdo.keu.kz/content/14983/15005/lekcia.files/image056.wmz,http://cdo.keu.kz/content/14983/15005/lekcia.files/image057.gif,http://cdo.keu.kz/content/14983/15005/lekcia.files/image058.jpg,http://cdo.keu.kz/content/14983/15005/lekcia.files/image059.jpg,http://cdo.keu.kz/content/14983/15005/lekcia.files/image060.png,http://cdo.keu.kz/content/14983/15005/lekcia.files/image061.jpg,http://cdo.keu.kz/content/14983/15005/lekcia.files/image062.png,http://cdo.keu.kz/content/14983/15005/lekcia.files/image063.jpg,http://cdo.keu.kz/content/14983/15005/lekcia.files/image064.jpg,http://cdo.keu.kz/content/14983/15005/lekcia.files/image065.jpg,http://cdo.keu.kz/content/14983/15005/lekcia.files/image066.jpg,http://cdo.keu.kz/content/14983/15005/lekcia.files/image067.jpg,http://cdo.keu.kz/content/14983/15005/lekcia.files/image068.jpg,http://cdo.keu.kz/content/14983/15005/lekcia.files/image069.jpg,http://cdo.keu.kz/content/14983/15005/lekcia.files/image070.jpg,http://cdo.keu.kz/content/14983/15005/lekcia.files/image071.jpg,http://cdo.keu.kz/content/14983/15005/lekcia.files/image072.jpg,http://cdo.keu.kz/content/14983/15005/lekcia.files/image073.jpg,http://cdo.keu.kz/content/14983/15005/lekcia.files/image074.png,http://cdo.keu.kz/content/14983/15005/lekcia.files/image075.jpg,http://cdo.keu.kz/content/14983/15005/lekcia.files/image076.png,http://cdo.keu.kz/content/14983/15005/lekcia.files/image077.jpg,http://cdo.keu.kz/content/14983/15005/lekcia.files/image078.png,http://cdo.keu.kz/content/14983/15005/lekcia.files/image079.jpg,http://cdo.keu.kz/content/14983/15005/lekcia.files/image080.png,http://cdo.keu.kz/content/14983/15005/lekcia.files/image081.jpg,http://cdo.keu.kz/content/14983/15005/lekcia.files/oledata.mso,http://cdo.keu.kz/content/14983/15005/lekcia.files/themedata.thmx
http://cdo.keu.kz/content/14984/15006/itog.htm,,,,,,,,,,,,,,,,,,,,,,,,,,,,,,,,,,,,,,,,,,,,,,,,,,,,,,,,,,,,,,,,,,,,,,,,,,,,,,,,,,,,,,,,,,,,,,,,,,,,
http://cdo.keu.kz/content/14985/15007/15007.htm,http://cdo.keu.kz/content/14985/15007/39081/39081.htm,http://cdo.keu.kz/content/14985/15007/39082/39082.htm,http://cdo.keu.kz/content/14985/15007/39083/39083.htm,http://cdo.keu.kz/content/14985/15007/39084/39084.htm,http://cdo.keu.kz/content/14985/15007/39085/39085.htm,http://cdo.keu.kz/content/14985/15007/39086/39086.htm,http://cdo.keu.kz/content/14985/15007/39087/39087.htm,http://cdo.keu.kz/content/14985/15007/39088/39088.htm,http://cdo.keu.kz/content/14985/15007/39089/39089.htm,http://cdo.keu.kz/content/14985/15007/39090/39090.htm,http://cdo.keu.kz/content/14985/15007/39091/39091.htm,http://cdo.keu.kz/content/14985/15007/39092/39092.htm,http://cdo.keu.kz/content/14985/15007/lek.files/image001.jpg,http://cdo.keu.kz/content/14985/15007/lek.files/image002.jpg,,,,,,,,,,,,,,,,,,,,,,,,,,,,,,,,,,,,,,,,,,,,,,,,,,,,,,,,,,,,,,,,,,,,,,,,,,,,,,,,,,,,,,
http://cdo.keu.kz/content/14986/15008/itog.files/colorschememapping.xml,http://cdo.keu.kz/content/14986/15008/itog.files/filelist.xml,http://cdo.keu.kz/content/14986/15008/itog.files/themedata.thmx,http://cdo.keu.kz/content/14986/15008/itog.htm,,,,,,,,,,,,,,,,,,,,,,,,,,,,,,,,,,,,,,,,,,,,,,,,,,,,,,,,,,,,,,,,,,,,,,,,,,,,,,,,,,,,,,,,,,,,,,,,,
http://cdo.keu.kz/content/14987/15009/itog.htm,,,,,,,,,,,,,,,,,,,,,,,,,,,,,,,,,,,,,,,,,,,,,,,,,,,,,,,,,,,,,,,,,,,,,,,,,,,,,,,,,,,,,,,,,,,,,,,,,,,,
http://cdo.keu.kz/content/14988/15010/itogov.files/colorschememapping.xml,http://cdo.keu.kz/content/14988/15010/itogov.files/filelist.xml,http://cdo.keu.kz/content/14988/15010/itogov.files/themedata.thmx,http://cdo.keu.kz/content/14988/15010/itogov.htm,,,,,,,,,,,,,,,,,,,,,,,,,,,,,,,,,,,,,,,,,,,,,,,,,,,,,,,,,,,,,,,,,,,,,,,,,,,,,,,,,,,,,,,,,,,,,,,,,
http://cdo.keu.kz/content/14989/15011/15011.htm,http://cdo.keu.kz/content/14989/15011/39093/39093.htm,http://cdo.keu.kz/content/14989/15011/39094/39094.htm,http://cdo.keu.kz/content/14989/15011/39095/39095.htm,http://cdo.keu.kz/content/14989/15011/39096/39096.htm,http://cdo.keu.kz/content/14989/15011/39097/39097.htm,http://cdo.keu.kz/content/14989/15011/39098/39098.htm,http://cdo.keu.kz/content/14989/15011/39099/39099.htm,http://cdo.keu.kz/content/14989/15011/39100/39100.htm,http://cdo.keu.kz/content/14989/15011/39101/39101.htm,http://cdo.keu.kz/content/14989/15011/39102/39102.htm,http://cdo.keu.kz/content/14989/15011/39103/39103.htm,http://cdo.keu.kz/content/14989/15011/39104/39104.htm,http://cdo.keu.kz/content/14989/15011/39105/39105.htm,http://cdo.keu.kz/content/14989/15011/39106/39106.htm,http://cdo.keu.kz/content/14989/15011/39107/39107.htm,http://cdo.keu.kz/content/14989/15011/lek.files/colorschememapping.xml,http://cdo.keu.kz/content/14989/15011/lek.files/filelist.xml,http://cdo.keu.kz/content/14989/15011/lek.files/themedata.thmx,,,,,,,,,,,,,,,,,,,,,,,,,,,,,,,,,,,,,,,,,,,,,,,,,,,,,,,,,,,,,,,,,,,,,,,,,,,,,,,,,,
http://cdo.keu.kz/content/14990/15012/15012.htm,http://cdo.keu.kz/content/14990/15012/39108/39108.htm,http://cdo.keu.kz/content/14990/15012/39109/39109.htm,http://cdo.keu.kz/content/14990/15012/39110/39110.htm,http://cdo.keu.kz/content/14990/15012/39111/39111.htm,http://cdo.keu.kz/content/14990/15012/39112/39112.htm,http://cdo.keu.kz/content/14990/15012/39113/39113.htm,http://cdo.keu.kz/content/14990/15012/39114/39114.htm,http://cdo.keu.kz/content/14990/15012/39115/39115.htm,http://cdo.keu.kz/content/14990/15012/39116/39116.htm,http://cdo.keu.kz/content/14990/15012/39117/39117.htm,http://cdo.keu.kz/content/14990/15012/39118/39118.htm,,,,,,,,,,,,,,,,,,,,,,,,,,,,,,,,,,,,,,,,,,,,,,,,,,,,,,,,,,,,,,,,,,,,,,,,,,,,,,,,,,,,,,,,,
http://cdo.keu.kz/content/14991/15013/15013.htm,http://cdo.keu.kz/content/14991/15013/39119/39119.htm,http://cdo.keu.kz/content/14991/15013/39120/39120.htm,http://cdo.keu.kz/content/14991/15013/39121/39121.htm,http://cdo.keu.kz/content/14991/15013/39122/39122.htm,http://cdo.keu.kz/content/14991/15013/39123/39123.htm,http://cdo.keu.kz/content/14991/15013/39124/39124.htm,http://cdo.keu.kz/content/14991/15013/39125/39125.htm,http://cdo.keu.kz/content/14991/15013/39126/39126.htm,http://cdo.keu.kz/content/14991/15013/39127/39127.htm,http://cdo.keu.kz/content/14991/15013/39128/39128.htm,http://cdo.keu.kz/content/14991/15013/39129/39129.htm,http://cdo.keu.kz/content/14991/15013/39130/39130.htm,http://cdo.keu.kz/content/14991/15013/39131/39131.htm,http://cdo.keu.kz/content/14991/15013/39132/39132.htm,http://cdo.keu.kz/content/14991/15013/39133/39133.htm,http://cdo.keu.kz/content/14991/15013/lek.files/colorschememapping.xml,http://cdo.keu.kz/content/14991/15013/lek.files/filelist.xml,http://cdo.keu.kz/content/14991/15013/lek.files/header.htm,http://cdo.keu.kz/content/14991/15013/lek.files/themedata.thmx,,,,,,,,,,,,,,,,,,,,,,,,,,,,,,,,,,,,,,,,,,,,,,,,,,,,,,,,,,,,,,,,,,,,,,,,,,,,,,,,,
http://cdo.keu.kz/content/14992/15014/itog.files/colorschememapping.xml,http://cdo.keu.kz/content/14992/15014/itog.files/filelist.xml,http://cdo.keu.kz/content/14992/15014/itog.files/themedata.thmx,http://cdo.keu.kz/content/14992/15014/itog.htm,,,,,,,,,,,,,,,,,,,,,,,,,,,,,,,,,,,,,,,,,,,,,,,,,,,,,,,,,,,,,,,,,,,,,,,,,,,,,,,,,,,,,,,,,,,,,,,,,
http://cdo.keu.kz/content/14993/15015/itog.htm,,,,,,,,,,,,,,,,,,,,,,,,,,,,,,,,,,,,,,,,,,,,,,,,,,,,,,,,,,,,,,,,,,,,,,,,,,,,,,,,,,,,,,,,,,,,,,,,,,,,
http://cdo.keu.kz/content/14994/15016/itog.files/colorschememapping.xml,http://cdo.keu.kz/content/14994/15016/itog.files/filelist.xml,http://cdo.keu.kz/content/14994/15016/itog.files/themedata.thmx,http://cdo.keu.kz/content/14994/15016/itog.htm,,,,,,,,,,,,,,,,,,,,,,,,,,,,,,,,,,,,,,,,,,,,,,,,,,,,,,,,,,,,,,,,,,,,,,,,,,,,,,,,,,,,,,,,,,,,,,,,,
http://cdo.keu.kz/content/14995/15017/15017.htm,http://cdo.keu.kz/content/14995/15017/39134/39134.htm,http://cdo.keu.kz/content/14995/15017/39135/39135.htm,,,,,,,,,,,,,,,,,,,,,,,,,,,,,,,,,,,,,,,,,,,,,,,,,,,,,,,,,,,,,,,,,,,,,,,,,,,,,,,,,,,,,,,,,,,,,,,,,,
http://cdo.keu.kz/content/14996/15018/itog.files/colorschememapping.xml,http://cdo.keu.kz/content/14996/15018/itog.files/filelist.xml,http://cdo.keu.kz/content/14996/15018/itog.files/themedata.thmx,http://cdo.keu.kz/content/14996/15018/itog.htm,,,,,,,,,,,,,,,,,,,,,,,,,,,,,,,,,,,,,,,,,,,,,,,,,,,,,,,,,,,,,,,,,,,,,,,,,,,,,,,,,,,,,,,,,,,,,,,,,
http://cdo.keu.kz/content/14997/15019/itogovui.doc.files/filelist.xml,http://cdo.keu.kz/content/14997/15019/itogovui.doc.files/image001.wmz,http://cdo.keu.kz/content/14997/15019/itogovui.doc.files/image002.gif,http://cdo.keu.kz/content/14997/15019/itogovui.doc.files/image003.wmz,http://cdo.keu.kz/content/14997/15019/itogovui.doc.files/image004.gif,http://cdo.keu.kz/content/14997/15019/itogovui.doc.files/image005.wmz,http://cdo.keu.kz/content/14997/15019/itogovui.doc.files/image006.gif,http://cdo.keu.kz/content/14997/15019/itogovui.doc.files/image007.wmz,http://cdo.keu.kz/content/14997/15019/itogovui.doc.files/image008.gif,http://cdo.keu.kz/content/14997/15019/itogovui.doc.files/image009.wmz,http://cdo.keu.kz/content/14997/15019/itogovui.doc.files/image010.gif,http://cdo.keu.kz/content/14997/15019/itogovui.doc.files/image011.wmz,http://cdo.keu.kz/content/14997/15019/itogovui.doc.files/image012.gif,http://cdo.keu.kz/content/14997/15019/itogovui.doc.files/image013.wmz,http://cdo.keu.kz/content/14997/15019/itogovui.doc.files/image014.gif,http://cdo.keu.kz/content/14997/15019/itogovui.doc.files/image015.wmz,http://cdo.keu.kz/content/14997/15019/itogovui.doc.files/image016.gif,http://cdo.keu.kz/content/14997/15019/itogovui.doc.files/oledata.mso,http://cdo.keu.kz/content/14997/15019/itogovui.doc.htm,,,,,,,,,,,,,,,,,,,,,,,,,,,,,,,,,,,,,,,,,,,,,,,,,,,,,,,,,,,,,,,,,,,,,,,,,,,,,,,,,,
http://cdo.keu.kz/content/14998/15020/itog.files/colorschememapping.xml,http://cdo.keu.kz/content/14998/15020/itog.files/filelist.xml,http://cdo.keu.kz/content/14998/15020/itog.files/themedata.thmx,http://cdo.keu.kz/content/14998/15020/itog.htm,,,,,,,,,,,,,,,,,,,,,,,,,,,,,,,,,,,,,,,,,,,,,,,,,,,,,,,,,,,,,,,,,,,,,,,,,,,,,,,,,,,,,,,,,,,,,,,,,
http://cdo.keu.kz/content/14999/15021/q.files/colorschememapping.xml,http://cdo.keu.kz/content/14999/15021/q.files/filelist.xml,http://cdo.keu.kz/content/14999/15021/q.files/themedata.thmx,http://cdo.keu.kz/content/14999/15021/q.htm,,,,,,,,,,,,,,,,,,,,,,,,,,,,,,,,,,,,,,,,,,,,,,,,,,,,,,,,,,,,,,,,,,,,,,,,,,,,,,,,,,,,,,,,,,,,,,,,,
http://cdo.keu.kz/content/15000/15022/itog%20(ang).files/colorschememapping.xml,http://cdo.keu.kz/content/15000/15022/itog%20(ang).files/filelist.xml,http://cdo.keu.kz/content/15000/15022/itog%20(ang).files/themedata.thmx,http://cdo.keu.kz/content/15000/15022/itog%20(ang).htm,,,,,,,,,,,,,,,,,,,,,,,,,,,,,,,,,,,,,,,,,,,,,,,,,,,,,,,,,,,,,,,,,,,,,,,,,,,,,,,,,,,,,,,,,,,,,,,,,
