0,1,2,3,4,5,6,7,8,9,10,11,12,13,14,15,16,17,18,19,20,21,22,23,24,25,26,27,28,29,30,31,32,33,34,35,36,37,38,39,40,41,42,43,44,45,46,47,48,49,50,51,52,53,54,55,56,57,58,59,60,61,62,63,64,65,66,67,68,69,70,71,72,73,74,75,76,77,78,79,80,81,82,83,84
http://cdo.keu.kz/content/12201/12259/itog.files/colorschememapping.xml,http://cdo.keu.kz/content/12201/12259/itog.files/filelist.xml,http://cdo.keu.kz/content/12201/12259/itog.files/themedata.thmx,http://cdo.keu.kz/content/12201/12259/itog.htm,,,,,,,,,,,,,,,,,,,,,,,,,,,,,,,,,,,,,,,,,,,,,,,,,,,,,,,,,,,,,,,,,,,,,,,,,,,,,,,,,
http://cdo.keu.kz/content/12202/12260/1rub.files/colorschememapping.xml,http://cdo.keu.kz/content/12202/12260/1rub.files/filelist.xml,http://cdo.keu.kz/content/12202/12260/1rub.files/themedata.thmx,http://cdo.keu.kz/content/12202/12260/1rub.htm,,,,,,,,,,,,,,,,,,,,,,,,,,,,,,,,,,,,,,,,,,,,,,,,,,,,,,,,,,,,,,,,,,,,,,,,,,,,,,,,,
http://cdo.keu.kz/content/12203/12261/2rub.files/colorschememapping.xml,http://cdo.keu.kz/content/12203/12261/2rub.files/filelist.xml,http://cdo.keu.kz/content/12203/12261/2rub.files/themedata.thmx,http://cdo.keu.kz/content/12203/12261/2rub.htm,,,,,,,,,,,,,,,,,,,,,,,,,,,,,,,,,,,,,,,,,,,,,,,,,,,,,,,,,,,,,,,,,,,,,,,,,,,,,,,,,
http://cdo.keu.kz/content/12204/12262/itog.files/colorschememapping.xml,http://cdo.keu.kz/content/12204/12262/itog.files/filelist.xml,http://cdo.keu.kz/content/12204/12262/itog.files/themedata.thmx,http://cdo.keu.kz/content/12204/12262/itog.htm,,,,,,,,,,,,,,,,,,,,,,,,,,,,,,,,,,,,,,,,,,,,,,,,,,,,,,,,,,,,,,,,,,,,,,,,,,,,,,,,,
http://cdo.keu.kz/content/12205/12263/q1.files/colorschememapping.xml,http://cdo.keu.kz/content/12205/12263/q1.files/filelist.xml,http://cdo.keu.kz/content/12205/12263/q1.files/themedata.thmx,http://cdo.keu.kz/content/12205/12263/q1.htm,,,,,,,,,,,,,,,,,,,,,,,,,,,,,,,,,,,,,,,,,,,,,,,,,,,,,,,,,,,,,,,,,,,,,,,,,,,,,,,,,
http://cdo.keu.kz/content/12206/12264/q1.files/colorschememapping.xml,http://cdo.keu.kz/content/12206/12264/q1.files/filelist.xml,http://cdo.keu.kz/content/12206/12264/q1.files/themedata.thmx,http://cdo.keu.kz/content/12206/12264/q1.htm,,,,,,,,,,,,,,,,,,,,,,,,,,,,,,,,,,,,,,,,,,,,,,,,,,,,,,,,,,,,,,,,,,,,,,,,,,,,,,,,,
http://cdo.keu.kz/content/12207/12265/q1.files/colorschememapping.xml,http://cdo.keu.kz/content/12207/12265/q1.files/filelist.xml,http://cdo.keu.kz/content/12207/12265/q1.files/themedata.thmx,http://cdo.keu.kz/content/12207/12265/q1.htm,,,,,,,,,,,,,,,,,,,,,,,,,,,,,,,,,,,,,,,,,,,,,,,,,,,,,,,,,,,,,,,,,,,,,,,,,,,,,,,,,
http://cdo.keu.kz/content/12208/12266/q1.files/colorschememapping.xml,http://cdo.keu.kz/content/12208/12266/q1.files/filelist.xml,http://cdo.keu.kz/content/12208/12266/q1.files/themedata.thmx,http://cdo.keu.kz/content/12208/12266/q1.htm,,,,,,,,,,,,,,,,,,,,,,,,,,,,,,,,,,,,,,,,,,,,,,,,,,,,,,,,,,,,,,,,,,,,,,,,,,,,,,,,,
http://cdo.keu.kz/content/12209/12267/1Rub.htm,,,,,,,,,,,,,,,,,,,,,,,,,,,,,,,,,,,,,,,,,,,,,,,,,,,,,,,,,,,,,,,,,,,,,,,,,,,,,,,,,,,,
http://cdo.keu.kz/content/12210/12268/1Rub.htm,,,,,,,,,,,,,,,,,,,,,,,,,,,,,,,,,,,,,,,,,,,,,,,,,,,,,,,,,,,,,,,,,,,,,,,,,,,,,,,,,,,,
http://cdo.keu.kz/content/12211/12269/2Rub.htm,,,,,,,,,,,,,,,,,,,,,,,,,,,,,,,,,,,,,,,,,,,,,,,,,,,,,,,,,,,,,,,,,,,,,,,,,,,,,,,,,,,,
http://cdo.keu.kz/content/12212/12270/1r.htm,,,,,,,,,,,,,,,,,,,,,,,,,,,,,,,,,,,,,,,,,,,,,,,,,,,,,,,,,,,,,,,,,,,,,,,,,,,,,,,,,,,,
http://cdo.keu.kz/content/12213/12271/2r.htm,,,,,,,,,,,,,,,,,,,,,,,,,,,,,,,,,,,,,,,,,,,,,,,,,,,,,,,,,,,,,,,,,,,,,,,,,,,,,,,,,,,,
http://cdo.keu.kz/content/12214/12272/2%d0%b0.htm,,,,,,,,,,,,,,,,,,,,,,,,,,,,,,,,,,,,,,,,,,,,,,,,,,,,,,,,,,,,,,,,,,,,,,,,,,,,,,,,,,,,
http://cdo.keu.kz/content/12215/12273/Itogov.htm,,,,,,,,,,,,,,,,,,,,,,,,,,,,,,,,,,,,,,,,,,,,,,,,,,,,,,,,,,,,,,,,,,,,,,,,,,,,,,,,,,,,
http://cdo.keu.kz/content/12216/12274/2r.htm,,,,,,,,,,,,,,,,,,,,,,,,,,,,,,,,,,,,,,,,,,,,,,,,,,,,,,,,,,,,,,,,,,,,,,,,,,,,,,,,,,,,
http://cdo.keu.kz/content/12217/12275/itog.htm,,,,,,,,,,,,,,,,,,,,,,,,,,,,,,,,,,,,,,,,,,,,,,,,,,,,,,,,,,,,,,,,,,,,,,,,,,,,,,,,,,,,
http://cdo.keu.kz/content/12218/12276/itog.htm,,,,,,,,,,,,,,,,,,,,,,,,,,,,,,,,,,,,,,,,,,,,,,,,,,,,,,,,,,,,,,,,,,,,,,,,,,,,,,,,,,,,
http://cdo.keu.kz/content/12219/12277/1Rub.htm,,,,,,,,,,,,,,,,,,,,,,,,,,,,,,,,,,,,,,,,,,,,,,,,,,,,,,,,,,,,,,,,,,,,,,,,,,,,,,,,,,,,
http://cdo.keu.kz/content/12220/12278/2rub.htm,,,,,,,,,,,,,,,,,,,,,,,,,,,,,,,,,,,,,,,,,,,,,,,,,,,,,,,,,,,,,,,,,,,,,,,,,,,,,,,,,,,,
http://cdo.keu.kz/content/12221/12279/12279.htm,http://cdo.keu.kz/content/12221/12279/31753/31753.htm,http://cdo.keu.kz/content/12221/12279/31754/31754.htm,http://cdo.keu.kz/content/12221/12279/31755/31755.htm,http://cdo.keu.kz/content/12221/12279/31756/31756.htm,http://cdo.keu.kz/content/12221/12279/31757/31757.htm,http://cdo.keu.kz/content/12221/12279/31758/31758.htm,http://cdo.keu.kz/content/12221/12279/31759/31759.htm,http://cdo.keu.kz/content/12221/12279/31760/31760.htm,http://cdo.keu.kz/content/12221/12279/31761/31761.htm,http://cdo.keu.kz/content/12221/12279/31762/31762.htm,http://cdo.keu.kz/content/12221/12279/31763/31763.htm,http://cdo.keu.kz/content/12221/12279/31764/31764.htm,http://cdo.keu.kz/content/12221/12279/31765/31765.htm,http://cdo.keu.kz/content/12221/12279/31766/31766.htm,http://cdo.keu.kz/content/12221/12279/31767/31767.htm,http://cdo.keu.kz/content/12221/12279/lek.files/filelist.xml,http://cdo.keu.kz/content/12221/12279/lek.files/header.htm,,,,,,,,,,,,,,,,,,,,,,,,,,,,,,,,,,,,,,,,,,,,,,,,,,,,,,,,,,,,,,,,,,,
http://cdo.keu.kz/content/12222/12280/Itogov.htm,,,,,,,,,,,,,,,,,,,,,,,,,,,,,,,,,,,,,,,,,,,,,,,,,,,,,,,,,,,,,,,,,,,,,,,,,,,,,,,,,,,,
http://cdo.keu.kz/content/12223/12281/12281.htm,http://cdo.keu.kz/content/12223/12281/31768/31768.htm,http://cdo.keu.kz/content/12223/12281/31769/31769.htm,http://cdo.keu.kz/content/12223/12281/31770/31770.htm,http://cdo.keu.kz/content/12223/12281/31771/31771.htm,http://cdo.keu.kz/content/12223/12281/31772/31772.htm,http://cdo.keu.kz/content/12223/12281/31773/31773.htm,http://cdo.keu.kz/content/12223/12281/31774/31774.htm,http://cdo.keu.kz/content/12223/12281/31775/31775.htm,http://cdo.keu.kz/content/12223/12281/31776/31776.htm,http://cdo.keu.kz/content/12223/12281/31777/31777.htm,http://cdo.keu.kz/content/12223/12281/31778/31778.htm,http://cdo.keu.kz/content/12223/12281/31779/31779.htm,http://cdo.keu.kz/content/12223/12281/31780/31780.htm,http://cdo.keu.kz/content/12223/12281/31781/31781.htm,http://cdo.keu.kz/content/12223/12281/31782/31782.htm,http://cdo.keu.kz/content/12223/12281/31783/31783.htm,http://cdo.keu.kz/content/12223/12281/31784/31784.htm,http://cdo.keu.kz/content/12223/12281/31785/31785.htm,http://cdo.keu.kz/content/12223/12281/31786/31786.htm,http://cdo.keu.kz/content/12223/12281/31787/31787.htm,http://cdo.keu.kz/content/12223/12281/31788/31788.htm,http://cdo.keu.kz/content/12223/12281/Lekcia.files/filelist.xml,http://cdo.keu.kz/content/12223/12281/Lekcia.files/header.htm,http://cdo.keu.kz/content/12223/12281/Lekcia.files/image001.gif,http://cdo.keu.kz/content/12223/12281/Lekcia.files/image002.jpg,http://cdo.keu.kz/content/12223/12281/Lekcia.files/image003.jpg,http://cdo.keu.kz/content/12223/12281/Lekcia.files/image004.jpg,http://cdo.keu.kz/content/12223/12281/Lekcia.files/image005.jpg,http://cdo.keu.kz/content/12223/12281/Lekcia.files/image006.jpg,http://cdo.keu.kz/content/12223/12281/Lekcia.files/image007.jpg,http://cdo.keu.kz/content/12223/12281/Lekcia.files/image008.jpg,http://cdo.keu.kz/content/12223/12281/Lekcia.files/image009.jpg,http://cdo.keu.kz/content/12223/12281/Lekcia.files/image010.png,http://cdo.keu.kz/content/12223/12281/Lekcia.files/image011.jpg,http://cdo.keu.kz/content/12223/12281/Lekcia.files/image012.gif,http://cdo.keu.kz/content/12223/12281/Lekcia.files/image013.jpg,http://cdo.keu.kz/content/12223/12281/Lekcia.files/image014.jpg,http://cdo.keu.kz/content/12223/12281/Lekcia.files/image015.jpg,http://cdo.keu.kz/content/12223/12281/Lekcia.files/image016.jpg,http://cdo.keu.kz/content/12223/12281/Lekcia.files/image017.gif,http://cdo.keu.kz/content/12223/12281/Lekcia.files/image018.gif,http://cdo.keu.kz/content/12223/12281/Lekcia.files/image019.gif,http://cdo.keu.kz/content/12223/12281/Lekcia.files/image020.gif,http://cdo.keu.kz/content/12223/12281/Lekcia.files/image021.gif,http://cdo.keu.kz/content/12223/12281/Lekcia.files/image022.gif,http://cdo.keu.kz/content/12223/12281/Lekcia.files/image023.gif,http://cdo.keu.kz/content/12223/12281/Lekcia.files/image024.gif,http://cdo.keu.kz/content/12223/12281/Lekcia.files/image025.gif,http://cdo.keu.kz/content/12223/12281/Lekcia.files/image026.gif,http://cdo.keu.kz/content/12223/12281/Lekcia.files/image027.gif,http://cdo.keu.kz/content/12223/12281/Lekcia.files/image028.gif,http://cdo.keu.kz/content/12223/12281/Lekcia.files/image029.gif,http://cdo.keu.kz/content/12223/12281/Lekcia.files/image030.gif,http://cdo.keu.kz/content/12223/12281/Lekcia.files/image031.gif,http://cdo.keu.kz/content/12223/12281/Lekcia.files/image032.gif,http://cdo.keu.kz/content/12223/12281/Lekcia.files/image033.gif,http://cdo.keu.kz/content/12223/12281/Lekcia.files/image034.gif,http://cdo.keu.kz/content/12223/12281/Lekcia.files/image035.gif,http://cdo.keu.kz/content/12223/12281/Lekcia.files/image036.jpg,http://cdo.keu.kz/content/12223/12281/Lekcia.files/image037.jpg,http://cdo.keu.kz/content/12223/12281/Lekcia.files/image038.jpg,http://cdo.keu.kz/content/12223/12281/Lekcia.files/image039.jpg,http://cdo.keu.kz/content/12223/12281/Lekcia.files/image040.jpg,http://cdo.keu.kz/content/12223/12281/Lekcia.files/image041.jpg,http://cdo.keu.kz/content/12223/12281/Lekcia.files/image042.png,http://cdo.keu.kz/content/12223/12281/Lekcia.files/image043.jpg,http://cdo.keu.kz/content/12223/12281/Lekcia.files/image044.gif,http://cdo.keu.kz/content/12223/12281/Lekcia.files/image045.gif,http://cdo.keu.kz/content/12223/12281/Lekcia.files/image046.gif,http://cdo.keu.kz/content/12223/12281/Lekcia.files/image047.png,http://cdo.keu.kz/content/12223/12281/Lekcia.files/image048.jpg,http://cdo.keu.kz/content/12223/12281/Lekcia.files/image049.png,http://cdo.keu.kz/content/12223/12281/Lekcia.files/image050.jpg,http://cdo.keu.kz/content/12223/12281/Lekcia.files/image051.png,http://cdo.keu.kz/content/12223/12281/Lekcia.files/image052.jpg,http://cdo.keu.kz/content/12223/12281/Lekcia.files/image053.png,http://cdo.keu.kz/content/12223/12281/Lekcia.files/image054.jpg,http://cdo.keu.kz/content/12223/12281/Lekcia.files/image055.png,http://cdo.keu.kz/content/12223/12281/Lekcia.files/image056.jpg,http://cdo.keu.kz/content/12223/12281/Lekcia.files/image057.png,http://cdo.keu.kz/content/12223/12281/Lekcia.files/image058.jpg,http://cdo.keu.kz/content/12223/12281/Lekcia.files/image059.gif,http://cdo.keu.kz/content/12223/12281/Lekcia.files/image060.jpg,http://cdo.keu.kz/content/12223/12281/Lekcia.files/image061.jpg
http://cdo.keu.kz/content/12224/12282/q1.files/colorschememapping.xml,http://cdo.keu.kz/content/12224/12282/q1.files/filelist.xml,http://cdo.keu.kz/content/12224/12282/q1.files/themedata.thmx,http://cdo.keu.kz/content/12224/12282/q1.htm,,,,,,,,,,,,,,,,,,,,,,,,,,,,,,,,,,,,,,,,,,,,,,,,,,,,,,,,,,,,,,,,,,,,,,,,,,,,,,,,,
http://cdo.keu.kz/content/12225/12283/q2.files/colorschememapping.xml,http://cdo.keu.kz/content/12225/12283/q2.files/filelist.xml,http://cdo.keu.kz/content/12225/12283/q2.files/themedata.thmx,http://cdo.keu.kz/content/12225/12283/q2.htm,,,,,,,,,,,,,,,,,,,,,,,,,,,,,,,,,,,,,,,,,,,,,,,,,,,,,,,,,,,,,,,,,,,,,,,,,,,,,,,,,
http://cdo.keu.kz/content/12226/12284/1r.files/filelist.xml,http://cdo.keu.kz/content/12226/12284/1r.files/header.htm,http://cdo.keu.kz/content/12226/12284/1r.htm,,,,,,,,,,,,,,,,,,,,,,,,,,,,,,,,,,,,,,,,,,,,,,,,,,,,,,,,,,,,,,,,,,,,,,,,,,,,,,,,,,
http://cdo.keu.kz/content/12227/12285/2r.files/filelist.xml,http://cdo.keu.kz/content/12227/12285/2r.files/header.htm,http://cdo.keu.kz/content/12227/12285/2r.htm,,,,,,,,,,,,,,,,,,,,,,,,,,,,,,,,,,,,,,,,,,,,,,,,,,,,,,,,,,,,,,,,,,,,,,,,,,,,,,,,,,
http://cdo.keu.kz/content/12228/12286/itog.files/colorschememapping.xml,http://cdo.keu.kz/content/12228/12286/itog.files/filelist.xml,http://cdo.keu.kz/content/12228/12286/itog.files/themedata.thmx,http://cdo.keu.kz/content/12228/12286/itog.htm,,,,,,,,,,,,,,,,,,,,,,,,,,,,,,,,,,,,,,,,,,,,,,,,,,,,,,,,,,,,,,,,,,,,,,,,,,,,,,,,,
http://cdo.keu.kz/content/12229/12287/itog.htm,,,,,,,,,,,,,,,,,,,,,,,,,,,,,,,,,,,,,,,,,,,,,,,,,,,,,,,,,,,,,,,,,,,,,,,,,,,,,,,,,,,,
http://cdo.keu.kz/content/12230/12288/12288.htm,http://cdo.keu.kz/content/12230/12288/lek.files/colorschememapping.xml,http://cdo.keu.kz/content/12230/12288/lek.files/filelist.xml,http://cdo.keu.kz/content/12230/12288/lek.files/header.htm,http://cdo.keu.kz/content/12230/12288/lek.files/themedata.thmx,,,,,,,,,,,,,,,,,,,,,,,,,,,,,,,,,,,,,,,,,,,,,,,,,,,,,,,,,,,,,,,,,,,,,,,,,,,,,,,,
http://cdo.keu.kz/content/12231/12289/12289.htm,http://cdo.keu.kz/content/12231/12289/lek.files/colorschememapping.xml,http://cdo.keu.kz/content/12231/12289/lek.files/filelist.xml,http://cdo.keu.kz/content/12231/12289/lek.files/header.htm,http://cdo.keu.kz/content/12231/12289/lek.files/themedata.thmx,,,,,,,,,,,,,,,,,,,,,,,,,,,,,,,,,,,,,,,,,,,,,,,,,,,,,,,,,,,,,,,,,,,,,,,,,,,,,,,,
http://cdo.keu.kz/content/12232/12290/12290.htm,http://cdo.keu.kz/content/12232/12290/31789/31789.htm,http://cdo.keu.kz/content/12232/12290/31790/31790.htm,http://cdo.keu.kz/content/12232/12290/31791/31791.htm,http://cdo.keu.kz/content/12232/12290/31792/31792.htm,http://cdo.keu.kz/content/12232/12290/31793/31793.htm,http://cdo.keu.kz/content/12232/12290/31794/31794.htm,http://cdo.keu.kz/content/12232/12290/31795/31795.htm,http://cdo.keu.kz/content/12232/12290/31796/31796.htm,http://cdo.keu.kz/content/12232/12290/31797/31797.htm,http://cdo.keu.kz/content/12232/12290/31798/31798.htm,http://cdo.keu.kz/content/12232/12290/31799/31799.htm,http://cdo.keu.kz/content/12232/12290/lek.files/colorschememapping.xml,http://cdo.keu.kz/content/12232/12290/lek.files/filelist.xml,http://cdo.keu.kz/content/12232/12290/lek.files/image001.gif,http://cdo.keu.kz/content/12232/12290/lek.files/image002.gif,http://cdo.keu.kz/content/12232/12290/lek.files/image003.gif,http://cdo.keu.kz/content/12232/12290/lek.files/image004.wmz,http://cdo.keu.kz/content/12232/12290/lek.files/image005.gif,http://cdo.keu.kz/content/12232/12290/lek.files/image006.png,http://cdo.keu.kz/content/12232/12290/lek.files/image007.jpg,http://cdo.keu.kz/content/12232/12290/lek.files/image008.png,http://cdo.keu.kz/content/12232/12290/lek.files/image009.jpg,http://cdo.keu.kz/content/12232/12290/lek.files/image010.gif,http://cdo.keu.kz/content/12232/12290/lek.files/image011.gif,http://cdo.keu.kz/content/12232/12290/lek.files/image012.gif,http://cdo.keu.kz/content/12232/12290/lek.files/image013.gif,http://cdo.keu.kz/content/12232/12290/lek.files/oledata.mso,http://cdo.keu.kz/content/12232/12290/lek.files/themedata.thmx,,,,,,,,,,,,,,,,,,,,,,,,,,,,,,,,,,,,,,,,,,,,,,,,,,,,,,,,
http://cdo.keu.kz/content/12233/12291/1r.files/colorschememapping.xml,http://cdo.keu.kz/content/12233/12291/1r.files/filelist.xml,http://cdo.keu.kz/content/12233/12291/1r.files/themedata.thmx,http://cdo.keu.kz/content/12233/12291/1r.htm,,,,,,,,,,,,,,,,,,,,,,,,,,,,,,,,,,,,,,,,,,,,,,,,,,,,,,,,,,,,,,,,,,,,,,,,,,,,,,,,,
http://cdo.keu.kz/content/12234/12292/2r.files/colorschememapping.xml,http://cdo.keu.kz/content/12234/12292/2r.files/filelist.xml,http://cdo.keu.kz/content/12234/12292/2r.files/themedata.thmx,http://cdo.keu.kz/content/12234/12292/2r.htm,,,,,,,,,,,,,,,,,,,,,,,,,,,,,,,,,,,,,,,,,,,,,,,,,,,,,,,,,,,,,,,,,,,,,,,,,,,,,,,,,
http://cdo.keu.kz/content/12235/12293/itog.files/colorschememapping.xml,http://cdo.keu.kz/content/12235/12293/itog.files/filelist.xml,http://cdo.keu.kz/content/12235/12293/itog.files/themedata.thmx,http://cdo.keu.kz/content/12235/12293/itog.htm,,,,,,,,,,,,,,,,,,,,,,,,,,,,,,,,,,,,,,,,,,,,,,,,,,,,,,,,,,,,,,,,,,,,,,,,,,,,,,,,,
http://cdo.keu.kz/content/12236/12294/1r.files/colorschememapping.xml,http://cdo.keu.kz/content/12236/12294/1r.files/filelist.xml,http://cdo.keu.kz/content/12236/12294/1r.files/themedata.thmx,http://cdo.keu.kz/content/12236/12294/1r.htm,,,,,,,,,,,,,,,,,,,,,,,,,,,,,,,,,,,,,,,,,,,,,,,,,,,,,,,,,,,,,,,,,,,,,,,,,,,,,,,,,
http://cdo.keu.kz/content/12237/12295/2r.files/colorschememapping.xml,http://cdo.keu.kz/content/12237/12295/2r.files/filelist.xml,http://cdo.keu.kz/content/12237/12295/2r.files/themedata.thmx,http://cdo.keu.kz/content/12237/12295/2r.htm,,,,,,,,,,,,,,,,,,,,,,,,,,,,,,,,,,,,,,,,,,,,,,,,,,,,,,,,,,,,,,,,,,,,,,,,,,,,,,,,,
http://cdo.keu.kz/content/12238/12296/itog.files/colorschememapping.xml,http://cdo.keu.kz/content/12238/12296/itog.files/filelist.xml,http://cdo.keu.kz/content/12238/12296/itog.files/themedata.thmx,http://cdo.keu.kz/content/12238/12296/itog.htm,,,,,,,,,,,,,,,,,,,,,,,,,,,,,,,,,,,,,,,,,,,,,,,,,,,,,,,,,,,,,,,,,,,,,,,,,,,,,,,,,
http://cdo.keu.kz/content/12239/12297/1Rub.htm,,,,,,,,,,,,,,,,,,,,,,,,,,,,,,,,,,,,,,,,,,,,,,,,,,,,,,,,,,,,,,,,,,,,,,,,,,,,,,,,,,,,
http://cdo.keu.kz/content/12240/12298/2rub.htm,,,,,,,,,,,,,,,,,,,,,,,,,,,,,,,,,,,,,,,,,,,,,,,,,,,,,,,,,,,,,,,,,,,,,,,,,,,,,,,,,,,,
http://cdo.keu.kz/content/12241/12299/1Rub.htm,,,,,,,,,,,,,,,,,,,,,,,,,,,,,,,,,,,,,,,,,,,,,,,,,,,,,,,,,,,,,,,,,,,,,,,,,,,,,,,,,,,,
http://cdo.keu.kz/content/12242/12300/Itogov.files/filelist.xml,http://cdo.keu.kz/content/12242/12300/Itogov.files/header.htm,http://cdo.keu.kz/content/12242/12300/Itogov.htm,,,,,,,,,,,,,,,,,,,,,,,,,,,,,,,,,,,,,,,,,,,,,,,,,,,,,,,,,,,,,,,,,,,,,,,,,,,,,,,,,,
http://cdo.keu.kz/content/12243/12301/12301.htm,http://cdo.keu.kz/content/12243/12301/31800/31800.htm,http://cdo.keu.kz/content/12243/12301/31801/31801.htm,http://cdo.keu.kz/content/12243/12301/31802/31802.htm,http://cdo.keu.kz/content/12243/12301/31803/31803.htm,http://cdo.keu.kz/content/12243/12301/31804/31804.htm,http://cdo.keu.kz/content/12243/12301/31805/31805.htm,http://cdo.keu.kz/content/12243/12301/31806/31806.htm,http://cdo.keu.kz/content/12243/12301/31807/31807.htm,http://cdo.keu.kz/content/12243/12301/lek.files/filelist.xml,http://cdo.keu.kz/content/12243/12301/lek.files/header.htm,http://cdo.keu.kz/content/12243/12301/lek.files/image001.gif,http://cdo.keu.kz/content/12243/12301/lek.files/image002.gif,http://cdo.keu.kz/content/12243/12301/lek.files/image003.gif,http://cdo.keu.kz/content/12243/12301/lek.files/image004.gif,http://cdo.keu.kz/content/12243/12301/lek.files/image005.gif,http://cdo.keu.kz/content/12243/12301/lek.files/image006.gif,http://cdo.keu.kz/content/12243/12301/lek.files/image007.gif,http://cdo.keu.kz/content/12243/12301/lek.files/image008.gif,http://cdo.keu.kz/content/12243/12301/lek.files/image009.gif,http://cdo.keu.kz/content/12243/12301/lek.files/image010.gif,,,,,,,,,,,,,,,,,,,,,,,,,,,,,,,,,,,,,,,,,,,,,,,,,,,,,,,,,,,,,,,,
http://cdo.keu.kz/content/12244/12302/1Rub.htm,,,,,,,,,,,,,,,,,,,,,,,,,,,,,,,,,,,,,,,,,,,,,,,,,,,,,,,,,,,,,,,,,,,,,,,,,,,,,,,,,,,,
http://cdo.keu.kz/content/12245/12303/2rub.htm,,,,,,,,,,,,,,,,,,,,,,,,,,,,,,,,,,,,,,,,,,,,,,,,,,,,,,,,,,,,,,,,,,,,,,,,,,,,,,,,,,,,
http://cdo.keu.kz/content/12246/12304/1r.files/colorschememapping.xml,http://cdo.keu.kz/content/12246/12304/1r.files/filelist.xml,http://cdo.keu.kz/content/12246/12304/1r.files/themedata.thmx,http://cdo.keu.kz/content/12246/12304/1r.htm,,,,,,,,,,,,,,,,,,,,,,,,,,,,,,,,,,,,,,,,,,,,,,,,,,,,,,,,,,,,,,,,,,,,,,,,,,,,,,,,,
http://cdo.keu.kz/content/12247/12305/2r.files/colorschememapping.xml,http://cdo.keu.kz/content/12247/12305/2r.files/filelist.xml,http://cdo.keu.kz/content/12247/12305/2r.files/themedata.thmx,http://cdo.keu.kz/content/12247/12305/2r.htm,,,,,,,,,,,,,,,,,,,,,,,,,,,,,,,,,,,,,,,,,,,,,,,,,,,,,,,,,,,,,,,,,,,,,,,,,,,,,,,,,
http://cdo.keu.kz/content/12248/12306/itog.files/colorschememapping.xml,http://cdo.keu.kz/content/12248/12306/itog.files/filelist.xml,http://cdo.keu.kz/content/12248/12306/itog.files/themedata.thmx,http://cdo.keu.kz/content/12248/12306/itog.htm,,,,,,,,,,,,,,,,,,,,,,,,,,,,,,,,,,,,,,,,,,,,,,,,,,,,,,,,,,,,,,,,,,,,,,,,,,,,,,,,,
http://cdo.keu.kz/content/12249/12307/Itogov.htm,,,,,,,,,,,,,,,,,,,,,,,,,,,,,,,,,,,,,,,,,,,,,,,,,,,,,,,,,,,,,,,,,,,,,,,,,,,,,,,,,,,,
http://cdo.keu.kz/content/12250/12308/1Rub.htm,,,,,,,,,,,,,,,,,,,,,,,,,,,,,,,,,,,,,,,,,,,,,,,,,,,,,,,,,,,,,,,,,,,,,,,,,,,,,,,,,,,,
http://cdo.keu.kz/content/12251/12309/Itogov.htm,,,,,,,,,,,,,,,,,,,,,,,,,,,,,,,,,,,,,,,,,,,,,,,,,,,,,,,,,,,,,,,,,,,,,,,,,,,,,,,,,,,,
http://cdo.keu.kz/content/12252/12310/Itogov.htm,,,,,,,,,,,,,,,,,,,,,,,,,,,,,,,,,,,,,,,,,,,,,,,,,,,,,,,,,,,,,,,,,,,,,,,,,,,,,,,,,,,,
http://cdo.keu.kz/content/12253/12311/Itogov.htm,,,,,,,,,,,,,,,,,,,,,,,,,,,,,,,,,,,,,,,,,,,,,,,,,,,,,,,,,,,,,,,,,,,,,,,,,,,,,,,,,,,,
http://cdo.keu.kz/content/12254/12312/1r.files/colorschememapping.xml,http://cdo.keu.kz/content/12254/12312/1r.files/filelist.xml,http://cdo.keu.kz/content/12254/12312/1r.files/themedata.thmx,http://cdo.keu.kz/content/12254/12312/1r.htm,,,,,,,,,,,,,,,,,,,,,,,,,,,,,,,,,,,,,,,,,,,,,,,,,,,,,,,,,,,,,,,,,,,,,,,,,,,,,,,,,
http://cdo.keu.kz/content/12255/12313/2r.files/colorschememapping.xml,http://cdo.keu.kz/content/12255/12313/2r.files/filelist.xml,http://cdo.keu.kz/content/12255/12313/2r.files/themedata.thmx,http://cdo.keu.kz/content/12255/12313/2r.htm,,,,,,,,,,,,,,,,,,,,,,,,,,,,,,,,,,,,,,,,,,,,,,,,,,,,,,,,,,,,,,,,,,,,,,,,,,,,,,,,,
http://cdo.keu.kz/content/12256/12314/itog.files/colorschememapping.xml,http://cdo.keu.kz/content/12256/12314/itog.files/filelist.xml,http://cdo.keu.kz/content/12256/12314/itog.files/themedata.thmx,http://cdo.keu.kz/content/12256/12314/itog.htm,,,,,,,,,,,,,,,,,,,,,,,,,,,,,,,,,,,,,,,,,,,,,,,,,,,,,,,,,,,,,,,,,,,,,,,,,,,,,,,,,
http://cdo.keu.kz/content/12257/12315/1Rub.htm,,,,,,,,,,,,,,,,,,,,,,,,,,,,,,,,,,,,,,,,,,,,,,,,,,,,,,,,,,,,,,,,,,,,,,,,,,,,,,,,,,,,
http://cdo.keu.kz/content/12258/12316/2Rub.htm,,,,,,,,,,,,,,,,,,,,,,,,,,,,,,,,,,,,,,,,,,,,,,,,,,,,,,,,,,,,,,,,,,,,,,,,,,,,,,,,,,,,
http://cdo.keu.kz/content/12259/12317/Itogovui.htm,,,,,,,,,,,,,,,,,,,,,,,,,,,,,,,,,,,,,,,,,,,,,,,,,,,,,,,,,,,,,,,,,,,,,,,,,,,,,,,,,,,,
http://cdo.keu.kz/content/12260/12318/1r.files/filelist.xml,http://cdo.keu.kz/content/12260/12318/1r.files/header.htm,http://cdo.keu.kz/content/12260/12318/1r.htm,,,,,,,,,,,,,,,,,,,,,,,,,,,,,,,,,,,,,,,,,,,,,,,,,,,,,,,,,,,,,,,,,,,,,,,,,,,,,,,,,,
http://cdo.keu.kz/content/12261/12319/2r.htm,,,,,,,,,,,,,,,,,,,,,,,,,,,,,,,,,,,,,,,,,,,,,,,,,,,,,,,,,,,,,,,,,,,,,,,,,,,,,,,,,,,,
http://cdo.keu.kz/content/12262/12320/1r.files/filelist.xml,http://cdo.keu.kz/content/12262/12320/1r.files/header.htm,http://cdo.keu.kz/content/12262/12320/1r.htm,,,,,,,,,,,,,,,,,,,,,,,,,,,,,,,,,,,,,,,,,,,,,,,,,,,,,,,,,,,,,,,,,,,,,,,,,,,,,,,,,,
http://cdo.keu.kz/content/12263/12321/2r.htm,,,,,,,,,,,,,,,,,,,,,,,,,,,,,,,,,,,,,,,,,,,,,,,,,,,,,,,,,,,,,,,,,,,,,,,,,,,,,,,,,,,,
http://cdo.keu.kz/content/12264/12322/itog.files/filelist.xml,http://cdo.keu.kz/content/12264/12322/itog.files/header.htm,http://cdo.keu.kz/content/12264/12322/itog.htm,,,,,,,,,,,,,,,,,,,,,,,,,,,,,,,,,,,,,,,,,,,,,,,,,,,,,,,,,,,,,,,,,,,,,,,,,,,,,,,,,,
http://cdo.keu.kz/content/12265/12323/2r.htm,,,,,,,,,,,,,,,,,,,,,,,,,,,,,,,,,,,,,,,,,,,,,,,,,,,,,,,,,,,,,,,,,,,,,,,,,,,,,,,,,,,,
http://cdo.keu.kz/content/12266/12324/1r.files/colorschememapping.xml,http://cdo.keu.kz/content/12266/12324/1r.files/filelist.xml,http://cdo.keu.kz/content/12266/12324/1r.files/themedata.thmx,http://cdo.keu.kz/content/12266/12324/1r.htm,,,,,,,,,,,,,,,,,,,,,,,,,,,,,,,,,,,,,,,,,,,,,,,,,,,,,,,,,,,,,,,,,,,,,,,,,,,,,,,,,
http://cdo.keu.kz/content/12267/12325/2r.files/colorschememapping.xml,http://cdo.keu.kz/content/12267/12325/2r.files/filelist.xml,http://cdo.keu.kz/content/12267/12325/2r.files/themedata.thmx,http://cdo.keu.kz/content/12267/12325/2r.htm,,,,,,,,,,,,,,,,,,,,,,,,,,,,,,,,,,,,,,,,,,,,,,,,,,,,,,,,,,,,,,,,,,,,,,,,,,,,,,,,,
http://cdo.keu.kz/content/12268/12326/itog.files/colorschememapping.xml,http://cdo.keu.kz/content/12268/12326/itog.files/filelist.xml,http://cdo.keu.kz/content/12268/12326/itog.files/item0001.xml,http://cdo.keu.kz/content/12268/12326/itog.files/props0002.xml,http://cdo.keu.kz/content/12268/12326/itog.files/themedata.thmx,http://cdo.keu.kz/content/12268/12326/itog.htm,,,,,,,,,,,,,,,,,,,,,,,,,,,,,,,,,,,,,,,,,,,,,,,,,,,,,,,,,,,,,,,,,,,,,,,,,,,,,,,
http://cdo.keu.kz/content/12269/12327/12327.htm,http://cdo.keu.kz/content/12269/12327/31808/31808.htm,http://cdo.keu.kz/content/12269/12327/31809/31809.htm,http://cdo.keu.kz/content/12269/12327/31810/31810.htm,http://cdo.keu.kz/content/12269/12327/31811/31811.htm,http://cdo.keu.kz/content/12269/12327/31812/31812.htm,http://cdo.keu.kz/content/12269/12327/31813/31813.htm,http://cdo.keu.kz/content/12269/12327/31814/31814.htm,http://cdo.keu.kz/content/12269/12327/31815/31815.htm,http://cdo.keu.kz/content/12269/12327/31816/31816.htm,http://cdo.keu.kz/content/12269/12327/31817/31817.htm,http://cdo.keu.kz/content/12269/12327/31818/31818.htm,http://cdo.keu.kz/content/12269/12327/31819/31819.htm,http://cdo.keu.kz/content/12269/12327/31820/31820.htm,http://cdo.keu.kz/content/12269/12327/31821/31821.htm,http://cdo.keu.kz/content/12269/12327/31822/31822.htm,http://cdo.keu.kz/content/12269/12327/Lek2.files/filelist.xml,http://cdo.keu.kz/content/12269/12327/Lek2.files/header.htm,,,,,,,,,,,,,,,,,,,,,,,,,,,,,,,,,,,,,,,,,,,,,,,,,,,,,,,,,,,,,,,,,,,
http://cdo.keu.kz/content/12270/12328/1Rub.htm,,,,,,,,,,,,,,,,,,,,,,,,,,,,,,,,,,,,,,,,,,,,,,,,,,,,,,,,,,,,,,,,,,,,,,,,,,,,,,,,,,,,
http://cdo.keu.kz/content/12271/12329/1Rub.htm,,,,,,,,,,,,,,,,,,,,,,,,,,,,,,,,,,,,,,,,,,,,,,,,,,,,,,,,,,,,,,,,,,,,,,,,,,,,,,,,,,,,
http://cdo.keu.kz/content/12272/12330/1.htm,,,,,,,,,,,,,,,,,,,,,,,,,,,,,,,,,,,,,,,,,,,,,,,,,,,,,,,,,,,,,,,,,,,,,,,,,,,,,,,,,,,,
http://cdo.keu.kz/content/12273/12331/2r.htm,,,,,,,,,,,,,,,,,,,,,,,,,,,,,,,,,,,,,,,,,,,,,,,,,,,,,,,,,,,,,,,,,,,,,,,,,,,,,,,,,,,,
http://cdo.keu.kz/content/12274/12332/1Rub.htm,,,,,,,,,,,,,,,,,,,,,,,,,,,,,,,,,,,,,,,,,,,,,,,,,,,,,,,,,,,,,,,,,,,,,,,,,,,,,,,,,,,,
http://cdo.keu.kz/content/12275/12333/itog.htm,,,,,,,,,,,,,,,,,,,,,,,,,,,,,,,,,,,,,,,,,,,,,,,,,,,,,,,,,,,,,,,,,,,,,,,,,,,,,,,,,,,,
http://cdo.keu.kz/content/12276/12334/1r.files/colorschememapping.xml,http://cdo.keu.kz/content/12276/12334/1r.files/filelist.xml,http://cdo.keu.kz/content/12276/12334/1r.files/themedata.thmx,http://cdo.keu.kz/content/12276/12334/1r.htm,,,,,,,,,,,,,,,,,,,,,,,,,,,,,,,,,,,,,,,,,,,,,,,,,,,,,,,,,,,,,,,,,,,,,,,,,,,,,,,,,
http://cdo.keu.kz/content/12277/12335/2rub.htm,,,,,,,,,,,,,,,,,,,,,,,,,,,,,,,,,,,,,,,,,,,,,,,,,,,,,,,,,,,,,,,,,,,,,,,,,,,,,,,,,,,,
http://cdo.keu.kz/content/12278/12336/2r.files/colorschememapping.xml,http://cdo.keu.kz/content/12278/12336/2r.files/filelist.xml,http://cdo.keu.kz/content/12278/12336/2r.files/themedata.thmx,http://cdo.keu.kz/content/12278/12336/2r.htm,,,,,,,,,,,,,,,,,,,,,,,,,,,,,,,,,,,,,,,,,,,,,,,,,,,,,,,,,,,,,,,,,,,,,,,,,,,,,,,,,
http://cdo.keu.kz/content/12279/12337/itog.files/colorschememapping.xml,http://cdo.keu.kz/content/12279/12337/itog.files/filelist.xml,http://cdo.keu.kz/content/12279/12337/itog.files/themedata.thmx,http://cdo.keu.kz/content/12279/12337/itog.htm,,,,,,,,,,,,,,,,,,,,,,,,,,,,,,,,,,,,,,,,,,,,,,,,,,,,,,,,,,,,,,,,,,,,,,,,,,,,,,,,,
http://cdo.keu.kz/content/12280/12338/Itogov.htm,,,,,,,,,,,,,,,,,,,,,,,,,,,,,,,,,,,,,,,,,,,,,,,,,,,,,,,,,,,,,,,,,,,,,,,,,,,,,,,,,,,,
http://cdo.keu.kz/content/12281/12339/1Rub.htm,,,,,,,,,,,,,,,,,,,,,,,,,,,,,,,,,,,,,,,,,,,,,,,,,,,,,,,,,,,,,,,,,,,,,,,,,,,,,,,,,,,,
http://cdo.keu.kz/content/12282/12340/2Rub.htm,,,,,,,,,,,,,,,,,,,,,,,,,,,,,,,,,,,,,,,,,,,,,,,,,,,,,,,,,,,,,,,,,,,,,,,,,,,,,,,,,,,,
http://cdo.keu.kz/content/12283/12341/Itogov.htm,,,,,,,,,,,,,,,,,,,,,,,,,,,,,,,,,,,,,,,,,,,,,,,,,,,,,,,,,,,,,,,,,,,,,,,,,,,,,,,,,,,,
http://cdo.keu.kz/content/12284/12342/1Rub.htm,,,,,,,,,,,,,,,,,,,,,,,,,,,,,,,,,,,,,,,,,,,,,,,,,,,,,,,,,,,,,,,,,,,,,,,,,,,,,,,,,,,,
http://cdo.keu.kz/content/12285/12343/2Rub.htm,,,,,,,,,,,,,,,,,,,,,,,,,,,,,,,,,,,,,,,,,,,,,,,,,,,,,,,,,,,,,,,,,,,,,,,,,,,,,,,,,,,,
http://cdo.keu.kz/content/12286/12344/1r.htm,,,,,,,,,,,,,,,,,,,,,,,,,,,,,,,,,,,,,,,,,,,,,,,,,,,,,,,,,,,,,,,,,,,,,,,,,,,,,,,,,,,,
http://cdo.keu.kz/content/12287/12345/2r.htm,,,,,,,,,,,,,,,,,,,,,,,,,,,,,,,,,,,,,,,,,,,,,,,,,,,,,,,,,,,,,,,,,,,,,,,,,,,,,,,,,,,,
http://cdo.keu.kz/content/12288/12346/1r.htm,,,,,,,,,,,,,,,,,,,,,,,,,,,,,,,,,,,,,,,,,,,,,,,,,,,,,,,,,,,,,,,,,,,,,,,,,,,,,,,,,,,,
http://cdo.keu.kz/content/12289/12347/1r.htm,,,,,,,,,,,,,,,,,,,,,,,,,,,,,,,,,,,,,,,,,,,,,,,,,,,,,,,,,,,,,,,,,,,,,,,,,,,,,,,,,,,,
http://cdo.keu.kz/content/12290/12348/1r.htm,,,,,,,,,,,,,,,,,,,,,,,,,,,,,,,,,,,,,,,,,,,,,,,,,,,,,,,,,,,,,,,,,,,,,,,,,,,,,,,,,,,,
http://cdo.keu.kz/content/12291/12349/1r.htm,,,,,,,,,,,,,,,,,,,,,,,,,,,,,,,,,,,,,,,,,,,,,,,,,,,,,,,,,,,,,,,,,,,,,,,,,,,,,,,,,,,,
http://cdo.keu.kz/content/12292/12350/12350.htm,http://cdo.keu.kz/content/12292/12350/31823/31823.htm,http://cdo.keu.kz/content/12292/12350/31824/31824.htm,http://cdo.keu.kz/content/12292/12350/31825/31825.htm,http://cdo.keu.kz/content/12292/12350/31826/31826.htm,http://cdo.keu.kz/content/12292/12350/31827/31827.htm,http://cdo.keu.kz/content/12292/12350/31828/31828.htm,http://cdo.keu.kz/content/12292/12350/31829/31829.htm,http://cdo.keu.kz/content/12292/12350/31830/31830.htm,http://cdo.keu.kz/content/12292/12350/31831/31831.htm,http://cdo.keu.kz/content/12292/12350/31832/31832.htm,http://cdo.keu.kz/content/12292/12350/31833/31833.htm,http://cdo.keu.kz/content/12292/12350/31834/31834.htm,http://cdo.keu.kz/content/12292/12350/31835/31835.htm,http://cdo.keu.kz/content/12292/12350/31836/31836.htm,http://cdo.keu.kz/content/12292/12350/31837/31837.htm,,,,,,,,,,,,,,,,,,,,,,,,,,,,,,,,,,,,,,,,,,,,,,,,,,,,,,,,,,,,,,,,,,,,,
http://cdo.keu.kz/content/12293/12351/1Rub.htm,,,,,,,,,,,,,,,,,,,,,,,,,,,,,,,,,,,,,,,,,,,,,,,,,,,,,,,,,,,,,,,,,,,,,,,,,,,,,,,,,,,,
http://cdo.keu.kz/content/12294/12352/2Rub.htm,,,,,,,,,,,,,,,,,,,,,,,,,,,,,,,,,,,,,,,,,,,,,,,,,,,,,,,,,,,,,,,,,,,,,,,,,,,,,,,,,,,,
http://cdo.keu.kz/content/12295/12353/1r.files/colorschememapping.xml,http://cdo.keu.kz/content/12295/12353/1r.files/filelist.xml,http://cdo.keu.kz/content/12295/12353/1r.files/themedata.thmx,http://cdo.keu.kz/content/12295/12353/1r.htm,,,,,,,,,,,,,,,,,,,,,,,,,,,,,,,,,,,,,,,,,,,,,,,,,,,,,,,,,,,,,,,,,,,,,,,,,,,,,,,,,
http://cdo.keu.kz/content/12296/12354/Itogov.htm,,,,,,,,,,,,,,,,,,,,,,,,,,,,,,,,,,,,,,,,,,,,,,,,,,,,,,,,,,,,,,,,,,,,,,,,,,,,,,,,,,,,
http://cdo.keu.kz/content/12297/12355/2r.files/colorschememapping.xml,http://cdo.keu.kz/content/12297/12355/2r.files/filelist.xml,http://cdo.keu.kz/content/12297/12355/2r.files/themedata.thmx,http://cdo.keu.kz/content/12297/12355/2r.htm,,,,,,,,,,,,,,,,,,,,,,,,,,,,,,,,,,,,,,,,,,,,,,,,,,,,,,,,,,,,,,,,,,,,,,,,,,,,,,,,,
http://cdo.keu.kz/content/12298/12356/itog.files/colorschememapping.xml,http://cdo.keu.kz/content/12298/12356/itog.files/filelist.xml,http://cdo.keu.kz/content/12298/12356/itog.files/themedata.thmx,http://cdo.keu.kz/content/12298/12356/itog.htm,,,,,,,,,,,,,,,,,,,,,,,,,,,,,,,,,,,,,,,,,,,,,,,,,,,,,,,,,,,,,,,,,,,,,,,,,,,,,,,,,
http://cdo.keu.kz/content/12299/12357/Itogov.htm,,,,,,,,,,,,,,,,,,,,,,,,,,,,,,,,,,,,,,,,,,,,,,,,,,,,,,,,,,,,,,,,,,,,,,,,,,,,,,,,,,,,
http://cdo.keu.kz/content/12300/12358/Itogov.htm,,,,,,,,,,,,,,,,,,,,,,,,,,,,,,,,,,,,,,,,,,,,,,,,,,,,,,,,,,,,,,,,,,,,,,,,,,,,,,,,,,,,
