0,1,2,3,4,5,6,7,8,9,10,11,12,13,14,15,16,17,18,19,20,21,22,23,24,25,26,27,28,29,30,31,32,33,34,35,36,37,38,39,40,41,42,43,44,45,46,47,48,49,50,51,52,53,54,55,56,57,58,59,60,61,62,63,64,65,66,67,68,69,70,71,72,73,74,75,76,77,78,79,80,81,82,83,84,85,86,87,88,89,90,91,92,93,94,95,96,97,98,99,100
http://cdo.keu.kz/content/19201/19122/19122.htm,http://cdo.keu.kz/content/19201/19122/59561/59561.htm,http://cdo.keu.kz/content/19201/19122/59562/59562.htm,http://cdo.keu.kz/content/19201/19122/59563/59563.htm,http://cdo.keu.kz/content/19201/19122/59564/59564.htm,http://cdo.keu.kz/content/19201/19122/59565/59565.htm,http://cdo.keu.kz/content/19201/19122/59566/59566.htm,http://cdo.keu.kz/content/19201/19122/59567/59567.htm,http://cdo.keu.kz/content/19201/19122/59568/59568.htm,http://cdo.keu.kz/content/19201/19122/59569/59569.htm,http://cdo.keu.kz/content/19201/19122/59570/59570.htm,http://cdo.keu.kz/content/19201/19122/59571/59571.htm,http://cdo.keu.kz/content/19201/19122/59572/59572.htm,http://cdo.keu.kz/content/19201/19122/59573/59573.htm,,,,,,,,,,,,,,,,,,,,,,,,,,,,,,,,,,,,,,,,,,,,,,,,,,,,,,,,,,,,,,,,,,,,,,,,,,,,,,,,,,,,,,,
http://cdo.keu.kz/content/19202/19123/q.htm,,,,,,,,,,,,,,,,,,,,,,,,,,,,,,,,,,,,,,,,,,,,,,,,,,,,,,,,,,,,,,,,,,,,,,,,,,,,,,,,,,,,,,,,,,,,,,,,,,,,
http://cdo.keu.kz/content/19203/19124/19124.htm,http://cdo.keu.kz/content/19203/19124/59574/59574.htm,http://cdo.keu.kz/content/19203/19124/59575/59575.htm,http://cdo.keu.kz/content/19203/19124/59576/59576.htm,http://cdo.keu.kz/content/19203/19124/59577/59577.htm,http://cdo.keu.kz/content/19203/19124/59578/59578.htm,http://cdo.keu.kz/content/19203/19124/59579/59579.htm,http://cdo.keu.kz/content/19203/19124/59580/59580.htm,http://cdo.keu.kz/content/19203/19124/59581/59581.htm,http://cdo.keu.kz/content/19203/19124/59582/59582.htm,http://cdo.keu.kz/content/19203/19124/59583/59583.htm,http://cdo.keu.kz/content/19203/19124/59584/59584.htm,http://cdo.keu.kz/content/19203/19124/59585/59585.htm,http://cdo.keu.kz/content/19203/19124/59586/59586.htm,http://cdo.keu.kz/content/19203/19124/59587/59587.htm,http://cdo.keu.kz/content/19203/19124/59588/59588.htm,http://cdo.keu.kz/content/19203/19124/59589/59589.htm,http://cdo.keu.kz/content/19203/19124/59590/59590.htm,http://cdo.keu.kz/content/19203/19124/59591/59591.htm,http://cdo.keu.kz/content/19203/19124/59592/59592.htm,http://cdo.keu.kz/content/19203/19124/59593/59593.htm,http://cdo.keu.kz/content/19203/19124/59594/59594.htm,http://cdo.keu.kz/content/19203/19124/59595/59595.htm,http://cdo.keu.kz/content/19203/19124/59596/59596.htm,http://cdo.keu.kz/content/19203/19124/59597/59597.htm,http://cdo.keu.kz/content/19203/19124/59598/59598.htm,http://cdo.keu.kz/content/19203/19124/59599/59599.htm,http://cdo.keu.kz/content/19203/19124/59600/59600.htm,http://cdo.keu.kz/content/19203/19124/59601/59601.htm,http://cdo.keu.kz/content/19203/19124/59602/59602.htm,http://cdo.keu.kz/content/19203/19124/59603/59603.htm,http://cdo.keu.kz/content/19203/19124/Lek.files/image001.gif,http://cdo.keu.kz/content/19203/19124/Lek.files/image002.jpg,http://cdo.keu.kz/content/19203/19124/Lek.files/image003.gif,http://cdo.keu.kz/content/19203/19124/Lek.files/image004.gif,http://cdo.keu.kz/content/19203/19124/Lek.files/image005.gif,http://cdo.keu.kz/content/19203/19124/Lek.files/image006.gif,http://cdo.keu.kz/content/19203/19124/Lek.files/image007.gif,http://cdo.keu.kz/content/19203/19124/Lek.files/image008.gif,http://cdo.keu.kz/content/19203/19124/Lek.files/image009.jpg,http://cdo.keu.kz/content/19203/19124/Lek.files/image010.jpg,http://cdo.keu.kz/content/19203/19124/Lek.files/image011.gif,http://cdo.keu.kz/content/19203/19124/Lek.files/image012.gif,http://cdo.keu.kz/content/19203/19124/Lek.files/image013.gif,http://cdo.keu.kz/content/19203/19124/Lek.files/image014.gif,http://cdo.keu.kz/content/19203/19124/Lek.files/image015.gif,http://cdo.keu.kz/content/19203/19124/Lek.files/image016.gif,http://cdo.keu.kz/content/19203/19124/Lek.files/image017.gif,http://cdo.keu.kz/content/19203/19124/Lek.files/image018.gif,http://cdo.keu.kz/content/19203/19124/Lek.files/image019.gif,http://cdo.keu.kz/content/19203/19124/Lek.files/image020.gif,http://cdo.keu.kz/content/19203/19124/Lek.files/image021.gif,http://cdo.keu.kz/content/19203/19124/Lek.files/image022.gif,http://cdo.keu.kz/content/19203/19124/Lek.files/image023.gif,,,,,,,,,,,,,,,,,,,,,,,,,,,,,,,,,,,,,,,,,,,,,,,
http://cdo.keu.kz/content/19204/19125/q.htm,,,,,,,,,,,,,,,,,,,,,,,,,,,,,,,,,,,,,,,,,,,,,,,,,,,,,,,,,,,,,,,,,,,,,,,,,,,,,,,,,,,,,,,,,,,,,,,,,,,,
http://cdo.keu.kz/content/19205/19126/19126.htm,http://cdo.keu.kz/content/19205/19126/Lek.files/image001.png,http://cdo.keu.kz/content/19205/19126/Lek.files/image002.png,http://cdo.keu.kz/content/19205/19126/Lek.htm,,,,,,,,,,,,,,,,,,,,,,,,,,,,,,,,,,,,,,,,,,,,,,,,,,,,,,,,,,,,,,,,,,,,,,,,,,,,,,,,,,,,,,,,,,,,,,,,,
http://cdo.keu.kz/content/19206/19127/19127.htm,http://cdo.keu.kz/content/19206/19127/59604/59604.htm,http://cdo.keu.kz/content/19206/19127/59605/59605.htm,http://cdo.keu.kz/content/19206/19127/59606/59606.htm,http://cdo.keu.kz/content/19206/19127/59607/59607.htm,http://cdo.keu.kz/content/19206/19127/59608/59608.htm,http://cdo.keu.kz/content/19206/19127/59609/59609.htm,http://cdo.keu.kz/content/19206/19127/59610/59610.htm,http://cdo.keu.kz/content/19206/19127/59611/59611.htm,http://cdo.keu.kz/content/19206/19127/59612/59612.htm,http://cdo.keu.kz/content/19206/19127/59613/59613.htm,http://cdo.keu.kz/content/19206/19127/59614/59614.htm,http://cdo.keu.kz/content/19206/19127/Lek.files/image001.png,http://cdo.keu.kz/content/19206/19127/Lek.files/image002.png,,,,,,,,,,,,,,,,,,,,,,,,,,,,,,,,,,,,,,,,,,,,,,,,,,,,,,,,,,,,,,,,,,,,,,,,,,,,,,,,,,,,,,,
http://cdo.keu.kz/content/19207/19128/q.htm,,,,,,,,,,,,,,,,,,,,,,,,,,,,,,,,,,,,,,,,,,,,,,,,,,,,,,,,,,,,,,,,,,,,,,,,,,,,,,,,,,,,,,,,,,,,,,,,,,,,
http://cdo.keu.kz/content/19208/19129/19129.htm,http://cdo.keu.kz/content/19208/19129/59615/59615.htm,http://cdo.keu.kz/content/19208/19129/59616/59616.htm,http://cdo.keu.kz/content/19208/19129/59617/59617.htm,http://cdo.keu.kz/content/19208/19129/59618/59618.htm,http://cdo.keu.kz/content/19208/19129/59619/59619.htm,http://cdo.keu.kz/content/19208/19129/lek.files/image001.gif,http://cdo.keu.kz/content/19208/19129/lek.files/image002.gif,http://cdo.keu.kz/content/19208/19129/lek.files/image003.gif,http://cdo.keu.kz/content/19208/19129/lek.files/image004.gif,http://cdo.keu.kz/content/19208/19129/lek.files/image005.gif,http://cdo.keu.kz/content/19208/19129/lek.files/image006.gif,http://cdo.keu.kz/content/19208/19129/lek.files/image007.gif,http://cdo.keu.kz/content/19208/19129/lek.files/image008.gif,http://cdo.keu.kz/content/19208/19129/lek.files/image009.gif,http://cdo.keu.kz/content/19208/19129/lek.files/image010.gif,http://cdo.keu.kz/content/19208/19129/lek.files/image011.gif,http://cdo.keu.kz/content/19208/19129/lek.files/image012.gif,http://cdo.keu.kz/content/19208/19129/lek.files/image013.gif,http://cdo.keu.kz/content/19208/19129/lek.files/image014.gif,http://cdo.keu.kz/content/19208/19129/lek.files/image015.gif,http://cdo.keu.kz/content/19208/19129/lek.files/image016.gif,http://cdo.keu.kz/content/19208/19129/lek.files/image017.gif,http://cdo.keu.kz/content/19208/19129/lek.files/image018.gif,http://cdo.keu.kz/content/19208/19129/lek.files/image019.gif,http://cdo.keu.kz/content/19208/19129/lek.files/image020.gif,http://cdo.keu.kz/content/19208/19129/lek.files/image021.gif,,,,,,,,,,,,,,,,,,,,,,,,,,,,,,,,,,,,,,,,,,,,,,,,,,,,,,,,,,,,,,,,,,,,,,,,,,
http://cdo.keu.kz/content/19209/19130/19130.htm,http://cdo.keu.kz/content/19209/19130/59620/59620.htm,http://cdo.keu.kz/content/19209/19130/59621/59621.htm,http://cdo.keu.kz/content/19209/19130/59622/59622.htm,http://cdo.keu.kz/content/19209/19130/59623/59623.htm,http://cdo.keu.kz/content/19209/19130/59624/59624.htm,http://cdo.keu.kz/content/19209/19130/lek.files/image001.jpg,http://cdo.keu.kz/content/19209/19130/lek.files/image002.jpg,http://cdo.keu.kz/content/19209/19130/lek.files/image003.jpg,http://cdo.keu.kz/content/19209/19130/lek.files/image004.jpg,http://cdo.keu.kz/content/19209/19130/lek.files/image005.jpg,,,,,,,,,,,,,,,,,,,,,,,,,,,,,,,,,,,,,,,,,,,,,,,,,,,,,,,,,,,,,,,,,,,,,,,,,,,,,,,,,,,,,,,,,,
http://cdo.keu.kz/content/19210/19131/itog.files/image001.gif,http://cdo.keu.kz/content/19210/19131/itog.htm,,,,,,,,,,,,,,,,,,,,,,,,,,,,,,,,,,,,,,,,,,,,,,,,,,,,,,,,,,,,,,,,,,,,,,,,,,,,,,,,,,,,,,,,,,,,,,,,,,,
http://cdo.keu.kz/content/19211/19132/19132.htm,http://cdo.keu.kz/content/19211/19132/59625/59625.htm,http://cdo.keu.kz/content/19211/19132/59626/59626.htm,http://cdo.keu.kz/content/19211/19132/59627/59627.htm,http://cdo.keu.kz/content/19211/19132/59628/59628.htm,http://cdo.keu.kz/content/19211/19132/59629/59629.htm,http://cdo.keu.kz/content/19211/19132/59630/59630.htm,http://cdo.keu.kz/content/19211/19132/59631/59631.htm,http://cdo.keu.kz/content/19211/19132/59632/59632.htm,http://cdo.keu.kz/content/19211/19132/lek.files/image001.gif,http://cdo.keu.kz/content/19211/19132/lek.files/image002.gif,http://cdo.keu.kz/content/19211/19132/lek.files/image003.gif,http://cdo.keu.kz/content/19211/19132/lek.files/image004.gif,,,,,,,,,,,,,,,,,,,,,,,,,,,,,,,,,,,,,,,,,,,,,,,,,,,,,,,,,,,,,,,,,,,,,,,,,,,,,,,,,,,,,,,,
http://cdo.keu.kz/content/19212/19133/itog.files/colorschememapping.xml,http://cdo.keu.kz/content/19212/19133/itog.files/filelist.xml,http://cdo.keu.kz/content/19212/19133/itog.files/themedata.thmx,http://cdo.keu.kz/content/19212/19133/itog.htm,,,,,,,,,,,,,,,,,,,,,,,,,,,,,,,,,,,,,,,,,,,,,,,,,,,,,,,,,,,,,,,,,,,,,,,,,,,,,,,,,,,,,,,,,,,,,,,,,
http://cdo.keu.kz/content/19213/19134/19134.htm,http://cdo.keu.kz/content/19213/19134/59633/59633.htm,http://cdo.keu.kz/content/19213/19134/59634/59634.htm,http://cdo.keu.kz/content/19213/19134/59635/59635.htm,http://cdo.keu.kz/content/19213/19134/59636/59636.htm,http://cdo.keu.kz/content/19213/19134/59637/59637.htm,http://cdo.keu.kz/content/19213/19134/lek.files/colorschememapping.xml,http://cdo.keu.kz/content/19213/19134/lek.files/filelist.xml,http://cdo.keu.kz/content/19213/19134/lek.files/themedata.thmx,,,,,,,,,,,,,,,,,,,,,,,,,,,,,,,,,,,,,,,,,,,,,,,,,,,,,,,,,,,,,,,,,,,,,,,,,,,,,,,,,,,,,,,,,,,,
http://cdo.keu.kz/content/19214/19135/itog.files/colorschememapping.xml,http://cdo.keu.kz/content/19214/19135/itog.files/filelist.xml,http://cdo.keu.kz/content/19214/19135/itog.files/image001.wmz,http://cdo.keu.kz/content/19214/19135/itog.files/image002.gif,http://cdo.keu.kz/content/19214/19135/itog.files/item0001.xml,http://cdo.keu.kz/content/19214/19135/itog.files/oledata.mso,http://cdo.keu.kz/content/19214/19135/itog.files/props0002.xml,http://cdo.keu.kz/content/19214/19135/itog.files/themedata.thmx,http://cdo.keu.kz/content/19214/19135/itog.htm,,,,,,,,,,,,,,,,,,,,,,,,,,,,,,,,,,,,,,,,,,,,,,,,,,,,,,,,,,,,,,,,,,,,,,,,,,,,,,,,,,,,,,,,,,,,
http://cdo.keu.kz/content/19215/19136/19136.htm,http://cdo.keu.kz/content/19215/19136/59638/59638.htm,http://cdo.keu.kz/content/19215/19136/59639/59639.htm,http://cdo.keu.kz/content/19215/19136/59640/59640.htm,http://cdo.keu.kz/content/19215/19136/59641/59641.htm,http://cdo.keu.kz/content/19215/19136/59642/59642.htm,http://cdo.keu.kz/content/19215/19136/59643/59643.htm,http://cdo.keu.kz/content/19215/19136/59644/59644.htm,http://cdo.keu.kz/content/19215/19136/59645/59645.htm,http://cdo.keu.kz/content/19215/19136/59646/59646.htm,http://cdo.keu.kz/content/19215/19136/59647/59647.htm,http://cdo.keu.kz/content/19215/19136/59648/59648.htm,http://cdo.keu.kz/content/19215/19136/59649/59649.htm,http://cdo.keu.kz/content/19215/19136/lek.files/image001.gif,http://cdo.keu.kz/content/19215/19136/lek.files/image002.gif,http://cdo.keu.kz/content/19215/19136/lek.files/image003.gif,http://cdo.keu.kz/content/19215/19136/lek.files/image004.gif,http://cdo.keu.kz/content/19215/19136/lek.files/image005.gif,,,,,,,,,,,,,,,,,,,,,,,,,,,,,,,,,,,,,,,,,,,,,,,,,,,,,,,,,,,,,,,,,,,,,,,,,,,,,,,,,,,
http://cdo.keu.kz/content/19216/19137/itog.files/colorschememapping.xml,http://cdo.keu.kz/content/19216/19137/itog.files/filelist.xml,http://cdo.keu.kz/content/19216/19137/itog.files/item0001.xml,http://cdo.keu.kz/content/19216/19137/itog.files/props0002.xml,http://cdo.keu.kz/content/19216/19137/itog.files/themedata.thmx,http://cdo.keu.kz/content/19216/19137/itog.htm,,,,,,,,,,,,,,,,,,,,,,,,,,,,,,,,,,,,,,,,,,,,,,,,,,,,,,,,,,,,,,,,,,,,,,,,,,,,,,,,,,,,,,,,,,,,,,,
http://cdo.keu.kz/content/19217/19138/19138.htm,http://cdo.keu.kz/content/19217/19138/59650/59650.htm,http://cdo.keu.kz/content/19217/19138/59651/59651.htm,http://cdo.keu.kz/content/19217/19138/59652/59652.htm,http://cdo.keu.kz/content/19217/19138/59653/59653.htm,http://cdo.keu.kz/content/19217/19138/59654/59654.htm,http://cdo.keu.kz/content/19217/19138/59655/59655.htm,http://cdo.keu.kz/content/19217/19138/59656/59656.htm,http://cdo.keu.kz/content/19217/19138/59657/59657.htm,http://cdo.keu.kz/content/19217/19138/59658/59658.htm,http://cdo.keu.kz/content/19217/19138/59659/59659.htm,http://cdo.keu.kz/content/19217/19138/59660/59660.htm,http://cdo.keu.kz/content/19217/19138/59661/59661.htm,http://cdo.keu.kz/content/19217/19138/59662/59662.htm,http://cdo.keu.kz/content/19217/19138/59663/59663.htm,http://cdo.keu.kz/content/19217/19138/lek.files/image001.gif,http://cdo.keu.kz/content/19217/19138/lek.files/image002.gif,http://cdo.keu.kz/content/19217/19138/lek.files/image003.gif,,,,,,,,,,,,,,,,,,,,,,,,,,,,,,,,,,,,,,,,,,,,,,,,,,,,,,,,,,,,,,,,,,,,,,,,,,,,,,,,,,,
http://cdo.keu.kz/content/19218/19139/itog.files/colorschememapping.xml,http://cdo.keu.kz/content/19218/19139/itog.files/filelist.xml,http://cdo.keu.kz/content/19218/19139/itog.files/themedata.thmx,http://cdo.keu.kz/content/19218/19139/itog.htm,,,,,,,,,,,,,,,,,,,,,,,,,,,,,,,,,,,,,,,,,,,,,,,,,,,,,,,,,,,,,,,,,,,,,,,,,,,,,,,,,,,,,,,,,,,,,,,,,
http://cdo.keu.kz/content/19219/19140/19140.htm,http://cdo.keu.kz/content/19219/19140/59664/59664.htm,http://cdo.keu.kz/content/19219/19140/59665/59665.htm,http://cdo.keu.kz/content/19219/19140/59666/59666.htm,http://cdo.keu.kz/content/19219/19140/59667/59667.htm,http://cdo.keu.kz/content/19219/19140/59668/59668.htm,http://cdo.keu.kz/content/19219/19140/59669/59669.htm,http://cdo.keu.kz/content/19219/19140/59670/59670.htm,http://cdo.keu.kz/content/19219/19140/lek.files/image001.gif,http://cdo.keu.kz/content/19219/19140/lek.files/image002.gif,http://cdo.keu.kz/content/19219/19140/lek.files/image003.gif,http://cdo.keu.kz/content/19219/19140/lek.files/image004.gif,http://cdo.keu.kz/content/19219/19140/lek.files/image005.gif,,,,,,,,,,,,,,,,,,,,,,,,,,,,,,,,,,,,,,,,,,,,,,,,,,,,,,,,,,,,,,,,,,,,,,,,,,,,,,,,,,,,,,,,
http://cdo.keu.kz/content/19220/19141/19141.htm,http://cdo.keu.kz/content/19220/19141/lek.files/image001.gif,http://cdo.keu.kz/content/19220/19141/lek.files/image002.gif,http://cdo.keu.kz/content/19220/19141/lek.files/image003.gif,http://cdo.keu.kz/content/19220/19141/lek.files/image004.gif,http://cdo.keu.kz/content/19220/19141/lek.files/image005.gif,http://cdo.keu.kz/content/19220/19141/lek.files/image006.gif,http://cdo.keu.kz/content/19220/19141/lek.files/image007.gif,http://cdo.keu.kz/content/19220/19141/lek.files/image008.gif,http://cdo.keu.kz/content/19220/19141/lek.files/image009.gif,http://cdo.keu.kz/content/19220/19141/lek.files/image010.gif,http://cdo.keu.kz/content/19220/19141/lek.files/image011.gif,http://cdo.keu.kz/content/19220/19141/lek.files/image012.gif,http://cdo.keu.kz/content/19220/19141/lek.files/image013.gif,http://cdo.keu.kz/content/19220/19141/lek.files/image014.gif,http://cdo.keu.kz/content/19220/19141/lek.files/image015.gif,http://cdo.keu.kz/content/19220/19141/lek.files/image016.gif,http://cdo.keu.kz/content/19220/19141/lek.files/image017.gif,http://cdo.keu.kz/content/19220/19141/lek.files/image018.gif,http://cdo.keu.kz/content/19220/19141/lek.files/image019.gif,http://cdo.keu.kz/content/19220/19141/lek.files/image020.gif,http://cdo.keu.kz/content/19220/19141/lek.files/image021.gif,http://cdo.keu.kz/content/19220/19141/lek.files/image022.gif,http://cdo.keu.kz/content/19220/19141/lek.files/image023.gif,http://cdo.keu.kz/content/19220/19141/lek.htm,,,,,,,,,,,,,,,,,,,,,,,,,,,,,,,,,,,,,,,,,,,,,,,,,,,,,,,,,,,,,,,,,,,,,,,,,,,,
http://cdo.keu.kz/content/19221/19142/19142.htm,http://cdo.keu.kz/content/19221/19142/lek.files/image001.gif,http://cdo.keu.kz/content/19221/19142/lek.files/image002.gif,http://cdo.keu.kz/content/19221/19142/lek.files/image003.gif,http://cdo.keu.kz/content/19221/19142/lek.files/image004.gif,http://cdo.keu.kz/content/19221/19142/lek.files/image005.gif,http://cdo.keu.kz/content/19221/19142/lek.files/image006.gif,http://cdo.keu.kz/content/19221/19142/lek.files/image007.gif,http://cdo.keu.kz/content/19221/19142/lek.files/image008.gif,http://cdo.keu.kz/content/19221/19142/lek.files/image009.gif,http://cdo.keu.kz/content/19221/19142/lek.files/image010.gif,http://cdo.keu.kz/content/19221/19142/lek.files/image011.gif,http://cdo.keu.kz/content/19221/19142/lek.files/image012.gif,http://cdo.keu.kz/content/19221/19142/lek.files/image013.gif,http://cdo.keu.kz/content/19221/19142/lek.files/image014.gif,http://cdo.keu.kz/content/19221/19142/lek.files/image015.gif,http://cdo.keu.kz/content/19221/19142/lek.files/image016.gif,http://cdo.keu.kz/content/19221/19142/lek.files/image017.gif,http://cdo.keu.kz/content/19221/19142/lek.files/image018.gif,http://cdo.keu.kz/content/19221/19142/lek.files/image019.gif,http://cdo.keu.kz/content/19221/19142/lek.files/image020.gif,http://cdo.keu.kz/content/19221/19142/lek.files/image021.gif,http://cdo.keu.kz/content/19221/19142/lek.files/image022.gif,http://cdo.keu.kz/content/19221/19142/lek.files/image023.gif,http://cdo.keu.kz/content/19221/19142/lek.htm,,,,,,,,,,,,,,,,,,,,,,,,,,,,,,,,,,,,,,,,,,,,,,,,,,,,,,,,,,,,,,,,,,,,,,,,,,,,
http://cdo.keu.kz/content/19222/19143/19143.htm,http://cdo.keu.kz/content/19222/19143/59671/59671.htm,http://cdo.keu.kz/content/19222/19143/59672/59672.htm,http://cdo.keu.kz/content/19222/19143/59673/59673.htm,http://cdo.keu.kz/content/19222/19143/59674/59674.htm,http://cdo.keu.kz/content/19222/19143/59675/59675.htm,http://cdo.keu.kz/content/19222/19143/59676/59676.htm,http://cdo.keu.kz/content/19222/19143/59677/59677.htm,http://cdo.keu.kz/content/19222/19143/59678/59678.htm,http://cdo.keu.kz/content/19222/19143/59679/59679.htm,http://cdo.keu.kz/content/19222/19143/59680/59680.htm,http://cdo.keu.kz/content/19222/19143/59681/59681.htm,http://cdo.keu.kz/content/19222/19143/59682/59682.htm,http://cdo.keu.kz/content/19222/19143/59683/59683.htm,http://cdo.keu.kz/content/19222/19143/lek.files/image001.gif,http://cdo.keu.kz/content/19222/19143/lek.files/image002.gif,http://cdo.keu.kz/content/19222/19143/lek.files/image003.gif,http://cdo.keu.kz/content/19222/19143/lek.files/image004.gif,http://cdo.keu.kz/content/19222/19143/lek.files/image005.gif,http://cdo.keu.kz/content/19222/19143/lek.files/image006.gif,http://cdo.keu.kz/content/19222/19143/lek.files/image007.gif,http://cdo.keu.kz/content/19222/19143/lek.files/image008.gif,http://cdo.keu.kz/content/19222/19143/lek.files/image009.gif,http://cdo.keu.kz/content/19222/19143/lek.files/image010.gif,http://cdo.keu.kz/content/19222/19143/lek.files/image011.gif,http://cdo.keu.kz/content/19222/19143/lek.files/image012.gif,http://cdo.keu.kz/content/19222/19143/lek.files/image013.gif,http://cdo.keu.kz/content/19222/19143/lek.files/image014.gif,http://cdo.keu.kz/content/19222/19143/lek.files/image015.gif,http://cdo.keu.kz/content/19222/19143/lek.files/image016.gif,http://cdo.keu.kz/content/19222/19143/lek.files/image017.gif,http://cdo.keu.kz/content/19222/19143/lek.files/image018.gif,http://cdo.keu.kz/content/19222/19143/lek.files/image019.gif,http://cdo.keu.kz/content/19222/19143/lek.files/image020.gif,http://cdo.keu.kz/content/19222/19143/lek.files/image021.gif,http://cdo.keu.kz/content/19222/19143/lek.files/image022.gif,http://cdo.keu.kz/content/19222/19143/lek.files/image023.gif,,,,,,,,,,,,,,,,,,,,,,,,,,,,,,,,,,,,,,,,,,,,,,,,,,,,,,,,,,,,,,,,
http://cdo.keu.kz/content/19223/19144/itog.files/colorschememapping.xml,http://cdo.keu.kz/content/19223/19144/itog.files/filelist.xml,http://cdo.keu.kz/content/19223/19144/itog.files/item0001.xml,http://cdo.keu.kz/content/19223/19144/itog.files/props0002.xml,http://cdo.keu.kz/content/19223/19144/itog.files/themedata.thmx,http://cdo.keu.kz/content/19223/19144/itog.htm,,,,,,,,,,,,,,,,,,,,,,,,,,,,,,,,,,,,,,,,,,,,,,,,,,,,,,,,,,,,,,,,,,,,,,,,,,,,,,,,,,,,,,,,,,,,,,,
http://cdo.keu.kz/content/19224/19145/19145.htm,http://cdo.keu.kz/content/19224/19145/59684/59684.htm,http://cdo.keu.kz/content/19224/19145/59685/59685.htm,http://cdo.keu.kz/content/19224/19145/59686/59686.htm,http://cdo.keu.kz/content/19224/19145/59687/59687.htm,http://cdo.keu.kz/content/19224/19145/59688/59688.htm,http://cdo.keu.kz/content/19224/19145/59689/59689.htm,http://cdo.keu.kz/content/19224/19145/59690/59690.htm,http://cdo.keu.kz/content/19224/19145/59691/59691.htm,http://cdo.keu.kz/content/19224/19145/59692/59692.htm,http://cdo.keu.kz/content/19224/19145/59693/59693.htm,http://cdo.keu.kz/content/19224/19145/59694/59694.htm,http://cdo.keu.kz/content/19224/19145/59695/59695.htm,http://cdo.keu.kz/content/19224/19145/59696/59696.htm,http://cdo.keu.kz/content/19224/19145/59697/59697.htm,http://cdo.keu.kz/content/19224/19145/lek.files/image001.png,http://cdo.keu.kz/content/19224/19145/lek.files/image002.png,http://cdo.keu.kz/content/19224/19145/lek.files/image003.png,http://cdo.keu.kz/content/19224/19145/lek.files/image004.png,http://cdo.keu.kz/content/19224/19145/lek.files/image005.gif,http://cdo.keu.kz/content/19224/19145/lek.files/image006.png,http://cdo.keu.kz/content/19224/19145/lek.files/image007.png,http://cdo.keu.kz/content/19224/19145/lek.files/image008.jpg,http://cdo.keu.kz/content/19224/19145/lek.files/image009.jpg,http://cdo.keu.kz/content/19224/19145/lek.files/image010.png,http://cdo.keu.kz/content/19224/19145/lek.files/image011.png,http://cdo.keu.kz/content/19224/19145/lek.files/image012.png,http://cdo.keu.kz/content/19224/19145/lek.files/image013.png,http://cdo.keu.kz/content/19224/19145/lek.files/image014.png,http://cdo.keu.kz/content/19224/19145/lek.files/image015.png,http://cdo.keu.kz/content/19224/19145/lek.files/image016.png,http://cdo.keu.kz/content/19224/19145/lek.files/image017.png,http://cdo.keu.kz/content/19224/19145/lek.files/image018.png,,,,,,,,,,,,,,,,,,,,,,,,,,,,,,,,,,,,,,,,,,,,,,,,,,,,,,,,,,,,,,,,,,,,
http://cdo.keu.kz/content/19225/19146/19146.htm,http://cdo.keu.kz/content/19225/19146/59698/59698.htm,http://cdo.keu.kz/content/19225/19146/59699/59699.htm,http://cdo.keu.kz/content/19225/19146/59700/59700.htm,http://cdo.keu.kz/content/19225/19146/59701/59701.htm,http://cdo.keu.kz/content/19225/19146/59702/59702.htm,http://cdo.keu.kz/content/19225/19146/59703/59703.htm,http://cdo.keu.kz/content/19225/19146/59704/59704.htm,http://cdo.keu.kz/content/19225/19146/59705/59705.htm,http://cdo.keu.kz/content/19225/19146/59706/59706.htm,http://cdo.keu.kz/content/19225/19146/59707/59707.htm,http://cdo.keu.kz/content/19225/19146/59708/59708.htm,http://cdo.keu.kz/content/19225/19146/59709/59709.htm,http://cdo.keu.kz/content/19225/19146/59710/59710.htm,http://cdo.keu.kz/content/19225/19146/59711/59711.htm,http://cdo.keu.kz/content/19225/19146/59712/59712.htm,http://cdo.keu.kz/content/19225/19146/lek.files/image001.png,http://cdo.keu.kz/content/19225/19146/lek.files/image002.jpg,http://cdo.keu.kz/content/19225/19146/lek.files/image003.jpg,http://cdo.keu.kz/content/19225/19146/lek.files/image004.png,http://cdo.keu.kz/content/19225/19146/lek.files/image005.png,http://cdo.keu.kz/content/19225/19146/lek.files/image006.gif,http://cdo.keu.kz/content/19225/19146/lek.files/image007.png,http://cdo.keu.kz/content/19225/19146/lek.files/image008.png,http://cdo.keu.kz/content/19225/19146/lek.files/image009.jpg,http://cdo.keu.kz/content/19225/19146/lek.files/image010.jpg,http://cdo.keu.kz/content/19225/19146/lek.files/image011.png,http://cdo.keu.kz/content/19225/19146/lek.files/image012.png,http://cdo.keu.kz/content/19225/19146/lek.files/image013.jpg,http://cdo.keu.kz/content/19225/19146/lek.files/image014.jpg,http://cdo.keu.kz/content/19225/19146/lek.files/image015.jpg,http://cdo.keu.kz/content/19225/19146/lek.files/image016.jpg,http://cdo.keu.kz/content/19225/19146/lek.files/image017.png,,,,,,,,,,,,,,,,,,,,,,,,,,,,,,,,,,,,,,,,,,,,,,,,,,,,,,,,,,,,,,,,,,,,
http://cdo.keu.kz/content/19226/19147/itog.files/colorschememapping.xml,http://cdo.keu.kz/content/19226/19147/itog.files/filelist.xml,http://cdo.keu.kz/content/19226/19147/itog.files/themedata.thmx,http://cdo.keu.kz/content/19226/19147/itog.htm,,,,,,,,,,,,,,,,,,,,,,,,,,,,,,,,,,,,,,,,,,,,,,,,,,,,,,,,,,,,,,,,,,,,,,,,,,,,,,,,,,,,,,,,,,,,,,,,,
http://cdo.keu.kz/content/19227/19148/19148.htm,http://cdo.keu.kz/content/19227/19148/59713/59713.htm,http://cdo.keu.kz/content/19227/19148/59714/59714.htm,http://cdo.keu.kz/content/19227/19148/59715/59715.htm,http://cdo.keu.kz/content/19227/19148/59716/59716.htm,http://cdo.keu.kz/content/19227/19148/59717/59717.htm,http://cdo.keu.kz/content/19227/19148/59718/59718.htm,http://cdo.keu.kz/content/19227/19148/59719/59719.htm,http://cdo.keu.kz/content/19227/19148/59720/59720.htm,http://cdo.keu.kz/content/19227/19148/59721/59721.htm,http://cdo.keu.kz/content/19227/19148/59722/59722.htm,http://cdo.keu.kz/content/19227/19148/59723/59723.htm,http://cdo.keu.kz/content/19227/19148/59724/59724.htm,http://cdo.keu.kz/content/19227/19148/59725/59725.htm,http://cdo.keu.kz/content/19227/19148/lek.files/image001.gif,http://cdo.keu.kz/content/19227/19148/lek.files/image002.jpg,http://cdo.keu.kz/content/19227/19148/lek.files/image003.jpg,http://cdo.keu.kz/content/19227/19148/lek.files/image004.jpg,http://cdo.keu.kz/content/19227/19148/lek.files/image005.jpg,http://cdo.keu.kz/content/19227/19148/lek.files/image006.jpg,http://cdo.keu.kz/content/19227/19148/lek.files/image007.jpg,http://cdo.keu.kz/content/19227/19148/lek.files/image008.jpg,http://cdo.keu.kz/content/19227/19148/lek.files/image009.gif,http://cdo.keu.kz/content/19227/19148/lek.files/image010.gif,http://cdo.keu.kz/content/19227/19148/lek.files/image011.gif,http://cdo.keu.kz/content/19227/19148/lek.files/image012.gif,http://cdo.keu.kz/content/19227/19148/lek.files/image013.gif,http://cdo.keu.kz/content/19227/19148/lek.files/image014.gif,http://cdo.keu.kz/content/19227/19148/lek.files/image015.gif,http://cdo.keu.kz/content/19227/19148/lek.files/image016.gif,http://cdo.keu.kz/content/19227/19148/lek.files/image017.gif,http://cdo.keu.kz/content/19227/19148/lek.files/image018.gif,http://cdo.keu.kz/content/19227/19148/lek.files/image019.gif,http://cdo.keu.kz/content/19227/19148/lek.files/image020.gif,http://cdo.keu.kz/content/19227/19148/lek.files/image021.gif,http://cdo.keu.kz/content/19227/19148/lek.files/image022.gif,http://cdo.keu.kz/content/19227/19148/lek.files/image023.gif,http://cdo.keu.kz/content/19227/19148/lek.files/image024.gif,http://cdo.keu.kz/content/19227/19148/lek.files/image025.gif,http://cdo.keu.kz/content/19227/19148/lek.files/image026.gif,http://cdo.keu.kz/content/19227/19148/lek.files/image027.gif,http://cdo.keu.kz/content/19227/19148/lek.files/image028.gif,http://cdo.keu.kz/content/19227/19148/lek.files/image029.gif,http://cdo.keu.kz/content/19227/19148/lek.files/image030.gif,http://cdo.keu.kz/content/19227/19148/lek.files/image031.gif,http://cdo.keu.kz/content/19227/19148/lek.files/image032.gif,http://cdo.keu.kz/content/19227/19148/lek.files/image033.gif,http://cdo.keu.kz/content/19227/19148/lek.files/image034.jpg,http://cdo.keu.kz/content/19227/19148/lek.files/image035.gif,,,,,,,,,,,,,,,,,,,,,,,,,,,,,,,,,,,,,,,,,,,,,,,,,,,,
http://cdo.keu.kz/content/19228/19149/19149.htm,http://cdo.keu.kz/content/19228/19149/59726/59726.htm,http://cdo.keu.kz/content/19228/19149/59727/59727.htm,http://cdo.keu.kz/content/19228/19149/59728/59728.htm,http://cdo.keu.kz/content/19228/19149/59729/59729.htm,http://cdo.keu.kz/content/19228/19149/59730/59730.htm,http://cdo.keu.kz/content/19228/19149/59731/59731.htm,http://cdo.keu.kz/content/19228/19149/59732/59732.htm,http://cdo.keu.kz/content/19228/19149/59733/59733.htm,http://cdo.keu.kz/content/19228/19149/59734/59734.htm,http://cdo.keu.kz/content/19228/19149/59735/59735.htm,http://cdo.keu.kz/content/19228/19149/59736/59736.htm,http://cdo.keu.kz/content/19228/19149/59737/59737.htm,http://cdo.keu.kz/content/19228/19149/59738/59738.htm,http://cdo.keu.kz/content/19228/19149/lek.files/image001.gif,http://cdo.keu.kz/content/19228/19149/lek.files/image002.jpg,http://cdo.keu.kz/content/19228/19149/lek.files/image003.jpg,http://cdo.keu.kz/content/19228/19149/lek.files/image004.jpg,http://cdo.keu.kz/content/19228/19149/lek.files/image005.jpg,http://cdo.keu.kz/content/19228/19149/lek.files/image006.jpg,http://cdo.keu.kz/content/19228/19149/lek.files/image007.jpg,http://cdo.keu.kz/content/19228/19149/lek.files/image008.jpg,http://cdo.keu.kz/content/19228/19149/lek.files/image009.gif,http://cdo.keu.kz/content/19228/19149/lek.files/image010.gif,http://cdo.keu.kz/content/19228/19149/lek.files/image010.jpg,http://cdo.keu.kz/content/19228/19149/lek.files/image011.gif,http://cdo.keu.kz/content/19228/19149/lek.files/image011.jpg,http://cdo.keu.kz/content/19228/19149/lek.files/image012.gif,http://cdo.keu.kz/content/19228/19149/lek.files/image012.jpg,http://cdo.keu.kz/content/19228/19149/lek.files/image013.gif,http://cdo.keu.kz/content/19228/19149/lek.files/image013.jpg,http://cdo.keu.kz/content/19228/19149/lek.files/image014.gif,http://cdo.keu.kz/content/19228/19149/lek.files/image014.jpg,http://cdo.keu.kz/content/19228/19149/lek.files/image015.gif,http://cdo.keu.kz/content/19228/19149/lek.files/image015.jpg,http://cdo.keu.kz/content/19228/19149/lek.files/image016.gif,http://cdo.keu.kz/content/19228/19149/lek.files/image016.jpg,http://cdo.keu.kz/content/19228/19149/lek.files/image017.gif,http://cdo.keu.kz/content/19228/19149/lek.files/image017.jpg,http://cdo.keu.kz/content/19228/19149/lek.files/image018.gif,http://cdo.keu.kz/content/19228/19149/lek.files/image018.jpg,http://cdo.keu.kz/content/19228/19149/lek.files/image019.gif,http://cdo.keu.kz/content/19228/19149/lek.files/image019.jpg,http://cdo.keu.kz/content/19228/19149/lek.files/image020.gif,http://cdo.keu.kz/content/19228/19149/lek.files/image020.jpg,http://cdo.keu.kz/content/19228/19149/lek.files/image021.gif,http://cdo.keu.kz/content/19228/19149/lek.files/image021.jpg,http://cdo.keu.kz/content/19228/19149/lek.files/image022.gif,http://cdo.keu.kz/content/19228/19149/lek.files/image022.jpg,http://cdo.keu.kz/content/19228/19149/lek.files/image023.gif,http://cdo.keu.kz/content/19228/19149/lek.files/image024.gif,http://cdo.keu.kz/content/19228/19149/lek.files/image025.gif,http://cdo.keu.kz/content/19228/19149/lek.files/image026.gif,http://cdo.keu.kz/content/19228/19149/lek.files/image027.gif,http://cdo.keu.kz/content/19228/19149/lek.files/image028.gif,http://cdo.keu.kz/content/19228/19149/lek.files/image029.gif,http://cdo.keu.kz/content/19228/19149/lek.files/image030.gif,http://cdo.keu.kz/content/19228/19149/lek.files/image031.gif,http://cdo.keu.kz/content/19228/19149/lek.files/image032.gif,http://cdo.keu.kz/content/19228/19149/lek.files/image033.gif,http://cdo.keu.kz/content/19228/19149/lek.files/image034.jpg,http://cdo.keu.kz/content/19228/19149/lek.files/image035.gif,,,,,,,,,,,,,,,,,,,,,,,,,,,,,,,,,,,,,,,
http://cdo.keu.kz/content/19229/19150/itog.files/colorschememapping.xml,http://cdo.keu.kz/content/19229/19150/itog.files/filelist.xml,http://cdo.keu.kz/content/19229/19150/itog.files/themedata.thmx,http://cdo.keu.kz/content/19229/19150/itog.htm,,,,,,,,,,,,,,,,,,,,,,,,,,,,,,,,,,,,,,,,,,,,,,,,,,,,,,,,,,,,,,,,,,,,,,,,,,,,,,,,,,,,,,,,,,,,,,,,,
http://cdo.keu.kz/content/19230/19151/19151.htm,http://cdo.keu.kz/content/19230/19151/59739/59739.htm,http://cdo.keu.kz/content/19230/19151/59740/59740.htm,http://cdo.keu.kz/content/19230/19151/59741/59741.htm,http://cdo.keu.kz/content/19230/19151/59742/59742.htm,http://cdo.keu.kz/content/19230/19151/59743/59743.htm,http://cdo.keu.kz/content/19230/19151/59744/59744.htm,http://cdo.keu.kz/content/19230/19151/59745/59745.htm,http://cdo.keu.kz/content/19230/19151/59746/59746.htm,http://cdo.keu.kz/content/19230/19151/59747/59747.htm,http://cdo.keu.kz/content/19230/19151/59748/59748.htm,http://cdo.keu.kz/content/19230/19151/59749/59749.htm,http://cdo.keu.kz/content/19230/19151/59750/59750.htm,http://cdo.keu.kz/content/19230/19151/59751/59751.htm,http://cdo.keu.kz/content/19230/19151/59752/59752.htm,http://cdo.keu.kz/content/19230/19151/59753/59753.htm,http://cdo.keu.kz/content/19230/19151/lek.files/image001.jpg,http://cdo.keu.kz/content/19230/19151/lek.files/image002.jpg,http://cdo.keu.kz/content/19230/19151/lek.files/image003.jpg,http://cdo.keu.kz/content/19230/19151/lek.files/image004.jpg,http://cdo.keu.kz/content/19230/19151/lek.files/image005.jpg,http://cdo.keu.kz/content/19230/19151/lek.files/image006.jpg,http://cdo.keu.kz/content/19230/19151/lek.files/image007.jpg,http://cdo.keu.kz/content/19230/19151/lek.files/image008.gif,http://cdo.keu.kz/content/19230/19151/lek.files/image009.gif,,,,,,,,,,,,,,,,,,,,,,,,,,,,,,,,,,,,,,,,,,,,,,,,,,,,,,,,,,,,,,,,,,,,,,,,,,,,
http://cdo.keu.kz/content/19231/19152/19152.htm,http://cdo.keu.kz/content/19231/19152/59754/59754.htm,http://cdo.keu.kz/content/19231/19152/59755/59755.htm,http://cdo.keu.kz/content/19231/19152/59756/59756.htm,http://cdo.keu.kz/content/19231/19152/59757/59757.htm,http://cdo.keu.kz/content/19231/19152/59758/59758.htm,http://cdo.keu.kz/content/19231/19152/59759/59759.htm,http://cdo.keu.kz/content/19231/19152/59760/59760.htm,http://cdo.keu.kz/content/19231/19152/59761/59761.htm,http://cdo.keu.kz/content/19231/19152/59762/59762.htm,http://cdo.keu.kz/content/19231/19152/59763/59763.htm,http://cdo.keu.kz/content/19231/19152/59764/59764.htm,http://cdo.keu.kz/content/19231/19152/59765/59765.htm,http://cdo.keu.kz/content/19231/19152/59766/59766.htm,http://cdo.keu.kz/content/19231/19152/59767/59767.htm,http://cdo.keu.kz/content/19231/19152/59768/59768.htm,http://cdo.keu.kz/content/19231/19152/lek.files/image001.jpg,http://cdo.keu.kz/content/19231/19152/lek.files/image002.jpg,http://cdo.keu.kz/content/19231/19152/lek.files/image003.jpg,http://cdo.keu.kz/content/19231/19152/lek.files/image004.jpg,http://cdo.keu.kz/content/19231/19152/lek.files/image005.jpg,http://cdo.keu.kz/content/19231/19152/lek.files/image006.jpg,http://cdo.keu.kz/content/19231/19152/lek.files/image007.jpg,http://cdo.keu.kz/content/19231/19152/lek.files/image008.gif,http://cdo.keu.kz/content/19231/19152/lek.files/image009.jpg,,,,,,,,,,,,,,,,,,,,,,,,,,,,,,,,,,,,,,,,,,,,,,,,,,,,,,,,,,,,,,,,,,,,,,,,,,,,
http://cdo.keu.kz/content/19232/19153/itog.files/colorschememapping.xml,http://cdo.keu.kz/content/19232/19153/itog.files/filelist.xml,http://cdo.keu.kz/content/19232/19153/itog.files/header.htm,http://cdo.keu.kz/content/19232/19153/itog.files/themedata.thmx,http://cdo.keu.kz/content/19232/19153/itog.htm,,,,,,,,,,,,,,,,,,,,,,,,,,,,,,,,,,,,,,,,,,,,,,,,,,,,,,,,,,,,,,,,,,,,,,,,,,,,,,,,,,,,,,,,,,,,,,,,
http://cdo.keu.kz/content/19233/19154/19154.htm,http://cdo.keu.kz/content/19233/19154/59769/59769.htm,http://cdo.keu.kz/content/19233/19154/59770/59770.htm,http://cdo.keu.kz/content/19233/19154/59771/59771.htm,http://cdo.keu.kz/content/19233/19154/59772/59772.htm,http://cdo.keu.kz/content/19233/19154/59773/59773.htm,http://cdo.keu.kz/content/19233/19154/59774/59774.htm,http://cdo.keu.kz/content/19233/19154/59775/59775.htm,http://cdo.keu.kz/content/19233/19154/59776/59776.htm,http://cdo.keu.kz/content/19233/19154/59777/59777.htm,http://cdo.keu.kz/content/19233/19154/59778/59778.htm,http://cdo.keu.kz/content/19233/19154/59779/59779.htm,http://cdo.keu.kz/content/19233/19154/59780/59780.htm,http://cdo.keu.kz/content/19233/19154/59781/59781.htm,http://cdo.keu.kz/content/19233/19154/59782/59782.htm,http://cdo.keu.kz/content/19233/19154/59783/59783.htm,http://cdo.keu.kz/content/19233/19154/lek.files/image001.emz,http://cdo.keu.kz/content/19233/19154/lek.files/image002.gif,http://cdo.keu.kz/content/19233/19154/lek.files/image003.jpg,http://cdo.keu.kz/content/19233/19154/lek.files/image004.jpg,http://cdo.keu.kz/content/19233/19154/lek.files/image005.jpg,http://cdo.keu.kz/content/19233/19154/lek.files/image006.jpg,http://cdo.keu.kz/content/19233/19154/lek.files/image007.gif,http://cdo.keu.kz/content/19233/19154/lek.files/image008.gif,http://cdo.keu.kz/content/19233/19154/lek.files/image009.jpg,http://cdo.keu.kz/content/19233/19154/lek.files/image010.jpg,http://cdo.keu.kz/content/19233/19154/lek.files/image011.jpg,http://cdo.keu.kz/content/19233/19154/lek.files/image012.jpg,http://cdo.keu.kz/content/19233/19154/lek.files/image013.gif,http://cdo.keu.kz/content/19233/19154/lek.files/image014.gif,http://cdo.keu.kz/content/19233/19154/lek.files/image015.gif,,,,,,,,,,,,,,,,,,,,,,,,,,,,,,,,,,,,,,,,,,,,,,,,,,,,,,,,,,,,,,,,,,,,,,
http://cdo.keu.kz/content/19234/19155/itog.files/colorschememapping.xml,http://cdo.keu.kz/content/19234/19155/itog.files/filelist.xml,http://cdo.keu.kz/content/19234/19155/itog.files/image001.wmz,http://cdo.keu.kz/content/19234/19155/itog.files/image002.gif,http://cdo.keu.kz/content/19234/19155/itog.files/image003.wmz,http://cdo.keu.kz/content/19234/19155/itog.files/image004.gif,http://cdo.keu.kz/content/19234/19155/itog.files/image005.wmz,http://cdo.keu.kz/content/19234/19155/itog.files/image006.wmz,http://cdo.keu.kz/content/19234/19155/itog.files/image007.gif,http://cdo.keu.kz/content/19234/19155/itog.files/image008.wmz,http://cdo.keu.kz/content/19234/19155/itog.files/image009.gif,http://cdo.keu.kz/content/19234/19155/itog.files/image010.wmz,http://cdo.keu.kz/content/19234/19155/itog.files/image011.gif,http://cdo.keu.kz/content/19234/19155/itog.files/image012.wmz,http://cdo.keu.kz/content/19234/19155/itog.files/image013.gif,http://cdo.keu.kz/content/19234/19155/itog.files/image014.wmz,http://cdo.keu.kz/content/19234/19155/itog.files/image015.gif,http://cdo.keu.kz/content/19234/19155/itog.files/image016.wmz,http://cdo.keu.kz/content/19234/19155/itog.files/image017.gif,http://cdo.keu.kz/content/19234/19155/itog.files/image018.wmz,http://cdo.keu.kz/content/19234/19155/itog.files/image019.gif,http://cdo.keu.kz/content/19234/19155/itog.files/image020.wmz,http://cdo.keu.kz/content/19234/19155/itog.files/image021.gif,http://cdo.keu.kz/content/19234/19155/itog.files/item0001.xml,http://cdo.keu.kz/content/19234/19155/itog.files/oledata.mso,http://cdo.keu.kz/content/19234/19155/itog.files/props0002.xml,http://cdo.keu.kz/content/19234/19155/itog.files/themedata.thmx,http://cdo.keu.kz/content/19234/19155/itog.htm,,,,,,,,,,,,,,,,,,,,,,,,,,,,,,,,,,,,,,,,,,,,,,,,,,,,,,,,,,,,,,,,,,,,,,,,,
http://cdo.keu.kz/content/19235/19156/19156.htm,http://cdo.keu.kz/content/19235/19156/59784/59784.htm,http://cdo.keu.kz/content/19235/19156/59785/59785.htm,http://cdo.keu.kz/content/19235/19156/59786/59786.htm,http://cdo.keu.kz/content/19235/19156/59787/59787.htm,http://cdo.keu.kz/content/19235/19156/59788/59788.htm,http://cdo.keu.kz/content/19235/19156/59789/59789.htm,http://cdo.keu.kz/content/19235/19156/59790/59790.htm,http://cdo.keu.kz/content/19235/19156/59791/59791.htm,http://cdo.keu.kz/content/19235/19156/59792/59792.htm,http://cdo.keu.kz/content/19235/19156/59793/59793.htm,http://cdo.keu.kz/content/19235/19156/59794/59794.htm,http://cdo.keu.kz/content/19235/19156/59795/59795.htm,http://cdo.keu.kz/content/19235/19156/59796/59796.htm,http://cdo.keu.kz/content/19235/19156/59797/59797.htm,http://cdo.keu.kz/content/19235/19156/59798/59798.htm,http://cdo.keu.kz/content/19235/19156/lek.files/image001.jpg,http://cdo.keu.kz/content/19235/19156/lek.files/image002.gif,http://cdo.keu.kz/content/19235/19156/lek.files/image003.gif,http://cdo.keu.kz/content/19235/19156/lek.files/image004.jpg,http://cdo.keu.kz/content/19235/19156/lek.files/image005.gif,http://cdo.keu.kz/content/19235/19156/lek.files/image006.gif,http://cdo.keu.kz/content/19235/19156/lek.files/image007.gif,http://cdo.keu.kz/content/19235/19156/lek.files/image008.gif,http://cdo.keu.kz/content/19235/19156/lek.files/image009.gif,http://cdo.keu.kz/content/19235/19156/lek.files/image010.gif,http://cdo.keu.kz/content/19235/19156/lek.files/image011.gif,http://cdo.keu.kz/content/19235/19156/lek.files/image012.gif,http://cdo.keu.kz/content/19235/19156/lek.files/image013.gif,,,,,,,,,,,,,,,,,,,,,,,,,,,,,,,,,,,,,,,,,,,,,,,,,,,,,,,,,,,,,,,,,,,,,,,,
http://cdo.keu.kz/content/19236/19157/19157.htm,http://cdo.keu.kz/content/19236/19157/lek.files/image001.jpg,http://cdo.keu.kz/content/19236/19157/lek.htm,,,,,,,,,,,,,,,,,,,,,,,,,,,,,,,,,,,,,,,,,,,,,,,,,,,,,,,,,,,,,,,,,,,,,,,,,,,,,,,,,,,,,,,,,,,,,,,,,,
http://cdo.keu.kz/content/19237/19158/19158.htm,http://cdo.keu.kz/content/19237/19158/59799/59799.htm,http://cdo.keu.kz/content/19237/19158/59800/59800.htm,http://cdo.keu.kz/content/19237/19158/59801/59801.htm,http://cdo.keu.kz/content/19237/19158/59802/59802.htm,http://cdo.keu.kz/content/19237/19158/59803/59803.htm,http://cdo.keu.kz/content/19237/19158/59804/59804.htm,http://cdo.keu.kz/content/19237/19158/59805/59805.htm,http://cdo.keu.kz/content/19237/19158/59806/59806.htm,http://cdo.keu.kz/content/19237/19158/59807/59807.htm,http://cdo.keu.kz/content/19237/19158/59808/59808.htm,http://cdo.keu.kz/content/19237/19158/lek.files/image001.jpg,,,,,,,,,,,,,,,,,,,,,,,,,,,,,,,,,,,,,,,,,,,,,,,,,,,,,,,,,,,,,,,,,,,,,,,,,,,,,,,,,,,,,,,,,
http://cdo.keu.kz/content/19238/19159/itog.files/colorschememapping.xml,http://cdo.keu.kz/content/19238/19159/itog.files/filelist.xml,http://cdo.keu.kz/content/19238/19159/itog.files/themedata.thmx,http://cdo.keu.kz/content/19238/19159/itog.htm,,,,,,,,,,,,,,,,,,,,,,,,,,,,,,,,,,,,,,,,,,,,,,,,,,,,,,,,,,,,,,,,,,,,,,,,,,,,,,,,,,,,,,,,,,,,,,,,,
http://cdo.keu.kz/content/19239/19160/19160.htm,http://cdo.keu.kz/content/19239/19160/59809/59809.htm,http://cdo.keu.kz/content/19239/19160/59810/59810.htm,http://cdo.keu.kz/content/19239/19160/59811/59811.htm,http://cdo.keu.kz/content/19239/19160/59812/59812.htm,http://cdo.keu.kz/content/19239/19160/59813/59813.htm,http://cdo.keu.kz/content/19239/19160/59814/59814.htm,http://cdo.keu.kz/content/19239/19160/lek.files/image001.gif,http://cdo.keu.kz/content/19239/19160/lek.files/image002.gif,http://cdo.keu.kz/content/19239/19160/lek.files/image003.gif,http://cdo.keu.kz/content/19239/19160/lek.files/image004.gif,http://cdo.keu.kz/content/19239/19160/lek.files/image005.gif,http://cdo.keu.kz/content/19239/19160/lek.files/image006.gif,http://cdo.keu.kz/content/19239/19160/lek.files/image007.gif,http://cdo.keu.kz/content/19239/19160/lek.files/image008.gif,http://cdo.keu.kz/content/19239/19160/lek.files/image009.gif,http://cdo.keu.kz/content/19239/19160/lek.files/image010.gif,http://cdo.keu.kz/content/19239/19160/lek.files/image011.gif,http://cdo.keu.kz/content/19239/19160/lek.files/image012.gif,http://cdo.keu.kz/content/19239/19160/lek.files/image013.gif,http://cdo.keu.kz/content/19239/19160/lek.files/image014.gif,,,,,,,,,,,,,,,,,,,,,,,,,,,,,,,,,,,,,,,,,,,,,,,,,,,,,,,,,,,,,,,,,,,,,,,,,,,,,,,,
http://cdo.keu.kz/content/19240/19161/itog.files/colorschememapping.xml,http://cdo.keu.kz/content/19240/19161/itog.files/filelist.xml,http://cdo.keu.kz/content/19240/19161/itog.files/themedata.thmx,http://cdo.keu.kz/content/19240/19161/itog.htm,,,,,,,,,,,,,,,,,,,,,,,,,,,,,,,,,,,,,,,,,,,,,,,,,,,,,,,,,,,,,,,,,,,,,,,,,,,,,,,,,,,,,,,,,,,,,,,,,
http://cdo.keu.kz/content/19241/19162/itog.files/colorschememapping.xml,http://cdo.keu.kz/content/19241/19162/itog.files/filelist.xml,http://cdo.keu.kz/content/19241/19162/itog.files/themedata.thmx,http://cdo.keu.kz/content/19241/19162/itog.htm,,,,,,,,,,,,,,,,,,,,,,,,,,,,,,,,,,,,,,,,,,,,,,,,,,,,,,,,,,,,,,,,,,,,,,,,,,,,,,,,,,,,,,,,,,,,,,,,,
http://cdo.keu.kz/content/19242/19163/19163.htm,http://cdo.keu.kz/content/19242/19163/59815/59815.htm,http://cdo.keu.kz/content/19242/19163/59816/59816.htm,http://cdo.keu.kz/content/19242/19163/59817/59817.htm,http://cdo.keu.kz/content/19242/19163/59818/59818.htm,http://cdo.keu.kz/content/19242/19163/59819/59819.htm,http://cdo.keu.kz/content/19242/19163/59820/59820.htm,http://cdo.keu.kz/content/19242/19163/59821/59821.htm,http://cdo.keu.kz/content/19242/19163/59822/59822.htm,http://cdo.keu.kz/content/19242/19163/59823/59823.htm,http://cdo.keu.kz/content/19242/19163/59824/59824.htm,http://cdo.keu.kz/content/19242/19163/59825/59825.htm,http://cdo.keu.kz/content/19242/19163/59826/59826.htm,http://cdo.keu.kz/content/19242/19163/59827/59827.htm,http://cdo.keu.kz/content/19242/19163/59828/59828.htm,http://cdo.keu.kz/content/19242/19163/59829/59829.htm,,,,,,,,,,,,,,,,,,,,,,,,,,,,,,,,,,,,,,,,,,,,,,,,,,,,,,,,,,,,,,,,,,,,,,,,,,,,,,,,,,,,,
http://cdo.keu.kz/content/19243/19164/itog.files/colorschememapping.xml,http://cdo.keu.kz/content/19243/19164/itog.files/filelist.xml,http://cdo.keu.kz/content/19243/19164/itog.files/header.htm,http://cdo.keu.kz/content/19243/19164/itog.files/themedata.thmx,http://cdo.keu.kz/content/19243/19164/itog.htm,,,,,,,,,,,,,,,,,,,,,,,,,,,,,,,,,,,,,,,,,,,,,,,,,,,,,,,,,,,,,,,,,,,,,,,,,,,,,,,,,,,,,,,,,,,,,,,,
http://cdo.keu.kz/content/19244/19165/19165.htm,http://cdo.keu.kz/content/19244/19165/59830/59830.htm,http://cdo.keu.kz/content/19244/19165/59831/59831.htm,http://cdo.keu.kz/content/19244/19165/59832/59832.htm,http://cdo.keu.kz/content/19244/19165/59833/59833.htm,http://cdo.keu.kz/content/19244/19165/59834/59834.htm,http://cdo.keu.kz/content/19244/19165/59835/59835.htm,http://cdo.keu.kz/content/19244/19165/59836/59836.htm,http://cdo.keu.kz/content/19244/19165/59837/59837.htm,http://cdo.keu.kz/content/19244/19165/59838/59838.htm,http://cdo.keu.kz/content/19244/19165/59839/59839.htm,http://cdo.keu.kz/content/19244/19165/59840/59840.htm,http://cdo.keu.kz/content/19244/19165/59841/59841.htm,http://cdo.keu.kz/content/19244/19165/59842/59842.htm,http://cdo.keu.kz/content/19244/19165/59843/59843.htm,http://cdo.keu.kz/content/19244/19165/59844/59844.htm,http://cdo.keu.kz/content/19244/19165/lek.files/image001.gif,,,,,,,,,,,,,,,,,,,,,,,,,,,,,,,,,,,,,,,,,,,,,,,,,,,,,,,,,,,,,,,,,,,,,,,,,,,,,,,,,,,,
http://cdo.keu.kz/content/19245/19166/itog.files/colorschememapping.xml,http://cdo.keu.kz/content/19245/19166/itog.files/filelist.xml,http://cdo.keu.kz/content/19245/19166/itog.files/themedata.thmx,http://cdo.keu.kz/content/19245/19166/itog.htm,,,,,,,,,,,,,,,,,,,,,,,,,,,,,,,,,,,,,,,,,,,,,,,,,,,,,,,,,,,,,,,,,,,,,,,,,,,,,,,,,,,,,,,,,,,,,,,,,
http://cdo.keu.kz/content/19246/19167/19167.htm,http://cdo.keu.kz/content/19246/19167/59845/59845.htm,http://cdo.keu.kz/content/19246/19167/59846/59846.htm,http://cdo.keu.kz/content/19246/19167/59847/59847.htm,http://cdo.keu.kz/content/19246/19167/59848/59848.htm,http://cdo.keu.kz/content/19246/19167/59849/59849.htm,http://cdo.keu.kz/content/19246/19167/59850/59850.htm,http://cdo.keu.kz/content/19246/19167/59851/59851.htm,http://cdo.keu.kz/content/19246/19167/59852/59852.htm,http://cdo.keu.kz/content/19246/19167/59853/59853.htm,http://cdo.keu.kz/content/19246/19167/59854/59854.htm,http://cdo.keu.kz/content/19246/19167/59855/59855.htm,http://cdo.keu.kz/content/19246/19167/59856/59856.htm,http://cdo.keu.kz/content/19246/19167/59857/59857.htm,,,,,,,,,,,,,,,,,,,,,,,,,,,,,,,,,,,,,,,,,,,,,,,,,,,,,,,,,,,,,,,,,,,,,,,,,,,,,,,,,,,,,,,
http://cdo.keu.kz/content/19247/19168/itog.files/colorschememapping.xml,http://cdo.keu.kz/content/19247/19168/itog.files/filelist.xml,http://cdo.keu.kz/content/19247/19168/itog.files/themedata.thmx,http://cdo.keu.kz/content/19247/19168/itog.htm,,,,,,,,,,,,,,,,,,,,,,,,,,,,,,,,,,,,,,,,,,,,,,,,,,,,,,,,,,,,,,,,,,,,,,,,,,,,,,,,,,,,,,,,,,,,,,,,,
http://cdo.keu.kz/content/19248/19169/19169.htm,http://cdo.keu.kz/content/19248/19169/lek.files/image001.gif,,,,,,,,,,,,,,,,,,,,,,,,,,,,,,,,,,,,,,,,,,,,,,,,,,,,,,,,,,,,,,,,,,,,,,,,,,,,,,,,,,,,,,,,,,,,,,,,,,,
http://cdo.keu.kz/content/19249/19170/19170.htm,http://cdo.keu.kz/content/19249/19170/lek.files/image001.gif,,,,,,,,,,,,,,,,,,,,,,,,,,,,,,,,,,,,,,,,,,,,,,,,,,,,,,,,,,,,,,,,,,,,,,,,,,,,,,,,,,,,,,,,,,,,,,,,,,,
http://cdo.keu.kz/content/19250/19171/19171.htm,http://cdo.keu.kz/content/19250/19171/itog.files/colorschememapping.xml,http://cdo.keu.kz/content/19250/19171/itog.files/filelist.xml,http://cdo.keu.kz/content/19250/19171/itog.files/themedata.thmx,,,,,,,,,,,,,,,,,,,,,,,,,,,,,,,,,,,,,,,,,,,,,,,,,,,,,,,,,,,,,,,,,,,,,,,,,,,,,,,,,,,,,,,,,,,,,,,,,
http://cdo.keu.kz/content/19251/19172/itog.files/colorschememapping.xml,http://cdo.keu.kz/content/19251/19172/itog.files/filelist.xml,http://cdo.keu.kz/content/19251/19172/itog.files/themedata.thmx,http://cdo.keu.kz/content/19251/19172/itog.htm,,,,,,,,,,,,,,,,,,,,,,,,,,,,,,,,,,,,,,,,,,,,,,,,,,,,,,,,,,,,,,,,,,,,,,,,,,,,,,,,,,,,,,,,,,,,,,,,,
http://cdo.keu.kz/content/19252/19173/19173.htm,http://cdo.keu.kz/content/19252/19173/lek.files/image001.jpg,,,,,,,,,,,,,,,,,,,,,,,,,,,,,,,,,,,,,,,,,,,,,,,,,,,,,,,,,,,,,,,,,,,,,,,,,,,,,,,,,,,,,,,,,,,,,,,,,,,
http://cdo.keu.kz/content/19253/19174/19174.htm,http://cdo.keu.kz/content/19253/19174/59858/59858.htm,http://cdo.keu.kz/content/19253/19174/59859/59859.htm,http://cdo.keu.kz/content/19253/19174/59860/59860.htm,http://cdo.keu.kz/content/19253/19174/59861/59861.htm,http://cdo.keu.kz/content/19253/19174/59862/59862.htm,http://cdo.keu.kz/content/19253/19174/59863/59863.htm,http://cdo.keu.kz/content/19253/19174/59864/59864.htm,http://cdo.keu.kz/content/19253/19174/59865/59865.htm,http://cdo.keu.kz/content/19253/19174/59866/59866.htm,http://cdo.keu.kz/content/19253/19174/59867/59867.htm,http://cdo.keu.kz/content/19253/19174/lek.files/image001.jpg,http://cdo.keu.kz/content/19253/19174/lek.files/image002.jpg,http://cdo.keu.kz/content/19253/19174/lek.files/image003.jpg,http://cdo.keu.kz/content/19253/19174/lek.files/image004.gif,http://cdo.keu.kz/content/19253/19174/lek.files/image005.jpg,,,,,,,,,,,,,,,,,,,,,,,,,,,,,,,,,,,,,,,,,,,,,,,,,,,,,,,,,,,,,,,,,,,,,,,,,,,,,,,,,,,,,
http://cdo.keu.kz/content/19254/19175/19175.htm,http://cdo.keu.kz/content/19254/19175/59868/59868.htm,http://cdo.keu.kz/content/19254/19175/59869/59869.htm,http://cdo.keu.kz/content/19254/19175/59870/59870.htm,http://cdo.keu.kz/content/19254/19175/59871/59871.htm,http://cdo.keu.kz/content/19254/19175/59872/59872.htm,http://cdo.keu.kz/content/19254/19175/59873/59873.htm,http://cdo.keu.kz/content/19254/19175/59874/59874.htm,http://cdo.keu.kz/content/19254/19175/59875/59875.htm,http://cdo.keu.kz/content/19254/19175/Lek.files/image001.gif,,,,,,,,,,,,,,,,,,,,,,,,,,,,,,,,,,,,,,,,,,,,,,,,,,,,,,,,,,,,,,,,,,,,,,,,,,,,,,,,,,,,,,,,,,,
http://cdo.keu.kz/content/19255/19176/19176.htm,http://cdo.keu.kz/content/19255/19176/59876/59876.htm,http://cdo.keu.kz/content/19255/19176/59877/59877.htm,http://cdo.keu.kz/content/19255/19176/59878/59878.htm,http://cdo.keu.kz/content/19255/19176/59879/59879.htm,http://cdo.keu.kz/content/19255/19176/59880/59880.htm,http://cdo.keu.kz/content/19255/19176/59881/59881.htm,http://cdo.keu.kz/content/19255/19176/59882/59882.htm,http://cdo.keu.kz/content/19255/19176/59883/59883.htm,http://cdo.keu.kz/content/19255/19176/Lek.files/image001.gif,,,,,,,,,,,,,,,,,,,,,,,,,,,,,,,,,,,,,,,,,,,,,,,,,,,,,,,,,,,,,,,,,,,,,,,,,,,,,,,,,,,,,,,,,,,
http://cdo.keu.kz/content/19256/19177/19177.htm,http://cdo.keu.kz/content/19256/19177/59884/59884.htm,http://cdo.keu.kz/content/19256/19177/59885/59885.htm,http://cdo.keu.kz/content/19256/19177/59886/59886.htm,http://cdo.keu.kz/content/19256/19177/59887/59887.htm,http://cdo.keu.kz/content/19256/19177/59888/59888.htm,http://cdo.keu.kz/content/19256/19177/59889/59889.htm,http://cdo.keu.kz/content/19256/19177/59890/59890.htm,http://cdo.keu.kz/content/19256/19177/59891/59891.htm,http://cdo.keu.kz/content/19256/19177/59892/59892.htm,http://cdo.keu.kz/content/19256/19177/59893/59893.htm,http://cdo.keu.kz/content/19256/19177/59894/59894.htm,http://cdo.keu.kz/content/19256/19177/59895/59895.htm,http://cdo.keu.kz/content/19256/19177/59896/59896.htm,http://cdo.keu.kz/content/19256/19177/59897/59897.htm,http://cdo.keu.kz/content/19256/19177/59898/59898.htm,http://cdo.keu.kz/content/19256/19177/Lek.files/image001.gif,http://cdo.keu.kz/content/19256/19177/Lek.files/image002.gif,http://cdo.keu.kz/content/19256/19177/Lek.files/image003.gif,http://cdo.keu.kz/content/19256/19177/Lek.files/image004.gif,http://cdo.keu.kz/content/19256/19177/Lek.files/image005.gif,http://cdo.keu.kz/content/19256/19177/Lek.files/image006.gif,http://cdo.keu.kz/content/19256/19177/Lek.files/image007.gif,,,,,,,,,,,,,,,,,,,,,,,,,,,,,,,,,,,,,,,,,,,,,,,,,,,,,,,,,,,,,,,,,,,,,,,,,,,,,,
http://cdo.keu.kz/content/19257/19178/19178.htm,http://cdo.keu.kz/content/19257/19178/59899/59899.htm,http://cdo.keu.kz/content/19257/19178/59900/59900.htm,http://cdo.keu.kz/content/19257/19178/59901/59901.htm,http://cdo.keu.kz/content/19257/19178/59902/59902.htm,http://cdo.keu.kz/content/19257/19178/59903/59903.htm,http://cdo.keu.kz/content/19257/19178/59904/59904.htm,http://cdo.keu.kz/content/19257/19178/59905/59905.htm,http://cdo.keu.kz/content/19257/19178/59906/59906.htm,http://cdo.keu.kz/content/19257/19178/59907/59907.htm,http://cdo.keu.kz/content/19257/19178/59908/59908.htm,http://cdo.keu.kz/content/19257/19178/59909/59909.htm,http://cdo.keu.kz/content/19257/19178/Lek.files/image001.png,,,,,,,,,,,,,,,,,,,,,,,,,,,,,,,,,,,,,,,,,,,,,,,,,,,,,,,,,,,,,,,,,,,,,,,,,,,,,,,,,,,,,,,,
http://cdo.keu.kz/content/19258/19179/19179.htm,http://cdo.keu.kz/content/19258/19179/59910/59910.htm,http://cdo.keu.kz/content/19258/19179/59911/59911.htm,http://cdo.keu.kz/content/19258/19179/59912/59912.htm,http://cdo.keu.kz/content/19258/19179/59913/59913.htm,http://cdo.keu.kz/content/19258/19179/59914/59914.htm,http://cdo.keu.kz/content/19258/19179/59915/59915.htm,http://cdo.keu.kz/content/19258/19179/59916/59916.htm,http://cdo.keu.kz/content/19258/19179/59917/59917.htm,http://cdo.keu.kz/content/19258/19179/59918/59918.htm,http://cdo.keu.kz/content/19258/19179/59919/59919.htm,http://cdo.keu.kz/content/19258/19179/lek.files/image001.png,http://cdo.keu.kz/content/19258/19179/lek.files/image002.png,http://cdo.keu.kz/content/19258/19179/lek.files/image003.png,http://cdo.keu.kz/content/19258/19179/lek.files/image004.png,http://cdo.keu.kz/content/19258/19179/lek.files/image005.png,http://cdo.keu.kz/content/19258/19179/lek.files/image006.png,http://cdo.keu.kz/content/19258/19179/lek.files/image007.jpg,http://cdo.keu.kz/content/19258/19179/lek.files/image008.jpg,http://cdo.keu.kz/content/19258/19179/lek.files/image009.jpg,http://cdo.keu.kz/content/19258/19179/lek.files/image010.jpg,http://cdo.keu.kz/content/19258/19179/lek.files/image011.jpg,http://cdo.keu.kz/content/19258/19179/lek.files/image012.jpg,http://cdo.keu.kz/content/19258/19179/lek.files/image013.jpg,http://cdo.keu.kz/content/19258/19179/lek.files/image014.jpg,http://cdo.keu.kz/content/19258/19179/lek.files/image015.png,,,,,,,,,,,,,,,,,,,,,,,,,,,,,,,,,,,,,,,,,,,,,,,,,,,,,,,,,,,,,,,,,,,,,,,,,,,
http://cdo.keu.kz/content/19259/19180/itog.files/colorschememapping.xml,http://cdo.keu.kz/content/19259/19180/itog.files/filelist.xml,http://cdo.keu.kz/content/19259/19180/itog.files/themedata.thmx,http://cdo.keu.kz/content/19259/19180/itog.htm,,,,,,,,,,,,,,,,,,,,,,,,,,,,,,,,,,,,,,,,,,,,,,,,,,,,,,,,,,,,,,,,,,,,,,,,,,,,,,,,,,,,,,,,,,,,,,,,,
http://cdo.keu.kz/content/19260/19181/19181.htm,http://cdo.keu.kz/content/19260/19181/59920/59920.htm,http://cdo.keu.kz/content/19260/19181/59921/59921.htm,http://cdo.keu.kz/content/19260/19181/59922/59922.htm,http://cdo.keu.kz/content/19260/19181/59923/59923.htm,http://cdo.keu.kz/content/19260/19181/59924/59924.htm,http://cdo.keu.kz/content/19260/19181/59925/59925.htm,http://cdo.keu.kz/content/19260/19181/59926/59926.htm,http://cdo.keu.kz/content/19260/19181/59927/59927.htm,http://cdo.keu.kz/content/19260/19181/59928/59928.htm,http://cdo.keu.kz/content/19260/19181/59929/59929.htm,http://cdo.keu.kz/content/19260/19181/59930/59930.htm,http://cdo.keu.kz/content/19260/19181/59931/59931.htm,http://cdo.keu.kz/content/19260/19181/59932/59932.htm,http://cdo.keu.kz/content/19260/19181/59933/59933.htm,http://cdo.keu.kz/content/19260/19181/59934/59934.htm,http://cdo.keu.kz/content/19260/19181/lek.files/image001.jpg,http://cdo.keu.kz/content/19260/19181/lek.files/image002.jpg,http://cdo.keu.kz/content/19260/19181/lek.files/image003.jpg,http://cdo.keu.kz/content/19260/19181/lek.files/image004.jpg,http://cdo.keu.kz/content/19260/19181/lek.files/image005.jpg,http://cdo.keu.kz/content/19260/19181/lek.files/image006.gif,http://cdo.keu.kz/content/19260/19181/lek.files/image007.gif,http://cdo.keu.kz/content/19260/19181/lek.files/image008.jpg,http://cdo.keu.kz/content/19260/19181/lek.files/image009.jpg,http://cdo.keu.kz/content/19260/19181/lek.files/image010.jpg,http://cdo.keu.kz/content/19260/19181/lek.files/image011.jpg,http://cdo.keu.kz/content/19260/19181/lek.files/image012.jpg,http://cdo.keu.kz/content/19260/19181/lek.files/image013.jpg,http://cdo.keu.kz/content/19260/19181/lek.files/image014.jpg,http://cdo.keu.kz/content/19260/19181/lek.files/image015.jpg,http://cdo.keu.kz/content/19260/19181/lek.files/image016.gif,http://cdo.keu.kz/content/19260/19181/lek.files/image017.gif,http://cdo.keu.kz/content/19260/19181/lek.files/image018.gif,http://cdo.keu.kz/content/19260/19181/lek.files/image019.gif,http://cdo.keu.kz/content/19260/19181/lek.files/image020.gif,http://cdo.keu.kz/content/19260/19181/lek.files/image021.gif,http://cdo.keu.kz/content/19260/19181/lek.files/image022.jpg,http://cdo.keu.kz/content/19260/19181/lek.files/image023.jpg,http://cdo.keu.kz/content/19260/19181/lek.files/image024.jpg,http://cdo.keu.kz/content/19260/19181/lek.files/image025.jpg,http://cdo.keu.kz/content/19260/19181/lek.files/image026.jpg,http://cdo.keu.kz/content/19260/19181/lek.files/image027.jpg,http://cdo.keu.kz/content/19260/19181/lek.files/image028.jpg,http://cdo.keu.kz/content/19260/19181/lek.files/image029.gif,http://cdo.keu.kz/content/19260/19181/lek.files/image030.gif,http://cdo.keu.kz/content/19260/19181/lek.files/image031.gif,http://cdo.keu.kz/content/19260/19181/lek.files/image032.jpg,http://cdo.keu.kz/content/19260/19181/lek.files/image033.gif,http://cdo.keu.kz/content/19260/19181/lek.files/image034.gif,http://cdo.keu.kz/content/19260/19181/lek.files/image035.gif,http://cdo.keu.kz/content/19260/19181/lek.files/image036.gif,http://cdo.keu.kz/content/19260/19181/lek.files/image037.jpg,http://cdo.keu.kz/content/19260/19181/lek.files/image038.gif,,,,,,,,,,,,,,,,,,,,,,,,,,,,,,,,,,,,,,,,,,,,,,,
http://cdo.keu.kz/content/19261/19182/itog.files/colorschememapping.xml,http://cdo.keu.kz/content/19261/19182/itog.files/filelist.xml,http://cdo.keu.kz/content/19261/19182/itog.files/header.htm,http://cdo.keu.kz/content/19261/19182/itog.files/item0001.xml,http://cdo.keu.kz/content/19261/19182/itog.files/props0002.xml,http://cdo.keu.kz/content/19261/19182/itog.files/themedata.thmx,http://cdo.keu.kz/content/19261/19182/itog.htm,,,,,,,,,,,,,,,,,,,,,,,,,,,,,,,,,,,,,,,,,,,,,,,,,,,,,,,,,,,,,,,,,,,,,,,,,,,,,,,,,,,,,,,,,,,,,,
http://cdo.keu.kz/content/19262/19183/itog.files/colorschememapping.xml,http://cdo.keu.kz/content/19262/19183/itog.files/filelist.xml,http://cdo.keu.kz/content/19262/19183/itog.files/themedata.thmx,http://cdo.keu.kz/content/19262/19183/itog.htm,,,,,,,,,,,,,,,,,,,,,,,,,,,,,,,,,,,,,,,,,,,,,,,,,,,,,,,,,,,,,,,,,,,,,,,,,,,,,,,,,,,,,,,,,,,,,,,,,
http://cdo.keu.kz/content/19263/19184/q.htm,,,,,,,,,,,,,,,,,,,,,,,,,,,,,,,,,,,,,,,,,,,,,,,,,,,,,,,,,,,,,,,,,,,,,,,,,,,,,,,,,,,,,,,,,,,,,,,,,,,,
http://cdo.keu.kz/content/19264/19185/19185.htm,http://cdo.keu.kz/content/19264/19185/59935/59935.htm,http://cdo.keu.kz/content/19264/19185/59936/59936.htm,http://cdo.keu.kz/content/19264/19185/59937/59937.htm,http://cdo.keu.kz/content/19264/19185/59938/59938.htm,http://cdo.keu.kz/content/19264/19185/59939/59939.htm,http://cdo.keu.kz/content/19264/19185/59940/59940.htm,http://cdo.keu.kz/content/19264/19185/59941/59941.htm,http://cdo.keu.kz/content/19264/19185/59942/59942.htm,http://cdo.keu.kz/content/19264/19185/59943/59943.htm,http://cdo.keu.kz/content/19264/19185/59944/59944.htm,http://cdo.keu.kz/content/19264/19185/59945/59945.htm,http://cdo.keu.kz/content/19264/19185/59946/59946.htm,http://cdo.keu.kz/content/19264/19185/lek.files/image001.png,http://cdo.keu.kz/content/19264/19185/lek.files/image002.jpg,http://cdo.keu.kz/content/19264/19185/lek.files/image003.jpg,http://cdo.keu.kz/content/19264/19185/lek.files/image004.jpg,http://cdo.keu.kz/content/19264/19185/lek.files/image005.jpg,http://cdo.keu.kz/content/19264/19185/lek.files/image006.png,http://cdo.keu.kz/content/19264/19185/lek.files/image007.jpg,http://cdo.keu.kz/content/19264/19185/lek.files/image008.jpg,http://cdo.keu.kz/content/19264/19185/lek.files/image009.png,http://cdo.keu.kz/content/19264/19185/lek.files/image010.jpg,http://cdo.keu.kz/content/19264/19185/lek.files/image011.png,http://cdo.keu.kz/content/19264/19185/lek.files/image012.png,http://cdo.keu.kz/content/19264/19185/lek.files/image013.jpg,http://cdo.keu.kz/content/19264/19185/lek.files/image014.png,http://cdo.keu.kz/content/19264/19185/lek.files/image015.png,http://cdo.keu.kz/content/19264/19185/lek.files/image016.jpg,http://cdo.keu.kz/content/19264/19185/lek.files/image017.png,http://cdo.keu.kz/content/19264/19185/lek.files/image018.png,http://cdo.keu.kz/content/19264/19185/lek.files/image019.png,http://cdo.keu.kz/content/19264/19185/lek.files/image020.png,http://cdo.keu.kz/content/19264/19185/lek.files/image021.png,http://cdo.keu.kz/content/19264/19185/lek.files/image022.png,http://cdo.keu.kz/content/19264/19185/lek.files/image023.jpg,http://cdo.keu.kz/content/19264/19185/lek.files/image024.jpg,http://cdo.keu.kz/content/19264/19185/lek.files/image025.jpg,http://cdo.keu.kz/content/19264/19185/lek.files/image026.jpg,http://cdo.keu.kz/content/19264/19185/lek.files/image027.jpg,http://cdo.keu.kz/content/19264/19185/lek.files/image028.jpg,http://cdo.keu.kz/content/19264/19185/lek.files/image029.jpg,http://cdo.keu.kz/content/19264/19185/lek.files/image030.jpg,http://cdo.keu.kz/content/19264/19185/lek.files/image031.png,http://cdo.keu.kz/content/19264/19185/lek.files/image032.png,http://cdo.keu.kz/content/19264/19185/lek.files/image033.png,http://cdo.keu.kz/content/19264/19185/lek.files/image034.png,http://cdo.keu.kz/content/19264/19185/lek.files/image035.jpg,http://cdo.keu.kz/content/19264/19185/lek.files/image036.png,http://cdo.keu.kz/content/19264/19185/lek.files/image037.png,http://cdo.keu.kz/content/19264/19185/lek.files/image038.png,http://cdo.keu.kz/content/19264/19185/lek.files/image039.png,http://cdo.keu.kz/content/19264/19185/lek.files/image040.png,http://cdo.keu.kz/content/19264/19185/lek.files/image041.jpg,http://cdo.keu.kz/content/19264/19185/lek.files/image042.jpg,http://cdo.keu.kz/content/19264/19185/lek.files/image043.jpg,http://cdo.keu.kz/content/19264/19185/lek.files/image044.jpg,http://cdo.keu.kz/content/19264/19185/lek.files/image045.jpg,http://cdo.keu.kz/content/19264/19185/lek.files/image046.jpg,http://cdo.keu.kz/content/19264/19185/lek.files/image047.jpg,http://cdo.keu.kz/content/19264/19185/lek.files/image048.jpg,http://cdo.keu.kz/content/19264/19185/lek.files/image049.jpg,http://cdo.keu.kz/content/19264/19185/lek.files/image050.jpg,http://cdo.keu.kz/content/19264/19185/lek.files/image051.jpg,http://cdo.keu.kz/content/19264/19185/lek.files/image052.png,http://cdo.keu.kz/content/19264/19185/lek.files/image053.png,http://cdo.keu.kz/content/19264/19185/lek.files/image054.png,http://cdo.keu.kz/content/19264/19185/lek.files/image055.jpg,http://cdo.keu.kz/content/19264/19185/lek.files/image056.jpg,http://cdo.keu.kz/content/19264/19185/lek.files/image057.jpg,http://cdo.keu.kz/content/19264/19185/lek.files/image058.png,http://cdo.keu.kz/content/19264/19185/lek.files/image059.jpg,http://cdo.keu.kz/content/19264/19185/lek.files/image060.jpg,http://cdo.keu.kz/content/19264/19185/lek.files/image061.jpg,http://cdo.keu.kz/content/19264/19185/lek.files/image062.jpg,http://cdo.keu.kz/content/19264/19185/lek.files/image063.jpg,http://cdo.keu.kz/content/19264/19185/lek.files/image064.jpg,http://cdo.keu.kz/content/19264/19185/lek.files/image065.jpg,http://cdo.keu.kz/content/19264/19185/lek.files/image066.jpg,http://cdo.keu.kz/content/19264/19185/lek.files/image067.png,http://cdo.keu.kz/content/19264/19185/lek.files/image068.jpg,http://cdo.keu.kz/content/19264/19185/lek.files/image069.jpg,http://cdo.keu.kz/content/19264/19185/lek.files/image070.jpg,http://cdo.keu.kz/content/19264/19185/lek.files/image071.jpg,http://cdo.keu.kz/content/19264/19185/lek.files/image072.jpg,http://cdo.keu.kz/content/19264/19185/lek.files/image073.jpg,http://cdo.keu.kz/content/19264/19185/lek.files/image074.jpg,http://cdo.keu.kz/content/19264/19185/lek.files/image075.jpg,http://cdo.keu.kz/content/19264/19185/lek.files/image076.jpg,http://cdo.keu.kz/content/19264/19185/lek.files/image077.jpg,http://cdo.keu.kz/content/19264/19185/lek.files/image078.jpg,http://cdo.keu.kz/content/19264/19185/lek.files/image079.jpg,http://cdo.keu.kz/content/19264/19185/lek.files/image080.jpg,http://cdo.keu.kz/content/19264/19185/lek.files/image081.jpg,http://cdo.keu.kz/content/19264/19185/lek.files/image082.jpg,http://cdo.keu.kz/content/19264/19185/lek.files/image083.jpg,http://cdo.keu.kz/content/19264/19185/lek.files/image084.jpg,http://cdo.keu.kz/content/19264/19185/lek.files/image085.jpg,http://cdo.keu.kz/content/19264/19185/lek.files/image086.jpg,http://cdo.keu.kz/content/19264/19185/lek.files/image087.png,http://cdo.keu.kz/content/19264/19185/lek.files/image088.jpg
http://cdo.keu.kz/content/19265/19186/19186.htm,http://cdo.keu.kz/content/19265/19186/59947/59947.htm,http://cdo.keu.kz/content/19265/19186/59948/59948.htm,http://cdo.keu.kz/content/19265/19186/59949/59949.htm,http://cdo.keu.kz/content/19265/19186/59950/59950.htm,http://cdo.keu.kz/content/19265/19186/59951/59951.htm,http://cdo.keu.kz/content/19265/19186/59952/59952.htm,http://cdo.keu.kz/content/19265/19186/59953/59953.htm,http://cdo.keu.kz/content/19265/19186/59954/59954.htm,http://cdo.keu.kz/content/19265/19186/59955/59955.htm,http://cdo.keu.kz/content/19265/19186/59956/59956.htm,http://cdo.keu.kz/content/19265/19186/59957/59957.htm,http://cdo.keu.kz/content/19265/19186/59958/59958.htm,http://cdo.keu.kz/content/19265/19186/59959/59959.htm,http://cdo.keu.kz/content/19265/19186/lek.files/image001.jpg,http://cdo.keu.kz/content/19265/19186/lek.files/image002.jpg,http://cdo.keu.kz/content/19265/19186/lek.files/image003.jpg,http://cdo.keu.kz/content/19265/19186/lek.files/image004.jpg,http://cdo.keu.kz/content/19265/19186/lek.files/image005.jpg,http://cdo.keu.kz/content/19265/19186/lek.files/image006.jpg,http://cdo.keu.kz/content/19265/19186/lek.files/image007.jpg,http://cdo.keu.kz/content/19265/19186/lek.files/image008.jpg,http://cdo.keu.kz/content/19265/19186/lek.files/image009.jpg,http://cdo.keu.kz/content/19265/19186/lek.files/image010.png,http://cdo.keu.kz/content/19265/19186/lek.files/image011.jpg,http://cdo.keu.kz/content/19265/19186/lek.files/image012.png,http://cdo.keu.kz/content/19265/19186/lek.files/image013.png,http://cdo.keu.kz/content/19265/19186/lek.files/image014.jpg,http://cdo.keu.kz/content/19265/19186/lek.files/image015.png,http://cdo.keu.kz/content/19265/19186/lek.files/image016.png,http://cdo.keu.kz/content/19265/19186/lek.files/image017.jpg,http://cdo.keu.kz/content/19265/19186/lek.files/image018.png,http://cdo.keu.kz/content/19265/19186/lek.files/image019.png,http://cdo.keu.kz/content/19265/19186/lek.files/image020.png,http://cdo.keu.kz/content/19265/19186/lek.files/image021.png,http://cdo.keu.kz/content/19265/19186/lek.files/image022.png,http://cdo.keu.kz/content/19265/19186/lek.files/image023.png,http://cdo.keu.kz/content/19265/19186/lek.files/image024.jpg,http://cdo.keu.kz/content/19265/19186/lek.files/image025.jpg,http://cdo.keu.kz/content/19265/19186/lek.files/image026.jpg,http://cdo.keu.kz/content/19265/19186/lek.files/image027.jpg,http://cdo.keu.kz/content/19265/19186/lek.files/image028.jpg,http://cdo.keu.kz/content/19265/19186/lek.files/image029.jpg,http://cdo.keu.kz/content/19265/19186/lek.files/image030.jpg,http://cdo.keu.kz/content/19265/19186/lek.files/image031.jpg,http://cdo.keu.kz/content/19265/19186/lek.files/image032.jpg,http://cdo.keu.kz/content/19265/19186/lek.files/image033.jpg,http://cdo.keu.kz/content/19265/19186/lek.files/image034.jpg,http://cdo.keu.kz/content/19265/19186/lek.files/image035.jpg,http://cdo.keu.kz/content/19265/19186/lek.files/image036.jpg,http://cdo.keu.kz/content/19265/19186/lek.files/image037.png,http://cdo.keu.kz/content/19265/19186/lek.files/image038.png,http://cdo.keu.kz/content/19265/19186/lek.files/image039.png,http://cdo.keu.kz/content/19265/19186/lek.files/image040.jpg,http://cdo.keu.kz/content/19265/19186/lek.files/image041.jpg,http://cdo.keu.kz/content/19265/19186/lek.files/image042.jpg,http://cdo.keu.kz/content/19265/19186/lek.files/image043.jpg,http://cdo.keu.kz/content/19265/19186/lek.files/image044.jpg,http://cdo.keu.kz/content/19265/19186/lek.files/image045.jpg,http://cdo.keu.kz/content/19265/19186/lek.files/image046.jpg,http://cdo.keu.kz/content/19265/19186/lek.files/image047.jpg,http://cdo.keu.kz/content/19265/19186/lek.files/image048.jpg,http://cdo.keu.kz/content/19265/19186/lek.files/image049.jpg,http://cdo.keu.kz/content/19265/19186/lek.files/image050.jpg,http://cdo.keu.kz/content/19265/19186/lek.files/image051.png,http://cdo.keu.kz/content/19265/19186/lek.files/image052.png,http://cdo.keu.kz/content/19265/19186/lek.files/image053.png,http://cdo.keu.kz/content/19265/19186/lek.files/image054.jpg,http://cdo.keu.kz/content/19265/19186/lek.files/image055.jpg,http://cdo.keu.kz/content/19265/19186/lek.files/image056.jpg,http://cdo.keu.kz/content/19265/19186/lek.files/image057.png,http://cdo.keu.kz/content/19265/19186/lek.files/image058.jpg,http://cdo.keu.kz/content/19265/19186/lek.files/image059.jpg,http://cdo.keu.kz/content/19265/19186/lek.files/image060.jpg,http://cdo.keu.kz/content/19265/19186/lek.files/image061.jpg,http://cdo.keu.kz/content/19265/19186/lek.files/image062.jpg,http://cdo.keu.kz/content/19265/19186/lek.files/image063.jpg,http://cdo.keu.kz/content/19265/19186/lek.files/image064.jpg,http://cdo.keu.kz/content/19265/19186/lek.files/image065.jpg,http://cdo.keu.kz/content/19265/19186/lek.files/image066.png,http://cdo.keu.kz/content/19265/19186/lek.files/image067.jpg,http://cdo.keu.kz/content/19265/19186/lek.files/image068.jpg,http://cdo.keu.kz/content/19265/19186/lek.files/image069.jpg,http://cdo.keu.kz/content/19265/19186/lek.files/image070.jpg,http://cdo.keu.kz/content/19265/19186/lek.files/image071.jpg,http://cdo.keu.kz/content/19265/19186/lek.files/image072.jpg,http://cdo.keu.kz/content/19265/19186/lek.files/image073.jpg,http://cdo.keu.kz/content/19265/19186/lek.files/image074.jpg,http://cdo.keu.kz/content/19265/19186/lek.files/image075.jpg,http://cdo.keu.kz/content/19265/19186/lek.files/image076.jpg,http://cdo.keu.kz/content/19265/19186/lek.files/image077.jpg,http://cdo.keu.kz/content/19265/19186/lek.files/image078.jpg,http://cdo.keu.kz/content/19265/19186/lek.files/image079.jpg,http://cdo.keu.kz/content/19265/19186/lek.files/image080.jpg,http://cdo.keu.kz/content/19265/19186/lek.files/image081.jpg,http://cdo.keu.kz/content/19265/19186/lek.files/image082.jpg,http://cdo.keu.kz/content/19265/19186/lek.files/image083.jpg,http://cdo.keu.kz/content/19265/19186/lek.files/image084.jpg,http://cdo.keu.kz/content/19265/19186/lek.files/image085.jpg,http://cdo.keu.kz/content/19265/19186/lek.files/image086.jpg,
http://cdo.keu.kz/content/19266/19187/itog.files/colorschememapping.xml,http://cdo.keu.kz/content/19266/19187/itog.files/filelist.xml,http://cdo.keu.kz/content/19266/19187/itog.files/item0001.xml,http://cdo.keu.kz/content/19266/19187/itog.files/props0002.xml,http://cdo.keu.kz/content/19266/19187/itog.files/themedata.thmx,http://cdo.keu.kz/content/19266/19187/itog.htm,,,,,,,,,,,,,,,,,,,,,,,,,,,,,,,,,,,,,,,,,,,,,,,,,,,,,,,,,,,,,,,,,,,,,,,,,,,,,,,,,,,,,,,,,,,,,,,
http://cdo.keu.kz/content/19267/19188/itog.files/colorschememapping.xml,http://cdo.keu.kz/content/19267/19188/itog.files/filelist.xml,http://cdo.keu.kz/content/19267/19188/itog.files/themedata.thmx,http://cdo.keu.kz/content/19267/19188/itog.htm,,,,,,,,,,,,,,,,,,,,,,,,,,,,,,,,,,,,,,,,,,,,,,,,,,,,,,,,,,,,,,,,,,,,,,,,,,,,,,,,,,,,,,,,,,,,,,,,,
http://cdo.keu.kz/content/19268/19189/19189.htm,http://cdo.keu.kz/content/19268/19189/59960/59960.htm,http://cdo.keu.kz/content/19268/19189/59961/59961.htm,http://cdo.keu.kz/content/19268/19189/59962/59962.htm,http://cdo.keu.kz/content/19268/19189/59963/59963.htm,http://cdo.keu.kz/content/19268/19189/59964/59964.htm,http://cdo.keu.kz/content/19268/19189/59965/59965.htm,http://cdo.keu.kz/content/19268/19189/59966/59966.htm,http://cdo.keu.kz/content/19268/19189/lek.files/image001.png,http://cdo.keu.kz/content/19268/19189/lek.files/image002.png,http://cdo.keu.kz/content/19268/19189/lek.files/image003.png,http://cdo.keu.kz/content/19268/19189/lek.files/image004.png,http://cdo.keu.kz/content/19268/19189/lek.files/image005.png,http://cdo.keu.kz/content/19268/19189/lek.files/image006.png,http://cdo.keu.kz/content/19268/19189/lek.files/image007.png,http://cdo.keu.kz/content/19268/19189/lek.files/image008.png,http://cdo.keu.kz/content/19268/19189/lek.files/image009.png,http://cdo.keu.kz/content/19268/19189/lek.files/image010.png,http://cdo.keu.kz/content/19268/19189/lek.files/image011.png,http://cdo.keu.kz/content/19268/19189/lek.files/image012.png,http://cdo.keu.kz/content/19268/19189/lek.files/image013.png,http://cdo.keu.kz/content/19268/19189/lek.files/image014.png,http://cdo.keu.kz/content/19268/19189/lek.files/image015.png,http://cdo.keu.kz/content/19268/19189/lek.files/image016.png,http://cdo.keu.kz/content/19268/19189/lek.files/image017.png,http://cdo.keu.kz/content/19268/19189/lek.files/image018.png,http://cdo.keu.kz/content/19268/19189/lek.files/image019.png,http://cdo.keu.kz/content/19268/19189/lek.files/image020.png,http://cdo.keu.kz/content/19268/19189/lek.files/image021.png,,,,,,,,,,,,,,,,,,,,,,,,,,,,,,,,,,,,,,,,,,,,,,,,,,,,,,,,,,,,,,,,,,,,,,,,
http://cdo.keu.kz/content/19269/19190/itog.files/colorschememapping.xml,http://cdo.keu.kz/content/19269/19190/itog.files/filelist.xml,http://cdo.keu.kz/content/19269/19190/itog.files/header.htm,http://cdo.keu.kz/content/19269/19190/itog.files/image001.gif,http://cdo.keu.kz/content/19269/19190/itog.files/preview.wmf,http://cdo.keu.kz/content/19269/19190/itog.files/themedata.thmx,http://cdo.keu.kz/content/19269/19190/itog.htm,,,,,,,,,,,,,,,,,,,,,,,,,,,,,,,,,,,,,,,,,,,,,,,,,,,,,,,,,,,,,,,,,,,,,,,,,,,,,,,,,,,,,,,,,,,,,,
http://cdo.keu.kz/content/19270/19191/19191.htm,http://cdo.keu.kz/content/19270/19191/59967/59967.htm,http://cdo.keu.kz/content/19270/19191/59968/59968.htm,http://cdo.keu.kz/content/19270/19191/59969/59969.htm,http://cdo.keu.kz/content/19270/19191/59970/59970.htm,http://cdo.keu.kz/content/19270/19191/59971/59971.htm,http://cdo.keu.kz/content/19270/19191/59972/59972.htm,http://cdo.keu.kz/content/19270/19191/59973/59973.htm,http://cdo.keu.kz/content/19270/19191/59974/59974.htm,http://cdo.keu.kz/content/19270/19191/59975/59975.htm,http://cdo.keu.kz/content/19270/19191/59976/59976.htm,http://cdo.keu.kz/content/19270/19191/59977/59977.htm,http://cdo.keu.kz/content/19270/19191/59978/59978.htm,http://cdo.keu.kz/content/19270/19191/59979/59979.htm,http://cdo.keu.kz/content/19270/19191/59980/59980.htm,http://cdo.keu.kz/content/19270/19191/59981/59981.htm,http://cdo.keu.kz/content/19270/19191/Lek.files/image001.jpg,,,,,,,,,,,,,,,,,,,,,,,,,,,,,,,,,,,,,,,,,,,,,,,,,,,,,,,,,,,,,,,,,,,,,,,,,,,,,,,,,,,,
http://cdo.keu.kz/content/19271/19192/q.htm,,,,,,,,,,,,,,,,,,,,,,,,,,,,,,,,,,,,,,,,,,,,,,,,,,,,,,,,,,,,,,,,,,,,,,,,,,,,,,,,,,,,,,,,,,,,,,,,,,,,
http://cdo.keu.kz/content/19272/19193/19193.htm,http://cdo.keu.kz/content/19272/19193/59982/59982.htm,http://cdo.keu.kz/content/19272/19193/59983/59983.htm,http://cdo.keu.kz/content/19272/19193/59984/59984.htm,http://cdo.keu.kz/content/19272/19193/59985/59985.htm,http://cdo.keu.kz/content/19272/19193/59986/59986.htm,http://cdo.keu.kz/content/19272/19193/59987/59987.htm,http://cdo.keu.kz/content/19272/19193/59988/59988.htm,http://cdo.keu.kz/content/19272/19193/59989/59989.htm,http://cdo.keu.kz/content/19272/19193/59990/59990.htm,http://cdo.keu.kz/content/19272/19193/59991/59991.htm,http://cdo.keu.kz/content/19272/19193/59992/59992.htm,http://cdo.keu.kz/content/19272/19193/59993/59993.htm,http://cdo.keu.kz/content/19272/19193/59994/59994.htm,http://cdo.keu.kz/content/19272/19193/59995/59995.htm,http://cdo.keu.kz/content/19272/19193/59996/59996.htm,http://cdo.keu.kz/content/19272/19193/Lek.files/image001.jpg,,,,,,,,,,,,,,,,,,,,,,,,,,,,,,,,,,,,,,,,,,,,,,,,,,,,,,,,,,,,,,,,,,,,,,,,,,,,,,,,,,,,
http://cdo.keu.kz/content/19273/19194/q.htm,,,,,,,,,,,,,,,,,,,,,,,,,,,,,,,,,,,,,,,,,,,,,,,,,,,,,,,,,,,,,,,,,,,,,,,,,,,,,,,,,,,,,,,,,,,,,,,,,,,,
http://cdo.keu.kz/content/19274/19195/19195.htm,http://cdo.keu.kz/content/19274/19195/59997/59997.htm,http://cdo.keu.kz/content/19274/19195/59998/59998.htm,http://cdo.keu.kz/content/19274/19195/59999/59999.htm,http://cdo.keu.kz/content/19274/19195/60000/60000.htm,http://cdo.keu.kz/content/19274/19195/60001/60001.htm,http://cdo.keu.kz/content/19274/19195/60002/60002.htm,http://cdo.keu.kz/content/19274/19195/60003/60003.htm,http://cdo.keu.kz/content/19274/19195/60004/60004.htm,http://cdo.keu.kz/content/19274/19195/60005/60005.htm,http://cdo.keu.kz/content/19274/19195/60006/60006.htm,http://cdo.keu.kz/content/19274/19195/60007/60007.htm,http://cdo.keu.kz/content/19274/19195/60008/60008.htm,http://cdo.keu.kz/content/19274/19195/60009/60009.htm,http://cdo.keu.kz/content/19274/19195/60010/60010.htm,http://cdo.keu.kz/content/19274/19195/60011/60011.htm,http://cdo.keu.kz/content/19274/19195/Lek.files/image001.gif,http://cdo.keu.kz/content/19274/19195/Lek.files/image002.gif,http://cdo.keu.kz/content/19274/19195/Lek.files/image003.gif,http://cdo.keu.kz/content/19274/19195/Lek.files/image004.gif,http://cdo.keu.kz/content/19274/19195/Lek.files/image005.gif,http://cdo.keu.kz/content/19274/19195/Lek.files/image006.gif,http://cdo.keu.kz/content/19274/19195/Lek.files/image007.gif,http://cdo.keu.kz/content/19274/19195/Lek.files/image008.gif,http://cdo.keu.kz/content/19274/19195/Lek.files/image009.gif,http://cdo.keu.kz/content/19274/19195/Lek.files/image010.gif,http://cdo.keu.kz/content/19274/19195/Lek.files/image011.gif,http://cdo.keu.kz/content/19274/19195/Lek.files/image012.gif,http://cdo.keu.kz/content/19274/19195/Lek.files/image013.gif,http://cdo.keu.kz/content/19274/19195/Lek.files/image014.gif,http://cdo.keu.kz/content/19274/19195/Lek.files/image015.gif,http://cdo.keu.kz/content/19274/19195/Lek.files/image016.gif,http://cdo.keu.kz/content/19274/19195/Lek.files/image017.gif,http://cdo.keu.kz/content/19274/19195/Lek.files/image018.gif,http://cdo.keu.kz/content/19274/19195/Lek.files/image019.gif,http://cdo.keu.kz/content/19274/19195/Lek.files/image020.gif,http://cdo.keu.kz/content/19274/19195/Lek.files/image021.gif,http://cdo.keu.kz/content/19274/19195/Lek.files/image022.gif,http://cdo.keu.kz/content/19274/19195/Lek.files/image023.gif,http://cdo.keu.kz/content/19274/19195/Lek.files/image024.gif,http://cdo.keu.kz/content/19274/19195/Lek.files/image025.gif,http://cdo.keu.kz/content/19274/19195/Lek.files/image026.gif,http://cdo.keu.kz/content/19274/19195/Lek.files/image027.gif,http://cdo.keu.kz/content/19274/19195/Lek.files/image028.gif,http://cdo.keu.kz/content/19274/19195/Lek.files/image029.gif,http://cdo.keu.kz/content/19274/19195/Lek.files/image030.gif,http://cdo.keu.kz/content/19274/19195/Lek.files/image031.gif,http://cdo.keu.kz/content/19274/19195/Lek.files/image032.gif,http://cdo.keu.kz/content/19274/19195/Lek.files/image033.gif,http://cdo.keu.kz/content/19274/19195/Lek.files/image034.gif,http://cdo.keu.kz/content/19274/19195/Lek.files/image035.gif,http://cdo.keu.kz/content/19274/19195/Lek.files/image036.gif,http://cdo.keu.kz/content/19274/19195/Lek.files/image037.gif,,,,,,,,,,,,,,,,,,,,,,,,,,,,,,,,,,,,,,,,,,,,,,,,
http://cdo.keu.kz/content/19275/19196/q.htm,,,,,,,,,,,,,,,,,,,,,,,,,,,,,,,,,,,,,,,,,,,,,,,,,,,,,,,,,,,,,,,,,,,,,,,,,,,,,,,,,,,,,,,,,,,,,,,,,,,,
http://cdo.keu.kz/content/19276/19197/19197.htm,http://cdo.keu.kz/content/19276/19197/60012/60012.htm,http://cdo.keu.kz/content/19276/19197/60013/60013.htm,http://cdo.keu.kz/content/19276/19197/60014/60014.htm,http://cdo.keu.kz/content/19276/19197/60015/60015.htm,http://cdo.keu.kz/content/19276/19197/60016/60016.htm,http://cdo.keu.kz/content/19276/19197/60017/60017.htm,http://cdo.keu.kz/content/19276/19197/60018/60018.htm,http://cdo.keu.kz/content/19276/19197/60019/60019.htm,http://cdo.keu.kz/content/19276/19197/60020/60020.htm,http://cdo.keu.kz/content/19276/19197/60021/60021.htm,http://cdo.keu.kz/content/19276/19197/60022/60022.htm,http://cdo.keu.kz/content/19276/19197/60023/60023.htm,http://cdo.keu.kz/content/19276/19197/Lek.files/image001.png,http://cdo.keu.kz/content/19276/19197/Lek.files/image002.png,http://cdo.keu.kz/content/19276/19197/Lek.files/image003.png,http://cdo.keu.kz/content/19276/19197/Lek.files/image004.png,http://cdo.keu.kz/content/19276/19197/Lek.files/image005.png,http://cdo.keu.kz/content/19276/19197/Lek.files/image006.png,http://cdo.keu.kz/content/19276/19197/Lek.files/image007.png,http://cdo.keu.kz/content/19276/19197/Lek.files/image008.png,http://cdo.keu.kz/content/19276/19197/Lek.files/image009.png,http://cdo.keu.kz/content/19276/19197/Lek.files/image010.png,http://cdo.keu.kz/content/19276/19197/Lek.files/image011.png,http://cdo.keu.kz/content/19276/19197/Lek.files/image012.png,http://cdo.keu.kz/content/19276/19197/Lek.files/image013.png,http://cdo.keu.kz/content/19276/19197/Lek.files/image014.png,http://cdo.keu.kz/content/19276/19197/Lek.files/image015.png,http://cdo.keu.kz/content/19276/19197/Lek.files/image016.png,http://cdo.keu.kz/content/19276/19197/Lek.files/image017.png,http://cdo.keu.kz/content/19276/19197/Lek.files/image018.png,,,,,,,,,,,,,,,,,,,,,,,,,,,,,,,,,,,,,,,,,,,,,,,,,,,,,,,,,,,,,,,,,,,,,,
http://cdo.keu.kz/content/19277/19198/itog.files/image001.png,http://cdo.keu.kz/content/19277/19198/itog.files/image002.png,http://cdo.keu.kz/content/19277/19198/itog.files/image003.png,http://cdo.keu.kz/content/19277/19198/itog.files/image004.png,http://cdo.keu.kz/content/19277/19198/itog.files/image005.png,http://cdo.keu.kz/content/19277/19198/itog.files/image006.png,http://cdo.keu.kz/content/19277/19198/itog.htm,,,,,,,,,,,,,,,,,,,,,,,,,,,,,,,,,,,,,,,,,,,,,,,,,,,,,,,,,,,,,,,,,,,,,,,,,,,,,,,,,,,,,,,,,,,,,,
http://cdo.keu.kz/content/19278/19199/itog.files/image001.png,http://cdo.keu.kz/content/19278/19199/itog.files/image002.png,http://cdo.keu.kz/content/19278/19199/itog.files/image003.png,http://cdo.keu.kz/content/19278/19199/itog.files/image004.png,http://cdo.keu.kz/content/19278/19199/itog.files/image005.png,http://cdo.keu.kz/content/19278/19199/itog.files/image006.png,http://cdo.keu.kz/content/19278/19199/itog.htm,,,,,,,,,,,,,,,,,,,,,,,,,,,,,,,,,,,,,,,,,,,,,,,,,,,,,,,,,,,,,,,,,,,,,,,,,,,,,,,,,,,,,,,,,,,,,,
http://cdo.keu.kz/content/19279/19200/itog.htm,,,,,,,,,,,,,,,,,,,,,,,,,,,,,,,,,,,,,,,,,,,,,,,,,,,,,,,,,,,,,,,,,,,,,,,,,,,,,,,,,,,,,,,,,,,,,,,,,,,,
http://cdo.keu.kz/content/19280/19201/19201.htm,http://cdo.keu.kz/content/19280/19201/60024/60024.htm,http://cdo.keu.kz/content/19280/19201/60025/60025.htm,http://cdo.keu.kz/content/19280/19201/60026/60026.htm,http://cdo.keu.kz/content/19280/19201/60027/60027.htm,http://cdo.keu.kz/content/19280/19201/60028/60028.htm,http://cdo.keu.kz/content/19280/19201/60029/60029.htm,http://cdo.keu.kz/content/19280/19201/60030/60030.htm,http://cdo.keu.kz/content/19280/19201/60031/60031.htm,http://cdo.keu.kz/content/19280/19201/60032/60032.htm,http://cdo.keu.kz/content/19280/19201/60033/60033.htm,http://cdo.keu.kz/content/19280/19201/60034/60034.htm,http://cdo.keu.kz/content/19280/19201/60035/60035.htm,http://cdo.keu.kz/content/19280/19201/60036/60036.htm,http://cdo.keu.kz/content/19280/19201/60037/60037.htm,http://cdo.keu.kz/content/19280/19201/60038/60038.htm,http://cdo.keu.kz/content/19280/19201/Lekcia.files/image001.gif,http://cdo.keu.kz/content/19280/19201/Lekcia.files/image002.gif,,,,,,,,,,,,,,,,,,,,,,,,,,,,,,,,,,,,,,,,,,,,,,,,,,,,,,,,,,,,,,,,,,,,,,,,,,,,,,,,,,,
http://cdo.keu.kz/content/19281/19202/itog..htm,,,,,,,,,,,,,,,,,,,,,,,,,,,,,,,,,,,,,,,,,,,,,,,,,,,,,,,,,,,,,,,,,,,,,,,,,,,,,,,,,,,,,,,,,,,,,,,,,,,,
http://cdo.keu.kz/content/19282/19203/itog.htm,,,,,,,,,,,,,,,,,,,,,,,,,,,,,,,,,,,,,,,,,,,,,,,,,,,,,,,,,,,,,,,,,,,,,,,,,,,,,,,,,,,,,,,,,,,,,,,,,,,,
http://cdo.keu.kz/content/19283/19204/itog.htm,http://cdo.keu.kz/content/19283/19204/q.htm,,,,,,,,,,,,,,,,,,,,,,,,,,,,,,,,,,,,,,,,,,,,,,,,,,,,,,,,,,,,,,,,,,,,,,,,,,,,,,,,,,,,,,,,,,,,,,,,,,,
http://cdo.keu.kz/content/19286/19205/19205.htm,http://cdo.keu.kz/content/19286/19205/60039/60039.htm,http://cdo.keu.kz/content/19286/19205/60040/60040.htm,http://cdo.keu.kz/content/19286/19205/60041/60041.htm,http://cdo.keu.kz/content/19286/19205/60042/60042.htm,http://cdo.keu.kz/content/19286/19205/60043/60043.htm,http://cdo.keu.kz/content/19286/19205/60044/60044.htm,http://cdo.keu.kz/content/19286/19205/60045/60045.htm,http://cdo.keu.kz/content/19286/19205/60046/60046.htm,http://cdo.keu.kz/content/19286/19205/60047/60047.htm,http://cdo.keu.kz/content/19286/19205/60048/60048.htm,http://cdo.keu.kz/content/19286/19205/60049/60049.htm,http://cdo.keu.kz/content/19286/19205/60050/60050.htm,http://cdo.keu.kz/content/19286/19205/60051/60051.htm,http://cdo.keu.kz/content/19286/19205/60052/60052.htm,,,,,,,,,,,,,,,,,,,,,,,,,,,,,,,,,,,,,,,,,,,,,,,,,,,,,,,,,,,,,,,,,,,,,,,,,,,,,,,,,,,,,,
http://cdo.keu.kz/content/19287/19206/q.htm,,,,,,,,,,,,,,,,,,,,,,,,,,,,,,,,,,,,,,,,,,,,,,,,,,,,,,,,,,,,,,,,,,,,,,,,,,,,,,,,,,,,,,,,,,,,,,,,,,,,
http://cdo.keu.kz/content/19288/19207/19207.htm,http://cdo.keu.kz/content/19288/19207/60053/60053.htm,http://cdo.keu.kz/content/19288/19207/60054/60054.htm,http://cdo.keu.kz/content/19288/19207/60055/60055.htm,http://cdo.keu.kz/content/19288/19207/60056/60056.htm,http://cdo.keu.kz/content/19288/19207/60057/60057.htm,http://cdo.keu.kz/content/19288/19207/60058/60058.htm,http://cdo.keu.kz/content/19288/19207/60059/60059.htm,http://cdo.keu.kz/content/19288/19207/60060/60060.htm,http://cdo.keu.kz/content/19288/19207/60061/60061.htm,http://cdo.keu.kz/content/19288/19207/60062/60062.htm,http://cdo.keu.kz/content/19288/19207/60063/60063.htm,http://cdo.keu.kz/content/19288/19207/60064/60064.htm,http://cdo.keu.kz/content/19288/19207/60065/60065.htm,http://cdo.keu.kz/content/19288/19207/60066/60066.htm,http://cdo.keu.kz/content/19288/19207/60067/60067.htm,http://cdo.keu.kz/content/19288/19207/60068/60068.htm,http://cdo.keu.kz/content/19288/19207/60069/60069.htm,,,,,,,,,,,,,,,,,,,,,,,,,,,,,,,,,,,,,,,,,,,,,,,,,,,,,,,,,,,,,,,,,,,,,,,,,,,,,,,,,,,
http://cdo.keu.kz/content/19289/19208/q.htm,,,,,,,,,,,,,,,,,,,,,,,,,,,,,,,,,,,,,,,,,,,,,,,,,,,,,,,,,,,,,,,,,,,,,,,,,,,,,,,,,,,,,,,,,,,,,,,,,,,,
http://cdo.keu.kz/content/19290/19209/q.htm,,,,,,,,,,,,,,,,,,,,,,,,,,,,,,,,,,,,,,,,,,,,,,,,,,,,,,,,,,,,,,,,,,,,,,,,,,,,,,,,,,,,,,,,,,,,,,,,,,,,
http://cdo.keu.kz/content/19291/19210/19210.htm,http://cdo.keu.kz/content/19291/19210/60070/60070.htm,http://cdo.keu.kz/content/19291/19210/60071/60071.htm,http://cdo.keu.kz/content/19291/19210/60072/60072.htm,http://cdo.keu.kz/content/19291/19210/60073/60073.htm,http://cdo.keu.kz/content/19291/19210/60074/60074.htm,http://cdo.keu.kz/content/19291/19210/60075/60075.htm,http://cdo.keu.kz/content/19291/19210/60076/60076.htm,http://cdo.keu.kz/content/19291/19210/60077/60077.htm,http://cdo.keu.kz/content/19291/19210/60078/60078.htm,http://cdo.keu.kz/content/19291/19210/60079/60079.htm,http://cdo.keu.kz/content/19291/19210/60080/60080.htm,http://cdo.keu.kz/content/19291/19210/Lekcia.files/filelist.xml,http://cdo.keu.kz/content/19291/19210/Lekcia.files/header.htm,,,,,,,,,,,,,,,,,,,,,,,,,,,,,,,,,,,,,,,,,,,,,,,,,,,,,,,,,,,,,,,,,,,,,,,,,,,,,,,,,,,,,,,
http://cdo.keu.kz/content/19292/19211/q.htm,,,,,,,,,,,,,,,,,,,,,,,,,,,,,,,,,,,,,,,,,,,,,,,,,,,,,,,,,,,,,,,,,,,,,,,,,,,,,,,,,,,,,,,,,,,,,,,,,,,,
http://cdo.keu.kz/content/19293/19212/19212.htm,http://cdo.keu.kz/content/19293/19212/60081/60081.htm,http://cdo.keu.kz/content/19293/19212/60082/60082.htm,http://cdo.keu.kz/content/19293/19212/60083/60083.htm,http://cdo.keu.kz/content/19293/19212/60084/60084.htm,http://cdo.keu.kz/content/19293/19212/60085/60085.htm,http://cdo.keu.kz/content/19293/19212/60086/60086.htm,http://cdo.keu.kz/content/19293/19212/60087/60087.htm,http://cdo.keu.kz/content/19293/19212/60088/60088.htm,http://cdo.keu.kz/content/19293/19212/60089/60089.htm,http://cdo.keu.kz/content/19293/19212/60090/60090.htm,,,,,,,,,,,,,,,,,,,,,,,,,,,,,,,,,,,,,,,,,,,,,,,,,,,,,,,,,,,,,,,,,,,,,,,,,,,,,,,,,,,,,,,,,,
http://cdo.keu.kz/content/19294/19213/itog.files/colorschememapping.xml,http://cdo.keu.kz/content/19294/19213/itog.files/filelist.xml,http://cdo.keu.kz/content/19294/19213/itog.files/themedata.thmx,http://cdo.keu.kz/content/19294/19213/itog.htm,,,,,,,,,,,,,,,,,,,,,,,,,,,,,,,,,,,,,,,,,,,,,,,,,,,,,,,,,,,,,,,,,,,,,,,,,,,,,,,,,,,,,,,,,,,,,,,,,
http://cdo.keu.kz/content/19296/19214/itog.htm,http://cdo.keu.kz/content/19296/19214/q.htm,,,,,,,,,,,,,,,,,,,,,,,,,,,,,,,,,,,,,,,,,,,,,,,,,,,,,,,,,,,,,,,,,,,,,,,,,,,,,,,,,,,,,,,,,,,,,,,,,,,
http://cdo.keu.kz/content/19297/19215/q.htm,,,,,,,,,,,,,,,,,,,,,,,,,,,,,,,,,,,,,,,,,,,,,,,,,,,,,,,,,,,,,,,,,,,,,,,,,,,,,,,,,,,,,,,,,,,,,,,,,,,,
http://cdo.keu.kz/content/19298/19216/q.htm,,,,,,,,,,,,,,,,,,,,,,,,,,,,,,,,,,,,,,,,,,,,,,,,,,,,,,,,,,,,,,,,,,,,,,,,,,,,,,,,,,,,,,,,,,,,,,,,,,,,
http://cdo.keu.kz/content/19299/19217/q.htm,,,,,,,,,,,,,,,,,,,,,,,,,,,,,,,,,,,,,,,,,,,,,,,,,,,,,,,,,,,,,,,,,,,,,,,,,,,,,,,,,,,,,,,,,,,,,,,,,,,,
http://cdo.keu.kz/content/19300/19218/pdknse.htm,,,,,,,,,,,,,,,,,,,,,,,,,,,,,,,,,,,,,,,,,,,,,,,,,,,,,,,,,,,,,,,,,,,,,,,,,,,,,,,,,,,,,,,,,,,,,,,,,,,,
