0,1,2,3,4,5,6,7,8,9,10,11,12,13,14,15,16,17,18,19,20,21,22,23,24,25,26,27,28,29,30,31,32,33,34,35,36,37,38,39,40,41,42,43,44,45,46,47,48,49
http://cdo.keu.kz/content/11901/11965/1r.files/filelist.xml,http://cdo.keu.kz/content/11901/11965/1r.files/image001.wmz,http://cdo.keu.kz/content/11901/11965/1r.files/image002.gif,http://cdo.keu.kz/content/11901/11965/1r.files/image003.wmz,http://cdo.keu.kz/content/11901/11965/1r.files/image004.wmz,http://cdo.keu.kz/content/11901/11965/1r.files/image005.gif,http://cdo.keu.kz/content/11901/11965/1r.files/oledata.mso,http://cdo.keu.kz/content/11901/11965/1r.htm,,,,,,,,,,,,,,,,,,,,,,,,,,,,,,,,,,,,,,,,,,
http://cdo.keu.kz/content/11902/11966/2r.htm,,,,,,,,,,,,,,,,,,,,,,,,,,,,,,,,,,,,,,,,,,,,,,,,,
http://cdo.keu.kz/content/11903/11967/itog.files/filelist.xml,http://cdo.keu.kz/content/11903/11967/itog.files/image001.wmz,http://cdo.keu.kz/content/11903/11967/itog.files/image002.gif,http://cdo.keu.kz/content/11903/11967/itog.files/image003.wmz,http://cdo.keu.kz/content/11903/11967/itog.files/image004.wmz,http://cdo.keu.kz/content/11903/11967/itog.files/image005.gif,http://cdo.keu.kz/content/11903/11967/itog.files/oledata.mso,http://cdo.keu.kz/content/11903/11967/itog.htm,,,,,,,,,,,,,,,,,,,,,,,,,,,,,,,,,,,,,,,,,,
http://cdo.keu.kz/content/11904/11968/1r.files/colorschememapping.xml,http://cdo.keu.kz/content/11904/11968/1r.files/filelist.xml,http://cdo.keu.kz/content/11904/11968/1r.files/themedata.thmx,http://cdo.keu.kz/content/11904/11968/1r.htm,,,,,,,,,,,,,,,,,,,,,,,,,,,,,,,,,,,,,,,,,,,,,,
http://cdo.keu.kz/content/11905/11969/1r.htm,,,,,,,,,,,,,,,,,,,,,,,,,,,,,,,,,,,,,,,,,,,,,,,,,
http://cdo.keu.kz/content/11906/11970/2.htm,,,,,,,,,,,,,,,,,,,,,,,,,,,,,,,,,,,,,,,,,,,,,,,,,
http://cdo.keu.kz/content/11907/11971/2r.files/colorschememapping.xml,http://cdo.keu.kz/content/11907/11971/2r.files/filelist.xml,http://cdo.keu.kz/content/11907/11971/2r.files/themedata.thmx,http://cdo.keu.kz/content/11907/11971/2r.htm,,,,,,,,,,,,,,,,,,,,,,,,,,,,,,,,,,,,,,,,,,,,,,
http://cdo.keu.kz/content/11908/11972/itog.files/colorschememapping.xml,http://cdo.keu.kz/content/11908/11972/itog.files/filelist.xml,http://cdo.keu.kz/content/11908/11972/itog.files/themedata.thmx,http://cdo.keu.kz/content/11908/11972/itog.htm,,,,,,,,,,,,,,,,,,,,,,,,,,,,,,,,,,,,,,,,,,,,,,
http://cdo.keu.kz/content/11909/11973/itogq.htm,,,,,,,,,,,,,,,,,,,,,,,,,,,,,,,,,,,,,,,,,,,,,,,,,
http://cdo.keu.kz/content/11910/11974/11974.htm,http://cdo.keu.kz/content/11910/11974/31357/31357.htm,http://cdo.keu.kz/content/11910/11974/31358/31358.htm,http://cdo.keu.kz/content/11910/11974/31359/31359.htm,http://cdo.keu.kz/content/11910/11974/31360/31360.htm,http://cdo.keu.kz/content/11910/11974/31361/31361.htm,http://cdo.keu.kz/content/11910/11974/31362/31362.htm,http://cdo.keu.kz/content/11910/11974/31363/31363.htm,http://cdo.keu.kz/content/11910/11974/31364/31364.htm,http://cdo.keu.kz/content/11910/11974/31365/31365.htm,http://cdo.keu.kz/content/11910/11974/31366/31366.htm,http://cdo.keu.kz/content/11910/11974/31367/31367.htm,http://cdo.keu.kz/content/11910/11974/31368/31368.htm,http://cdo.keu.kz/content/11910/11974/31369/31369.htm,http://cdo.keu.kz/content/11910/11974/31370/31370.htm,http://cdo.keu.kz/content/11910/11974/31371/31371.htm,http://cdo.keu.kz/content/11910/11974/31372/31372.htm,http://cdo.keu.kz/content/11910/11974/31373/31373.htm,http://cdo.keu.kz/content/11910/11974/31374/31374.htm,http://cdo.keu.kz/content/11910/11974/31375/31375.htm,http://cdo.keu.kz/content/11910/11974/31376/31376.htm,http://cdo.keu.kz/content/11910/11974/31377/31377.htm,http://cdo.keu.kz/content/11910/11974/31378/31378.htm,http://cdo.keu.kz/content/11910/11974/31379/31379.htm,http://cdo.keu.kz/content/11910/11974/lek.files/colorschememapping.xml,http://cdo.keu.kz/content/11910/11974/lek.files/filelist.xml,http://cdo.keu.kz/content/11910/11974/lek.files/header.htm,http://cdo.keu.kz/content/11910/11974/lek.files/image001.png,http://cdo.keu.kz/content/11910/11974/lek.files/image002.jpg,http://cdo.keu.kz/content/11910/11974/lek.files/image003.wmz,http://cdo.keu.kz/content/11910/11974/lek.files/image004.gif,http://cdo.keu.kz/content/11910/11974/lek.files/image005.wmz,http://cdo.keu.kz/content/11910/11974/lek.files/image006.gif,http://cdo.keu.kz/content/11910/11974/lek.files/image007.png,http://cdo.keu.kz/content/11910/11974/lek.files/image008.jpg,http://cdo.keu.kz/content/11910/11974/lek.files/oledata.mso,http://cdo.keu.kz/content/11910/11974/lek.files/themedata.thmx,,,,,,,,,,,,,
http://cdo.keu.kz/content/11911/11975/1rub.htm,,,,,,,,,,,,,,,,,,,,,,,,,,,,,,,,,,,,,,,,,,,,,,,,,
http://cdo.keu.kz/content/11912/11976/2rub.htm,,,,,,,,,,,,,,,,,,,,,,,,,,,,,,,,,,,,,,,,,,,,,,,,,
http://cdo.keu.kz/content/11913/11977/itog.htm,,,,,,,,,,,,,,,,,,,,,,,,,,,,,,,,,,,,,,,,,,,,,,,,,
http://cdo.keu.kz/content/11914/11978/1r.files/colorschememapping.xml,http://cdo.keu.kz/content/11914/11978/1r.files/filelist.xml,http://cdo.keu.kz/content/11914/11978/1r.files/themedata.thmx,http://cdo.keu.kz/content/11914/11978/1r.htm,,,,,,,,,,,,,,,,,,,,,,,,,,,,,,,,,,,,,,,,,,,,,,
http://cdo.keu.kz/content/11915/11979/2r.files/colorschememapping.xml,http://cdo.keu.kz/content/11915/11979/2r.files/filelist.xml,http://cdo.keu.kz/content/11915/11979/2r.files/themedata.thmx,http://cdo.keu.kz/content/11915/11979/2r.htm,,,,,,,,,,,,,,,,,,,,,,,,,,,,,,,,,,,,,,,,,,,,,,
http://cdo.keu.kz/content/11916/11980/itog.files/colorschememapping.xml,http://cdo.keu.kz/content/11916/11980/itog.files/filelist.xml,http://cdo.keu.kz/content/11916/11980/itog.files/item0001.xml,http://cdo.keu.kz/content/11916/11980/itog.files/props0002.xml,http://cdo.keu.kz/content/11916/11980/itog.files/themedata.thmx,http://cdo.keu.kz/content/11916/11980/itog.htm,,,,,,,,,,,,,,,,,,,,,,,,,,,,,,,,,,,,,,,,,,,,
http://cdo.keu.kz/content/11917/11981/11981.htm,http://cdo.keu.kz/content/11917/11981/31380/31380.htm,http://cdo.keu.kz/content/11917/11981/31381/31381.htm,http://cdo.keu.kz/content/11917/11981/31382/31382.htm,http://cdo.keu.kz/content/11917/11981/31383/31383.htm,http://cdo.keu.kz/content/11917/11981/31384/31384.htm,http://cdo.keu.kz/content/11917/11981/31385/31385.htm,http://cdo.keu.kz/content/11917/11981/31386/31386.htm,http://cdo.keu.kz/content/11917/11981/31387/31387.htm,http://cdo.keu.kz/content/11917/11981/lek.files/colorschememapping.xml,http://cdo.keu.kz/content/11917/11981/lek.files/filelist.xml,http://cdo.keu.kz/content/11917/11981/lek.files/themedata.thmx,,,,,,,,,,,,,,,,,,,,,,,,,,,,,,,,,,,,,,
http://cdo.keu.kz/content/11918/11982/11982.htm,http://cdo.keu.kz/content/11918/11982/31388/31388.htm,http://cdo.keu.kz/content/11918/11982/31389/31389.htm,http://cdo.keu.kz/content/11918/11982/31390/31390.htm,http://cdo.keu.kz/content/11918/11982/31391/31391.htm,http://cdo.keu.kz/content/11918/11982/31392/31392.htm,http://cdo.keu.kz/content/11918/11982/31393/31393.htm,http://cdo.keu.kz/content/11918/11982/31394/31394.htm,http://cdo.keu.kz/content/11918/11982/31395/31395.htm,http://cdo.keu.kz/content/11918/11982/31396/31396.htm,http://cdo.keu.kz/content/11918/11982/31397/31397.htm,http://cdo.keu.kz/content/11918/11982/31398/31398.htm,http://cdo.keu.kz/content/11918/11982/31399/31399.htm,http://cdo.keu.kz/content/11918/11982/31400/31400.htm,http://cdo.keu.kz/content/11918/11982/lek.files/colorschememapping.xml,http://cdo.keu.kz/content/11918/11982/lek.files/filelist.xml,http://cdo.keu.kz/content/11918/11982/lek.files/header.htm,http://cdo.keu.kz/content/11918/11982/lek.files/image001.jpg,http://cdo.keu.kz/content/11918/11982/lek.files/image002.jpg,http://cdo.keu.kz/content/11918/11982/lek.files/image003.jpg,http://cdo.keu.kz/content/11918/11982/lek.files/image004.jpg,http://cdo.keu.kz/content/11918/11982/lek.files/image005.jpg,http://cdo.keu.kz/content/11918/11982/lek.files/image006.jpg,http://cdo.keu.kz/content/11918/11982/lek.files/image007.jpg,http://cdo.keu.kz/content/11918/11982/lek.files/image008.jpg,http://cdo.keu.kz/content/11918/11982/lek.files/image009.jpg,http://cdo.keu.kz/content/11918/11982/lek.files/image010.jpg,http://cdo.keu.kz/content/11918/11982/lek.files/image011.wmz,http://cdo.keu.kz/content/11918/11982/lek.files/image012.gif,http://cdo.keu.kz/content/11918/11982/lek.files/image013.wmz,http://cdo.keu.kz/content/11918/11982/lek.files/image014.gif,http://cdo.keu.kz/content/11918/11982/lek.files/image015.gif,http://cdo.keu.kz/content/11918/11982/lek.files/image016.jpg,http://cdo.keu.kz/content/11918/11982/lek.files/image017.jpg,http://cdo.keu.kz/content/11918/11982/lek.files/image018.wmz,http://cdo.keu.kz/content/11918/11982/lek.files/image019.gif,http://cdo.keu.kz/content/11918/11982/lek.files/image020.wmz,http://cdo.keu.kz/content/11918/11982/lek.files/image021.gif,http://cdo.keu.kz/content/11918/11982/lek.files/image022.wmz,http://cdo.keu.kz/content/11918/11982/lek.files/image023.gif,http://cdo.keu.kz/content/11918/11982/lek.files/image024.wmz,http://cdo.keu.kz/content/11918/11982/lek.files/image025.gif,http://cdo.keu.kz/content/11918/11982/lek.files/image026.wmz,http://cdo.keu.kz/content/11918/11982/lek.files/image027.gif,http://cdo.keu.kz/content/11918/11982/lek.files/image028.gif,http://cdo.keu.kz/content/11918/11982/lek.files/image029.gif,http://cdo.keu.kz/content/11918/11982/lek.files/image030.gif,http://cdo.keu.kz/content/11918/11982/lek.files/image031.gif,http://cdo.keu.kz/content/11918/11982/lek.files/oledata.mso,http://cdo.keu.kz/content/11918/11982/lek.files/themedata.thmx
http://cdo.keu.kz/content/11919/11983/11983.htm,http://cdo.keu.kz/content/11919/11983/lek.files/colorschememapping.xml,http://cdo.keu.kz/content/11919/11983/lek.files/filelist.xml,http://cdo.keu.kz/content/11919/11983/lek.files/image001.wmz,http://cdo.keu.kz/content/11919/11983/lek.files/image002.gif,http://cdo.keu.kz/content/11919/11983/lek.files/image003.wmz,http://cdo.keu.kz/content/11919/11983/lek.files/image004.gif,http://cdo.keu.kz/content/11919/11983/lek.files/image005.wmz,http://cdo.keu.kz/content/11919/11983/lek.files/image006.gif,http://cdo.keu.kz/content/11919/11983/lek.files/image007.png,http://cdo.keu.kz/content/11919/11983/lek.files/image008.jpg,http://cdo.keu.kz/content/11919/11983/lek.files/image009.gif,http://cdo.keu.kz/content/11919/11983/lek.files/oledata.mso,http://cdo.keu.kz/content/11919/11983/lek.files/themedata.thmx,http://cdo.keu.kz/content/11919/11983/lek.htm,,,,,,,,,,,,,,,,,,,,,,,,,,,,,,,,,,,
http://cdo.keu.kz/content/11920/11984/11984.htm,http://cdo.keu.kz/content/11920/11984/31401/31401.htm,http://cdo.keu.kz/content/11920/11984/31402/31402.htm,http://cdo.keu.kz/content/11920/11984/31403/31403.htm,http://cdo.keu.kz/content/11920/11984/31404/31404.htm,http://cdo.keu.kz/content/11920/11984/31405/31405.htm,http://cdo.keu.kz/content/11920/11984/31406/31406.htm,http://cdo.keu.kz/content/11920/11984/31407/31407.htm,http://cdo.keu.kz/content/11920/11984/31408/31408.htm,http://cdo.keu.kz/content/11920/11984/31409/31409.htm,http://cdo.keu.kz/content/11920/11984/31410/31410.htm,http://cdo.keu.kz/content/11920/11984/31411/31411.htm,http://cdo.keu.kz/content/11920/11984/31412/31412.htm,http://cdo.keu.kz/content/11920/11984/31413/31413.htm,http://cdo.keu.kz/content/11920/11984/31414/31414.htm,http://cdo.keu.kz/content/11920/11984/31415/31415.htm,http://cdo.keu.kz/content/11920/11984/lek.files/colorschememapping.xml,http://cdo.keu.kz/content/11920/11984/lek.files/filelist.xml,http://cdo.keu.kz/content/11920/11984/lek.files/image001.wmz,http://cdo.keu.kz/content/11920/11984/lek.files/image002.gif,http://cdo.keu.kz/content/11920/11984/lek.files/image003.wmz,http://cdo.keu.kz/content/11920/11984/lek.files/image004.gif,http://cdo.keu.kz/content/11920/11984/lek.files/image005.wmz,http://cdo.keu.kz/content/11920/11984/lek.files/image006.gif,http://cdo.keu.kz/content/11920/11984/lek.files/image007.png,http://cdo.keu.kz/content/11920/11984/lek.files/image008.jpg,http://cdo.keu.kz/content/11920/11984/lek.files/image009.gif,http://cdo.keu.kz/content/11920/11984/lek.files/image010.wmz,http://cdo.keu.kz/content/11920/11984/lek.files/image011.gif,http://cdo.keu.kz/content/11920/11984/lek.files/image012.wmz,http://cdo.keu.kz/content/11920/11984/lek.files/image013.gif,http://cdo.keu.kz/content/11920/11984/lek.files/oledata.mso,http://cdo.keu.kz/content/11920/11984/lek.files/themedata.thmx,,,,,,,,,,,,,,,,,
http://cdo.keu.kz/content/11921/11985/2r.files/colorschememapping.xml,http://cdo.keu.kz/content/11921/11985/2r.files/filelist.xml,http://cdo.keu.kz/content/11921/11985/2r.files/themedata.thmx,http://cdo.keu.kz/content/11921/11985/2r.htm,,,,,,,,,,,,,,,,,,,,,,,,,,,,,,,,,,,,,,,,,,,,,,
http://cdo.keu.kz/content/11922/11986/itog.files/colorschememapping.xml,http://cdo.keu.kz/content/11922/11986/itog.files/filelist.xml,http://cdo.keu.kz/content/11922/11986/itog.files/header.htm,http://cdo.keu.kz/content/11922/11986/itog.files/image001.wmz,http://cdo.keu.kz/content/11922/11986/itog.files/image002.gif,http://cdo.keu.kz/content/11922/11986/itog.files/image003.wmz,http://cdo.keu.kz/content/11922/11986/itog.files/image004.gif,http://cdo.keu.kz/content/11922/11986/itog.files/image005.wmz,http://cdo.keu.kz/content/11922/11986/itog.files/image006.gif,http://cdo.keu.kz/content/11922/11986/itog.files/image007.wmz,http://cdo.keu.kz/content/11922/11986/itog.files/image008.gif,http://cdo.keu.kz/content/11922/11986/itog.files/image009.wmz,http://cdo.keu.kz/content/11922/11986/itog.files/image010.gif,http://cdo.keu.kz/content/11922/11986/itog.files/image011.wmz,http://cdo.keu.kz/content/11922/11986/itog.files/image012.gif,http://cdo.keu.kz/content/11922/11986/itog.files/image013.wmz,http://cdo.keu.kz/content/11922/11986/itog.files/image014.gif,http://cdo.keu.kz/content/11922/11986/itog.files/image015.wmz,http://cdo.keu.kz/content/11922/11986/itog.files/image016.gif,http://cdo.keu.kz/content/11922/11986/itog.files/image017.wmz,http://cdo.keu.kz/content/11922/11986/itog.files/image018.gif,http://cdo.keu.kz/content/11922/11986/itog.files/image019.wmz,http://cdo.keu.kz/content/11922/11986/itog.files/image020.gif,http://cdo.keu.kz/content/11922/11986/itog.files/image021.wmz,http://cdo.keu.kz/content/11922/11986/itog.files/image022.gif,http://cdo.keu.kz/content/11922/11986/itog.files/image023.wmz,http://cdo.keu.kz/content/11922/11986/itog.files/image024.gif,http://cdo.keu.kz/content/11922/11986/itog.files/image025.wmz,http://cdo.keu.kz/content/11922/11986/itog.files/image026.gif,http://cdo.keu.kz/content/11922/11986/itog.files/image027.wmz,http://cdo.keu.kz/content/11922/11986/itog.files/image028.gif,http://cdo.keu.kz/content/11922/11986/itog.files/image029.wmz,http://cdo.keu.kz/content/11922/11986/itog.files/image030.gif,http://cdo.keu.kz/content/11922/11986/itog.files/image031.wmz,http://cdo.keu.kz/content/11922/11986/itog.files/image032.gif,http://cdo.keu.kz/content/11922/11986/itog.files/image033.wmz,http://cdo.keu.kz/content/11922/11986/itog.files/image034.wmz,http://cdo.keu.kz/content/11922/11986/itog.files/image035.gif,http://cdo.keu.kz/content/11922/11986/itog.files/oledata.mso,http://cdo.keu.kz/content/11922/11986/itog.files/themedata.thmx,http://cdo.keu.kz/content/11922/11986/itog.htm,,,,,,,,,
http://cdo.keu.kz/content/11923/11987/1r.files/colorschememapping.xml,http://cdo.keu.kz/content/11923/11987/1r.files/filelist.xml,http://cdo.keu.kz/content/11923/11987/1r.files/header.htm,http://cdo.keu.kz/content/11923/11987/1r.files/themedata.thmx,http://cdo.keu.kz/content/11923/11987/1r.htm,,,,,,,,,,,,,,,,,,,,,,,,,,,,,,,,,,,,,,,,,,,,,
http://cdo.keu.kz/content/11924/11988/2r.files/colorschememapping.xml,http://cdo.keu.kz/content/11924/11988/2r.files/filelist.xml,http://cdo.keu.kz/content/11924/11988/2r.files/themedata.thmx,http://cdo.keu.kz/content/11924/11988/2r.htm,,,,,,,,,,,,,,,,,,,,,,,,,,,,,,,,,,,,,,,,,,,,,,
http://cdo.keu.kz/content/11925/11989/itog.htm,,,,,,,,,,,,,,,,,,,,,,,,,,,,,,,,,,,,,,,,,,,,,,,,,
http://cdo.keu.kz/content/11926/11990/11990.htm,http://cdo.keu.kz/content/11926/11990/lek.htm,,,,,,,,,,,,,,,,,,,,,,,,,,,,,,,,,,,,,,,,,,,,,,,,
http://cdo.keu.kz/content/11927/11991/11991.htm,http://cdo.keu.kz/content/11927/11991/31416/31416.htm,http://cdo.keu.kz/content/11927/11991/31417/31417.htm,http://cdo.keu.kz/content/11927/11991/31418/31418.htm,http://cdo.keu.kz/content/11927/11991/31419/31419.htm,http://cdo.keu.kz/content/11927/11991/31420/31420.htm,http://cdo.keu.kz/content/11927/11991/31421/31421.htm,http://cdo.keu.kz/content/11927/11991/31422/31422.htm,http://cdo.keu.kz/content/11927/11991/31423/31423.htm,http://cdo.keu.kz/content/11927/11991/31424/31424.htm,http://cdo.keu.kz/content/11927/11991/31425/31425.htm,,,,,,,,,,,,,,,,,,,,,,,,,,,,,,,,,,,,,,,
http://cdo.keu.kz/content/11928/11992/1r.htm,,,,,,,,,,,,,,,,,,,,,,,,,,,,,,,,,,,,,,,,,,,,,,,,,
http://cdo.keu.kz/content/11929/11993/2r.files/filelist.xml,http://cdo.keu.kz/content/11929/11993/2r.files/image001.gif,http://cdo.keu.kz/content/11929/11993/2r.files/image002.gif,http://cdo.keu.kz/content/11929/11993/2r.files/image003.gif,http://cdo.keu.kz/content/11929/11993/2r.files/image004.gif,http://cdo.keu.kz/content/11929/11993/2r.files/image005.gif,http://cdo.keu.kz/content/11929/11993/2r.files/image006.gif,http://cdo.keu.kz/content/11929/11993/2r.files/image007.gif,http://cdo.keu.kz/content/11929/11993/2r.files/image008.gif,http://cdo.keu.kz/content/11929/11993/2r.files/image009.gif,http://cdo.keu.kz/content/11929/11993/2r.files/image010.gif,http://cdo.keu.kz/content/11929/11993/2r.files/image011.gif,http://cdo.keu.kz/content/11929/11993/2r.files/image012.gif,http://cdo.keu.kz/content/11929/11993/2r.htm,,,,,,,,,,,,,,,,,,,,,,,,,,,,,,,,,,,,
http://cdo.keu.kz/content/11930/11994/itogq.htm,,,,,,,,,,,,,,,,,,,,,,,,,,,,,,,,,,,,,,,,,,,,,,,,,
http://cdo.keu.kz/content/11931/11995/11995.htm,http://cdo.keu.kz/content/11931/11995/31426/31426.htm,http://cdo.keu.kz/content/11931/11995/31427/31427.htm,http://cdo.keu.kz/content/11931/11995/31428/31428.htm,http://cdo.keu.kz/content/11931/11995/31429/31429.htm,http://cdo.keu.kz/content/11931/11995/31430/31430.htm,http://cdo.keu.kz/content/11931/11995/31431/31431.htm,http://cdo.keu.kz/content/11931/11995/31432/31432.htm,http://cdo.keu.kz/content/11931/11995/31433/31433.htm,http://cdo.keu.kz/content/11931/11995/31434/31434.htm,http://cdo.keu.kz/content/11931/11995/31435/31435.htm,http://cdo.keu.kz/content/11931/11995/31436/31436.htm,http://cdo.keu.kz/content/11931/11995/31437/31437.htm,http://cdo.keu.kz/content/11931/11995/lek.files/filelist.xml,http://cdo.keu.kz/content/11931/11995/lek.files/header.htm,,,,,,,,,,,,,,,,,,,,,,,,,,,,,,,,,,,
http://cdo.keu.kz/content/11932/11996/11996.htm,http://cdo.keu.kz/content/11932/11996/31438/31438.htm,http://cdo.keu.kz/content/11932/11996/31439/31439.htm,http://cdo.keu.kz/content/11932/11996/31440/31440.htm,http://cdo.keu.kz/content/11932/11996/31441/31441.htm,http://cdo.keu.kz/content/11932/11996/31442/31442.htm,http://cdo.keu.kz/content/11932/11996/31443/31443.htm,http://cdo.keu.kz/content/11932/11996/31444/31444.htm,http://cdo.keu.kz/content/11932/11996/31445/31445.htm,http://cdo.keu.kz/content/11932/11996/31446/31446.htm,http://cdo.keu.kz/content/11932/11996/31447/31447.htm,http://cdo.keu.kz/content/11932/11996/31448/31448.htm,http://cdo.keu.kz/content/11932/11996/31449/31449.htm,http://cdo.keu.kz/content/11932/11996/lek.files/filelist.xml,http://cdo.keu.kz/content/11932/11996/lek.files/header.htm,,,,,,,,,,,,,,,,,,,,,,,,,,,,,,,,,,,
http://cdo.keu.kz/content/11933/11997/1.htm,,,,,,,,,,,,,,,,,,,,,,,,,,,,,,,,,,,,,,,,,,,,,,,,,
http://cdo.keu.kz/content/11934/11998/2.htm,,,,,,,,,,,,,,,,,,,,,,,,,,,,,,,,,,,,,,,,,,,,,,,,,
http://cdo.keu.kz/content/11935/11999/1rub.htm,,,,,,,,,,,,,,,,,,,,,,,,,,,,,,,,,,,,,,,,,,,,,,,,,
http://cdo.keu.kz/content/11936/12000/2rub.htm,,,,,,,,,,,,,,,,,,,,,,,,,,,,,,,,,,,,,,,,,,,,,,,,,
http://cdo.keu.kz/content/11937/12001/itog.htm,,,,,,,,,,,,,,,,,,,,,,,,,,,,,,,,,,,,,,,,,,,,,,,,,
http://cdo.keu.kz/content/11938/12002/itog.htm,,,,,,,,,,,,,,,,,,,,,,,,,,,,,,,,,,,,,,,,,,,,,,,,,
http://cdo.keu.kz/content/11939/12003/1r.files/colorschememapping.xml,http://cdo.keu.kz/content/11939/12003/1r.files/filelist.xml,http://cdo.keu.kz/content/11939/12003/1r.files/themedata.thmx,http://cdo.keu.kz/content/11939/12003/1r.htm,,,,,,,,,,,,,,,,,,,,,,,,,,,,,,,,,,,,,,,,,,,,,,
http://cdo.keu.kz/content/11940/12004/2r.files/colorschememapping.xml,http://cdo.keu.kz/content/11940/12004/2r.files/filelist.xml,http://cdo.keu.kz/content/11940/12004/2r.files/themedata.thmx,http://cdo.keu.kz/content/11940/12004/2r.htm,,,,,,,,,,,,,,,,,,,,,,,,,,,,,,,,,,,,,,,,,,,,,,
http://cdo.keu.kz/content/11941/12005/itog.files/colorschememapping.xml,http://cdo.keu.kz/content/11941/12005/itog.files/filelist.xml,http://cdo.keu.kz/content/11941/12005/itog.files/themedata.thmx,http://cdo.keu.kz/content/11941/12005/itog.htm,,,,,,,,,,,,,,,,,,,,,,,,,,,,,,,,,,,,,,,,,,,,,,
http://cdo.keu.kz/content/11942/12006/1r.files/colorschememapping.xml,http://cdo.keu.kz/content/11942/12006/1r.files/filelist.xml,http://cdo.keu.kz/content/11942/12006/1r.files/themedata.thmx,http://cdo.keu.kz/content/11942/12006/1r.htm,,,,,,,,,,,,,,,,,,,,,,,,,,,,,,,,,,,,,,,,,,,,,,
http://cdo.keu.kz/content/11943/12007/2r.files/colorschememapping.xml,http://cdo.keu.kz/content/11943/12007/2r.files/filelist.xml,http://cdo.keu.kz/content/11943/12007/2r.files/themedata.thmx,http://cdo.keu.kz/content/11943/12007/2r.htm,,,,,,,,,,,,,,,,,,,,,,,,,,,,,,,,,,,,,,,,,,,,,,
http://cdo.keu.kz/content/11944/12008/itog.files/colorschememapping.xml,http://cdo.keu.kz/content/11944/12008/itog.files/filelist.xml,http://cdo.keu.kz/content/11944/12008/itog.files/themedata.thmx,http://cdo.keu.kz/content/11944/12008/itog.htm,,,,,,,,,,,,,,,,,,,,,,,,,,,,,,,,,,,,,,,,,,,,,,
http://cdo.keu.kz/content/11945/12009/1r.htm,,,,,,,,,,,,,,,,,,,,,,,,,,,,,,,,,,,,,,,,,,,,,,,,,
http://cdo.keu.kz/content/11946/12010/2r.htm,,,,,,,,,,,,,,,,,,,,,,,,,,,,,,,,,,,,,,,,,,,,,,,,,
http://cdo.keu.kz/content/11947/12011/itog.htm,,,,,,,,,,,,,,,,,,,,,,,,,,,,,,,,,,,,,,,,,,,,,,,,,
http://cdo.keu.kz/content/11948/12012/2r.htm,,,,,,,,,,,,,,,,,,,,,,,,,,,,,,,,,,,,,,,,,,,,,,,,,
http://cdo.keu.kz/content/11949/12013/1r..files/colorschememapping.xml,http://cdo.keu.kz/content/11949/12013/1r..files/filelist.xml,http://cdo.keu.kz/content/11949/12013/1r..files/themedata.thmx,http://cdo.keu.kz/content/11949/12013/1r..htm,,,,,,,,,,,,,,,,,,,,,,,,,,,,,,,,,,,,,,,,,,,,,,
http://cdo.keu.kz/content/11950/12014/2r.files/colorschememapping.xml,http://cdo.keu.kz/content/11950/12014/2r.files/filelist.xml,http://cdo.keu.kz/content/11950/12014/2r.files/themedata.thmx,http://cdo.keu.kz/content/11950/12014/2r.htm,,,,,,,,,,,,,,,,,,,,,,,,,,,,,,,,,,,,,,,,,,,,,,
http://cdo.keu.kz/content/11951/12015/itog..files/colorschememapping.xml,http://cdo.keu.kz/content/11951/12015/itog..files/filelist.xml,http://cdo.keu.kz/content/11951/12015/itog..files/themedata.thmx,http://cdo.keu.kz/content/11951/12015/itog..htm,,,,,,,,,,,,,,,,,,,,,,,,,,,,,,,,,,,,,,,,,,,,,,
http://cdo.keu.kz/content/11952/12016/12016.htm,http://cdo.keu.kz/content/11952/12016/lek.files/colorschememapping.xml,http://cdo.keu.kz/content/11952/12016/lek.files/filelist.xml,http://cdo.keu.kz/content/11952/12016/lek.files/header.htm,http://cdo.keu.kz/content/11952/12016/lek.files/image001.gif,http://cdo.keu.kz/content/11952/12016/lek.files/image002.gif,http://cdo.keu.kz/content/11952/12016/lek.files/image003.gif,http://cdo.keu.kz/content/11952/12016/lek.files/image004.gif,http://cdo.keu.kz/content/11952/12016/lek.files/image005.gif,http://cdo.keu.kz/content/11952/12016/lek.files/themedata.thmx,,,,,,,,,,,,,,,,,,,,,,,,,,,,,,,,,,,,,,,,
http://cdo.keu.kz/content/11953/12017/12017.htm,http://cdo.keu.kz/content/11953/12017/lek.files/colorschememapping.xml,http://cdo.keu.kz/content/11953/12017/lek.files/filelist.xml,http://cdo.keu.kz/content/11953/12017/lek.files/header.htm,http://cdo.keu.kz/content/11953/12017/lek.files/image001.gif,http://cdo.keu.kz/content/11953/12017/lek.files/image002.gif,http://cdo.keu.kz/content/11953/12017/lek.files/image003.gif,http://cdo.keu.kz/content/11953/12017/lek.files/image004.gif,http://cdo.keu.kz/content/11953/12017/lek.files/image005.gif,http://cdo.keu.kz/content/11953/12017/lek.files/themedata.thmx,,,,,,,,,,,,,,,,,,,,,,,,,,,,,,,,,,,,,,,,
http://cdo.keu.kz/content/11954/12018/12018.htm,http://cdo.keu.kz/content/11954/12018/lek.files/colorschememapping.xml,http://cdo.keu.kz/content/11954/12018/lek.files/filelist.xml,http://cdo.keu.kz/content/11954/12018/lek.files/header.htm,http://cdo.keu.kz/content/11954/12018/lek.files/image001.gif,http://cdo.keu.kz/content/11954/12018/lek.files/image002.gif,http://cdo.keu.kz/content/11954/12018/lek.files/image003.gif,http://cdo.keu.kz/content/11954/12018/lek.files/image004.gif,http://cdo.keu.kz/content/11954/12018/lek.files/image005.gif,http://cdo.keu.kz/content/11954/12018/lek.files/themedata.thmx,,,,,,,,,,,,,,,,,,,,,,,,,,,,,,,,,,,,,,,,
http://cdo.keu.kz/content/11955/12019/1r.files/colorschememapping.xml,http://cdo.keu.kz/content/11955/12019/1r.files/filelist.xml,http://cdo.keu.kz/content/11955/12019/1r.files/themedata.thmx,http://cdo.keu.kz/content/11955/12019/1r.htm,,,,,,,,,,,,,,,,,,,,,,,,,,,,,,,,,,,,,,,,,,,,,,
http://cdo.keu.kz/content/11956/12020/2r.files/colorschememapping.xml,http://cdo.keu.kz/content/11956/12020/2r.files/filelist.xml,http://cdo.keu.kz/content/11956/12020/2r.files/themedata.thmx,http://cdo.keu.kz/content/11956/12020/2r.htm,,,,,,,,,,,,,,,,,,,,,,,,,,,,,,,,,,,,,,,,,,,,,,
http://cdo.keu.kz/content/11957/12021/itog.files/colorschememapping.xml,http://cdo.keu.kz/content/11957/12021/itog.files/filelist.xml,http://cdo.keu.kz/content/11957/12021/itog.files/themedata.thmx,http://cdo.keu.kz/content/11957/12021/itog.htm,,,,,,,,,,,,,,,,,,,,,,,,,,,,,,,,,,,,,,,,,,,,,,
http://cdo.keu.kz/content/11958/12022/1rub.htm,,,,,,,,,,,,,,,,,,,,,,,,,,,,,,,,,,,,,,,,,,,,,,,,,
http://cdo.keu.kz/content/11959/12023/12023.htm,http://cdo.keu.kz/content/11959/12023/31450/31450.htm,http://cdo.keu.kz/content/11959/12023/31451/31451.htm,http://cdo.keu.kz/content/11959/12023/31452/31452.htm,http://cdo.keu.kz/content/11959/12023/31453/31453.htm,http://cdo.keu.kz/content/11959/12023/31454/31454.htm,http://cdo.keu.kz/content/11959/12023/31455/31455.htm,http://cdo.keu.kz/content/11959/12023/31456/31456.htm,http://cdo.keu.kz/content/11959/12023/31457/31457.htm,http://cdo.keu.kz/content/11959/12023/31458/31458.htm,http://cdo.keu.kz/content/11959/12023/31459/31459.htm,http://cdo.keu.kz/content/11959/12023/31460/31460.htm,http://cdo.keu.kz/content/11959/12023/31461/31461.htm,http://cdo.keu.kz/content/11959/12023/31462/31462.htm,http://cdo.keu.kz/content/11959/12023/31463/31463.htm,http://cdo.keu.kz/content/11959/12023/31464/31464.htm,http://cdo.keu.kz/content/11959/12023/lek.files/image001.gif,http://cdo.keu.kz/content/11959/12023/lek.files/image002.jpg,http://cdo.keu.kz/content/11959/12023/lek.files/image003.jpg,,,,,,,,,,,,,,,,,,,,,,,,,,,,,,,
http://cdo.keu.kz/content/11960/12024/2rub.htm,,,,,,,,,,,,,,,,,,,,,,,,,,,,,,,,,,,,,,,,,,,,,,,,,
http://cdo.keu.kz/content/11961/12025/12025.htm,http://cdo.keu.kz/content/11961/12025/lek1.files/filelist.xml,http://cdo.keu.kz/content/11961/12025/lek1.files/header.htm,http://cdo.keu.kz/content/11961/12025/lek1.files/image001.gif,http://cdo.keu.kz/content/11961/12025/lek1.files/image002.png,http://cdo.keu.kz/content/11961/12025/lek1.files/image003.jpg,http://cdo.keu.kz/content/11961/12025/lek1.files/image004.png,http://cdo.keu.kz/content/11961/12025/lek1.files/image005.jpg,,,,,,,,,,,,,,,,,,,,,,,,,,,,,,,,,,,,,,,,,,
http://cdo.keu.kz/content/11963/12026/itog.htm,,,,,,,,,,,,,,,,,,,,,,,,,,,,,,,,,,,,,,,,,,,,,,,,,
http://cdo.keu.kz/content/11965/12027/12027.htm,http://cdo.keu.kz/content/11965/12027/31465/31465.htm,http://cdo.keu.kz/content/11965/12027/31466/31466.htm,http://cdo.keu.kz/content/11965/12027/31467/31467.htm,http://cdo.keu.kz/content/11965/12027/31468/31468.htm,http://cdo.keu.kz/content/11965/12027/31469/31469.htm,http://cdo.keu.kz/content/11965/12027/31470/31470.htm,http://cdo.keu.kz/content/11965/12027/31471/31471.htm,http://cdo.keu.kz/content/11965/12027/31472/31472.htm,http://cdo.keu.kz/content/11965/12027/31473/31473.htm,http://cdo.keu.kz/content/11965/12027/31474/31474.htm,http://cdo.keu.kz/content/11965/12027/31475/31475.htm,http://cdo.keu.kz/content/11965/12027/31476/31476.htm,http://cdo.keu.kz/content/11965/12027/31477/31477.htm,http://cdo.keu.kz/content/11965/12027/31478/31478.htm,http://cdo.keu.kz/content/11965/12027/31479/31479.htm,http://cdo.keu.kz/content/11965/12027/lek.files/image001.gif,http://cdo.keu.kz/content/11965/12027/lek.files/image002.jpg,http://cdo.keu.kz/content/11965/12027/lek.files/image003.jpg,,,,,,,,,,,,,,,,,,,,,,,,,,,,,,,
http://cdo.keu.kz/content/11966/12028/1r.files/colorschememapping.xml,http://cdo.keu.kz/content/11966/12028/1r.files/filelist.xml,http://cdo.keu.kz/content/11966/12028/1r.files/themedata.thmx,http://cdo.keu.kz/content/11966/12028/1r.htm,,,,,,,,,,,,,,,,,,,,,,,,,,,,,,,,,,,,,,,,,,,,,,
http://cdo.keu.kz/content/11967/12029/2r.files/colorschememapping.xml,http://cdo.keu.kz/content/11967/12029/2r.files/filelist.xml,http://cdo.keu.kz/content/11967/12029/2r.files/themedata.thmx,http://cdo.keu.kz/content/11967/12029/2r.htm,,,,,,,,,,,,,,,,,,,,,,,,,,,,,,,,,,,,,,,,,,,,,,
http://cdo.keu.kz/content/11968/12030/itog.files/colorschememapping.xml,http://cdo.keu.kz/content/11968/12030/itog.files/filelist.xml,http://cdo.keu.kz/content/11968/12030/itog.files/themedata.thmx,http://cdo.keu.kz/content/11968/12030/itog.htm,,,,,,,,,,,,,,,,,,,,,,,,,,,,,,,,,,,,,,,,,,,,,,
http://cdo.keu.kz/content/11969/12031/itog.files/colorschememapping.xml,http://cdo.keu.kz/content/11969/12031/itog.files/filelist.xml,http://cdo.keu.kz/content/11969/12031/itog.files/header.htm,http://cdo.keu.kz/content/11969/12031/itog.files/themedata.thmx,http://cdo.keu.kz/content/11969/12031/itog.htm,,,,,,,,,,,,,,,,,,,,,,,,,,,,,,,,,,,,,,,,,,,,,
http://cdo.keu.kz/content/11970/12032/1r.files/colorschememapping.xml,http://cdo.keu.kz/content/11970/12032/1r.files/filelist.xml,http://cdo.keu.kz/content/11970/12032/1r.files/themedata.thmx,http://cdo.keu.kz/content/11970/12032/1r.htm,,,,,,,,,,,,,,,,,,,,,,,,,,,,,,,,,,,,,,,,,,,,,,
http://cdo.keu.kz/content/11971/12033/2r.files/colorschememapping.xml,http://cdo.keu.kz/content/11971/12033/2r.files/filelist.xml,http://cdo.keu.kz/content/11971/12033/2r.files/header.htm,http://cdo.keu.kz/content/11971/12033/2r.files/themedata.thmx,http://cdo.keu.kz/content/11971/12033/2r.htm,,,,,,,,,,,,,,,,,,,,,,,,,,,,,,,,,,,,,,,,,,,,,
http://cdo.keu.kz/content/11972/12034/itog.files/colorschememapping.xml,http://cdo.keu.kz/content/11972/12034/itog.files/filelist.xml,http://cdo.keu.kz/content/11972/12034/itog.files/themedata.thmx,http://cdo.keu.kz/content/11972/12034/itog.htm,,,,,,,,,,,,,,,,,,,,,,,,,,,,,,,,,,,,,,,,,,,,,,
http://cdo.keu.kz/content/11973/12035/1rub.htm,,,,,,,,,,,,,,,,,,,,,,,,,,,,,,,,,,,,,,,,,,,,,,,,,
http://cdo.keu.kz/content/11974/12036/2rub.htm,,,,,,,,,,,,,,,,,,,,,,,,,,,,,,,,,,,,,,,,,,,,,,,,,
http://cdo.keu.kz/content/11975/12037/itog.files/colorschememapping.xml,http://cdo.keu.kz/content/11975/12037/itog.files/filelist.xml,http://cdo.keu.kz/content/11975/12037/itog.files/themedata.thmx,http://cdo.keu.kz/content/11975/12037/itog.htm,,,,,,,,,,,,,,,,,,,,,,,,,,,,,,,,,,,,,,,,,,,,,,
http://cdo.keu.kz/content/11976/12038/1rub.htm,,,,,,,,,,,,,,,,,,,,,,,,,,,,,,,,,,,,,,,,,,,,,,,,,
http://cdo.keu.kz/content/11977/12039/2rub.files/filelist.xml,http://cdo.keu.kz/content/11977/12039/2rub.files/header.htm,http://cdo.keu.kz/content/11977/12039/2rub.htm,,,,,,,,,,,,,,,,,,,,,,,,,,,,,,,,,,,,,,,,,,,,,,,
http://cdo.keu.kz/content/11978/12040/itog.files/filelist.xml,http://cdo.keu.kz/content/11978/12040/itog.files/header.htm,http://cdo.keu.kz/content/11978/12040/itog.htm,,,,,,,,,,,,,,,,,,,,,,,,,,,,,,,,,,,,,,,,,,,,,,,
http://cdo.keu.kz/content/11979/12041/1r.files/colorschememapping.xml,http://cdo.keu.kz/content/11979/12041/1r.files/filelist.xml,http://cdo.keu.kz/content/11979/12041/1r.files/themedata.thmx,http://cdo.keu.kz/content/11979/12041/1r.htm,,,,,,,,,,,,,,,,,,,,,,,,,,,,,,,,,,,,,,,,,,,,,,
http://cdo.keu.kz/content/11980/12042/2r.files/colorschememapping.xml,http://cdo.keu.kz/content/11980/12042/2r.files/filelist.xml,http://cdo.keu.kz/content/11980/12042/2r.files/themedata.thmx,http://cdo.keu.kz/content/11980/12042/2r.htm,,,,,,,,,,,,,,,,,,,,,,,,,,,,,,,,,,,,,,,,,,,,,,
http://cdo.keu.kz/content/11981/12043/itog.files/colorschememapping.xml,http://cdo.keu.kz/content/11981/12043/itog.files/filelist.xml,http://cdo.keu.kz/content/11981/12043/itog.files/item0001.xml,http://cdo.keu.kz/content/11981/12043/itog.files/props0002.xml,http://cdo.keu.kz/content/11981/12043/itog.files/themedata.thmx,http://cdo.keu.kz/content/11981/12043/itog.htm,,,,,,,,,,,,,,,,,,,,,,,,,,,,,,,,,,,,,,,,,,,,
http://cdo.keu.kz/content/11982/12044/12044.htm,http://cdo.keu.kz/content/11982/12044/lek.files/colorschememapping.xml,http://cdo.keu.kz/content/11982/12044/lek.files/filelist.xml,http://cdo.keu.kz/content/11982/12044/lek.files/image001.gif,http://cdo.keu.kz/content/11982/12044/lek.files/image002.gif,http://cdo.keu.kz/content/11982/12044/lek.files/image003.gif,http://cdo.keu.kz/content/11982/12044/lek.files/themedata.thmx,http://cdo.keu.kz/content/11982/12044/lek.htm,,,,,,,,,,,,,,,,,,,,,,,,,,,,,,,,,,,,,,,,,,
http://cdo.keu.kz/content/11983/12045/12045.htm,http://cdo.keu.kz/content/11983/12045/31480/31480.htm,http://cdo.keu.kz/content/11983/12045/31481/31481.htm,http://cdo.keu.kz/content/11983/12045/31482/31482.htm,http://cdo.keu.kz/content/11983/12045/31483/31483.htm,http://cdo.keu.kz/content/11983/12045/31484/31484.htm,http://cdo.keu.kz/content/11983/12045/31485/31485.htm,http://cdo.keu.kz/content/11983/12045/31486/31486.htm,http://cdo.keu.kz/content/11983/12045/31487/31487.htm,http://cdo.keu.kz/content/11983/12045/31488/31488.htm,http://cdo.keu.kz/content/11983/12045/31489/31489.htm,http://cdo.keu.kz/content/11983/12045/31490/31490.htm,http://cdo.keu.kz/content/11983/12045/31491/31491.htm,http://cdo.keu.kz/content/11983/12045/31492/31492.htm,http://cdo.keu.kz/content/11983/12045/31493/31493.htm,http://cdo.keu.kz/content/11983/12045/lek.files/colorschememapping.xml,http://cdo.keu.kz/content/11983/12045/lek.files/filelist.xml,http://cdo.keu.kz/content/11983/12045/lek.files/image001.gif,http://cdo.keu.kz/content/11983/12045/lek.files/image002.gif,http://cdo.keu.kz/content/11983/12045/lek.files/image003.gif,http://cdo.keu.kz/content/11983/12045/lek.files/themedata.thmx,,,,,,,,,,,,,,,,,,,,,,,,,,,,,
http://cdo.keu.kz/content/11984/12046/1r.files/colorschememapping.xml,http://cdo.keu.kz/content/11984/12046/1r.files/filelist.xml,http://cdo.keu.kz/content/11984/12046/1r.files/themedata.thmx,http://cdo.keu.kz/content/11984/12046/1r.htm,,,,,,,,,,,,,,,,,,,,,,,,,,,,,,,,,,,,,,,,,,,,,,
http://cdo.keu.kz/content/11985/12047/2r.files/colorschememapping.xml,http://cdo.keu.kz/content/11985/12047/2r.files/filelist.xml,http://cdo.keu.kz/content/11985/12047/2r.files/themedata.thmx,http://cdo.keu.kz/content/11985/12047/2r.htm,,,,,,,,,,,,,,,,,,,,,,,,,,,,,,,,,,,,,,,,,,,,,,
http://cdo.keu.kz/content/11986/12048/itog.files/colorschememapping.xml,http://cdo.keu.kz/content/11986/12048/itog.files/filelist.xml,http://cdo.keu.kz/content/11986/12048/itog.files/item0001.xml,http://cdo.keu.kz/content/11986/12048/itog.files/props0002.xml,http://cdo.keu.kz/content/11986/12048/itog.files/themedata.thmx,http://cdo.keu.kz/content/11986/12048/itog.htm,,,,,,,,,,,,,,,,,,,,,,,,,,,,,,,,,,,,,,,,,,,,
http://cdo.keu.kz/content/11987/12049/1r.files/colorschememapping.xml,http://cdo.keu.kz/content/11987/12049/1r.files/filelist.xml,http://cdo.keu.kz/content/11987/12049/1r.files/themedata.thmx,http://cdo.keu.kz/content/11987/12049/1r.htm,,,,,,,,,,,,,,,,,,,,,,,,,,,,,,,,,,,,,,,,,,,,,,
http://cdo.keu.kz/content/11988/12050/2r.files/colorschememapping.xml,http://cdo.keu.kz/content/11988/12050/2r.files/filelist.xml,http://cdo.keu.kz/content/11988/12050/2r.files/image001.png,http://cdo.keu.kz/content/11988/12050/2r.files/image002.gif,http://cdo.keu.kz/content/11988/12050/2r.files/image003.png,http://cdo.keu.kz/content/11988/12050/2r.files/image004.gif,http://cdo.keu.kz/content/11988/12050/2r.files/image005.gif,http://cdo.keu.kz/content/11988/12050/2r.files/image006.wmz,http://cdo.keu.kz/content/11988/12050/2r.files/image007.gif,http://cdo.keu.kz/content/11988/12050/2r.files/oledata.mso,http://cdo.keu.kz/content/11988/12050/2r.files/themedata.thmx,http://cdo.keu.kz/content/11988/12050/2r.htm,,,,,,,,,,,,,,,,,,,,,,,,,,,,,,,,,,,,,,
http://cdo.keu.kz/content/11989/12051/itog.files/colorschememapping.xml,http://cdo.keu.kz/content/11989/12051/itog.files/filelist.xml,http://cdo.keu.kz/content/11989/12051/itog.files/image001.png,http://cdo.keu.kz/content/11989/12051/itog.files/image002.gif,http://cdo.keu.kz/content/11989/12051/itog.files/image003.png,http://cdo.keu.kz/content/11989/12051/itog.files/image004.gif,http://cdo.keu.kz/content/11989/12051/itog.files/image005.gif,http://cdo.keu.kz/content/11989/12051/itog.files/image006.wmz,http://cdo.keu.kz/content/11989/12051/itog.files/image007.gif,http://cdo.keu.kz/content/11989/12051/itog.files/oledata.mso,http://cdo.keu.kz/content/11989/12051/itog.files/themedata.thmx,http://cdo.keu.kz/content/11989/12051/itog.htm,,,,,,,,,,,,,,,,,,,,,,,,,,,,,,,,,,,,,,
http://cdo.keu.kz/content/11990/12052/1r.files/colorschememapping.xml,http://cdo.keu.kz/content/11990/12052/1r.files/filelist.xml,http://cdo.keu.kz/content/11990/12052/1r.files/themedata.thmx,http://cdo.keu.kz/content/11990/12052/1r.htm,,,,,,,,,,,,,,,,,,,,,,,,,,,,,,,,,,,,,,,,,,,,,,
http://cdo.keu.kz/content/11991/12053/2r.files/colorschememapping.xml,http://cdo.keu.kz/content/11991/12053/2r.files/filelist.xml,http://cdo.keu.kz/content/11991/12053/2r.files/themedata.thmx,http://cdo.keu.kz/content/11991/12053/2r.htm,,,,,,,,,,,,,,,,,,,,,,,,,,,,,,,,,,,,,,,,,,,,,,
http://cdo.keu.kz/content/11992/12054/itog.files/colorschememapping.xml,http://cdo.keu.kz/content/11992/12054/itog.files/filelist.xml,http://cdo.keu.kz/content/11992/12054/itog.files/themedata.thmx,http://cdo.keu.kz/content/11992/12054/itog.htm,,,,,,,,,,,,,,,,,,,,,,,,,,,,,,,,,,,,,,,,,,,,,,
http://cdo.keu.kz/content/11993/12055/12055.htm,http://cdo.keu.kz/content/11993/12055/lek.files/colorschememapping.xml,http://cdo.keu.kz/content/11993/12055/lek.files/filelist.xml,http://cdo.keu.kz/content/11993/12055/lek.files/header.htm,http://cdo.keu.kz/content/11993/12055/lek.files/image001.gif,http://cdo.keu.kz/content/11993/12055/lek.files/image002.gif,http://cdo.keu.kz/content/11993/12055/lek.files/image003.gif,http://cdo.keu.kz/content/11993/12055/lek.files/image004.gif,http://cdo.keu.kz/content/11993/12055/lek.files/image005.gif,http://cdo.keu.kz/content/11993/12055/lek.files/themedata.thmx,,,,,,,,,,,,,,,,,,,,,,,,,,,,,,,,,,,,,,,,
http://cdo.keu.kz/content/11994/12056/lek.files/filelist.xml,http://cdo.keu.kz/content/11994/12056/lek.files/image001.gif,http://cdo.keu.kz/content/11994/12056/lek.files/image002.gif,http://cdo.keu.kz/content/11994/12056/lek.files/image003.gif,http://cdo.keu.kz/content/11994/12056/lek.htm,,,,,,,,,,,,,,,,,,,,,,,,,,,,,,,,,,,,,,,,,,,,,
http://cdo.keu.kz/content/11995/12057/12057.htm,http://cdo.keu.kz/content/11995/12057/31494/31494.htm,http://cdo.keu.kz/content/11995/12057/31495/31495.htm,http://cdo.keu.kz/content/11995/12057/31496/31496.htm,http://cdo.keu.kz/content/11995/12057/31497/31497.htm,http://cdo.keu.kz/content/11995/12057/31498/31498.htm,http://cdo.keu.kz/content/11995/12057/31499/31499.htm,http://cdo.keu.kz/content/11995/12057/31500/31500.htm,http://cdo.keu.kz/content/11995/12057/31501/31501.htm,http://cdo.keu.kz/content/11995/12057/lek.files/filelist.xml,http://cdo.keu.kz/content/11995/12057/lek.files/image001.gif,http://cdo.keu.kz/content/11995/12057/lek.files/image002.gif,http://cdo.keu.kz/content/11995/12057/lek.files/image003.gif,,,,,,,,,,,,,,,,,,,,,,,,,,,,,,,,,,,,,
http://cdo.keu.kz/content/11996/12058/12058.htm,http://cdo.keu.kz/content/11996/12058/31502/31502.htm,http://cdo.keu.kz/content/11996/12058/31503/31503.htm,http://cdo.keu.kz/content/11996/12058/31504/31504.htm,http://cdo.keu.kz/content/11996/12058/31505/31505.htm,http://cdo.keu.kz/content/11996/12058/31506/31506.htm,http://cdo.keu.kz/content/11996/12058/31507/31507.htm,http://cdo.keu.kz/content/11996/12058/31508/31508.htm,http://cdo.keu.kz/content/11996/12058/31509/31509.htm,http://cdo.keu.kz/content/11996/12058/31510/31510.htm,http://cdo.keu.kz/content/11996/12058/31511/31511.htm,http://cdo.keu.kz/content/11996/12058/31512/31512.htm,http://cdo.keu.kz/content/11996/12058/31513/31513.htm,http://cdo.keu.kz/content/11996/12058/31514/31514.htm,http://cdo.keu.kz/content/11996/12058/31515/31515.htm,http://cdo.keu.kz/content/11996/12058/31516/31516.htm,http://cdo.keu.kz/content/11996/12058/lek.files/image001.gif,http://cdo.keu.kz/content/11996/12058/lek.files/image002.jpg,http://cdo.keu.kz/content/11996/12058/lek.files/image003.jpg,,,,,,,,,,,,,,,,,,,,,,,,,,,,,,,
http://cdo.keu.kz/content/11997/12059/1r.files/colorschememapping.xml,http://cdo.keu.kz/content/11997/12059/1r.files/filelist.xml,http://cdo.keu.kz/content/11997/12059/1r.files/themedata.thmx,http://cdo.keu.kz/content/11997/12059/1r.htm,,,,,,,,,,,,,,,,,,,,,,,,,,,,,,,,,,,,,,,,,,,,,,
http://cdo.keu.kz/content/11998/12060/1r.files/colorschememapping.xml,http://cdo.keu.kz/content/11998/12060/1r.files/filelist.xml,http://cdo.keu.kz/content/11998/12060/1r.files/themedata.thmx,http://cdo.keu.kz/content/11998/12060/1r.htm,,,,,,,,,,,,,,,,,,,,,,,,,,,,,,,,,,,,,,,,,,,,,,
http://cdo.keu.kz/content/11999/12061/itog.files/colorschememapping.xml,http://cdo.keu.kz/content/11999/12061/itog.files/filelist.xml,http://cdo.keu.kz/content/11999/12061/itog.files/themedata.thmx,http://cdo.keu.kz/content/11999/12061/itog.htm,,,,,,,,,,,,,,,,,,,,,,,,,,,,,,,,,,,,,,,,,,,,,,
http://cdo.keu.kz/content/12000/12062/1r.files/colorschememapping.xml,http://cdo.keu.kz/content/12000/12062/1r.files/filelist.xml,http://cdo.keu.kz/content/12000/12062/1r.files/themedata.thmx,http://cdo.keu.kz/content/12000/12062/1r.htm,,,,,,,,,,,,,,,,,,,,,,,,,,,,,,,,,,,,,,,,,,,,,,
