0,1,2,3,4,5,6,7,8,9,10,11,12,13,14,15,16,17,18,19,20,21,22,23,24,25,26,27,28,29,30,31,32,33
http://cdo.keu.kz/content/12101/12163/2rub.htm,,,,,,,,,,,,,,,,,,,,,,,,,,,,,,,,,
http://cdo.keu.kz/content/12102/12164/1rub.htm,,,,,,,,,,,,,,,,,,,,,,,,,,,,,,,,,
http://cdo.keu.kz/content/12103/12165/2rub.htm,,,,,,,,,,,,,,,,,,,,,,,,,,,,,,,,,
http://cdo.keu.kz/content/12104/12166/Itogov.htm,,,,,,,,,,,,,,,,,,,,,,,,,,,,,,,,,
http://cdo.keu.kz/content/12105/12167/12167.htm,http://cdo.keu.kz/content/12105/12167/31643/31643.htm,http://cdo.keu.kz/content/12105/12167/31644/31644.htm,http://cdo.keu.kz/content/12105/12167/31645/31645.htm,http://cdo.keu.kz/content/12105/12167/31646/31646.htm,http://cdo.keu.kz/content/12105/12167/31647/31647.htm,http://cdo.keu.kz/content/12105/12167/31648/31648.htm,http://cdo.keu.kz/content/12105/12167/31649/31649.htm,http://cdo.keu.kz/content/12105/12167/31650/31650.htm,http://cdo.keu.kz/content/12105/12167/31651/31651.htm,http://cdo.keu.kz/content/12105/12167/31652/31652.htm,http://cdo.keu.kz/content/12105/12167/31653/31653.htm,http://cdo.keu.kz/content/12105/12167/31654/31654.htm,http://cdo.keu.kz/content/12105/12167/31655/31655.htm,http://cdo.keu.kz/content/12105/12167/31656/31656.htm,http://cdo.keu.kz/content/12105/12167/lek.files/colorschememapping.xml,http://cdo.keu.kz/content/12105/12167/lek.files/filelist.xml,http://cdo.keu.kz/content/12105/12167/lek.files/image001.png,http://cdo.keu.kz/content/12105/12167/lek.files/image002.png,http://cdo.keu.kz/content/12105/12167/lek.files/item0001.xml,http://cdo.keu.kz/content/12105/12167/lek.files/props0002.xml,http://cdo.keu.kz/content/12105/12167/lek.files/themedata.thmx,,,,,,,,,,,,
http://cdo.keu.kz/content/12106/12168/12168.htm,http://cdo.keu.kz/content/12106/12168/Lekcia.files/filelist.xml,http://cdo.keu.kz/content/12106/12168/Lekcia.files/image001.gif,http://cdo.keu.kz/content/12106/12168/Lekcia.files/image002.gif,http://cdo.keu.kz/content/12106/12168/Lekcia.files/image003.gif,http://cdo.keu.kz/content/12106/12168/Lekcia.files/image004.gif,http://cdo.keu.kz/content/12106/12168/Lekcia.files/image005.png,http://cdo.keu.kz/content/12106/12168/Lekcia.files/image006.jpg,http://cdo.keu.kz/content/12106/12168/Lekcia.files/image007.gif,http://cdo.keu.kz/content/12106/12168/Lekcia.htm,,,,,,,,,,,,,,,,,,,,,,,,
http://cdo.keu.kz/content/12107/12169/12169.htm,http://cdo.keu.kz/content/12107/12169/31657/31657.htm,http://cdo.keu.kz/content/12107/12169/31658/31658.htm,http://cdo.keu.kz/content/12107/12169/31659/31659.htm,http://cdo.keu.kz/content/12107/12169/31660/31660.htm,http://cdo.keu.kz/content/12107/12169/31661/31661.htm,http://cdo.keu.kz/content/12107/12169/31662/31662.htm,http://cdo.keu.kz/content/12107/12169/31663/31663.htm,http://cdo.keu.kz/content/12107/12169/31664/31664.htm,http://cdo.keu.kz/content/12107/12169/31665/31665.htm,http://cdo.keu.kz/content/12107/12169/31666/31666.htm,http://cdo.keu.kz/content/12107/12169/31667/31667.htm,http://cdo.keu.kz/content/12107/12169/31668/31668.htm,http://cdo.keu.kz/content/12107/12169/31669/31669.htm,http://cdo.keu.kz/content/12107/12169/31670/31670.htm,http://cdo.keu.kz/content/12107/12169/31671/31671.htm,http://cdo.keu.kz/content/12107/12169/Lekcia.files/filelist.xml,http://cdo.keu.kz/content/12107/12169/Lekcia.files/image001.gif,http://cdo.keu.kz/content/12107/12169/Lekcia.files/image002.gif,http://cdo.keu.kz/content/12107/12169/Lekcia.files/image003.gif,http://cdo.keu.kz/content/12107/12169/Lekcia.files/image004.gif,http://cdo.keu.kz/content/12107/12169/Lekcia.files/image005.png,http://cdo.keu.kz/content/12107/12169/Lekcia.files/image006.jpg,http://cdo.keu.kz/content/12107/12169/Lekcia.files/image007.gif,,,,,,,,,,
http://cdo.keu.kz/content/12108/12170/1r.files/colorschememapping.xml,http://cdo.keu.kz/content/12108/12170/1r.files/filelist.xml,http://cdo.keu.kz/content/12108/12170/1r.files/themedata.thmx,http://cdo.keu.kz/content/12108/12170/1r.htm,,,,,,,,,,,,,,,,,,,,,,,,,,,,,,
http://cdo.keu.kz/content/12109/12171/1rub.htm,,,,,,,,,,,,,,,,,,,,,,,,,,,,,,,,,
http://cdo.keu.kz/content/12110/12172/2rub.htm,,,,,,,,,,,,,,,,,,,,,,,,,,,,,,,,,
http://cdo.keu.kz/content/12111/12173/2r.files/colorschememapping.xml,http://cdo.keu.kz/content/12111/12173/2r.files/filelist.xml,http://cdo.keu.kz/content/12111/12173/2r.files/themedata.thmx,http://cdo.keu.kz/content/12111/12173/2r.htm,,,,,,,,,,,,,,,,,,,,,,,,,,,,,,
http://cdo.keu.kz/content/12112/12174/1rub.htm,,,,,,,,,,,,,,,,,,,,,,,,,,,,,,,,,
http://cdo.keu.kz/content/12113/12175/itog.files/colorschememapping.xml,http://cdo.keu.kz/content/12113/12175/itog.files/filelist.xml,http://cdo.keu.kz/content/12113/12175/itog.files/themedata.thmx,http://cdo.keu.kz/content/12113/12175/itog.htm,,,,,,,,,,,,,,,,,,,,,,,,,,,,,,
http://cdo.keu.kz/content/12114/12176/Itogov.htm,,,,,,,,,,,,,,,,,,,,,,,,,,,,,,,,,
http://cdo.keu.kz/content/12115/12177/12177.htm,http://cdo.keu.kz/content/12115/12177/31672/31672.htm,http://cdo.keu.kz/content/12115/12177/31673/31673.htm,http://cdo.keu.kz/content/12115/12177/31674/31674.htm,http://cdo.keu.kz/content/12115/12177/31675/31675.htm,http://cdo.keu.kz/content/12115/12177/31676/31676.htm,http://cdo.keu.kz/content/12115/12177/31677/31677.htm,http://cdo.keu.kz/content/12115/12177/31678/31678.htm,http://cdo.keu.kz/content/12115/12177/31679/31679.htm,http://cdo.keu.kz/content/12115/12177/31680/31680.htm,http://cdo.keu.kz/content/12115/12177/31681/31681.htm,http://cdo.keu.kz/content/12115/12177/31682/31682.htm,http://cdo.keu.kz/content/12115/12177/31683/31683.htm,http://cdo.keu.kz/content/12115/12177/31684/31684.htm,http://cdo.keu.kz/content/12115/12177/31685/31685.htm,http://cdo.keu.kz/content/12115/12177/31686/31686.htm,http://cdo.keu.kz/content/12115/12177/Lekcia.files/filelist.xml,http://cdo.keu.kz/content/12115/12177/Lekcia.files/image001.png,http://cdo.keu.kz/content/12115/12177/Lekcia.files/image002.gif,http://cdo.keu.kz/content/12115/12177/Lekcia.files/image003.png,http://cdo.keu.kz/content/12115/12177/Lekcia.files/image004.gif,http://cdo.keu.kz/content/12115/12177/Lekcia.files/image005.png,http://cdo.keu.kz/content/12115/12177/Lekcia.files/image006.gif,http://cdo.keu.kz/content/12115/12177/Lekcia.files/image007.png,http://cdo.keu.kz/content/12115/12177/Lekcia.files/image008.gif,http://cdo.keu.kz/content/12115/12177/Lekcia.files/image009.gif,,,,,,,,
http://cdo.keu.kz/content/12116/12178/1rub.htm,,,,,,,,,,,,,,,,,,,,,,,,,,,,,,,,,
http://cdo.keu.kz/content/12117/12179/2rub.htm,,,,,,,,,,,,,,,,,,,,,,,,,,,,,,,,,
http://cdo.keu.kz/content/12118/12180/Itogov.htm,,,,,,,,,,,,,,,,,,,,,,,,,,,,,,,,,
http://cdo.keu.kz/content/12119/12181/1r.files/colorschememapping.xml,http://cdo.keu.kz/content/12119/12181/1r.files/filelist.xml,http://cdo.keu.kz/content/12119/12181/1r.files/themedata.thmx,http://cdo.keu.kz/content/12119/12181/1r.htm,,,,,,,,,,,,,,,,,,,,,,,,,,,,,,
http://cdo.keu.kz/content/12120/12182/2r.files/colorschememapping.xml,http://cdo.keu.kz/content/12120/12182/2r.files/filelist.xml,http://cdo.keu.kz/content/12120/12182/2r.files/themedata.thmx,http://cdo.keu.kz/content/12120/12182/2r.htm,,,,,,,,,,,,,,,,,,,,,,,,,,,,,,
http://cdo.keu.kz/content/12121/12183/itog.files/colorschememapping.xml,http://cdo.keu.kz/content/12121/12183/itog.files/filelist.xml,http://cdo.keu.kz/content/12121/12183/itog.files/item0001.xml,http://cdo.keu.kz/content/12121/12183/itog.files/props0002.xml,http://cdo.keu.kz/content/12121/12183/itog.files/themedata.thmx,http://cdo.keu.kz/content/12121/12183/itog.htm,,,,,,,,,,,,,,,,,,,,,,,,,,,,
http://cdo.keu.kz/content/12122/12184/12184.htm,http://cdo.keu.kz/content/12122/12184/31687/31687.htm,http://cdo.keu.kz/content/12122/12184/31688/31688.htm,http://cdo.keu.kz/content/12122/12184/31689/31689.htm,http://cdo.keu.kz/content/12122/12184/31690/31690.htm,http://cdo.keu.kz/content/12122/12184/31691/31691.htm,http://cdo.keu.kz/content/12122/12184/31692/31692.htm,http://cdo.keu.kz/content/12122/12184/31693/31693.htm,http://cdo.keu.kz/content/12122/12184/31694/31694.htm,http://cdo.keu.kz/content/12122/12184/31695/31695.htm,http://cdo.keu.kz/content/12122/12184/31696/31696.htm,http://cdo.keu.kz/content/12122/12184/31697/31697.htm,http://cdo.keu.kz/content/12122/12184/31698/31698.htm,http://cdo.keu.kz/content/12122/12184/31699/31699.htm,http://cdo.keu.kz/content/12122/12184/31700/31700.htm,http://cdo.keu.kz/content/12122/12184/31701/31701.htm,http://cdo.keu.kz/content/12122/12184/Lekcia.files/filelist.xml,http://cdo.keu.kz/content/12122/12184/Lekcia.files/header.htm,http://cdo.keu.kz/content/12122/12184/Lekcia.files/image001.gif,http://cdo.keu.kz/content/12122/12184/Lekcia.files/image002.jpg,http://cdo.keu.kz/content/12122/12184/Lekcia.files/image003.jpg,http://cdo.keu.kz/content/12122/12184/Lekcia.files/image004.jpg,http://cdo.keu.kz/content/12122/12184/Lekcia.files/image005.jpg,http://cdo.keu.kz/content/12122/12184/Lekcia.files/image006.jpg,http://cdo.keu.kz/content/12122/12184/Lekcia.files/image007.jpg,http://cdo.keu.kz/content/12122/12184/Lekcia.files/image008.jpg,http://cdo.keu.kz/content/12122/12184/Lekcia.files/image009.gif,,,,,,,
http://cdo.keu.kz/content/12123/12185/1Rub.htm,,,,,,,,,,,,,,,,,,,,,,,,,,,,,,,,,
http://cdo.keu.kz/content/12124/12186/2Rub.htm,,,,,,,,,,,,,,,,,,,,,,,,,,,,,,,,,
http://cdo.keu.kz/content/12125/12187/1Rub.htm,,,,,,,,,,,,,,,,,,,,,,,,,,,,,,,,,
http://cdo.keu.kz/content/12126/12188/2Rub.htm,,,,,,,,,,,,,,,,,,,,,,,,,,,,,,,,,
http://cdo.keu.kz/content/12128/12189/12189.htm,http://cdo.keu.kz/content/12128/12189/lek.files/colorschememapping.xml,http://cdo.keu.kz/content/12128/12189/lek.files/filelist.xml,http://cdo.keu.kz/content/12128/12189/lek.files/header.htm,http://cdo.keu.kz/content/12128/12189/lek.files/themedata.thmx,,,,,,,,,,,,,,,,,,,,,,,,,,,,,
http://cdo.keu.kz/content/12129/12190/1Rub.htm,,,,,,,,,,,,,,,,,,,,,,,,,,,,,,,,,
http://cdo.keu.kz/content/12130/12191/12191.htm,http://cdo.keu.kz/content/12130/12191/lek.files/colorschememapping.xml,http://cdo.keu.kz/content/12130/12191/lek.files/filelist.xml,http://cdo.keu.kz/content/12130/12191/lek.files/header.htm,http://cdo.keu.kz/content/12130/12191/lek.files/themedata.thmx,,,,,,,,,,,,,,,,,,,,,,,,,,,,,
http://cdo.keu.kz/content/12131/12192/2Rub.htm,,,,,,,,,,,,,,,,,,,,,,,,,,,,,,,,,
http://cdo.keu.kz/content/12132/12193/Itogov.htm,,,,,,,,,,,,,,,,,,,,,,,,,,,,,,,,,
http://cdo.keu.kz/content/12133/12194/1rub.files/filelist.xml,http://cdo.keu.kz/content/12133/12194/1rub.files/image001.wmz,http://cdo.keu.kz/content/12133/12194/1rub.files/image002.gif,http://cdo.keu.kz/content/12133/12194/1rub.files/image003.wmz,http://cdo.keu.kz/content/12133/12194/1rub.files/image004.gif,http://cdo.keu.kz/content/12133/12194/1rub.files/image005.wmz,http://cdo.keu.kz/content/12133/12194/1rub.files/image006.gif,http://cdo.keu.kz/content/12133/12194/1rub.files/image007.wmz,http://cdo.keu.kz/content/12133/12194/1rub.files/image008.gif,http://cdo.keu.kz/content/12133/12194/1rub.files/oledata.mso,http://cdo.keu.kz/content/12133/12194/1rub.htm,,,,,,,,,,,,,,,,,,,,,,,
http://cdo.keu.kz/content/12134/12195/2rub.files/filelist.xml,http://cdo.keu.kz/content/12134/12195/2rub.files/image001.wmz,http://cdo.keu.kz/content/12134/12195/2rub.files/image002.gif,http://cdo.keu.kz/content/12134/12195/2rub.files/image003.wmz,http://cdo.keu.kz/content/12134/12195/2rub.files/image004.gif,http://cdo.keu.kz/content/12134/12195/2rub.files/image005.wmz,http://cdo.keu.kz/content/12134/12195/2rub.files/image006.gif,http://cdo.keu.kz/content/12134/12195/2rub.files/image007.wmz,http://cdo.keu.kz/content/12134/12195/2rub.files/image008.gif,http://cdo.keu.kz/content/12134/12195/2rub.files/image009.wmz,http://cdo.keu.kz/content/12134/12195/2rub.files/image010.gif,http://cdo.keu.kz/content/12134/12195/2rub.files/image011.wmz,http://cdo.keu.kz/content/12134/12195/2rub.files/image012.gif,http://cdo.keu.kz/content/12134/12195/2rub.files/image013.wmz,http://cdo.keu.kz/content/12134/12195/2rub.files/image014.gif,http://cdo.keu.kz/content/12134/12195/2rub.files/image015.wmz,http://cdo.keu.kz/content/12134/12195/2rub.files/image016.gif,http://cdo.keu.kz/content/12134/12195/2rub.files/oledata.mso,http://cdo.keu.kz/content/12134/12195/2rub.htm,,,,,,,,,,,,,,,
http://cdo.keu.kz/content/12135/12196/itog.files/colorschememapping.xml,http://cdo.keu.kz/content/12135/12196/itog.files/filelist.xml,http://cdo.keu.kz/content/12135/12196/itog.files/image001.wmz,http://cdo.keu.kz/content/12135/12196/itog.files/image002.gif,http://cdo.keu.kz/content/12135/12196/itog.files/image003.wmz,http://cdo.keu.kz/content/12135/12196/itog.files/image004.gif,http://cdo.keu.kz/content/12135/12196/itog.files/image005.wmz,http://cdo.keu.kz/content/12135/12196/itog.files/image006.gif,http://cdo.keu.kz/content/12135/12196/itog.files/image007.wmz,http://cdo.keu.kz/content/12135/12196/itog.files/image008.gif,http://cdo.keu.kz/content/12135/12196/itog.files/image009.wmz,http://cdo.keu.kz/content/12135/12196/itog.files/image010.gif,http://cdo.keu.kz/content/12135/12196/itog.files/image011.wmz,http://cdo.keu.kz/content/12135/12196/itog.files/image012.gif,http://cdo.keu.kz/content/12135/12196/itog.files/image013.wmz,http://cdo.keu.kz/content/12135/12196/itog.files/image014.gif,http://cdo.keu.kz/content/12135/12196/itog.files/image015.wmz,http://cdo.keu.kz/content/12135/12196/itog.files/image016.gif,http://cdo.keu.kz/content/12135/12196/itog.files/oledata.mso,http://cdo.keu.kz/content/12135/12196/itog.files/themedata.thmx,http://cdo.keu.kz/content/12135/12196/itog.htm,,,,,,,,,,,,,
http://cdo.keu.kz/content/12136/12197/12197.htm,http://cdo.keu.kz/content/12136/12197/31702/31702.htm,http://cdo.keu.kz/content/12136/12197/31703/31703.htm,http://cdo.keu.kz/content/12136/12197/31704/31704.htm,http://cdo.keu.kz/content/12136/12197/31705/31705.htm,http://cdo.keu.kz/content/12136/12197/31706/31706.htm,http://cdo.keu.kz/content/12136/12197/31707/31707.htm,http://cdo.keu.kz/content/12136/12197/31708/31708.htm,http://cdo.keu.kz/content/12136/12197/31709/31709.htm,http://cdo.keu.kz/content/12136/12197/31710/31710.htm,http://cdo.keu.kz/content/12136/12197/31711/31711.htm,http://cdo.keu.kz/content/12136/12197/31712/31712.htm,http://cdo.keu.kz/content/12136/12197/Lekcii.files/filelist.xml,http://cdo.keu.kz/content/12136/12197/Lekcii.files/image001.emz,http://cdo.keu.kz/content/12136/12197/Lekcii.files/image002.gif,,,,,,,,,,,,,,,,,,,
http://cdo.keu.kz/content/12137/12198/12198.htm,http://cdo.keu.kz/content/12137/12198/Lekcia.files/filelist.xml,http://cdo.keu.kz/content/12137/12198/Lekcia.files/header.htm,http://cdo.keu.kz/content/12137/12198/Lekcia.htm,,,,,,,,,,,,,,,,,,,,,,,,,,,,,,
http://cdo.keu.kz/content/12138/12199/12199.htm,http://cdo.keu.kz/content/12138/12199/Lekcia.files/filelist.xml,http://cdo.keu.kz/content/12138/12199/Lekcia.files/header.htm,http://cdo.keu.kz/content/12138/12199/Lekcia.htm,,,,,,,,,,,,,,,,,,,,,,,,,,,,,,
http://cdo.keu.kz/content/12139/12200/12200.htm,http://cdo.keu.kz/content/12139/12200/Lekcia.files/filelist.xml,http://cdo.keu.kz/content/12139/12200/Lekcia.files/header.htm,http://cdo.keu.kz/content/12139/12200/Lekcia.htm,,,,,,,,,,,,,,,,,,,,,,,,,,,,,,
http://cdo.keu.kz/content/12140/12201/12201.htm,http://cdo.keu.kz/content/12140/12201/31713/31713.htm,http://cdo.keu.kz/content/12140/12201/31714/31714.htm,http://cdo.keu.kz/content/12140/12201/31715/31715.htm,http://cdo.keu.kz/content/12140/12201/31716/31716.htm,http://cdo.keu.kz/content/12140/12201/31717/31717.htm,http://cdo.keu.kz/content/12140/12201/31718/31718.htm,http://cdo.keu.kz/content/12140/12201/31719/31719.htm,http://cdo.keu.kz/content/12140/12201/31720/31720.htm,http://cdo.keu.kz/content/12140/12201/31721/31721.htm,http://cdo.keu.kz/content/12140/12201/31722/31722.htm,http://cdo.keu.kz/content/12140/12201/31723/31723.htm,http://cdo.keu.kz/content/12140/12201/31724/31724.htm,http://cdo.keu.kz/content/12140/12201/31725/31725.htm,http://cdo.keu.kz/content/12140/12201/31726/31726.htm,http://cdo.keu.kz/content/12140/12201/31727/31727.htm,http://cdo.keu.kz/content/12140/12201/31728/31728.htm,http://cdo.keu.kz/content/12140/12201/lek.files/filelist.xml,http://cdo.keu.kz/content/12140/12201/lek.files/image001.gif,http://cdo.keu.kz/content/12140/12201/lek.files/image002.emz,http://cdo.keu.kz/content/12140/12201/lek.files/image003.gif,http://cdo.keu.kz/content/12140/12201/lek.files/image004.gif,http://cdo.keu.kz/content/12140/12201/lek.files/image005.emz,http://cdo.keu.kz/content/12140/12201/lek.files/image006.gif,http://cdo.keu.kz/content/12140/12201/lek.files/image007.emz,http://cdo.keu.kz/content/12140/12201/lek.files/image008.gif,http://cdo.keu.kz/content/12140/12201/lek.files/image009.emz,http://cdo.keu.kz/content/12140/12201/lek.files/image010.gif,http://cdo.keu.kz/content/12140/12201/lek.files/image011.emz,http://cdo.keu.kz/content/12140/12201/lek.files/image012.gif,http://cdo.keu.kz/content/12140/12201/lek.files/image013.gif,http://cdo.keu.kz/content/12140/12201/lek.files/image014.gif,http://cdo.keu.kz/content/12140/12201/lek.files/image015.gif,http://cdo.keu.kz/content/12140/12201/lek.files/image016.gif
http://cdo.keu.kz/content/12141/12202/1Rub.htm,,,,,,,,,,,,,,,,,,,,,,,,,,,,,,,,,
http://cdo.keu.kz/content/12142/12203/2Rub.htm,,,,,,,,,,,,,,,,,,,,,,,,,,,,,,,,,
http://cdo.keu.kz/content/12143/12204/1Rub.htm,,,,,,,,,,,,,,,,,,,,,,,,,,,,,,,,,
http://cdo.keu.kz/content/12144/12205/1Rub.htm,,,,,,,,,,,,,,,,,,,,,,,,,,,,,,,,,
http://cdo.keu.kz/content/12145/12206/2Rub.htm,,,,,,,,,,,,,,,,,,,,,,,,,,,,,,,,,
http://cdo.keu.kz/content/12146/12207/1Rub.htm,,,,,,,,,,,,,,,,,,,,,,,,,,,,,,,,,
http://cdo.keu.kz/content/12147/12208/1Rub.htm,,,,,,,,,,,,,,,,,,,,,,,,,,,,,,,,,
http://cdo.keu.kz/content/12148/12209/Itog.htm,,,,,,,,,,,,,,,,,,,,,,,,,,,,,,,,,
http://cdo.keu.kz/content/12149/12210/12210.htm,http://cdo.keu.kz/content/12149/12210/lek.files/colorschememapping.xml,http://cdo.keu.kz/content/12149/12210/lek.files/filelist.xml,http://cdo.keu.kz/content/12149/12210/lek.files/header.htm,http://cdo.keu.kz/content/12149/12210/lek.files/image001.gif,http://cdo.keu.kz/content/12149/12210/lek.files/themedata.thmx,,,,,,,,,,,,,,,,,,,,,,,,,,,,
http://cdo.keu.kz/content/12150/12211/1Rub.htm,,,,,,,,,,,,,,,,,,,,,,,,,,,,,,,,,
http://cdo.keu.kz/content/12151/12212/2rub.htm,,,,,,,,,,,,,,,,,,,,,,,,,,,,,,,,,
http://cdo.keu.kz/content/12152/12213/12213.htm,http://cdo.keu.kz/content/12152/12213/lek.files/colorschememapping.xml,http://cdo.keu.kz/content/12152/12213/lek.files/filelist.xml,http://cdo.keu.kz/content/12152/12213/lek.files/header.htm,http://cdo.keu.kz/content/12152/12213/lek.files/image001.png,http://cdo.keu.kz/content/12152/12213/lek.files/image002.jpg,http://cdo.keu.kz/content/12152/12213/lek.files/themedata.thmx,,,,,,,,,,,,,,,,,,,,,,,,,,,
http://cdo.keu.kz/content/12153/12214/1rub.htm,,,,,,,,,,,,,,,,,,,,,,,,,,,,,,,,,
http://cdo.keu.kz/content/12154/12215/2rub.htm,,,,,,,,,,,,,,,,,,,,,,,,,,,,,,,,,
http://cdo.keu.kz/content/12155/12216/Itogov.htm,,,,,,,,,,,,,,,,,,,,,,,,,,,,,,,,,
http://cdo.keu.kz/content/12159/12217/1r.files/colorschememapping.xml,http://cdo.keu.kz/content/12159/12217/1r.files/filelist.xml,http://cdo.keu.kz/content/12159/12217/1r.files/themedata.thmx,http://cdo.keu.kz/content/12159/12217/1r.htm,,,,,,,,,,,,,,,,,,,,,,,,,,,,,,
http://cdo.keu.kz/content/12160/12218/2r.files/colorschememapping.xml,http://cdo.keu.kz/content/12160/12218/2r.files/filelist.xml,http://cdo.keu.kz/content/12160/12218/2r.files/themedata.thmx,http://cdo.keu.kz/content/12160/12218/2r.htm,,,,,,,,,,,,,,,,,,,,,,,,,,,,,,
http://cdo.keu.kz/content/12161/12219/12219.htm,,,,,,,,,,,,,,,,,,,,,,,,,,,,,,,,,
http://cdo.keu.kz/content/12162/12220/2r.files/colorschememapping.xml,http://cdo.keu.kz/content/12162/12220/2r.files/filelist.xml,http://cdo.keu.kz/content/12162/12220/2r.files/themedata.thmx,http://cdo.keu.kz/content/12162/12220/2r.htm,,,,,,,,,,,,,,,,,,,,,,,,,,,,,,
http://cdo.keu.kz/content/12163/12221/12221.htm,http://cdo.keu.kz/content/12163/12221/lek.files/colorschememapping.xml,http://cdo.keu.kz/content/12163/12221/lek.files/filelist.xml,http://cdo.keu.kz/content/12163/12221/lek.files/header.htm,http://cdo.keu.kz/content/12163/12221/lek.files/image001.png,http://cdo.keu.kz/content/12163/12221/lek.files/image002.jpg,http://cdo.keu.kz/content/12163/12221/lek.files/themedata.thmx,,,,,,,,,,,,,,,,,,,,,,,,,,,
http://cdo.keu.kz/content/12164/12222/itog.files/colorschememapping.xml,http://cdo.keu.kz/content/12164/12222/itog.files/filelist.xml,http://cdo.keu.kz/content/12164/12222/itog.files/themedata.thmx,http://cdo.keu.kz/content/12164/12222/itog.htm,,,,,,,,,,,,,,,,,,,,,,,,,,,,,,
http://cdo.keu.kz/content/12165/12223/12223.htm,http://cdo.keu.kz/content/12165/12223/lektsiya.files/colorschememapping.xml,http://cdo.keu.kz/content/12165/12223/lektsiya.files/filelist.xml,http://cdo.keu.kz/content/12165/12223/lektsiya.files/header.htm,http://cdo.keu.kz/content/12165/12223/lektsiya.files/image001.png,http://cdo.keu.kz/content/12165/12223/lektsiya.files/image002.jpg,http://cdo.keu.kz/content/12165/12223/lektsiya.files/themedata.thmx,,,,,,,,,,,,,,,,,,,,,,,,,,,
http://cdo.keu.kz/content/12166/12224/12224.htm,http://cdo.keu.kz/content/12166/12224/31729/31729.htm,http://cdo.keu.kz/content/12166/12224/31730/31730.htm,http://cdo.keu.kz/content/12166/12224/31731/31731.htm,http://cdo.keu.kz/content/12166/12224/31732/31732.htm,http://cdo.keu.kz/content/12166/12224/31733/31733.htm,http://cdo.keu.kz/content/12166/12224/31734/31734.htm,http://cdo.keu.kz/content/12166/12224/31735/31735.htm,http://cdo.keu.kz/content/12166/12224/31736/31736.htm,http://cdo.keu.kz/content/12166/12224/31737/31737.htm,http://cdo.keu.kz/content/12166/12224/lektsiya.files/colorschememapping.xml,http://cdo.keu.kz/content/12166/12224/lektsiya.files/filelist.xml,http://cdo.keu.kz/content/12166/12224/lektsiya.files/header.htm,http://cdo.keu.kz/content/12166/12224/lektsiya.files/image001.png,http://cdo.keu.kz/content/12166/12224/lektsiya.files/image002.jpg,http://cdo.keu.kz/content/12166/12224/lektsiya.files/themedata.thmx,,,,,,,,,,,,,,,,,,
http://cdo.keu.kz/content/12167/12225/1Rub.htm,,,,,,,,,,,,,,,,,,,,,,,,,,,,,,,,,
http://cdo.keu.kz/content/12168/12226/2rub.files/filelist.xml,http://cdo.keu.kz/content/12168/12226/2rub.files/header.htm,http://cdo.keu.kz/content/12168/12226/2rub.htm,,,,,,,,,,,,,,,,,,,,,,,,,,,,,,,
http://cdo.keu.kz/content/12169/12227/1Rub.htm,,,,,,,,,,,,,,,,,,,,,,,,,,,,,,,,,
http://cdo.keu.kz/content/12170/12228/2rub.files/filelist.xml,http://cdo.keu.kz/content/12170/12228/2rub.files/header.htm,http://cdo.keu.kz/content/12170/12228/2rub.htm,,,,,,,,,,,,,,,,,,,,,,,,,,,,,,,
http://cdo.keu.kz/content/12171/12229/Itogov.htm,,,,,,,,,,,,,,,,,,,,,,,,,,,,,,,,,
http://cdo.keu.kz/content/12172/12230/1Rub.files/filelist.xml,http://cdo.keu.kz/content/12172/12230/1Rub.files/header.htm,http://cdo.keu.kz/content/12172/12230/1Rub.htm,,,,,,,,,,,,,,,,,,,,,,,,,,,,,,,
http://cdo.keu.kz/content/12173/12231/2Rub.files/filelist.xml,http://cdo.keu.kz/content/12173/12231/2Rub.files/header.htm,http://cdo.keu.kz/content/12173/12231/2Rub.htm,,,,,,,,,,,,,,,,,,,,,,,,,,,,,,,
http://cdo.keu.kz/content/12174/12232/1Rub.files/filelist.xml,http://cdo.keu.kz/content/12174/12232/1Rub.files/header.htm,http://cdo.keu.kz/content/12174/12232/1Rub.htm,,,,,,,,,,,,,,,,,,,,,,,,,,,,,,,
http://cdo.keu.kz/content/12175/12233/2Rub.files/filelist.xml,http://cdo.keu.kz/content/12175/12233/2Rub.files/header.htm,http://cdo.keu.kz/content/12175/12233/2Rub.htm,,,,,,,,,,,,,,,,,,,,,,,,,,,,,,,
http://cdo.keu.kz/content/12176/12234/1Rub.files/filelist.xml,http://cdo.keu.kz/content/12176/12234/1Rub.files/header.htm,http://cdo.keu.kz/content/12176/12234/1Rub.htm,,,,,,,,,,,,,,,,,,,,,,,,,,,,,,,
http://cdo.keu.kz/content/12177/12235/2Rub.files/filelist.xml,http://cdo.keu.kz/content/12177/12235/2Rub.files/header.htm,http://cdo.keu.kz/content/12177/12235/2Rub.htm,,,,,,,,,,,,,,,,,,,,,,,,,,,,,,,
http://cdo.keu.kz/content/12178/12236/2Rub.files/filelist.xml,http://cdo.keu.kz/content/12178/12236/2Rub.files/header.htm,http://cdo.keu.kz/content/12178/12236/2Rub.htm,,,,,,,,,,,,,,,,,,,,,,,,,,,,,,,
http://cdo.keu.kz/content/12179/12237/1r.files/colorschememapping.xml,http://cdo.keu.kz/content/12179/12237/1r.files/filelist.xml,http://cdo.keu.kz/content/12179/12237/1r.files/themedata.thmx,http://cdo.keu.kz/content/12179/12237/1r.htm,,,,,,,,,,,,,,,,,,,,,,,,,,,,,,
http://cdo.keu.kz/content/12180/12238/2Rub.files/filelist.xml,http://cdo.keu.kz/content/12180/12238/2Rub.files/header.htm,http://cdo.keu.kz/content/12180/12238/2Rub.htm,,,,,,,,,,,,,,,,,,,,,,,,,,,,,,,
http://cdo.keu.kz/content/12181/12239/Itogov.htm,,,,,,,,,,,,,,,,,,,,,,,,,,,,,,,,,
http://cdo.keu.kz/content/12182/12240/2r.files/colorschememapping.xml,http://cdo.keu.kz/content/12182/12240/2r.files/filelist.xml,http://cdo.keu.kz/content/12182/12240/2r.files/themedata.thmx,http://cdo.keu.kz/content/12182/12240/2r.htm,,,,,,,,,,,,,,,,,,,,,,,,,,,,,,
http://cdo.keu.kz/content/12183/12241/1r.files/colorschememapping.xml,http://cdo.keu.kz/content/12183/12241/1r.files/filelist.xml,http://cdo.keu.kz/content/12183/12241/1r.files/themedata.thmx,http://cdo.keu.kz/content/12183/12241/1r.htm,,,,,,,,,,,,,,,,,,,,,,,,,,,,,,
http://cdo.keu.kz/content/12184/12242/2r.files/colorschememapping.xml,http://cdo.keu.kz/content/12184/12242/2r.files/filelist.xml,http://cdo.keu.kz/content/12184/12242/2r.files/themedata.thmx,http://cdo.keu.kz/content/12184/12242/2r.htm,,,,,,,,,,,,,,,,,,,,,,,,,,,,,,
http://cdo.keu.kz/content/12185/12243/itog.files/colorschememapping.xml,http://cdo.keu.kz/content/12185/12243/itog.files/filelist.xml,http://cdo.keu.kz/content/12185/12243/itog.files/themedata.thmx,http://cdo.keu.kz/content/12185/12243/itog.htm,,,,,,,,,,,,,,,,,,,,,,,,,,,,,,
http://cdo.keu.kz/content/12186/12244/itog.files/colorschememapping.xml,http://cdo.keu.kz/content/12186/12244/itog.files/filelist.xml,http://cdo.keu.kz/content/12186/12244/itog.files/themedata.thmx,http://cdo.keu.kz/content/12186/12244/itog.htm,,,,,,,,,,,,,,,,,,,,,,,,,,,,,,
http://cdo.keu.kz/content/12187/12245/12245.htm,http://cdo.keu.kz/content/12187/12245/31738/31738.htm,http://cdo.keu.kz/content/12187/12245/31739/31739.htm,http://cdo.keu.kz/content/12187/12245/31740/31740.htm,http://cdo.keu.kz/content/12187/12245/31741/31741.htm,http://cdo.keu.kz/content/12187/12245/31742/31742.htm,http://cdo.keu.kz/content/12187/12245/31743/31743.htm,http://cdo.keu.kz/content/12187/12245/31744/31744.htm,http://cdo.keu.kz/content/12187/12245/31745/31745.htm,http://cdo.keu.kz/content/12187/12245/31746/31746.htm,http://cdo.keu.kz/content/12187/12245/31747/31747.htm,http://cdo.keu.kz/content/12187/12245/31748/31748.htm,http://cdo.keu.kz/content/12187/12245/31749/31749.htm,http://cdo.keu.kz/content/12187/12245/31750/31750.htm,http://cdo.keu.kz/content/12187/12245/31751/31751.htm,http://cdo.keu.kz/content/12187/12245/31752/31752.htm,,,,,,,,,,,,,,,,,,
http://cdo.keu.kz/content/12188/12246/1%20r.files/colorschememapping.xml,http://cdo.keu.kz/content/12188/12246/1%20r.files/filelist.xml,http://cdo.keu.kz/content/12188/12246/1%20r.files/image001.wmz,http://cdo.keu.kz/content/12188/12246/1%20r.files/image002.gif,http://cdo.keu.kz/content/12188/12246/1%20r.files/image003.wmz,http://cdo.keu.kz/content/12188/12246/1%20r.files/image004.gif,http://cdo.keu.kz/content/12188/12246/1%20r.files/image005.wmz,http://cdo.keu.kz/content/12188/12246/1%20r.files/image006.gif,http://cdo.keu.kz/content/12188/12246/1%20r.files/image007.wmz,http://cdo.keu.kz/content/12188/12246/1%20r.files/image008.gif,http://cdo.keu.kz/content/12188/12246/1%20r.files/image009.wmz,http://cdo.keu.kz/content/12188/12246/1%20r.files/image010.gif,http://cdo.keu.kz/content/12188/12246/1%20r.files/image011.wmz,http://cdo.keu.kz/content/12188/12246/1%20r.files/image012.gif,http://cdo.keu.kz/content/12188/12246/1%20r.files/oledata.mso,http://cdo.keu.kz/content/12188/12246/1%20r.files/themedata.thmx,http://cdo.keu.kz/content/12188/12246/1%20r.htm,,,,,,,,,,,,,,,,,
http://cdo.keu.kz/content/12189/12247/1Rub.htm,,,,,,,,,,,,,,,,,,,,,,,,,,,,,,,,,
http://cdo.keu.kz/content/12190/12248/2Rub.htm,,,,,,,,,,,,,,,,,,,,,,,,,,,,,,,,,
http://cdo.keu.kz/content/12191/12249/2%20r.files/colorschememapping.xml,http://cdo.keu.kz/content/12191/12249/2%20r.files/filelist.xml,http://cdo.keu.kz/content/12191/12249/2%20r.files/themedata.thmx,http://cdo.keu.kz/content/12191/12249/2%20r.htm,,,,,,,,,,,,,,,,,,,,,,,,,,,,,,
http://cdo.keu.kz/content/12192/12250/%d0%81%d0%b2%c2%ae%d0%88.files/colorschememapping.xml,http://cdo.keu.kz/content/12192/12250/%d0%81%d0%b2%c2%ae%d0%88.files/filelist.xml,http://cdo.keu.kz/content/12192/12250/%d0%81%d0%b2%c2%ae%d0%88.files/image001.wmz,http://cdo.keu.kz/content/12192/12250/%d0%81%d0%b2%c2%ae%d0%88.files/image002.gif,http://cdo.keu.kz/content/12192/12250/%d0%81%d0%b2%c2%ae%d0%88.files/image003.wmz,http://cdo.keu.kz/content/12192/12250/%d0%81%d0%b2%c2%ae%d0%88.files/image004.gif,http://cdo.keu.kz/content/12192/12250/%d0%81%d0%b2%c2%ae%d0%88.files/image005.wmz,http://cdo.keu.kz/content/12192/12250/%d0%81%d0%b2%c2%ae%d0%88.files/image006.gif,http://cdo.keu.kz/content/12192/12250/%d0%81%d0%b2%c2%ae%d0%88.files/image007.wmz,http://cdo.keu.kz/content/12192/12250/%d0%81%d0%b2%c2%ae%d0%88.files/image008.gif,http://cdo.keu.kz/content/12192/12250/%d0%81%d0%b2%c2%ae%d0%88.files/image009.wmz,http://cdo.keu.kz/content/12192/12250/%d0%81%d0%b2%c2%ae%d0%88.files/image010.gif,http://cdo.keu.kz/content/12192/12250/%d0%81%d0%b2%c2%ae%d0%88.files/image011.wmz,http://cdo.keu.kz/content/12192/12250/%d0%81%d0%b2%c2%ae%d0%88.files/image012.gif,http://cdo.keu.kz/content/12192/12250/%d0%81%d0%b2%c2%ae%d0%88.files/oledata.mso,http://cdo.keu.kz/content/12192/12250/%d0%81%d0%b2%c2%ae%d0%88.files/themedata.thmx,http://cdo.keu.kz/content/12192/12250/%d0%81%d0%b2%c2%ae%d0%88.htm,,,,,,,,,,,,,,,,,
http://cdo.keu.kz/content/12193/12251/1%d0%b0%d0%b3%d0%8e.htm,,,,,,,,,,,,,,,,,,,,,,,,,,,,,,,,,
http://cdo.keu.kz/content/12194/12252/2%d0%b0%d0%b3%d0%8e.htm,,,,,,,,,,,,,,,,,,,,,,,,,,,,,,,,,
http://cdo.keu.kz/content/12195/12253/Itogov.htm,,,,,,,,,,,,,,,,,,,,,,,,,,,,,,,,,
http://cdo.keu.kz/content/12196/12254/1Rub.htm,,,,,,,,,,,,,,,,,,,,,,,,,,,,,,,,,
http://cdo.keu.kz/content/12197/12255/2Rub.htm,,,,,,,,,,,,,,,,,,,,,,,,,,,,,,,,,
http://cdo.keu.kz/content/12198/12256/Itogov.htm,,,,,,,,,,,,,,,,,,,,,,,,,,,,,,,,,
http://cdo.keu.kz/content/12199/12257/1rub.files/colorschememapping.xml,http://cdo.keu.kz/content/12199/12257/1rub.files/filelist.xml,http://cdo.keu.kz/content/12199/12257/1rub.files/themedata.thmx,http://cdo.keu.kz/content/12199/12257/1rub.htm,,,,,,,,,,,,,,,,,,,,,,,,,,,,,,
http://cdo.keu.kz/content/12200/12258/2rub.files/colorschememapping.xml,http://cdo.keu.kz/content/12200/12258/2rub.files/filelist.xml,http://cdo.keu.kz/content/12200/12258/2rub.files/themedata.thmx,http://cdo.keu.kz/content/12200/12258/2rub.htm,,,,,,,,,,,,,,,,,,,,,,,,,,,,,,
