0,1,2,3,4,5,6,7,8,9,10,11,12,13,14,15,16,17,18,19,20,21,22,23,24,25,26,27,28,29,30,31,32,33,34,35,36,37,38,39,40,41,42,43,44,45,46,47,48,49,50,51,52,53,54,55,56,57,58,59,60,61,62,63,64,65,66,67,68,69,70,71,72,73,74,75
http://cdo.keu.kz/content/11501/11565/q.files/colorschememapping.xml,http://cdo.keu.kz/content/11501/11565/q.files/filelist.xml,http://cdo.keu.kz/content/11501/11565/q.files/themedata.thmx,http://cdo.keu.kz/content/11501/11565/q.htm,,,,,,,,,,,,,,,,,,,,,,,,,,,,,,,,,,,,,,,,,,,,,,,,,,,,,,,,,,,,,,,,,,,,,,,,
http://cdo.keu.kz/content/11502/11566/1r.files/colorschememapping.xml,http://cdo.keu.kz/content/11502/11566/1r.files/filelist.xml,http://cdo.keu.kz/content/11502/11566/1r.files/themedata.thmx,http://cdo.keu.kz/content/11502/11566/1r.htm,,,,,,,,,,,,,,,,,,,,,,,,,,,,,,,,,,,,,,,,,,,,,,,,,,,,,,,,,,,,,,,,,,,,,,,,
http://cdo.keu.kz/content/11503/11567/2r.files/colorschememapping.xml,http://cdo.keu.kz/content/11503/11567/2r.files/filelist.xml,http://cdo.keu.kz/content/11503/11567/2r.files/themedata.thmx,http://cdo.keu.kz/content/11503/11567/2r.htm,,,,,,,,,,,,,,,,,,,,,,,,,,,,,,,,,,,,,,,,,,,,,,,,,,,,,,,,,,,,,,,,,,,,,,,,
http://cdo.keu.kz/content/11504/11568/11568.htm,http://cdo.keu.kz/content/11504/11568/30322/30322.htm,http://cdo.keu.kz/content/11504/11568/30323/30323.htm,http://cdo.keu.kz/content/11504/11568/30324/30324.htm,http://cdo.keu.kz/content/11504/11568/30325/30325.htm,http://cdo.keu.kz/content/11504/11568/30326/30326.htm,http://cdo.keu.kz/content/11504/11568/30327/30327.htm,http://cdo.keu.kz/content/11504/11568/30328/30328.htm,http://cdo.keu.kz/content/11504/11568/30329/30329.htm,http://cdo.keu.kz/content/11504/11568/30330/30330.htm,http://cdo.keu.kz/content/11504/11568/lek.files/filelist.xml,http://cdo.keu.kz/content/11504/11568/lek.files/image001.png,http://cdo.keu.kz/content/11504/11568/lek.files/image002.jpg,http://cdo.keu.kz/content/11504/11568/lek.files/image003.png,http://cdo.keu.kz/content/11504/11568/lek.files/image004.jpg,http://cdo.keu.kz/content/11504/11568/lek.files/image005.png,http://cdo.keu.kz/content/11504/11568/lek.files/image006.jpg,http://cdo.keu.kz/content/11504/11568/lek.files/image007.png,http://cdo.keu.kz/content/11504/11568/lek.files/image008.jpg,http://cdo.keu.kz/content/11504/11568/lek.files/image009.png,http://cdo.keu.kz/content/11504/11568/lek.files/image010.jpg,http://cdo.keu.kz/content/11504/11568/lek.files/image011.png,http://cdo.keu.kz/content/11504/11568/lek.files/image012.jpg,http://cdo.keu.kz/content/11504/11568/lek.files/image013.emz,http://cdo.keu.kz/content/11504/11568/lek.files/image014.gif,http://cdo.keu.kz/content/11504/11568/lek.files/image015.png,http://cdo.keu.kz/content/11504/11568/lek.files/image016.jpg,http://cdo.keu.kz/content/11504/11568/lek.files/image017.png,http://cdo.keu.kz/content/11504/11568/lek.files/image018.gif,http://cdo.keu.kz/content/11504/11568/lek.files/image019.png,http://cdo.keu.kz/content/11504/11568/lek.files/image020.jpg,http://cdo.keu.kz/content/11504/11568/lek.files/image021.jpg,http://cdo.keu.kz/content/11504/11568/lek.files/image022.jpg,http://cdo.keu.kz/content/11504/11568/lek.files/image023.png,http://cdo.keu.kz/content/11504/11568/lek.files/image024.jpg,http://cdo.keu.kz/content/11504/11568/lek.files/image025.png,http://cdo.keu.kz/content/11504/11568/lek.files/image026.jpg,http://cdo.keu.kz/content/11504/11568/lek.files/image027.png,http://cdo.keu.kz/content/11504/11568/lek.files/image028.jpg,,,,,,,,,,,,,,,,,,,,,,,,,,,,,,,,,,,,,
http://cdo.keu.kz/content/11505/11569/itog.files/colorschememapping.xml,http://cdo.keu.kz/content/11505/11569/itog.files/filelist.xml,http://cdo.keu.kz/content/11505/11569/itog.files/themedata.thmx,http://cdo.keu.kz/content/11505/11569/itog.htm,,,,,,,,,,,,,,,,,,,,,,,,,,,,,,,,,,,,,,,,,,,,,,,,,,,,,,,,,,,,,,,,,,,,,,,,
http://cdo.keu.kz/content/11506/11570/1.files/filelist.xml,http://cdo.keu.kz/content/11506/11570/1.files/header.htm,http://cdo.keu.kz/content/11506/11570/1.htm,,,,,,,,,,,,,,,,,,,,,,,,,,,,,,,,,,,,,,,,,,,,,,,,,,,,,,,,,,,,,,,,,,,,,,,,,
http://cdo.keu.kz/content/11507/11571/2.files/filelist.xml,http://cdo.keu.kz/content/11507/11571/2.files/header.htm,http://cdo.keu.kz/content/11507/11571/2.htm,,,,,,,,,,,,,,,,,,,,,,,,,,,,,,,,,,,,,,,,,,,,,,,,,,,,,,,,,,,,,,,,,,,,,,,,,
http://cdo.keu.kz/content/11508/11572/q.files/filelist.xml,http://cdo.keu.kz/content/11508/11572/q.files/header.htm,http://cdo.keu.kz/content/11508/11572/q.htm,,,,,,,,,,,,,,,,,,,,,,,,,,,,,,,,,,,,,,,,,,,,,,,,,,,,,,,,,,,,,,,,,,,,,,,,,
http://cdo.keu.kz/content/11509/11573/1r.files/colorschememapping.xml,http://cdo.keu.kz/content/11509/11573/1r.files/filelist.xml,http://cdo.keu.kz/content/11509/11573/1r.files/themedata.thmx,http://cdo.keu.kz/content/11509/11573/1r.htm,,,,,,,,,,,,,,,,,,,,,,,,,,,,,,,,,,,,,,,,,,,,,,,,,,,,,,,,,,,,,,,,,,,,,,,,
http://cdo.keu.kz/content/11510/11574/2r.files/colorschememapping.xml,http://cdo.keu.kz/content/11510/11574/2r.files/filelist.xml,http://cdo.keu.kz/content/11510/11574/2r.files/themedata.thmx,http://cdo.keu.kz/content/11510/11574/2r.htm,,,,,,,,,,,,,,,,,,,,,,,,,,,,,,,,,,,,,,,,,,,,,,,,,,,,,,,,,,,,,,,,,,,,,,,,
http://cdo.keu.kz/content/11511/11575/itog.files/colorschememapping.xml,http://cdo.keu.kz/content/11511/11575/itog.files/filelist.xml,http://cdo.keu.kz/content/11511/11575/itog.files/themedata.thmx,http://cdo.keu.kz/content/11511/11575/itog.htm,,,,,,,,,,,,,,,,,,,,,,,,,,,,,,,,,,,,,,,,,,,,,,,,,,,,,,,,,,,,,,,,,,,,,,,,
http://cdo.keu.kz/content/11512/11576/1r.24.07.2011.htm,,,,,,,,,,,,,,,,,,,,,,,,,,,,,,,,,,,,,,,,,,,,,,,,,,,,,,,,,,,,,,,,,,,,,,,,,,,
http://cdo.keu.kz/content/11513/11577/2r.24.07.2011.htm,,,,,,,,,,,,,,,,,,,,,,,,,,,,,,,,,,,,,,,,,,,,,,,,,,,,,,,,,,,,,,,,,,,,,,,,,,,
http://cdo.keu.kz/content/11514/11578/itogovui24.07.2011.htm,,,,,,,,,,,,,,,,,,,,,,,,,,,,,,,,,,,,,,,,,,,,,,,,,,,,,,,,,,,,,,,,,,,,,,,,,,,
http://cdo.keu.kz/content/11515/11579/1r.25.07.2011.htm,,,,,,,,,,,,,,,,,,,,,,,,,,,,,,,,,,,,,,,,,,,,,,,,,,,,,,,,,,,,,,,,,,,,,,,,,,,
http://cdo.keu.kz/content/11516/11580/2r.25.07.2011.htm,,,,,,,,,,,,,,,,,,,,,,,,,,,,,,,,,,,,,,,,,,,,,,,,,,,,,,,,,,,,,,,,,,,,,,,,,,,
http://cdo.keu.kz/content/11517/11581/1rub.files/colorschememapping.xml,http://cdo.keu.kz/content/11517/11581/1rub.files/filelist.xml,http://cdo.keu.kz/content/11517/11581/1rub.files/themedata.thmx,http://cdo.keu.kz/content/11517/11581/1rub.htm,,,,,,,,,,,,,,,,,,,,,,,,,,,,,,,,,,,,,,,,,,,,,,,,,,,,,,,,,,,,,,,,,,,,,,,,
http://cdo.keu.kz/content/11518/11582/itogovui25.07.2011.htm,,,,,,,,,,,,,,,,,,,,,,,,,,,,,,,,,,,,,,,,,,,,,,,,,,,,,,,,,,,,,,,,,,,,,,,,,,,
http://cdo.keu.kz/content/11519/11583/2rub.files/colorschememapping.xml,http://cdo.keu.kz/content/11519/11583/2rub.files/filelist.xml,http://cdo.keu.kz/content/11519/11583/2rub.files/themedata.thmx,http://cdo.keu.kz/content/11519/11583/2rub.htm,,,,,,,,,,,,,,,,,,,,,,,,,,,,,,,,,,,,,,,,,,,,,,,,,,,,,,,,,,,,,,,,,,,,,,,,
http://cdo.keu.kz/content/11520/11584/1.htm,,,,,,,,,,,,,,,,,,,,,,,,,,,,,,,,,,,,,,,,,,,,,,,,,,,,,,,,,,,,,,,,,,,,,,,,,,,
http://cdo.keu.kz/content/11521/11585/itog.files/colorschememapping.xml,http://cdo.keu.kz/content/11521/11585/itog.files/filelist.xml,http://cdo.keu.kz/content/11521/11585/itog.files/themedata.thmx,http://cdo.keu.kz/content/11521/11585/itog.htm,,,,,,,,,,,,,,,,,,,,,,,,,,,,,,,,,,,,,,,,,,,,,,,,,,,,,,,,,,,,,,,,,,,,,,,,
http://cdo.keu.kz/content/11522/11586/1.htm,,,,,,,,,,,,,,,,,,,,,,,,,,,,,,,,,,,,,,,,,,,,,,,,,,,,,,,,,,,,,,,,,,,,,,,,,,,
http://cdo.keu.kz/content/11523/11587/2.htm,,,,,,,,,,,,,,,,,,,,,,,,,,,,,,,,,,,,,,,,,,,,,,,,,,,,,,,,,,,,,,,,,,,,,,,,,,,
http://cdo.keu.kz/content/11524/11588/q.htm,,,,,,,,,,,,,,,,,,,,,,,,,,,,,,,,,,,,,,,,,,,,,,,,,,,,,,,,,,,,,,,,,,,,,,,,,,,
http://cdo.keu.kz/content/11525/11589/11589.htm,http://cdo.keu.kz/content/11525/11589/30331/30331.htm,http://cdo.keu.kz/content/11525/11589/30332/30332.htm,http://cdo.keu.kz/content/11525/11589/30333/30333.htm,http://cdo.keu.kz/content/11525/11589/30334/30334.htm,http://cdo.keu.kz/content/11525/11589/30335/30335.htm,http://cdo.keu.kz/content/11525/11589/30336/30336.htm,http://cdo.keu.kz/content/11525/11589/30337/30337.htm,http://cdo.keu.kz/content/11525/11589/30338/30338.htm,http://cdo.keu.kz/content/11525/11589/30339/30339.htm,http://cdo.keu.kz/content/11525/11589/30340/30340.htm,,,,,,,,,,,,,,,,,,,,,,,,,,,,,,,,,,,,,,,,,,,,,,,,,,,,,,,,,,,,,,,,,
http://cdo.keu.kz/content/11526/11590/1r.25.07.2011.htm,,,,,,,,,,,,,,,,,,,,,,,,,,,,,,,,,,,,,,,,,,,,,,,,,,,,,,,,,,,,,,,,,,,,,,,,,,,
http://cdo.keu.kz/content/11527/11591/2r.25.07.2011.htm,,,,,,,,,,,,,,,,,,,,,,,,,,,,,,,,,,,,,,,,,,,,,,,,,,,,,,,,,,,,,,,,,,,,,,,,,,,
http://cdo.keu.kz/content/11528/11592/itogovui25.07.2011.htm,,,,,,,,,,,,,,,,,,,,,,,,,,,,,,,,,,,,,,,,,,,,,,,,,,,,,,,,,,,,,,,,,,,,,,,,,,,
http://cdo.keu.kz/content/11529/11593/q1.htm,,,,,,,,,,,,,,,,,,,,,,,,,,,,,,,,,,,,,,,,,,,,,,,,,,,,,,,,,,,,,,,,,,,,,,,,,,,
http://cdo.keu.kz/content/11530/11594/1r.25.07.2011.files/filelist.xml,http://cdo.keu.kz/content/11530/11594/1r.25.07.2011.files/image001.gif,http://cdo.keu.kz/content/11530/11594/1r.25.07.2011.htm,,,,,,,,,,,,,,,,,,,,,,,,,,,,,,,,,,,,,,,,,,,,,,,,,,,,,,,,,,,,,,,,,,,,,,,,,
http://cdo.keu.kz/content/11531/11595/q2.htm,,,,,,,,,,,,,,,,,,,,,,,,,,,,,,,,,,,,,,,,,,,,,,,,,,,,,,,,,,,,,,,,,,,,,,,,,,,
http://cdo.keu.kz/content/11532/11596/q.doc,,,,,,,,,,,,,,,,,,,,,,,,,,,,,,,,,,,,,,,,,,,,,,,,,,,,,,,,,,,,,,,,,,,,,,,,,,,
http://cdo.keu.kz/content/11533/11597/1r.25.07.2011.files/filelist.xml,http://cdo.keu.kz/content/11533/11597/1r.25.07.2011.files/image001.gif,http://cdo.keu.kz/content/11533/11597/1r.25.07.2011.htm,,,,,,,,,,,,,,,,,,,,,,,,,,,,,,,,,,,,,,,,,,,,,,,,,,,,,,,,,,,,,,,,,,,,,,,,,
http://cdo.keu.kz/content/11534/11598/2r.25.07.2011.files/filelist.xml,http://cdo.keu.kz/content/11534/11598/2r.25.07.2011.files/image005.gif,http://cdo.keu.kz/content/11534/11598/2r.25.07.2011.files/image006.gif,http://cdo.keu.kz/content/11534/11598/2r.25.07.2011.files/image007.gif,http://cdo.keu.kz/content/11534/11598/2r.25.07.2011.files/image008.gif,http://cdo.keu.kz/content/11534/11598/2r.25.07.2011.files/image009.gif,http://cdo.keu.kz/content/11534/11598/2r.25.07.2011.files/image010.gif,http://cdo.keu.kz/content/11534/11598/2r.25.07.2011.files/image011.gif,http://cdo.keu.kz/content/11534/11598/2r.25.07.2011.files/image012.gif,http://cdo.keu.kz/content/11534/11598/2r.25.07.2011.files/image013.gif,http://cdo.keu.kz/content/11534/11598/2r.25.07.2011.files/image014.gif,http://cdo.keu.kz/content/11534/11598/2r.25.07.2011.files/image015.gif,http://cdo.keu.kz/content/11534/11598/2r.25.07.2011.htm,,,,,,,,,,,,,,,,,,,,,,,,,,,,,,,,,,,,,,,,,,,,,,,,,,,,,,,,,,,,,,,
http://cdo.keu.kz/content/11535/11599/q.htm,,,,,,,,,,,,,,,,,,,,,,,,,,,,,,,,,,,,,,,,,,,,,,,,,,,,,,,,,,,,,,,,,,,,,,,,,,,
http://cdo.keu.kz/content/11536/11600/itogovui25.07.2011.files/filelist.xml,http://cdo.keu.kz/content/11536/11600/itogovui25.07.2011.files/image001.gif,http://cdo.keu.kz/content/11536/11600/itogovui25.07.2011.files/image002.gif,http://cdo.keu.kz/content/11536/11600/itogovui25.07.2011.htm,,,,,,,,,,,,,,,,,,,,,,,,,,,,,,,,,,,,,,,,,,,,,,,,,,,,,,,,,,,,,,,,,,,,,,,,
http://cdo.keu.kz/content/11537/11601/11601.htm,http://cdo.keu.kz/content/11537/11601/30341/30341.htm,http://cdo.keu.kz/content/11537/11601/30342/30342.htm,http://cdo.keu.kz/content/11537/11601/30343/30343.htm,http://cdo.keu.kz/content/11537/11601/30344/30344.htm,http://cdo.keu.kz/content/11537/11601/30345/30345.htm,http://cdo.keu.kz/content/11537/11601/30346/30346.htm,http://cdo.keu.kz/content/11537/11601/30347/30347.htm,http://cdo.keu.kz/content/11537/11601/30348/30348.htm,http://cdo.keu.kz/content/11537/11601/30349/30349.htm,http://cdo.keu.kz/content/11537/11601/30350/30350.htm,http://cdo.keu.kz/content/11537/11601/30351/30351.htm,http://cdo.keu.kz/content/11537/11601/30352/30352.htm,http://cdo.keu.kz/content/11537/11601/30353/30353.htm,http://cdo.keu.kz/content/11537/11601/30354/30354.htm,http://cdo.keu.kz/content/11537/11601/30355/30355.htm,http://cdo.keu.kz/content/11537/11601/lek.files/filelist.xml,http://cdo.keu.kz/content/11537/11601/lek.files/image001.gif,http://cdo.keu.kz/content/11537/11601/lek.files/image002.gif,http://cdo.keu.kz/content/11537/11601/lek.files/image003.gif,,,,,,,,,,,,,,,,,,,,,,,,,,,,,,,,,,,,,,,,,,,,,,,,,,,,,,,,
http://cdo.keu.kz/content/11538/11602/11602.htm,http://cdo.keu.kz/content/11538/11602/30356/30356.htm,http://cdo.keu.kz/content/11538/11602/30357/30357.htm,http://cdo.keu.kz/content/11538/11602/30358/30358.htm,http://cdo.keu.kz/content/11538/11602/30359/30359.htm,http://cdo.keu.kz/content/11538/11602/30360/30360.htm,http://cdo.keu.kz/content/11538/11602/30361/30361.htm,http://cdo.keu.kz/content/11538/11602/30362/30362.htm,http://cdo.keu.kz/content/11538/11602/30363/30363.htm,http://cdo.keu.kz/content/11538/11602/30364/30364.htm,http://cdo.keu.kz/content/11538/11602/30365/30365.htm,http://cdo.keu.kz/content/11538/11602/30366/30366.htm,,,,,,,,,,,,,,,,,,,,,,,,,,,,,,,,,,,,,,,,,,,,,,,,,,,,,,,,,,,,,,,,
http://cdo.keu.kz/content/11539/11603/11603.htm,http://cdo.keu.kz/content/11539/11603/30367/30367.htm,http://cdo.keu.kz/content/11539/11603/30368/30368.htm,http://cdo.keu.kz/content/11539/11603/30369/30369.htm,http://cdo.keu.kz/content/11539/11603/30370/30370.htm,http://cdo.keu.kz/content/11539/11603/30371/30371.htm,http://cdo.keu.kz/content/11539/11603/30372/30372.htm,http://cdo.keu.kz/content/11539/11603/30373/30373.htm,http://cdo.keu.kz/content/11539/11603/30374/30374.htm,http://cdo.keu.kz/content/11539/11603/30375/30375.htm,http://cdo.keu.kz/content/11539/11603/30376/30376.htm,http://cdo.keu.kz/content/11539/11603/30377/30377.htm,http://cdo.keu.kz/content/11539/11603/30378/30378.htm,http://cdo.keu.kz/content/11539/11603/30379/30379.htm,http://cdo.keu.kz/content/11539/11603/lek.files/colorschememapping.xml,http://cdo.keu.kz/content/11539/11603/lek.files/filelist.xml,http://cdo.keu.kz/content/11539/11603/lek.files/header.htm,http://cdo.keu.kz/content/11539/11603/lek.files/image001.gif,http://cdo.keu.kz/content/11539/11603/lek.files/image002.gif,http://cdo.keu.kz/content/11539/11603/lek.files/image003.gif,http://cdo.keu.kz/content/11539/11603/lek.files/image004.gif,http://cdo.keu.kz/content/11539/11603/lek.files/image005.gif,http://cdo.keu.kz/content/11539/11603/lek.files/image006.gif,http://cdo.keu.kz/content/11539/11603/lek.files/image007.gif,http://cdo.keu.kz/content/11539/11603/lek.files/image008.gif,http://cdo.keu.kz/content/11539/11603/lek.files/image009.gif,http://cdo.keu.kz/content/11539/11603/lek.files/image010.gif,http://cdo.keu.kz/content/11539/11603/lek.files/image011.gif,http://cdo.keu.kz/content/11539/11603/lek.files/image012.gif,http://cdo.keu.kz/content/11539/11603/lek.files/image013.gif,http://cdo.keu.kz/content/11539/11603/lek.files/image014.gif,http://cdo.keu.kz/content/11539/11603/lek.files/image015.gif,http://cdo.keu.kz/content/11539/11603/lek.files/image016.gif,http://cdo.keu.kz/content/11539/11603/lek.files/image017.gif,http://cdo.keu.kz/content/11539/11603/lek.files/image018.gif,http://cdo.keu.kz/content/11539/11603/lek.files/image019.gif,http://cdo.keu.kz/content/11539/11603/lek.files/image020.gif,http://cdo.keu.kz/content/11539/11603/lek.files/image021.gif,http://cdo.keu.kz/content/11539/11603/lek.files/image022.gif,http://cdo.keu.kz/content/11539/11603/lek.files/image023.gif,http://cdo.keu.kz/content/11539/11603/lek.files/image024.gif,http://cdo.keu.kz/content/11539/11603/lek.files/image025.gif,http://cdo.keu.kz/content/11539/11603/lek.files/image026.gif,http://cdo.keu.kz/content/11539/11603/lek.files/themedata.thmx,,,,,,,,,,,,,,,,,,,,,,,,,,,,,,,,
http://cdo.keu.kz/content/11540/11604/1.htm,,,,,,,,,,,,,,,,,,,,,,,,,,,,,,,,,,,,,,,,,,,,,,,,,,,,,,,,,,,,,,,,,,,,,,,,,,,
http://cdo.keu.kz/content/11541/11605/2.htm,,,,,,,,,,,,,,,,,,,,,,,,,,,,,,,,,,,,,,,,,,,,,,,,,,,,,,,,,,,,,,,,,,,,,,,,,,,
http://cdo.keu.kz/content/11542/11606/q.htm,,,,,,,,,,,,,,,,,,,,,,,,,,,,,,,,,,,,,,,,,,,,,,,,,,,,,,,,,,,,,,,,,,,,,,,,,,,
http://cdo.keu.kz/content/11543/11607/1r.files/colorschememapping.xml,http://cdo.keu.kz/content/11543/11607/1r.files/filelist.xml,http://cdo.keu.kz/content/11543/11607/1r.files/header.htm,http://cdo.keu.kz/content/11543/11607/1r.files/themedata.thmx,http://cdo.keu.kz/content/11543/11607/1r.htm,,,,,,,,,,,,,,,,,,,,,,,,,,,,,,,,,,,,,,,,,,,,,,,,,,,,,,,,,,,,,,,,,,,,,,,
http://cdo.keu.kz/content/11544/11608/2r.files/colorschememapping.xml,http://cdo.keu.kz/content/11544/11608/2r.files/filelist.xml,http://cdo.keu.kz/content/11544/11608/2r.files/header.htm,http://cdo.keu.kz/content/11544/11608/2r.files/themedata.thmx,http://cdo.keu.kz/content/11544/11608/2r.htm,,,,,,,,,,,,,,,,,,,,,,,,,,,,,,,,,,,,,,,,,,,,,,,,,,,,,,,,,,,,,,,,,,,,,,,
http://cdo.keu.kz/content/11545/11609/11609.htm,http://cdo.keu.kz/content/11545/11609/30380/30380.htm,http://cdo.keu.kz/content/11545/11609/30381/30381.htm,http://cdo.keu.kz/content/11545/11609/30382/30382.htm,http://cdo.keu.kz/content/11545/11609/30383/30383.htm,http://cdo.keu.kz/content/11545/11609/30384/30384.htm,http://cdo.keu.kz/content/11545/11609/30385/30385.htm,http://cdo.keu.kz/content/11545/11609/30386/30386.htm,http://cdo.keu.kz/content/11545/11609/30387/30387.htm,http://cdo.keu.kz/content/11545/11609/30388/30388.htm,http://cdo.keu.kz/content/11545/11609/30389/30389.htm,http://cdo.keu.kz/content/11545/11609/30390/30390.htm,http://cdo.keu.kz/content/11545/11609/30391/30391.htm,http://cdo.keu.kz/content/11545/11609/30392/30392.htm,http://cdo.keu.kz/content/11545/11609/30393/30393.htm,http://cdo.keu.kz/content/11545/11609/30394/30394.htm,http://cdo.keu.kz/content/11545/11609/Lekcia.files/filelist.xml,http://cdo.keu.kz/content/11545/11609/Lekcia.files/image001.gif,http://cdo.keu.kz/content/11545/11609/Lekcia.files/image002.gif,http://cdo.keu.kz/content/11545/11609/Lekcia.files/image003.gif,http://cdo.keu.kz/content/11545/11609/Lekcia.files/image004.gif,http://cdo.keu.kz/content/11545/11609/Lekcia.files/image005.gif,http://cdo.keu.kz/content/11545/11609/Lekcia.files/image006.gif,http://cdo.keu.kz/content/11545/11609/Lekcia.files/image007.gif,http://cdo.keu.kz/content/11545/11609/Lekcia.files/image008.gif,http://cdo.keu.kz/content/11545/11609/Lekcia.files/image009.gif,http://cdo.keu.kz/content/11545/11609/Lekcia.files/image010.gif,http://cdo.keu.kz/content/11545/11609/Lekcia.files/image011.gif,http://cdo.keu.kz/content/11545/11609/Lekcia.files/image012.gif,http://cdo.keu.kz/content/11545/11609/Lekcia.files/image013.gif,http://cdo.keu.kz/content/11545/11609/Lekcia.files/image014.gif,http://cdo.keu.kz/content/11545/11609/Lekcia.files/image015.gif,http://cdo.keu.kz/content/11545/11609/Lekcia.files/image016.gif,http://cdo.keu.kz/content/11545/11609/Lekcia.files/image017.gif,http://cdo.keu.kz/content/11545/11609/Lekcia.files/image018.gif,http://cdo.keu.kz/content/11545/11609/Lekcia.files/image019.gif,http://cdo.keu.kz/content/11545/11609/Lekcia.files/image020.gif,http://cdo.keu.kz/content/11545/11609/Lekcia.files/image021.gif,http://cdo.keu.kz/content/11545/11609/Lekcia.files/image022.gif,http://cdo.keu.kz/content/11545/11609/Lekcia.files/image023.gif,http://cdo.keu.kz/content/11545/11609/Lekcia.files/image024.gif,http://cdo.keu.kz/content/11545/11609/Lekcia.files/image025.gif,http://cdo.keu.kz/content/11545/11609/Lekcia.files/image026.gif,http://cdo.keu.kz/content/11545/11609/Lekcia.files/image027.gif,http://cdo.keu.kz/content/11545/11609/Lekcia.files/image028.gif,http://cdo.keu.kz/content/11545/11609/Lekcia.files/image029.png,http://cdo.keu.kz/content/11545/11609/Lekcia.files/image030.jpg,,,,,,,,,,,,,,,,,,,,,,,,,,,,,
http://cdo.keu.kz/content/11546/11610/itog.files/colorschememapping.xml,http://cdo.keu.kz/content/11546/11610/itog.files/filelist.xml,http://cdo.keu.kz/content/11546/11610/itog.files/themedata.thmx,http://cdo.keu.kz/content/11546/11610/itog.htm,,,,,,,,,,,,,,,,,,,,,,,,,,,,,,,,,,,,,,,,,,,,,,,,,,,,,,,,,,,,,,,,,,,,,,,,
http://cdo.keu.kz/content/11547/11611/1r.26.07.2011.htm,,,,,,,,,,,,,,,,,,,,,,,,,,,,,,,,,,,,,,,,,,,,,,,,,,,,,,,,,,,,,,,,,,,,,,,,,,,
http://cdo.keu.kz/content/11548/11612/1r.26.07.2011.htm,,,,,,,,,,,,,,,,,,,,,,,,,,,,,,,,,,,,,,,,,,,,,,,,,,,,,,,,,,,,,,,,,,,,,,,,,,,
http://cdo.keu.kz/content/11549/11613/2r.26.07.2011.htm,,,,,,,,,,,,,,,,,,,,,,,,,,,,,,,,,,,,,,,,,,,,,,,,,,,,,,,,,,,,,,,,,,,,,,,,,,,
http://cdo.keu.kz/content/11550/11614/11614.htm,http://cdo.keu.kz/content/11550/11614/30395/30395.htm,http://cdo.keu.kz/content/11550/11614/30396/30396.htm,http://cdo.keu.kz/content/11550/11614/30397/30397.htm,http://cdo.keu.kz/content/11550/11614/lek.files/colorschememapping.xml,http://cdo.keu.kz/content/11550/11614/lek.files/filelist.xml,http://cdo.keu.kz/content/11550/11614/lek.files/header.htm,http://cdo.keu.kz/content/11550/11614/lek.files/themedata.thmx,,,,,,,,,,,,,,,,,,,,,,,,,,,,,,,,,,,,,,,,,,,,,,,,,,,,,,,,,,,,,,,,,,,,
http://cdo.keu.kz/content/11551/11615/11615.htm,http://cdo.keu.kz/content/11551/11615/30398/30398.htm,http://cdo.keu.kz/content/11551/11615/30399/30399.htm,http://cdo.keu.kz/content/11551/11615/30400/30400.htm,http://cdo.keu.kz/content/11551/11615/lek.files/colorschememapping.xml,http://cdo.keu.kz/content/11551/11615/lek.files/filelist.xml,http://cdo.keu.kz/content/11551/11615/lek.files/header.htm,http://cdo.keu.kz/content/11551/11615/lek.files/themedata.thmx,,,,,,,,,,,,,,,,,,,,,,,,,,,,,,,,,,,,,,,,,,,,,,,,,,,,,,,,,,,,,,,,,,,,
http://cdo.keu.kz/content/11552/11616/itogovui26.07.2011.htm,,,,,,,,,,,,,,,,,,,,,,,,,,,,,,,,,,,,,,,,,,,,,,,,,,,,,,,,,,,,,,,,,,,,,,,,,,,
http://cdo.keu.kz/content/11553/11617/11617.htm,http://cdo.keu.kz/content/11553/11617/30401/30401.htm,http://cdo.keu.kz/content/11553/11617/30402/30402.htm,http://cdo.keu.kz/content/11553/11617/30403/30403.htm,http://cdo.keu.kz/content/11553/11617/30404/30404.htm,http://cdo.keu.kz/content/11553/11617/30405/30405.htm,http://cdo.keu.kz/content/11553/11617/30406/30406.htm,http://cdo.keu.kz/content/11553/11617/30407/30407.htm,http://cdo.keu.kz/content/11553/11617/30408/30408.htm,http://cdo.keu.kz/content/11553/11617/30409/30409.htm,http://cdo.keu.kz/content/11553/11617/30410/30410.htm,http://cdo.keu.kz/content/11553/11617/30411/30411.htm,http://cdo.keu.kz/content/11553/11617/30412/30412.htm,http://cdo.keu.kz/content/11553/11617/30413/30413.htm,http://cdo.keu.kz/content/11553/11617/30414/30414.htm,http://cdo.keu.kz/content/11553/11617/30415/30415.htm,http://cdo.keu.kz/content/11553/11617/lek.files/colorschememapping.xml,http://cdo.keu.kz/content/11553/11617/lek.files/filelist.xml,http://cdo.keu.kz/content/11553/11617/lek.files/header.htm,http://cdo.keu.kz/content/11553/11617/lek.files/themedata.thmx,,,,,,,,,,,,,,,,,,,,,,,,,,,,,,,,,,,,,,,,,,,,,,,,,,,,,,,,
http://cdo.keu.kz/content/11554/11618/1.htm,,,,,,,,,,,,,,,,,,,,,,,,,,,,,,,,,,,,,,,,,,,,,,,,,,,,,,,,,,,,,,,,,,,,,,,,,,,
http://cdo.keu.kz/content/11555/11619/2.files/filelist.xml,http://cdo.keu.kz/content/11555/11619/2.files/header.htm,http://cdo.keu.kz/content/11555/11619/2.htm,,,,,,,,,,,,,,,,,,,,,,,,,,,,,,,,,,,,,,,,,,,,,,,,,,,,,,,,,,,,,,,,,,,,,,,,,
http://cdo.keu.kz/content/11556/11620/q.htm,,,,,,,,,,,,,,,,,,,,,,,,,,,,,,,,,,,,,,,,,,,,,,,,,,,,,,,,,,,,,,,,,,,,,,,,,,,
http://cdo.keu.kz/content/11557/11621/1r.files/colorschememapping.xml,http://cdo.keu.kz/content/11557/11621/1r.files/filelist.xml,http://cdo.keu.kz/content/11557/11621/1r.files/themedata.thmx,http://cdo.keu.kz/content/11557/11621/1r.htm,,,,,,,,,,,,,,,,,,,,,,,,,,,,,,,,,,,,,,,,,,,,,,,,,,,,,,,,,,,,,,,,,,,,,,,,
http://cdo.keu.kz/content/11558/11622/2r.files/colorschememapping.xml,http://cdo.keu.kz/content/11558/11622/2r.files/filelist.xml,http://cdo.keu.kz/content/11558/11622/2r.files/themedata.thmx,http://cdo.keu.kz/content/11558/11622/2r.htm,,,,,,,,,,,,,,,,,,,,,,,,,,,,,,,,,,,,,,,,,,,,,,,,,,,,,,,,,,,,,,,,,,,,,,,,
http://cdo.keu.kz/content/11559/11623/2r.files/colorschememapping.xml,http://cdo.keu.kz/content/11559/11623/2r.files/filelist.xml,http://cdo.keu.kz/content/11559/11623/2r.files/themedata.thmx,http://cdo.keu.kz/content/11559/11623/2r.htm,,,,,,,,,,,,,,,,,,,,,,,,,,,,,,,,,,,,,,,,,,,,,,,,,,,,,,,,,,,,,,,,,,,,,,,,
http://cdo.keu.kz/content/11560/11624/itog.files/colorschememapping.xml,http://cdo.keu.kz/content/11560/11624/itog.files/filelist.xml,http://cdo.keu.kz/content/11560/11624/itog.files/themedata.thmx,http://cdo.keu.kz/content/11560/11624/itog.htm,,,,,,,,,,,,,,,,,,,,,,,,,,,,,,,,,,,,,,,,,,,,,,,,,,,,,,,,,,,,,,,,,,,,,,,,
http://cdo.keu.kz/content/11561/11625/itog.files/colorschememapping.xml,http://cdo.keu.kz/content/11561/11625/itog.files/filelist.xml,http://cdo.keu.kz/content/11561/11625/itog.files/themedata.thmx,http://cdo.keu.kz/content/11561/11625/itog.htm,,,,,,,,,,,,,,,,,,,,,,,,,,,,,,,,,,,,,,,,,,,,,,,,,,,,,,,,,,,,,,,,,,,,,,,,
http://cdo.keu.kz/content/11562/11626/%d1%921.files/colorschememapping.xml,http://cdo.keu.kz/content/11562/11626/%d1%921.files/filelist.xml,http://cdo.keu.kz/content/11562/11626/%d1%921.files/themedata.thmx,http://cdo.keu.kz/content/11562/11626/%d1%921.htm,,,,,,,,,,,,,,,,,,,,,,,,,,,,,,,,,,,,,,,,,,,,,,,,,,,,,,,,,,,,,,,,,,,,,,,,
http://cdo.keu.kz/content/11563/11627/%d1%922.files/colorschememapping.xml,http://cdo.keu.kz/content/11563/11627/%d1%922.files/filelist.xml,http://cdo.keu.kz/content/11563/11627/%d1%922.files/themedata.thmx,http://cdo.keu.kz/content/11563/11627/%d1%922.htm,,,,,,,,,,,,,,,,,,,,,,,,,,,,,,,,,,,,,,,,,,,,,,,,,,,,,,,,,,,,,,,,,,,,,,,,
http://cdo.keu.kz/content/11564/11628/itog.files/colorschememapping.xml,http://cdo.keu.kz/content/11564/11628/itog.files/filelist.xml,http://cdo.keu.kz/content/11564/11628/itog.files/themedata.thmx,http://cdo.keu.kz/content/11564/11628/itog.htm,,,,,,,,,,,,,,,,,,,,,,,,,,,,,,,,,,,,,,,,,,,,,,,,,,,,,,,,,,,,,,,,,,,,,,,,
http://cdo.keu.kz/content/11565/11629/itog.files/colorschememapping.xml,http://cdo.keu.kz/content/11565/11629/itog.files/filelist.xml,http://cdo.keu.kz/content/11565/11629/itog.files/themedata.thmx,http://cdo.keu.kz/content/11565/11629/itog.htm,,,,,,,,,,,,,,,,,,,,,,,,,,,,,,,,,,,,,,,,,,,,,,,,,,,,,,,,,,,,,,,,,,,,,,,,
http://cdo.keu.kz/content/11566/11630/11630.htm,http://cdo.keu.kz/content/11566/11630/Lekcia.files/filelist.xml,http://cdo.keu.kz/content/11566/11630/Lekcia.files/image001.gif,http://cdo.keu.kz/content/11566/11630/Lekcia.files/image002.wmz,http://cdo.keu.kz/content/11566/11630/Lekcia.files/image003.gif,http://cdo.keu.kz/content/11566/11630/Lekcia.files/image004.gif,http://cdo.keu.kz/content/11566/11630/Lekcia.files/image005.gif,http://cdo.keu.kz/content/11566/11630/Lekcia.files/image006.gif,http://cdo.keu.kz/content/11566/11630/Lekcia.files/oledata.mso,http://cdo.keu.kz/content/11566/11630/Lekcia.htm,,,,,,,,,,,,,,,,,,,,,,,,,,,,,,,,,,,,,,,,,,,,,,,,,,,,,,,,,,,,,,,,,,
http://cdo.keu.kz/content/11567/11631/11631.htm,http://cdo.keu.kz/content/11567/11631/Lekcia.files/filelist.xml,http://cdo.keu.kz/content/11567/11631/Lekcia.files/image001.gif,http://cdo.keu.kz/content/11567/11631/Lekcia.files/image002.wmz,http://cdo.keu.kz/content/11567/11631/Lekcia.files/image003.gif,http://cdo.keu.kz/content/11567/11631/Lekcia.files/image004.gif,http://cdo.keu.kz/content/11567/11631/Lekcia.files/image005.gif,http://cdo.keu.kz/content/11567/11631/Lekcia.files/image006.gif,http://cdo.keu.kz/content/11567/11631/Lekcia.files/oledata.mso,http://cdo.keu.kz/content/11567/11631/Lekcia.htm,,,,,,,,,,,,,,,,,,,,,,,,,,,,,,,,,,,,,,,,,,,,,,,,,,,,,,,,,,,,,,,,,,
http://cdo.keu.kz/content/11568/11632/11632.htm,http://cdo.keu.kz/content/11568/11632/30416/30416.htm,http://cdo.keu.kz/content/11568/11632/30417/30417.htm,http://cdo.keu.kz/content/11568/11632/30418/30418.htm,http://cdo.keu.kz/content/11568/11632/30419/30419.htm,http://cdo.keu.kz/content/11568/11632/30420/30420.htm,http://cdo.keu.kz/content/11568/11632/30421/30421.htm,http://cdo.keu.kz/content/11568/11632/30422/30422.htm,http://cdo.keu.kz/content/11568/11632/30423/30423.htm,http://cdo.keu.kz/content/11568/11632/30424/30424.htm,http://cdo.keu.kz/content/11568/11632/30425/30425.htm,http://cdo.keu.kz/content/11568/11632/30426/30426.htm,http://cdo.keu.kz/content/11568/11632/30427/30427.htm,http://cdo.keu.kz/content/11568/11632/30428/30428.htm,http://cdo.keu.kz/content/11568/11632/30429/30429.htm,http://cdo.keu.kz/content/11568/11632/30430/30430.htm,http://cdo.keu.kz/content/11568/11632/lekcyi.files/filelist.xml,http://cdo.keu.kz/content/11568/11632/lekcyi.files/image001.gif,http://cdo.keu.kz/content/11568/11632/lekcyi.files/image002.wmz,http://cdo.keu.kz/content/11568/11632/lekcyi.files/image003.gif,http://cdo.keu.kz/content/11568/11632/lekcyi.files/image004.gif,http://cdo.keu.kz/content/11568/11632/lekcyi.files/image005.gif,http://cdo.keu.kz/content/11568/11632/lekcyi.files/image006.gif,http://cdo.keu.kz/content/11568/11632/lekcyi.files/oledata.mso,,,,,,,,,,,,,,,,,,,,,,,,,,,,,,,,,,,,,,,,,,,,,,,,,,,,
http://cdo.keu.kz/content/11569/11633/11633.htm,http://cdo.keu.kz/content/11569/11633/30431/30431.htm,http://cdo.keu.kz/content/11569/11633/30432/30432.htm,http://cdo.keu.kz/content/11569/11633/30433/30433.htm,http://cdo.keu.kz/content/11569/11633/30434/30434.htm,http://cdo.keu.kz/content/11569/11633/30435/30435.htm,http://cdo.keu.kz/content/11569/11633/30436/30436.htm,http://cdo.keu.kz/content/11569/11633/30437/30437.htm,http://cdo.keu.kz/content/11569/11633/30438/30438.htm,http://cdo.keu.kz/content/11569/11633/30439/30439.htm,http://cdo.keu.kz/content/11569/11633/30440/30440.htm,http://cdo.keu.kz/content/11569/11633/30441/30441.htm,http://cdo.keu.kz/content/11569/11633/30442/30442.htm,http://cdo.keu.kz/content/11569/11633/30443/30443.htm,http://cdo.keu.kz/content/11569/11633/30444/30444.htm,http://cdo.keu.kz/content/11569/11633/30445/30445.htm,http://cdo.keu.kz/content/11569/11633/lek.files/colorschememapping.xml,http://cdo.keu.kz/content/11569/11633/lek.files/filelist.xml,http://cdo.keu.kz/content/11569/11633/lek.files/themedata.thmx,,,,,,,,,,,,,,,,,,,,,,,,,,,,,,,,,,,,,,,,,,,,,,,,,,,,,,,,,
http://cdo.keu.kz/content/11570/11634/1r.26.07.2011.files/filelist.xml,http://cdo.keu.kz/content/11570/11634/1r.26.07.2011.files/header.htm,http://cdo.keu.kz/content/11570/11634/1r.26.07.2011.htm,,,,,,,,,,,,,,,,,,,,,,,,,,,,,,,,,,,,,,,,,,,,,,,,,,,,,,,,,,,,,,,,,,,,,,,,,
http://cdo.keu.kz/content/11571/11635/1r.files/colorschememapping.xml,http://cdo.keu.kz/content/11571/11635/1r.files/filelist.xml,http://cdo.keu.kz/content/11571/11635/1r.files/themedata.thmx,http://cdo.keu.kz/content/11571/11635/1r.htm,,,,,,,,,,,,,,,,,,,,,,,,,,,,,,,,,,,,,,,,,,,,,,,,,,,,,,,,,,,,,,,,,,,,,,,,
http://cdo.keu.kz/content/11572/11636/2r.26.07.2011.files/filelist.xml,http://cdo.keu.kz/content/11572/11636/2r.26.07.2011.files/header.htm,http://cdo.keu.kz/content/11572/11636/2r.26.07.2011.htm,,,,,,,,,,,,,,,,,,,,,,,,,,,,,,,,,,,,,,,,,,,,,,,,,,,,,,,,,,,,,,,,,,,,,,,,,
http://cdo.keu.kz/content/11573/11637/Itogov.files/filelist.xml,http://cdo.keu.kz/content/11573/11637/Itogov.files/header.htm,http://cdo.keu.kz/content/11573/11637/Itogov.htm,,,,,,,,,,,,,,,,,,,,,,,,,,,,,,,,,,,,,,,,,,,,,,,,,,,,,,,,,,,,,,,,,,,,,,,,,
http://cdo.keu.kz/content/11574/11638/2r.files/colorschememapping.xml,http://cdo.keu.kz/content/11574/11638/2r.files/filelist.xml,http://cdo.keu.kz/content/11574/11638/2r.files/image001.wmz,http://cdo.keu.kz/content/11574/11638/2r.files/image002.gif,http://cdo.keu.kz/content/11574/11638/2r.files/image003.wmz,http://cdo.keu.kz/content/11574/11638/2r.files/image004.gif,http://cdo.keu.kz/content/11574/11638/2r.files/oledata.mso,http://cdo.keu.kz/content/11574/11638/2r.files/themedata.thmx,http://cdo.keu.kz/content/11574/11638/2r.htm,,,,,,,,,,,,,,,,,,,,,,,,,,,,,,,,,,,,,,,,,,,,,,,,,,,,,,,,,,,,,,,,,,,
http://cdo.keu.kz/content/11575/11639/1.htm,,,,,,,,,,,,,,,,,,,,,,,,,,,,,,,,,,,,,,,,,,,,,,,,,,,,,,,,,,,,,,,,,,,,,,,,,,,
http://cdo.keu.kz/content/11576/11640/itog.files/colorschememapping.xml,http://cdo.keu.kz/content/11576/11640/itog.files/filelist.xml,http://cdo.keu.kz/content/11576/11640/itog.files/image001.wmz,http://cdo.keu.kz/content/11576/11640/itog.files/image002.gif,http://cdo.keu.kz/content/11576/11640/itog.files/image003.wmz,http://cdo.keu.kz/content/11576/11640/itog.files/image004.gif,http://cdo.keu.kz/content/11576/11640/itog.files/oledata.mso,http://cdo.keu.kz/content/11576/11640/itog.files/themedata.thmx,http://cdo.keu.kz/content/11576/11640/itog.htm,,,,,,,,,,,,,,,,,,,,,,,,,,,,,,,,,,,,,,,,,,,,,,,,,,,,,,,,,,,,,,,,,,,
http://cdo.keu.kz/content/11577/11641/2.htm,,,,,,,,,,,,,,,,,,,,,,,,,,,,,,,,,,,,,,,,,,,,,,,,,,,,,,,,,,,,,,,,,,,,,,,,,,,
http://cdo.keu.kz/content/11578/11642/q.htm,,,,,,,,,,,,,,,,,,,,,,,,,,,,,,,,,,,,,,,,,,,,,,,,,,,,,,,,,,,,,,,,,,,,,,,,,,,
http://cdo.keu.kz/content/11579/11643/11643.htm,http://cdo.keu.kz/content/11579/11643/30446/30446.htm,http://cdo.keu.kz/content/11579/11643/30447/30447.htm,http://cdo.keu.kz/content/11579/11643/30448/30448.htm,http://cdo.keu.kz/content/11579/11643/30449/30449.htm,http://cdo.keu.kz/content/11579/11643/30450/30450.htm,http://cdo.keu.kz/content/11579/11643/30451/30451.htm,http://cdo.keu.kz/content/11579/11643/30452/30452.htm,http://cdo.keu.kz/content/11579/11643/30453/30453.htm,http://cdo.keu.kz/content/11579/11643/30454/30454.htm,http://cdo.keu.kz/content/11579/11643/30455/30455.htm,http://cdo.keu.kz/content/11579/11643/30456/30456.htm,http://cdo.keu.kz/content/11579/11643/30457/30457.htm,http://cdo.keu.kz/content/11579/11643/30458/30458.htm,http://cdo.keu.kz/content/11579/11643/30459/30459.htm,http://cdo.keu.kz/content/11579/11643/30460/30460.htm,http://cdo.keu.kz/content/11579/11643/Lekcia.files/filelist.xml,http://cdo.keu.kz/content/11579/11643/Lekcia.files/image001.gif,,,,,,,,,,,,,,,,,,,,,,,,,,,,,,,,,,,,,,,,,,,,,,,,,,,,,,,,,,
http://cdo.keu.kz/content/11580/11644/1r.26.07.2011.htm,,,,,,,,,,,,,,,,,,,,,,,,,,,,,,,,,,,,,,,,,,,,,,,,,,,,,,,,,,,,,,,,,,,,,,,,,,,
http://cdo.keu.kz/content/11581/11645/2r.26.07.2011.htm,,,,,,,,,,,,,,,,,,,,,,,,,,,,,,,,,,,,,,,,,,,,,,,,,,,,,,,,,,,,,,,,,,,,,,,,,,,
http://cdo.keu.kz/content/11582/11646/11646.htm,,,,,,,,,,,,,,,,,,,,,,,,,,,,,,,,,,,,,,,,,,,,,,,,,,,,,,,,,,,,,,,,,,,,,,,,,,,
http://cdo.keu.kz/content/11583/11647/1.htm,,,,,,,,,,,,,,,,,,,,,,,,,,,,,,,,,,,,,,,,,,,,,,,,,,,,,,,,,,,,,,,,,,,,,,,,,,,
http://cdo.keu.kz/content/11584/11648/2.htm,,,,,,,,,,,,,,,,,,,,,,,,,,,,,,,,,,,,,,,,,,,,,,,,,,,,,,,,,,,,,,,,,,,,,,,,,,,
http://cdo.keu.kz/content/11585/11649/11649.htm,http://cdo.keu.kz/content/11585/11649/30461/30461.htm,http://cdo.keu.kz/content/11585/11649/30462/30462.htm,http://cdo.keu.kz/content/11585/11649/30463/30463.htm,http://cdo.keu.kz/content/11585/11649/30464/30464.htm,http://cdo.keu.kz/content/11585/11649/30465/30465.htm,http://cdo.keu.kz/content/11585/11649/30466/30466.htm,http://cdo.keu.kz/content/11585/11649/30467/30467.htm,http://cdo.keu.kz/content/11585/11649/OB%20lekcii.files/colorschememapping.xml,http://cdo.keu.kz/content/11585/11649/OB%20lekcii.files/filelist.xml,http://cdo.keu.kz/content/11585/11649/OB%20lekcii.files/header.htm,http://cdo.keu.kz/content/11585/11649/OB%20lekcii.files/image001.gif,http://cdo.keu.kz/content/11585/11649/OB%20lekcii.files/image002.gif,http://cdo.keu.kz/content/11585/11649/OB%20lekcii.files/image003.gif,http://cdo.keu.kz/content/11585/11649/OB%20lekcii.files/image004.gif,http://cdo.keu.kz/content/11585/11649/OB%20lekcii.files/image005.gif,http://cdo.keu.kz/content/11585/11649/OB%20lekcii.files/image006.gif,http://cdo.keu.kz/content/11585/11649/OB%20lekcii.files/image007.gif,http://cdo.keu.kz/content/11585/11649/OB%20lekcii.files/image008.gif,http://cdo.keu.kz/content/11585/11649/OB%20lekcii.files/image009.gif,http://cdo.keu.kz/content/11585/11649/OB%20lekcii.files/image010.gif,http://cdo.keu.kz/content/11585/11649/OB%20lekcii.files/image011.gif,http://cdo.keu.kz/content/11585/11649/OB%20lekcii.files/image012.gif,http://cdo.keu.kz/content/11585/11649/OB%20lekcii.files/themedata.thmx,,,,,,,,,,,,,,,,,,,,,,,,,,,,,,,,,,,,,,,,,,,,,,,,,,,,
http://cdo.keu.kz/content/11586/11650/itogovui26.07.2011.htm,,,,,,,,,,,,,,,,,,,,,,,,,,,,,,,,,,,,,,,,,,,,,,,,,,,,,,,,,,,,,,,,,,,,,,,,,,,
http://cdo.keu.kz/content/11587/11651/q.htm,,,,,,,,,,,,,,,,,,,,,,,,,,,,,,,,,,,,,,,,,,,,,,,,,,,,,,,,,,,,,,,,,,,,,,,,,,,
http://cdo.keu.kz/content/11588/11652/11652.htm,http://cdo.keu.kz/content/11588/11652/30468/30468.htm,http://cdo.keu.kz/content/11588/11652/30469/30469.htm,http://cdo.keu.kz/content/11588/11652/30470/30470.htm,http://cdo.keu.kz/content/11588/11652/30471/30471.htm,http://cdo.keu.kz/content/11588/11652/30472/30472.htm,http://cdo.keu.kz/content/11588/11652/30473/30473.htm,http://cdo.keu.kz/content/11588/11652/30474/30474.htm,http://cdo.keu.kz/content/11588/11652/30475/30475.htm,http://cdo.keu.kz/content/11588/11652/30476/30476.htm,http://cdo.keu.kz/content/11588/11652/30477/30477.htm,http://cdo.keu.kz/content/11588/11652/30478/30478.htm,http://cdo.keu.kz/content/11588/11652/30479/30479.htm,http://cdo.keu.kz/content/11588/11652/30480/30480.htm,http://cdo.keu.kz/content/11588/11652/30481/30481.htm,http://cdo.keu.kz/content/11588/11652/30482/30482.htm,http://cdo.keu.kz/content/11588/11652/lek.files/filelist.xml,http://cdo.keu.kz/content/11588/11652/lek.files/header.htm,http://cdo.keu.kz/content/11588/11652/lek.files/image001.gif,http://cdo.keu.kz/content/11588/11652/lek.files/image002.gif,http://cdo.keu.kz/content/11588/11652/lek.files/image003.gif,http://cdo.keu.kz/content/11588/11652/lek.files/image004.gif,http://cdo.keu.kz/content/11588/11652/lek.files/image005.gif,http://cdo.keu.kz/content/11588/11652/lek.files/image006.gif,http://cdo.keu.kz/content/11588/11652/lek.files/image007.wmz,http://cdo.keu.kz/content/11588/11652/lek.files/image008.gif,http://cdo.keu.kz/content/11588/11652/lek.files/image009.wmz,http://cdo.keu.kz/content/11588/11652/lek.files/image010.gif,http://cdo.keu.kz/content/11588/11652/lek.files/image011.wmz,http://cdo.keu.kz/content/11588/11652/lek.files/image012.gif,http://cdo.keu.kz/content/11588/11652/lek.files/image013.wmz,http://cdo.keu.kz/content/11588/11652/lek.files/image014.gif,http://cdo.keu.kz/content/11588/11652/lek.files/image015.wmz,http://cdo.keu.kz/content/11588/11652/lek.files/image016.gif,http://cdo.keu.kz/content/11588/11652/lek.files/image017.wmz,http://cdo.keu.kz/content/11588/11652/lek.files/image018.gif,http://cdo.keu.kz/content/11588/11652/lek.files/image019.png,http://cdo.keu.kz/content/11588/11652/lek.files/image020.gif,http://cdo.keu.kz/content/11588/11652/lek.files/image021.gif,http://cdo.keu.kz/content/11588/11652/lek.files/image022.png,http://cdo.keu.kz/content/11588/11652/lek.files/image023.gif,http://cdo.keu.kz/content/11588/11652/lek.files/image024.wmz,http://cdo.keu.kz/content/11588/11652/lek.files/image025.gif,http://cdo.keu.kz/content/11588/11652/lek.files/image026.wmz,http://cdo.keu.kz/content/11588/11652/lek.files/image027.gif,http://cdo.keu.kz/content/11588/11652/lek.files/image028.jpg,http://cdo.keu.kz/content/11588/11652/lek.files/image029.jpg,http://cdo.keu.kz/content/11588/11652/lek.files/image030.jpg,http://cdo.keu.kz/content/11588/11652/lek.files/image031.jpg,http://cdo.keu.kz/content/11588/11652/lek.files/image032.jpg,http://cdo.keu.kz/content/11588/11652/lek.files/image033.jpg,http://cdo.keu.kz/content/11588/11652/lek.files/image034.jpg,http://cdo.keu.kz/content/11588/11652/lek.files/image035.jpg,http://cdo.keu.kz/content/11588/11652/lek.files/image036.jpg,http://cdo.keu.kz/content/11588/11652/lek.files/image037.jpg,http://cdo.keu.kz/content/11588/11652/lek.files/image038.jpg,http://cdo.keu.kz/content/11588/11652/lek.files/image039.jpg,http://cdo.keu.kz/content/11588/11652/lek.files/image040.wmz,http://cdo.keu.kz/content/11588/11652/lek.files/image041.gif,http://cdo.keu.kz/content/11588/11652/lek.files/image042.wmz,http://cdo.keu.kz/content/11588/11652/lek.files/image043.gif,http://cdo.keu.kz/content/11588/11652/lek.files/image044.wmz,http://cdo.keu.kz/content/11588/11652/lek.files/image045.gif,http://cdo.keu.kz/content/11588/11652/lek.files/image046.wmz,http://cdo.keu.kz/content/11588/11652/lek.files/image047.gif,http://cdo.keu.kz/content/11588/11652/lek.files/image048.wmz,http://cdo.keu.kz/content/11588/11652/lek.files/image049.gif,http://cdo.keu.kz/content/11588/11652/lek.files/image050.wmz,http://cdo.keu.kz/content/11588/11652/lek.files/image051.gif,http://cdo.keu.kz/content/11588/11652/lek.files/image052.wmz,http://cdo.keu.kz/content/11588/11652/lek.files/image053.gif,http://cdo.keu.kz/content/11588/11652/lek.files/image054.wmz,http://cdo.keu.kz/content/11588/11652/lek.files/image055.gif,http://cdo.keu.kz/content/11588/11652/lek.files/image056.wmz,http://cdo.keu.kz/content/11588/11652/lek.files/image057.gif,http://cdo.keu.kz/content/11588/11652/lek.files/oledata.mso
http://cdo.keu.kz/content/11589/11653/1.htm,,,,,,,,,,,,,,,,,,,,,,,,,,,,,,,,,,,,,,,,,,,,,,,,,,,,,,,,,,,,,,,,,,,,,,,,,,,
http://cdo.keu.kz/content/11590/11654/2.htm,,,,,,,,,,,,,,,,,,,,,,,,,,,,,,,,,,,,,,,,,,,,,,,,,,,,,,,,,,,,,,,,,,,,,,,,,,,
http://cdo.keu.kz/content/11591/11655/q.htm,,,,,,,,,,,,,,,,,,,,,,,,,,,,,,,,,,,,,,,,,,,,,,,,,,,,,,,,,,,,,,,,,,,,,,,,,,,
http://cdo.keu.kz/content/11592/11656/1r.files/colorschememapping.xml,http://cdo.keu.kz/content/11592/11656/1r.files/filelist.xml,http://cdo.keu.kz/content/11592/11656/1r.files/themedata.thmx,http://cdo.keu.kz/content/11592/11656/1r.htm,,,,,,,,,,,,,,,,,,,,,,,,,,,,,,,,,,,,,,,,,,,,,,,,,,,,,,,,,,,,,,,,,,,,,,,,
http://cdo.keu.kz/content/11593/11657/2r.files/colorschememapping.xml,http://cdo.keu.kz/content/11593/11657/2r.files/filelist.xml,http://cdo.keu.kz/content/11593/11657/2r.files/themedata.thmx,http://cdo.keu.kz/content/11593/11657/2r.htm,,,,,,,,,,,,,,,,,,,,,,,,,,,,,,,,,,,,,,,,,,,,,,,,,,,,,,,,,,,,,,,,,,,,,,,,
http://cdo.keu.kz/content/11594/11658/11658.htm,http://cdo.keu.kz/content/11594/11658/30483/30483.htm,http://cdo.keu.kz/content/11594/11658/30484/30484.htm,http://cdo.keu.kz/content/11594/11658/30485/30485.htm,http://cdo.keu.kz/content/11594/11658/30486/30486.htm,http://cdo.keu.kz/content/11594/11658/30487/30487.htm,http://cdo.keu.kz/content/11594/11658/30488/30488.htm,http://cdo.keu.kz/content/11594/11658/30489/30489.htm,http://cdo.keu.kz/content/11594/11658/30490/30490.htm,http://cdo.keu.kz/content/11594/11658/30491/30491.htm,http://cdo.keu.kz/content/11594/11658/30492/30492.htm,http://cdo.keu.kz/content/11594/11658/30493/30493.htm,http://cdo.keu.kz/content/11594/11658/30494/30494.htm,http://cdo.keu.kz/content/11594/11658/30495/30495.htm,http://cdo.keu.kz/content/11594/11658/30496/30496.htm,http://cdo.keu.kz/content/11594/11658/30497/30497.htm,http://cdo.keu.kz/content/11594/11658/Lekcia.files/filelist.xml,http://cdo.keu.kz/content/11594/11658/Lekcia.files/header.htm,http://cdo.keu.kz/content/11594/11658/Lekcia.files/image001.wmz,http://cdo.keu.kz/content/11594/11658/Lekcia.files/image002.gif,http://cdo.keu.kz/content/11594/11658/Lekcia.files/image003.wmz,http://cdo.keu.kz/content/11594/11658/Lekcia.files/image004.gif,http://cdo.keu.kz/content/11594/11658/Lekcia.files/image005.jpg,http://cdo.keu.kz/content/11594/11658/Lekcia.files/image006.jpg,http://cdo.keu.kz/content/11594/11658/Lekcia.files/image007.png,http://cdo.keu.kz/content/11594/11658/Lekcia.files/image008.jpg,http://cdo.keu.kz/content/11594/11658/Lekcia.files/image009.png,http://cdo.keu.kz/content/11594/11658/Lekcia.files/image010.jpg,http://cdo.keu.kz/content/11594/11658/Lekcia.files/image011.png,http://cdo.keu.kz/content/11594/11658/Lekcia.files/image012.jpg,http://cdo.keu.kz/content/11594/11658/Lekcia.files/image013.png,http://cdo.keu.kz/content/11594/11658/Lekcia.files/image014.jpg,http://cdo.keu.kz/content/11594/11658/Lekcia.files/image015.png,http://cdo.keu.kz/content/11594/11658/Lekcia.files/image016.jpg,http://cdo.keu.kz/content/11594/11658/Lekcia.files/image017.emz,http://cdo.keu.kz/content/11594/11658/Lekcia.files/image018.gif,http://cdo.keu.kz/content/11594/11658/Lekcia.files/image019.png,http://cdo.keu.kz/content/11594/11658/Lekcia.files/image020.jpg,http://cdo.keu.kz/content/11594/11658/Lekcia.files/image021.jpg,http://cdo.keu.kz/content/11594/11658/Lekcia.files/image022.jpg,,,,,,,,,,,,,,,,,,,,,,,,,,,,,,,,,,,,
http://cdo.keu.kz/content/11595/11659/itog.files/colorschememapping.xml,http://cdo.keu.kz/content/11595/11659/itog.files/filelist.xml,http://cdo.keu.kz/content/11595/11659/itog.files/themedata.thmx,http://cdo.keu.kz/content/11595/11659/itog.htm,,,,,,,,,,,,,,,,,,,,,,,,,,,,,,,,,,,,,,,,,,,,,,,,,,,,,,,,,,,,,,,,,,,,,,,,
http://cdo.keu.kz/content/11596/11660/1.htm,,,,,,,,,,,,,,,,,,,,,,,,,,,,,,,,,,,,,,,,,,,,,,,,,,,,,,,,,,,,,,,,,,,,,,,,,,,
http://cdo.keu.kz/content/11597/11661/2.htm,,,,,,,,,,,,,,,,,,,,,,,,,,,,,,,,,,,,,,,,,,,,,,,,,,,,,,,,,,,,,,,,,,,,,,,,,,,
http://cdo.keu.kz/content/11598/11662/q.htm,,,,,,,,,,,,,,,,,,,,,,,,,,,,,,,,,,,,,,,,,,,,,,,,,,,,,,,,,,,,,,,,,,,,,,,,,,,
http://cdo.keu.kz/content/11599/11663/1r.27.07.2011.files/filelist.xml,http://cdo.keu.kz/content/11599/11663/1r.27.07.2011.files/image001.wmz,http://cdo.keu.kz/content/11599/11663/1r.27.07.2011.files/image002.gif,http://cdo.keu.kz/content/11599/11663/1r.27.07.2011.files/image003.wmz,http://cdo.keu.kz/content/11599/11663/1r.27.07.2011.files/image004.gif,http://cdo.keu.kz/content/11599/11663/1r.27.07.2011.files/image005.wmz,http://cdo.keu.kz/content/11599/11663/1r.27.07.2011.files/image006.gif,http://cdo.keu.kz/content/11599/11663/1r.27.07.2011.files/image007.wmz,http://cdo.keu.kz/content/11599/11663/1r.27.07.2011.files/image008.gif,http://cdo.keu.kz/content/11599/11663/1r.27.07.2011.files/image009.wmz,http://cdo.keu.kz/content/11599/11663/1r.27.07.2011.files/image010.gif,http://cdo.keu.kz/content/11599/11663/1r.27.07.2011.files/image011.wmz,http://cdo.keu.kz/content/11599/11663/1r.27.07.2011.files/image012.gif,http://cdo.keu.kz/content/11599/11663/1r.27.07.2011.files/image013.wmz,http://cdo.keu.kz/content/11599/11663/1r.27.07.2011.files/image014.gif,http://cdo.keu.kz/content/11599/11663/1r.27.07.2011.files/image015.wmz,http://cdo.keu.kz/content/11599/11663/1r.27.07.2011.files/image016.gif,http://cdo.keu.kz/content/11599/11663/1r.27.07.2011.files/image017.wmz,http://cdo.keu.kz/content/11599/11663/1r.27.07.2011.files/image018.gif,http://cdo.keu.kz/content/11599/11663/1r.27.07.2011.files/image019.wmz,http://cdo.keu.kz/content/11599/11663/1r.27.07.2011.files/image020.gif,http://cdo.keu.kz/content/11599/11663/1r.27.07.2011.files/image021.wmz,http://cdo.keu.kz/content/11599/11663/1r.27.07.2011.files/image022.gif,http://cdo.keu.kz/content/11599/11663/1r.27.07.2011.files/image023.wmz,http://cdo.keu.kz/content/11599/11663/1r.27.07.2011.files/image024.gif,http://cdo.keu.kz/content/11599/11663/1r.27.07.2011.files/image025.wmz,http://cdo.keu.kz/content/11599/11663/1r.27.07.2011.files/image026.gif,http://cdo.keu.kz/content/11599/11663/1r.27.07.2011.files/image027.wmz,http://cdo.keu.kz/content/11599/11663/1r.27.07.2011.files/image028.gif,http://cdo.keu.kz/content/11599/11663/1r.27.07.2011.files/image029.wmz,http://cdo.keu.kz/content/11599/11663/1r.27.07.2011.files/image030.gif,http://cdo.keu.kz/content/11599/11663/1r.27.07.2011.files/image031.wmz,http://cdo.keu.kz/content/11599/11663/1r.27.07.2011.files/image032.gif,http://cdo.keu.kz/content/11599/11663/1r.27.07.2011.files/image033.wmz,http://cdo.keu.kz/content/11599/11663/1r.27.07.2011.files/image034.gif,http://cdo.keu.kz/content/11599/11663/1r.27.07.2011.files/oledata.mso,http://cdo.keu.kz/content/11599/11663/1r.27.07.2011.htm,,,,,,,,,,,,,,,,,,,,,,,,,,,,,,,,,,,,,,,
http://cdo.keu.kz/content/11600/11664/2r.27.07.2011.files/filelist.xml,http://cdo.keu.kz/content/11600/11664/2r.27.07.2011.files/image001.wmz,http://cdo.keu.kz/content/11600/11664/2r.27.07.2011.files/image002.gif,http://cdo.keu.kz/content/11600/11664/2r.27.07.2011.files/image003.wmz,http://cdo.keu.kz/content/11600/11664/2r.27.07.2011.files/image004.gif,http://cdo.keu.kz/content/11600/11664/2r.27.07.2011.files/image005.wmz,http://cdo.keu.kz/content/11600/11664/2r.27.07.2011.files/image006.gif,http://cdo.keu.kz/content/11600/11664/2r.27.07.2011.files/image007.wmz,http://cdo.keu.kz/content/11600/11664/2r.27.07.2011.files/image008.gif,http://cdo.keu.kz/content/11600/11664/2r.27.07.2011.files/image009.wmz,http://cdo.keu.kz/content/11600/11664/2r.27.07.2011.files/image011.wmz,http://cdo.keu.kz/content/11600/11664/2r.27.07.2011.files/image013.wmz,http://cdo.keu.kz/content/11600/11664/2r.27.07.2011.files/image015.wmz,http://cdo.keu.kz/content/11600/11664/2r.27.07.2011.files/image017.wmz,http://cdo.keu.kz/content/11600/11664/2r.27.07.2011.files/image019.gif,http://cdo.keu.kz/content/11600/11664/2r.27.07.2011.files/image020.gif,http://cdo.keu.kz/content/11600/11664/2r.27.07.2011.files/image021.gif,http://cdo.keu.kz/content/11600/11664/2r.27.07.2011.files/image022.gif,http://cdo.keu.kz/content/11600/11664/2r.27.07.2011.files/image023.gif,http://cdo.keu.kz/content/11600/11664/2r.27.07.2011.files/image024.gif,http://cdo.keu.kz/content/11600/11664/2r.27.07.2011.files/image025.gif,http://cdo.keu.kz/content/11600/11664/2r.27.07.2011.files/image026.gif,http://cdo.keu.kz/content/11600/11664/2r.27.07.2011.files/image027.gif,http://cdo.keu.kz/content/11600/11664/2r.27.07.2011.files/oledata.mso,http://cdo.keu.kz/content/11600/11664/2r.27.07.2011.htm,,,,,,,,,,,,,,,,,,,,,,,,,,,,,,,,,,,,,,,,,,,,,,,,,,,
