0,1,2,3,4,5,6,7,8,9,10,11
http://cdo.keu.kz/content/10401/10467/2rub.htm,,,,,,,,,,,
http://cdo.keu.kz/content/10402/10468/1.htm,,,,,,,,,,,
http://cdo.keu.kz/content/10403/10469/itog.files/filelist.xml,http://cdo.keu.kz/content/10403/10469/itog.files/header.htm,http://cdo.keu.kz/content/10403/10469/itog.htm,,,,,,,,,
http://cdo.keu.kz/content/10404/10470/2.htm,,,,,,,,,,,
http://cdo.keu.kz/content/10405/10471/q.htm,,,,,,,,,,,
http://cdo.keu.kz/content/10406/10472/1rub.htm,,,,,,,,,,,
http://cdo.keu.kz/content/10407/10473/2rub.htm,,,,,,,,,,,
http://cdo.keu.kz/content/10408/10474/itog.htm,,,,,,,,,,,
http://cdo.keu.kz/content/10409/10475/1.htm,,,,,,,,,,,
http://cdo.keu.kz/content/10410/10476/1rub.files/colorschememapping.xml,http://cdo.keu.kz/content/10410/10476/1rub.files/filelist.xml,http://cdo.keu.kz/content/10410/10476/1rub.files/themedata.thmx,http://cdo.keu.kz/content/10410/10476/1rub.htm,,,,,,,,
http://cdo.keu.kz/content/10411/10477/2rub.files/colorschememapping.xml,http://cdo.keu.kz/content/10411/10477/2rub.files/filelist.xml,http://cdo.keu.kz/content/10411/10477/2rub.files/header.htm,http://cdo.keu.kz/content/10411/10477/2rub.files/themedata.thmx,http://cdo.keu.kz/content/10411/10477/2rub.htm,,,,,,,
http://cdo.keu.kz/content/10412/10478/itog.files/colorschememapping.xml,http://cdo.keu.kz/content/10412/10478/itog.files/filelist.xml,http://cdo.keu.kz/content/10412/10478/itog.files/themedata.thmx,http://cdo.keu.kz/content/10412/10478/itog.htm,,,,,,,,
http://cdo.keu.kz/content/10413/10479/21.12.2010(N)1.htm,,,,,,,,,,,
http://cdo.keu.kz/content/10414/10480/21.12.2010(N)2.htm,,,,,,,,,,,
http://cdo.keu.kz/content/10415/10481/2.htm,,,,,,,,,,,
http://cdo.keu.kz/content/10416/10482/21.12.2010(N)itog.htm,,,,,,,,,,,
http://cdo.keu.kz/content/10417/10483/q.htm,,,,,,,,,,,
http://cdo.keu.kz/content/10418/10484/1rub.files/colorschememapping.xml,http://cdo.keu.kz/content/10418/10484/1rub.files/filelist.xml,http://cdo.keu.kz/content/10418/10484/1rub.files/header.htm,http://cdo.keu.kz/content/10418/10484/1rub.files/themedata.thmx,http://cdo.keu.kz/content/10418/10484/1rub.htm,,,,,,,
http://cdo.keu.kz/content/10419/10485/2rub.files/colorschememapping.xml,http://cdo.keu.kz/content/10419/10485/2rub.files/filelist.xml,http://cdo.keu.kz/content/10419/10485/2rub.files/themedata.thmx,http://cdo.keu.kz/content/10419/10485/2rub.htm,,,,,,,,
http://cdo.keu.kz/content/10420/10486/itog.files/colorschememapping.xml,http://cdo.keu.kz/content/10420/10486/itog.files/filelist.xml,http://cdo.keu.kz/content/10420/10486/itog.files/header.htm,http://cdo.keu.kz/content/10420/10486/itog.files/themedata.thmx,http://cdo.keu.kz/content/10420/10486/itog.htm,,,,,,,
http://cdo.keu.kz/content/10421/10487/1rub.files/colorschememapping.xml,http://cdo.keu.kz/content/10421/10487/1rub.files/filelist.xml,http://cdo.keu.kz/content/10421/10487/1rub.files/item0001.xml,http://cdo.keu.kz/content/10421/10487/1rub.files/props0002.xml,http://cdo.keu.kz/content/10421/10487/1rub.files/themedata.thmx,http://cdo.keu.kz/content/10421/10487/1rub.htm,,,,,,
http://cdo.keu.kz/content/10422/10488/1rub.files/colorschememapping.xml,http://cdo.keu.kz/content/10422/10488/1rub.files/filelist.xml,http://cdo.keu.kz/content/10422/10488/1rub.files/item0001.xml,http://cdo.keu.kz/content/10422/10488/1rub.files/props0002.xml,http://cdo.keu.kz/content/10422/10488/1rub.files/themedata.thmx,http://cdo.keu.kz/content/10422/10488/1rub.htm,,,,,,
http://cdo.keu.kz/content/10423/10489/itog.files/colorschememapping.xml,http://cdo.keu.kz/content/10423/10489/itog.files/filelist.xml,http://cdo.keu.kz/content/10423/10489/itog.files/themedata.thmx,http://cdo.keu.kz/content/10423/10489/itog.htm,,,,,,,,
http://cdo.keu.kz/content/10424/10490/1.files/filelist.xml,http://cdo.keu.kz/content/10424/10490/1.files/image001.png,http://cdo.keu.kz/content/10424/10490/1.files/image002.jpg,http://cdo.keu.kz/content/10424/10490/1.files/image003.png,http://cdo.keu.kz/content/10424/10490/1.files/image004.jpg,http://cdo.keu.kz/content/10424/10490/1.htm,,,,,,
http://cdo.keu.kz/content/10425/10491/2.files/filelist.xml,http://cdo.keu.kz/content/10425/10491/2.files/image001.png,http://cdo.keu.kz/content/10425/10491/2.files/image002.jpg,http://cdo.keu.kz/content/10425/10491/2.files/image003.png,http://cdo.keu.kz/content/10425/10491/2.files/image004.jpg,http://cdo.keu.kz/content/10425/10491/2.files/image005.png,http://cdo.keu.kz/content/10425/10491/2.files/image006.jpg,http://cdo.keu.kz/content/10425/10491/2.htm,,,,
http://cdo.keu.kz/content/10426/10492/q.files/filelist.xml,http://cdo.keu.kz/content/10426/10492/q.files/image001.png,http://cdo.keu.kz/content/10426/10492/q.files/image002.jpg,http://cdo.keu.kz/content/10426/10492/q.files/image003.png,http://cdo.keu.kz/content/10426/10492/q.files/image004.jpg,http://cdo.keu.kz/content/10426/10492/q.files/image005.png,http://cdo.keu.kz/content/10426/10492/q.files/image006.jpg,http://cdo.keu.kz/content/10426/10492/q.files/image007.png,http://cdo.keu.kz/content/10426/10492/q.files/image008.jpg,http://cdo.keu.kz/content/10426/10492/q.files/image009.png,http://cdo.keu.kz/content/10426/10492/q.files/image010.jpg,http://cdo.keu.kz/content/10426/10492/q.htm
http://cdo.keu.kz/content/10427/10493/q.files/filelist.xml,http://cdo.keu.kz/content/10427/10493/q.files/image001.png,http://cdo.keu.kz/content/10427/10493/q.files/image002.jpg,http://cdo.keu.kz/content/10427/10493/q.files/image003.png,http://cdo.keu.kz/content/10427/10493/q.files/image004.jpg,http://cdo.keu.kz/content/10427/10493/q.files/image005.png,http://cdo.keu.kz/content/10427/10493/q.files/image006.jpg,http://cdo.keu.kz/content/10427/10493/q.htm,,,,
http://cdo.keu.kz/content/10428/10494/1rub.files/colorschememapping.xml,http://cdo.keu.kz/content/10428/10494/1rub.files/filelist.xml,http://cdo.keu.kz/content/10428/10494/1rub.files/image001.png,http://cdo.keu.kz/content/10428/10494/1rub.files/image002.gif,http://cdo.keu.kz/content/10428/10494/1rub.files/image003.png,http://cdo.keu.kz/content/10428/10494/1rub.files/image004.gif,http://cdo.keu.kz/content/10428/10494/1rub.files/themedata.thmx,http://cdo.keu.kz/content/10428/10494/1rub.htm,,,,
http://cdo.keu.kz/content/10429/10495/2rub.files/colorschememapping.xml,http://cdo.keu.kz/content/10429/10495/2rub.files/filelist.xml,http://cdo.keu.kz/content/10429/10495/2rub.files/themedata.thmx,http://cdo.keu.kz/content/10429/10495/2rub.htm,,,,,,,,
http://cdo.keu.kz/content/10430/10496/itog.files/colorschememapping.xml,http://cdo.keu.kz/content/10430/10496/itog.files/filelist.xml,http://cdo.keu.kz/content/10430/10496/itog.files/image001.png,http://cdo.keu.kz/content/10430/10496/itog.files/image002.gif,http://cdo.keu.kz/content/10430/10496/itog.files/image003.png,http://cdo.keu.kz/content/10430/10496/itog.files/image004.gif,http://cdo.keu.kz/content/10430/10496/itog.files/themedata.thmx,http://cdo.keu.kz/content/10430/10496/itog.htm,,,,
http://cdo.keu.kz/content/10431/10497/22.12.2010(N)1.htm,,,,,,,,,,,
http://cdo.keu.kz/content/10432/10498/q1.files/colorschememapping.xml,http://cdo.keu.kz/content/10432/10498/q1.files/filelist.xml,http://cdo.keu.kz/content/10432/10498/q1.files/themedata.thmx,http://cdo.keu.kz/content/10432/10498/q1.htm,,,,,,,,
http://cdo.keu.kz/content/10433/10499/21.12.2010(N)2.htm,,,,,,,,,,,
http://cdo.keu.kz/content/10434/10500/itog.htm,,,,,,,,,,,
http://cdo.keu.kz/content/10435/10501/q1.files/colorschememapping.xml,http://cdo.keu.kz/content/10435/10501/q1.files/filelist.xml,http://cdo.keu.kz/content/10435/10501/q1.files/themedata.thmx,http://cdo.keu.kz/content/10435/10501/q1.htm,,,,,,,,
http://cdo.keu.kz/content/10436/10502/22.12.2010(N)itog.htm,,,,,,,,,,,
http://cdo.keu.kz/content/10437/10503/1.htm,,,,,,,,,,,
http://cdo.keu.kz/content/10438/10504/q2.files/colorschememapping.xml,http://cdo.keu.kz/content/10438/10504/q2.files/filelist.xml,http://cdo.keu.kz/content/10438/10504/q2.files/themedata.thmx,http://cdo.keu.kz/content/10438/10504/q2.htm,,,,,,,,
http://cdo.keu.kz/content/10439/10505/1.htm,,,,,,,,,,,
http://cdo.keu.kz/content/10440/10506/2.htm,,,,,,,,,,,
http://cdo.keu.kz/content/10441/10507/1rub.files/colorschememapping.xml,http://cdo.keu.kz/content/10441/10507/1rub.files/filelist.xml,http://cdo.keu.kz/content/10441/10507/1rub.files/themedata.thmx,http://cdo.keu.kz/content/10441/10507/1rub.htm,,,,,,,,
http://cdo.keu.kz/content/10442/10508/2rub.files/colorschememapping.xml,http://cdo.keu.kz/content/10442/10508/2rub.files/filelist.xml,http://cdo.keu.kz/content/10442/10508/2rub.files/themedata.thmx,http://cdo.keu.kz/content/10442/10508/2rub.htm,,,,,,,,
http://cdo.keu.kz/content/10443/10509/q1.files/colorschememapping.xml,http://cdo.keu.kz/content/10443/10509/q1.files/filelist.xml,http://cdo.keu.kz/content/10443/10509/q1.files/themedata.thmx,http://cdo.keu.kz/content/10443/10509/q1.htm,,,,,,,,
http://cdo.keu.kz/content/10444/10510/itog.files/colorschememapping.xml,http://cdo.keu.kz/content/10444/10510/itog.files/filelist.xml,http://cdo.keu.kz/content/10444/10510/itog.files/themedata.thmx,http://cdo.keu.kz/content/10444/10510/itog.htm,,,,,,,,
http://cdo.keu.kz/content/10445/10511/q.htm,,,,,,,,,,,
http://cdo.keu.kz/content/10446/10512/q2.files/colorschememapping.xml,http://cdo.keu.kz/content/10446/10512/q2.files/filelist.xml,http://cdo.keu.kz/content/10446/10512/q2.files/themedata.thmx,http://cdo.keu.kz/content/10446/10512/q2.htm,,,,,,,,
http://cdo.keu.kz/content/10447/10513/q.htm,,,,,,,,,,,
http://cdo.keu.kz/content/10448/10514/q.files/colorschememapping.xml,http://cdo.keu.kz/content/10448/10514/q.files/filelist.xml,http://cdo.keu.kz/content/10448/10514/q.files/themedata.thmx,http://cdo.keu.kz/content/10448/10514/q.htm,,,,,,,,
http://cdo.keu.kz/content/10449/10515/q.htm,,,,,,,,,,,
http://cdo.keu.kz/content/10450/10516/q1.files/colorschememapping.xml,http://cdo.keu.kz/content/10450/10516/q1.files/filelist.xml,http://cdo.keu.kz/content/10450/10516/q1.files/themedata.thmx,http://cdo.keu.kz/content/10450/10516/q1.htm,,,,,,,,
http://cdo.keu.kz/content/10451/10517/1rub.htm,,,,,,,,,,,
http://cdo.keu.kz/content/10452/10518/2rub.htm,,,,,,,,,,,
http://cdo.keu.kz/content/10453/10519/itog.htm,,,,,,,,,,,
http://cdo.keu.kz/content/10454/10520/1rub.files/colorschememapping.xml,http://cdo.keu.kz/content/10454/10520/1rub.files/filelist.xml,http://cdo.keu.kz/content/10454/10520/1rub.files/themedata.thmx,http://cdo.keu.kz/content/10454/10520/1rub.htm,,,,,,,,
http://cdo.keu.kz/content/10455/10521/2rub.files/colorschememapping.xml,http://cdo.keu.kz/content/10455/10521/2rub.files/filelist.xml,http://cdo.keu.kz/content/10455/10521/2rub.files/themedata.thmx,http://cdo.keu.kz/content/10455/10521/2rub.htm,,,,,,,,
http://cdo.keu.kz/content/10456/10522/itog.files/colorschememapping.xml,http://cdo.keu.kz/content/10456/10522/itog.files/filelist.xml,http://cdo.keu.kz/content/10456/10522/itog.files/themedata.thmx,http://cdo.keu.kz/content/10456/10522/itog.htm,,,,,,,,
http://cdo.keu.kz/content/10457/10523/1rub.files/colorschememapping.xml,http://cdo.keu.kz/content/10457/10523/1rub.files/filelist.xml,http://cdo.keu.kz/content/10457/10523/1rub.files/themedata.thmx,http://cdo.keu.kz/content/10457/10523/1rub.htm,,,,,,,,
http://cdo.keu.kz/content/10458/10524/2rub.files/colorschememapping.xml,http://cdo.keu.kz/content/10458/10524/2rub.files/filelist.xml,http://cdo.keu.kz/content/10458/10524/2rub.files/themedata.thmx,http://cdo.keu.kz/content/10458/10524/2rub.htm,,,,,,,,
http://cdo.keu.kz/content/10459/10525/itog.files/colorschememapping.xml,http://cdo.keu.kz/content/10459/10525/itog.files/filelist.xml,http://cdo.keu.kz/content/10459/10525/itog.files/themedata.thmx,http://cdo.keu.kz/content/10459/10525/itog.htm,,,,,,,,
http://cdo.keu.kz/content/10460/10526/1rub.htm,,,,,,,,,,,
http://cdo.keu.kz/content/10461/10527/q1.files/colorschememapping.xml,http://cdo.keu.kz/content/10461/10527/q1.files/filelist.xml,http://cdo.keu.kz/content/10461/10527/q1.files/themedata.thmx,http://cdo.keu.kz/content/10461/10527/q1.htm,,,,,,,,
http://cdo.keu.kz/content/10462/10528/q1.files/colorschememapping.xml,http://cdo.keu.kz/content/10462/10528/q1.files/filelist.xml,http://cdo.keu.kz/content/10462/10528/q1.files/themedata.thmx,http://cdo.keu.kz/content/10462/10528/q1.htm,,,,,,,,
http://cdo.keu.kz/content/10463/10529/2rub.htm,,,,,,,,,,,
http://cdo.keu.kz/content/10464/10530/q1.files/colorschememapping.xml,http://cdo.keu.kz/content/10464/10530/q1.files/filelist.xml,http://cdo.keu.kz/content/10464/10530/q1.files/themedata.thmx,http://cdo.keu.kz/content/10464/10530/q1.htm,,,,,,,,
http://cdo.keu.kz/content/10465/10531/itog.htm,,,,,,,,,,,
http://cdo.keu.kz/content/10466/10532/1.htm,,,,,,,,,,,
http://cdo.keu.kz/content/10467/10533/q2.files/colorschememapping.xml,http://cdo.keu.kz/content/10467/10533/q2.files/filelist.xml,http://cdo.keu.kz/content/10467/10533/q2.files/themedata.thmx,http://cdo.keu.kz/content/10467/10533/q2.htm,,,,,,,,
http://cdo.keu.kz/content/10468/10534/2.htm,,,,,,,,,,,
http://cdo.keu.kz/content/10469/10535/q.files/colorschememapping.xml,http://cdo.keu.kz/content/10469/10535/q.files/filelist.xml,http://cdo.keu.kz/content/10469/10535/q.files/themedata.thmx,http://cdo.keu.kz/content/10469/10535/q.htm,,,,,,,,
http://cdo.keu.kz/content/10470/10536/q.htm,,,,,,,,,,,
http://cdo.keu.kz/content/10471/10537/1rub.htm,,,,,,,,,,,
http://cdo.keu.kz/content/10472/10538/1rub.files/colorschememapping.xml,http://cdo.keu.kz/content/10472/10538/1rub.files/filelist.xml,http://cdo.keu.kz/content/10472/10538/1rub.files/themedata.thmx,http://cdo.keu.kz/content/10472/10538/1rub.htm,,,,,,,,
http://cdo.keu.kz/content/10473/10539/2rub.files/colorschememapping.xml,http://cdo.keu.kz/content/10473/10539/2rub.files/filelist.xml,http://cdo.keu.kz/content/10473/10539/2rub.files/themedata.thmx,http://cdo.keu.kz/content/10473/10539/2rub.htm,,,,,,,,
http://cdo.keu.kz/content/10474/10540/2rub.files/filelist.xml,http://cdo.keu.kz/content/10474/10540/2rub.files/header.htm,http://cdo.keu.kz/content/10474/10540/2rub.htm,,,,,,,,,
http://cdo.keu.kz/content/10475/10541/itog.files/colorschememapping.xml,http://cdo.keu.kz/content/10475/10541/itog.files/filelist.xml,http://cdo.keu.kz/content/10475/10541/itog.files/themedata.thmx,http://cdo.keu.kz/content/10475/10541/itog.htm,,,,,,,,
http://cdo.keu.kz/content/10476/10542/1rub.htm,,,,,,,,,,,
http://cdo.keu.kz/content/10477/10543/itog.files/filelist.xml,http://cdo.keu.kz/content/10477/10543/itog.files/header.htm,http://cdo.keu.kz/content/10477/10543/itog.htm,,,,,,,,,
http://cdo.keu.kz/content/10478/10544/1rub.files/colorschememapping.xml,http://cdo.keu.kz/content/10478/10544/1rub.files/filelist.xml,http://cdo.keu.kz/content/10478/10544/1rub.files/themedata.thmx,http://cdo.keu.kz/content/10478/10544/1rub.htm,,,,,,,,
http://cdo.keu.kz/content/10479/10545/1rub.files/colorschememapping.xml,http://cdo.keu.kz/content/10479/10545/1rub.files/filelist.xml,http://cdo.keu.kz/content/10479/10545/1rub.files/themedata.thmx,http://cdo.keu.kz/content/10479/10545/1rub.htm,,,,,,,,
http://cdo.keu.kz/content/10480/10546/1rub.htm,,,,,,,,,,,
http://cdo.keu.kz/content/10481/10547/1.htm,,,,,,,,,,,
http://cdo.keu.kz/content/10482/10548/2rub.files/filelist.xml,http://cdo.keu.kz/content/10482/10548/2rub.files/header.htm,http://cdo.keu.kz/content/10482/10548/2rub.htm,,,,,,,,,
http://cdo.keu.kz/content/10483/10549/2rub.htm,,,,,,,,,,,
http://cdo.keu.kz/content/10484/10550/itog.files/filelist.xml,http://cdo.keu.kz/content/10484/10550/itog.files/header.htm,http://cdo.keu.kz/content/10484/10550/itog.htm,,,,,,,,,
http://cdo.keu.kz/content/10485/10551/23.12.2010(N)1.htm,,,,,,,,,,,
http://cdo.keu.kz/content/10486/10552/itog.files/colorschememapping.xml,http://cdo.keu.kz/content/10486/10552/itog.files/filelist.xml,http://cdo.keu.kz/content/10486/10552/itog.files/themedata.thmx,http://cdo.keu.kz/content/10486/10552/itog.htm,,,,,,,,
http://cdo.keu.kz/content/10487/10553/23.12.2010(N)2.htm,,,,,,,,,,,
http://cdo.keu.kz/content/10488/10554/q.files/colorschememapping.xml,http://cdo.keu.kz/content/10488/10554/q.files/filelist.xml,http://cdo.keu.kz/content/10488/10554/q.files/themedata.thmx,http://cdo.keu.kz/content/10488/10554/q.htm,,,,,,,,
http://cdo.keu.kz/content/10489/10555/23.12.2010(N)itog.htm,,,,,,,,,,,
http://cdo.keu.kz/content/10490/10556/2.htm,,,,,,,,,,,
http://cdo.keu.kz/content/10491/10557/q.htm,,,,,,,,,,,
http://cdo.keu.kz/content/10492/10558/itog.htm,,,,,,,,,,,
http://cdo.keu.kz/content/10493/10559/1rub.files/colorschememapping.xml,http://cdo.keu.kz/content/10493/10559/1rub.files/filelist.xml,http://cdo.keu.kz/content/10493/10559/1rub.files/themedata.thmx,http://cdo.keu.kz/content/10493/10559/1rub.htm,,,,,,,,
http://cdo.keu.kz/content/10494/10560/2rub.files/colorschememapping.xml,http://cdo.keu.kz/content/10494/10560/2rub.files/filelist.xml,http://cdo.keu.kz/content/10494/10560/2rub.files/themedata.thmx,http://cdo.keu.kz/content/10494/10560/2rub.htm,,,,,,,,
http://cdo.keu.kz/content/10495/10561/itog.files/colorschememapping.xml,http://cdo.keu.kz/content/10495/10561/itog.files/filelist.xml,http://cdo.keu.kz/content/10495/10561/itog.files/themedata.thmx,http://cdo.keu.kz/content/10495/10561/itog.htm,,,,,,,,
http://cdo.keu.kz/content/10496/10562/23.12.2010(N)1.htm,,,,,,,,,,,
http://cdo.keu.kz/content/10497/10563/23.12.2010(N)2.htm,,,,,,,,,,,
http://cdo.keu.kz/content/10498/10564/23.12.2010(N)itog.htm,,,,,,,,,,,
http://cdo.keu.kz/content/10499/10565/q1.files/colorschememapping.xml,http://cdo.keu.kz/content/10499/10565/q1.files/filelist.xml,http://cdo.keu.kz/content/10499/10565/q1.files/themedata.thmx,http://cdo.keu.kz/content/10499/10565/q1.htm,,,,,,,,
http://cdo.keu.kz/content/10500/10566/1.htm,,,,,,,,,,,
