0,1,2,3,4,5,6,7,8,9,10,11,12,13,14,15,16,17,18,19,20,21,22,23,24,25,26,27,28,29,30,31,32,33,34,35,36,37,38,39,40,41,42,43,44,45,46,47,48,49,50,51,52,53,54,55,56,57,58,59,60,61,62,63,64,65,66,67,68,69,70,71,72,73,74,75,76,77,78,79,80,81,82,83,84,85,86,87,88,89,90,91,92,93,94,95,96,97,98,99,100,101,102,103,104,105,106,107,108,109,110,111,112,113,114,115,116,117,118,119,120,121,122,123,124,125,126,127,128,129,130,131,132,133,134,135,136,137,138,139,140,141,142,143,144,145,146,147,148,149,150,151,152,153,154,155,156,157,158,159,160,161,162,163,164,165,166,167,168,169,170,171,172,173,174,175,176,177,178,179,180,181,182,183,184,185,186,187,188,189,190,191,192,193,194,195,196,197,198,199,200,201,202,203,204,205,206,207,208,209,210,211,212,213,214,215,216,217,218,219,220,221,222
http://cdo.keu.kz/content/11801/11865/11865.htm,http://cdo.keu.kz/content/11801/11865/31233/31233.htm,http://cdo.keu.kz/content/11801/11865/31234/31234.htm,http://cdo.keu.kz/content/11801/11865/31235/31235.htm,http://cdo.keu.kz/content/11801/11865/31236/31236.htm,http://cdo.keu.kz/content/11801/11865/31237/31237.htm,http://cdo.keu.kz/content/11801/11865/31238/31238.htm,http://cdo.keu.kz/content/11801/11865/31239/31239.htm,http://cdo.keu.kz/content/11801/11865/31240/31240.htm,http://cdo.keu.kz/content/11801/11865/31241/31241.htm,http://cdo.keu.kz/content/11801/11865/31242/31242.htm,http://cdo.keu.kz/content/11801/11865/lek.files/filelist.xml,http://cdo.keu.kz/content/11801/11865/lek.files/header.htm,http://cdo.keu.kz/content/11801/11865/lek.files/image001.gif,http://cdo.keu.kz/content/11801/11865/lek.files/image002.gif,http://cdo.keu.kz/content/11801/11865/lek.files/image003.jpg,http://cdo.keu.kz/content/11801/11865/lek.files/image004.jpg,http://cdo.keu.kz/content/11801/11865/lek.files/image005.jpg,http://cdo.keu.kz/content/11801/11865/lek.files/image006.jpg,http://cdo.keu.kz/content/11801/11865/lek.files/image007.gif,http://cdo.keu.kz/content/11801/11865/lek.files/image008.gif,http://cdo.keu.kz/content/11801/11865/lek.files/image009.gif,http://cdo.keu.kz/content/11801/11865/lek.files/image010.gif,http://cdo.keu.kz/content/11801/11865/lek.files/image011.gif,http://cdo.keu.kz/content/11801/11865/lek.files/image012.gif,http://cdo.keu.kz/content/11801/11865/lek.files/image013.gif,http://cdo.keu.kz/content/11801/11865/lek.files/image014.gif,http://cdo.keu.kz/content/11801/11865/lek.files/image015.gif,http://cdo.keu.kz/content/11801/11865/lek.files/image016.gif,http://cdo.keu.kz/content/11801/11865/lek.files/image017.gif,http://cdo.keu.kz/content/11801/11865/lek.files/image018.gif,,,,,,,,,,,,,,,,,,,,,,,,,,,,,,,,,,,,,,,,,,,,,,,,,,,,,,,,,,,,,,,,,,,,,,,,,,,,,,,,,,,,,,,,,,,,,,,,,,,,,,,,,,,,,,,,,,,,,,,,,,,,,,,,,,,,,,,,,,,,,,,,,,,,,,,,,,,,,,,,,,,,,,,,,,,,,,,,,,,,,,,,,,,,,,,,
http://cdo.keu.kz/content/11802/11866/2r.files/colorschememapping.xml,http://cdo.keu.kz/content/11802/11866/2r.files/filelist.xml,http://cdo.keu.kz/content/11802/11866/2r.files/themedata.thmx,http://cdo.keu.kz/content/11802/11866/2r.htm,,,,,,,,,,,,,,,,,,,,,,,,,,,,,,,,,,,,,,,,,,,,,,,,,,,,,,,,,,,,,,,,,,,,,,,,,,,,,,,,,,,,,,,,,,,,,,,,,,,,,,,,,,,,,,,,,,,,,,,,,,,,,,,,,,,,,,,,,,,,,,,,,,,,,,,,,,,,,,,,,,,,,,,,,,,,,,,,,,,,,,,,,,,,,,,,,,,,,,,,,,,,,,,,,,,,,,,,,,,
http://cdo.keu.kz/content/11803/11867/itog.files/colorschememapping.xml,http://cdo.keu.kz/content/11803/11867/itog.files/filelist.xml,http://cdo.keu.kz/content/11803/11867/itog.files/themedata.thmx,http://cdo.keu.kz/content/11803/11867/itog.htm,,,,,,,,,,,,,,,,,,,,,,,,,,,,,,,,,,,,,,,,,,,,,,,,,,,,,,,,,,,,,,,,,,,,,,,,,,,,,,,,,,,,,,,,,,,,,,,,,,,,,,,,,,,,,,,,,,,,,,,,,,,,,,,,,,,,,,,,,,,,,,,,,,,,,,,,,,,,,,,,,,,,,,,,,,,,,,,,,,,,,,,,,,,,,,,,,,,,,,,,,,,,,,,,,,,,,,,,,,,
http://cdo.keu.kz/content/11804/11868/1.htm,,,,,,,,,,,,,,,,,,,,,,,,,,,,,,,,,,,,,,,,,,,,,,,,,,,,,,,,,,,,,,,,,,,,,,,,,,,,,,,,,,,,,,,,,,,,,,,,,,,,,,,,,,,,,,,,,,,,,,,,,,,,,,,,,,,,,,,,,,,,,,,,,,,,,,,,,,,,,,,,,,,,,,,,,,,,,,,,,,,,,,,,,,,,,,,,,,,,,,,,,,,,,,,,,,,,,,,,,,,,,,
http://cdo.keu.kz/content/11805/11869/2.files/filelist.xml,http://cdo.keu.kz/content/11805/11869/2.files/header.htm,http://cdo.keu.kz/content/11805/11869/2.htm,,,,,,,,,,,,,,,,,,,,,,,,,,,,,,,,,,,,,,,,,,,,,,,,,,,,,,,,,,,,,,,,,,,,,,,,,,,,,,,,,,,,,,,,,,,,,,,,,,,,,,,,,,,,,,,,,,,,,,,,,,,,,,,,,,,,,,,,,,,,,,,,,,,,,,,,,,,,,,,,,,,,,,,,,,,,,,,,,,,,,,,,,,,,,,,,,,,,,,,,,,,,,,,,,,,,,,,,,,,,
http://cdo.keu.kz/content/11806/11870/q.htm,,,,,,,,,,,,,,,,,,,,,,,,,,,,,,,,,,,,,,,,,,,,,,,,,,,,,,,,,,,,,,,,,,,,,,,,,,,,,,,,,,,,,,,,,,,,,,,,,,,,,,,,,,,,,,,,,,,,,,,,,,,,,,,,,,,,,,,,,,,,,,,,,,,,,,,,,,,,,,,,,,,,,,,,,,,,,,,,,,,,,,,,,,,,,,,,,,,,,,,,,,,,,,,,,,,,,,,,,,,,,,
http://cdo.keu.kz/content/11807/11871/11871.htm,http://cdo.keu.kz/content/11807/11871/31243/31243.htm,http://cdo.keu.kz/content/11807/11871/31244/31244.htm,http://cdo.keu.kz/content/11807/11871/31245/31245.htm,http://cdo.keu.kz/content/11807/11871/31246/31246.htm,http://cdo.keu.kz/content/11807/11871/31247/31247.htm,http://cdo.keu.kz/content/11807/11871/31248/31248.htm,http://cdo.keu.kz/content/11807/11871/31249/31249.htm,http://cdo.keu.kz/content/11807/11871/lek.files/filelist.xml,http://cdo.keu.kz/content/11807/11871/lek.files/header.htm,http://cdo.keu.kz/content/11807/11871/lek.files/image001.gif,http://cdo.keu.kz/content/11807/11871/lek.files/image002.gif,http://cdo.keu.kz/content/11807/11871/lek.files/image003.png,http://cdo.keu.kz/content/11807/11871/lek.files/image004.gif,http://cdo.keu.kz/content/11807/11871/lek.files/image005.gif,http://cdo.keu.kz/content/11807/11871/lek.files/image006.gif,http://cdo.keu.kz/content/11807/11871/lek.files/image007.gif,,,,,,,,,,,,,,,,,,,,,,,,,,,,,,,,,,,,,,,,,,,,,,,,,,,,,,,,,,,,,,,,,,,,,,,,,,,,,,,,,,,,,,,,,,,,,,,,,,,,,,,,,,,,,,,,,,,,,,,,,,,,,,,,,,,,,,,,,,,,,,,,,,,,,,,,,,,,,,,,,,,,,,,,,,,,,,,,,,,,,,,,,,,,,,,,,,,,,,,,,,,,,,
http://cdo.keu.kz/content/11808/11872/11872.htm,http://cdo.keu.kz/content/11808/11872/31250/31250.htm,http://cdo.keu.kz/content/11808/11872/31251/31251.htm,http://cdo.keu.kz/content/11808/11872/31252/31252.htm,http://cdo.keu.kz/content/11808/11872/31253/31253.htm,http://cdo.keu.kz/content/11808/11872/31254/31254.htm,http://cdo.keu.kz/content/11808/11872/31255/31255.htm,http://cdo.keu.kz/content/11808/11872/31256/31256.htm,http://cdo.keu.kz/content/11808/11872/31257/31257.htm,http://cdo.keu.kz/content/11808/11872/31258/31258.htm,http://cdo.keu.kz/content/11808/11872/31259/31259.htm,http://cdo.keu.kz/content/11808/11872/Lekcia.files/filelist.xml,http://cdo.keu.kz/content/11808/11872/Lekcia.files/image001.gif,http://cdo.keu.kz/content/11808/11872/Lekcia.files/image002.gif,http://cdo.keu.kz/content/11808/11872/Lekcia.files/image003.gif,http://cdo.keu.kz/content/11808/11872/Lekcia.files/image004.gif,http://cdo.keu.kz/content/11808/11872/Lekcia.files/image005.gif,,,,,,,,,,,,,,,,,,,,,,,,,,,,,,,,,,,,,,,,,,,,,,,,,,,,,,,,,,,,,,,,,,,,,,,,,,,,,,,,,,,,,,,,,,,,,,,,,,,,,,,,,,,,,,,,,,,,,,,,,,,,,,,,,,,,,,,,,,,,,,,,,,,,,,,,,,,,,,,,,,,,,,,,,,,,,,,,,,,,,,,,,,,,,,,,,,,,,,,,,,,,,,
http://cdo.keu.kz/content/11809/11873/11873.htm,http://cdo.keu.kz/content/11809/11873/31260/31260.htm,http://cdo.keu.kz/content/11809/11873/31261/31261.htm,http://cdo.keu.kz/content/11809/11873/31262/31262.htm,http://cdo.keu.kz/content/11809/11873/31263/31263.htm,http://cdo.keu.kz/content/11809/11873/31264/31264.htm,http://cdo.keu.kz/content/11809/11873/31265/31265.htm,http://cdo.keu.kz/content/11809/11873/31266/31266.htm,http://cdo.keu.kz/content/11809/11873/31267/31267.htm,http://cdo.keu.kz/content/11809/11873/31268/31268.htm,http://cdo.keu.kz/content/11809/11873/31269/31269.htm,,,,,,,,,,,,,,,,,,,,,,,,,,,,,,,,,,,,,,,,,,,,,,,,,,,,,,,,,,,,,,,,,,,,,,,,,,,,,,,,,,,,,,,,,,,,,,,,,,,,,,,,,,,,,,,,,,,,,,,,,,,,,,,,,,,,,,,,,,,,,,,,,,,,,,,,,,,,,,,,,,,,,,,,,,,,,,,,,,,,,,,,,,,,,,,,,,,,,,,,,,,,,,,,,,,,
http://cdo.keu.kz/content/11810/11874/1Rubezh.htm,,,,,,,,,,,,,,,,,,,,,,,,,,,,,,,,,,,,,,,,,,,,,,,,,,,,,,,,,,,,,,,,,,,,,,,,,,,,,,,,,,,,,,,,,,,,,,,,,,,,,,,,,,,,,,,,,,,,,,,,,,,,,,,,,,,,,,,,,,,,,,,,,,,,,,,,,,,,,,,,,,,,,,,,,,,,,,,,,,,,,,,,,,,,,,,,,,,,,,,,,,,,,,,,,,,,,,,,,,,,,,
http://cdo.keu.kz/content/11811/11875/2Rubezh.doc.htm,,,,,,,,,,,,,,,,,,,,,,,,,,,,,,,,,,,,,,,,,,,,,,,,,,,,,,,,,,,,,,,,,,,,,,,,,,,,,,,,,,,,,,,,,,,,,,,,,,,,,,,,,,,,,,,,,,,,,,,,,,,,,,,,,,,,,,,,,,,,,,,,,,,,,,,,,,,,,,,,,,,,,,,,,,,,,,,,,,,,,,,,,,,,,,,,,,,,,,,,,,,,,,,,,,,,,,,,,,,,,,
http://cdo.keu.kz/content/11812/11876/itogov.htm,,,,,,,,,,,,,,,,,,,,,,,,,,,,,,,,,,,,,,,,,,,,,,,,,,,,,,,,,,,,,,,,,,,,,,,,,,,,,,,,,,,,,,,,,,,,,,,,,,,,,,,,,,,,,,,,,,,,,,,,,,,,,,,,,,,,,,,,,,,,,,,,,,,,,,,,,,,,,,,,,,,,,,,,,,,,,,,,,,,,,,,,,,,,,,,,,,,,,,,,,,,,,,,,,,,,,,,,,,,,,,
http://cdo.keu.kz/content/11813/11877/1.htm,,,,,,,,,,,,,,,,,,,,,,,,,,,,,,,,,,,,,,,,,,,,,,,,,,,,,,,,,,,,,,,,,,,,,,,,,,,,,,,,,,,,,,,,,,,,,,,,,,,,,,,,,,,,,,,,,,,,,,,,,,,,,,,,,,,,,,,,,,,,,,,,,,,,,,,,,,,,,,,,,,,,,,,,,,,,,,,,,,,,,,,,,,,,,,,,,,,,,,,,,,,,,,,,,,,,,,,,,,,,,,
http://cdo.keu.kz/content/11814/11878/1.rub04.08.2011.htm,,,,,,,,,,,,,,,,,,,,,,,,,,,,,,,,,,,,,,,,,,,,,,,,,,,,,,,,,,,,,,,,,,,,,,,,,,,,,,,,,,,,,,,,,,,,,,,,,,,,,,,,,,,,,,,,,,,,,,,,,,,,,,,,,,,,,,,,,,,,,,,,,,,,,,,,,,,,,,,,,,,,,,,,,,,,,,,,,,,,,,,,,,,,,,,,,,,,,,,,,,,,,,,,,,,,,,,,,,,,,,
http://cdo.keu.kz/content/11815/11879/2.rub04.08.2011.htm,,,,,,,,,,,,,,,,,,,,,,,,,,,,,,,,,,,,,,,,,,,,,,,,,,,,,,,,,,,,,,,,,,,,,,,,,,,,,,,,,,,,,,,,,,,,,,,,,,,,,,,,,,,,,,,,,,,,,,,,,,,,,,,,,,,,,,,,,,,,,,,,,,,,,,,,,,,,,,,,,,,,,,,,,,,,,,,,,,,,,,,,,,,,,,,,,,,,,,,,,,,,,,,,,,,,,,,,,,,,,,
http://cdo.keu.kz/content/11816/11880/1rub.htm,,,,,,,,,,,,,,,,,,,,,,,,,,,,,,,,,,,,,,,,,,,,,,,,,,,,,,,,,,,,,,,,,,,,,,,,,,,,,,,,,,,,,,,,,,,,,,,,,,,,,,,,,,,,,,,,,,,,,,,,,,,,,,,,,,,,,,,,,,,,,,,,,,,,,,,,,,,,,,,,,,,,,,,,,,,,,,,,,,,,,,,,,,,,,,,,,,,,,,,,,,,,,,,,,,,,,,,,,,,,,,
http://cdo.keu.kz/content/11817/11881/2rub.htm,,,,,,,,,,,,,,,,,,,,,,,,,,,,,,,,,,,,,,,,,,,,,,,,,,,,,,,,,,,,,,,,,,,,,,,,,,,,,,,,,,,,,,,,,,,,,,,,,,,,,,,,,,,,,,,,,,,,,,,,,,,,,,,,,,,,,,,,,,,,,,,,,,,,,,,,,,,,,,,,,,,,,,,,,,,,,,,,,,,,,,,,,,,,,,,,,,,,,,,,,,,,,,,,,,,,,,,,,,,,,,
http://cdo.keu.kz/content/11818/11882/1.htm,,,,,,,,,,,,,,,,,,,,,,,,,,,,,,,,,,,,,,,,,,,,,,,,,,,,,,,,,,,,,,,,,,,,,,,,,,,,,,,,,,,,,,,,,,,,,,,,,,,,,,,,,,,,,,,,,,,,,,,,,,,,,,,,,,,,,,,,,,,,,,,,,,,,,,,,,,,,,,,,,,,,,,,,,,,,,,,,,,,,,,,,,,,,,,,,,,,,,,,,,,,,,,,,,,,,,,,,,,,,,,
http://cdo.keu.kz/content/11819/11883/2.htm,,,,,,,,,,,,,,,,,,,,,,,,,,,,,,,,,,,,,,,,,,,,,,,,,,,,,,,,,,,,,,,,,,,,,,,,,,,,,,,,,,,,,,,,,,,,,,,,,,,,,,,,,,,,,,,,,,,,,,,,,,,,,,,,,,,,,,,,,,,,,,,,,,,,,,,,,,,,,,,,,,,,,,,,,,,,,,,,,,,,,,,,,,,,,,,,,,,,,,,,,,,,,,,,,,,,,,,,,,,,,,
http://cdo.keu.kz/content/11820/11884/q.htm,,,,,,,,,,,,,,,,,,,,,,,,,,,,,,,,,,,,,,,,,,,,,,,,,,,,,,,,,,,,,,,,,,,,,,,,,,,,,,,,,,,,,,,,,,,,,,,,,,,,,,,,,,,,,,,,,,,,,,,,,,,,,,,,,,,,,,,,,,,,,,,,,,,,,,,,,,,,,,,,,,,,,,,,,,,,,,,,,,,,,,,,,,,,,,,,,,,,,,,,,,,,,,,,,,,,,,,,,,,,,,
http://cdo.keu.kz/content/11821/11885/1.htm,,,,,,,,,,,,,,,,,,,,,,,,,,,,,,,,,,,,,,,,,,,,,,,,,,,,,,,,,,,,,,,,,,,,,,,,,,,,,,,,,,,,,,,,,,,,,,,,,,,,,,,,,,,,,,,,,,,,,,,,,,,,,,,,,,,,,,,,,,,,,,,,,,,,,,,,,,,,,,,,,,,,,,,,,,,,,,,,,,,,,,,,,,,,,,,,,,,,,,,,,,,,,,,,,,,,,,,,,,,,,,
http://cdo.keu.kz/content/11822/11886/2.htm,,,,,,,,,,,,,,,,,,,,,,,,,,,,,,,,,,,,,,,,,,,,,,,,,,,,,,,,,,,,,,,,,,,,,,,,,,,,,,,,,,,,,,,,,,,,,,,,,,,,,,,,,,,,,,,,,,,,,,,,,,,,,,,,,,,,,,,,,,,,,,,,,,,,,,,,,,,,,,,,,,,,,,,,,,,,,,,,,,,,,,,,,,,,,,,,,,,,,,,,,,,,,,,,,,,,,,,,,,,,,,
http://cdo.keu.kz/content/11823/11887/q.htm,,,,,,,,,,,,,,,,,,,,,,,,,,,,,,,,,,,,,,,,,,,,,,,,,,,,,,,,,,,,,,,,,,,,,,,,,,,,,,,,,,,,,,,,,,,,,,,,,,,,,,,,,,,,,,,,,,,,,,,,,,,,,,,,,,,,,,,,,,,,,,,,,,,,,,,,,,,,,,,,,,,,,,,,,,,,,,,,,,,,,,,,,,,,,,,,,,,,,,,,,,,,,,,,,,,,,,,,,,,,,,
http://cdo.keu.kz/content/11824/11888/1r.htm,,,,,,,,,,,,,,,,,,,,,,,,,,,,,,,,,,,,,,,,,,,,,,,,,,,,,,,,,,,,,,,,,,,,,,,,,,,,,,,,,,,,,,,,,,,,,,,,,,,,,,,,,,,,,,,,,,,,,,,,,,,,,,,,,,,,,,,,,,,,,,,,,,,,,,,,,,,,,,,,,,,,,,,,,,,,,,,,,,,,,,,,,,,,,,,,,,,,,,,,,,,,,,,,,,,,,,,,,,,,,,
http://cdo.keu.kz/content/11825/11889/1rub.htm,,,,,,,,,,,,,,,,,,,,,,,,,,,,,,,,,,,,,,,,,,,,,,,,,,,,,,,,,,,,,,,,,,,,,,,,,,,,,,,,,,,,,,,,,,,,,,,,,,,,,,,,,,,,,,,,,,,,,,,,,,,,,,,,,,,,,,,,,,,,,,,,,,,,,,,,,,,,,,,,,,,,,,,,,,,,,,,,,,,,,,,,,,,,,,,,,,,,,,,,,,,,,,,,,,,,,,,,,,,,,,
http://cdo.keu.kz/content/11826/11890/2rub.htm,,,,,,,,,,,,,,,,,,,,,,,,,,,,,,,,,,,,,,,,,,,,,,,,,,,,,,,,,,,,,,,,,,,,,,,,,,,,,,,,,,,,,,,,,,,,,,,,,,,,,,,,,,,,,,,,,,,,,,,,,,,,,,,,,,,,,,,,,,,,,,,,,,,,,,,,,,,,,,,,,,,,,,,,,,,,,,,,,,,,,,,,,,,,,,,,,,,,,,,,,,,,,,,,,,,,,,,,,,,,,,
http://cdo.keu.kz/content/11827/11891/itog.htm,,,,,,,,,,,,,,,,,,,,,,,,,,,,,,,,,,,,,,,,,,,,,,,,,,,,,,,,,,,,,,,,,,,,,,,,,,,,,,,,,,,,,,,,,,,,,,,,,,,,,,,,,,,,,,,,,,,,,,,,,,,,,,,,,,,,,,,,,,,,,,,,,,,,,,,,,,,,,,,,,,,,,,,,,,,,,,,,,,,,,,,,,,,,,,,,,,,,,,,,,,,,,,,,,,,,,,,,,,,,,,
http://cdo.keu.kz/content/11828/11892/1.htm,,,,,,,,,,,,,,,,,,,,,,,,,,,,,,,,,,,,,,,,,,,,,,,,,,,,,,,,,,,,,,,,,,,,,,,,,,,,,,,,,,,,,,,,,,,,,,,,,,,,,,,,,,,,,,,,,,,,,,,,,,,,,,,,,,,,,,,,,,,,,,,,,,,,,,,,,,,,,,,,,,,,,,,,,,,,,,,,,,,,,,,,,,,,,,,,,,,,,,,,,,,,,,,,,,,,,,,,,,,,,,
http://cdo.keu.kz/content/11829/11893/2.htm,,,,,,,,,,,,,,,,,,,,,,,,,,,,,,,,,,,,,,,,,,,,,,,,,,,,,,,,,,,,,,,,,,,,,,,,,,,,,,,,,,,,,,,,,,,,,,,,,,,,,,,,,,,,,,,,,,,,,,,,,,,,,,,,,,,,,,,,,,,,,,,,,,,,,,,,,,,,,,,,,,,,,,,,,,,,,,,,,,,,,,,,,,,,,,,,,,,,,,,,,,,,,,,,,,,,,,,,,,,,,,
http://cdo.keu.kz/content/11830/11894/q.htm,,,,,,,,,,,,,,,,,,,,,,,,,,,,,,,,,,,,,,,,,,,,,,,,,,,,,,,,,,,,,,,,,,,,,,,,,,,,,,,,,,,,,,,,,,,,,,,,,,,,,,,,,,,,,,,,,,,,,,,,,,,,,,,,,,,,,,,,,,,,,,,,,,,,,,,,,,,,,,,,,,,,,,,,,,,,,,,,,,,,,,,,,,,,,,,,,,,,,,,,,,,,,,,,,,,,,,,,,,,,,,
http://cdo.keu.kz/content/11831/11895/%e2%80%98%d1%9c%d0%8f%20%d0%b2%d2%90%d0%b1%d0%b2%d0%bb%20%d0%b01.htm,,,,,,,,,,,,,,,,,,,,,,,,,,,,,,,,,,,,,,,,,,,,,,,,,,,,,,,,,,,,,,,,,,,,,,,,,,,,,,,,,,,,,,,,,,,,,,,,,,,,,,,,,,,,,,,,,,,,,,,,,,,,,,,,,,,,,,,,,,,,,,,,,,,,,,,,,,,,,,,,,,,,,,,,,,,,,,,,,,,,,,,,,,,,,,,,,,,,,,,,,,,,,,,,,,,,,,,,,,,,,,
http://cdo.keu.kz/content/11832/11896/2rub.files/colorschememapping.xml,http://cdo.keu.kz/content/11832/11896/2rub.files/filelist.xml,http://cdo.keu.kz/content/11832/11896/2rub.files/themedata.thmx,http://cdo.keu.kz/content/11832/11896/2rub.htm,,,,,,,,,,,,,,,,,,,,,,,,,,,,,,,,,,,,,,,,,,,,,,,,,,,,,,,,,,,,,,,,,,,,,,,,,,,,,,,,,,,,,,,,,,,,,,,,,,,,,,,,,,,,,,,,,,,,,,,,,,,,,,,,,,,,,,,,,,,,,,,,,,,,,,,,,,,,,,,,,,,,,,,,,,,,,,,,,,,,,,,,,,,,,,,,,,,,,,,,,,,,,,,,,,,,,,,,,,,
http://cdo.keu.kz/content/11833/11897/itog.files/colorschememapping.xml,http://cdo.keu.kz/content/11833/11897/itog.files/filelist.xml,http://cdo.keu.kz/content/11833/11897/itog.files/themedata.thmx,http://cdo.keu.kz/content/11833/11897/itog.htm,,,,,,,,,,,,,,,,,,,,,,,,,,,,,,,,,,,,,,,,,,,,,,,,,,,,,,,,,,,,,,,,,,,,,,,,,,,,,,,,,,,,,,,,,,,,,,,,,,,,,,,,,,,,,,,,,,,,,,,,,,,,,,,,,,,,,,,,,,,,,,,,,,,,,,,,,,,,,,,,,,,,,,,,,,,,,,,,,,,,,,,,,,,,,,,,,,,,,,,,,,,,,,,,,,,,,,,,,,,
http://cdo.keu.kz/content/11834/11898/1.rub04.08.2011.htm,,,,,,,,,,,,,,,,,,,,,,,,,,,,,,,,,,,,,,,,,,,,,,,,,,,,,,,,,,,,,,,,,,,,,,,,,,,,,,,,,,,,,,,,,,,,,,,,,,,,,,,,,,,,,,,,,,,,,,,,,,,,,,,,,,,,,,,,,,,,,,,,,,,,,,,,,,,,,,,,,,,,,,,,,,,,,,,,,,,,,,,,,,,,,,,,,,,,,,,,,,,,,,,,,,,,,,,,,,,,,,
http://cdo.keu.kz/content/11835/11899/1Rubezh.htm,,,,,,,,,,,,,,,,,,,,,,,,,,,,,,,,,,,,,,,,,,,,,,,,,,,,,,,,,,,,,,,,,,,,,,,,,,,,,,,,,,,,,,,,,,,,,,,,,,,,,,,,,,,,,,,,,,,,,,,,,,,,,,,,,,,,,,,,,,,,,,,,,,,,,,,,,,,,,,,,,,,,,,,,,,,,,,,,,,,,,,,,,,,,,,,,,,,,,,,,,,,,,,,,,,,,,,,,,,,,,,
http://cdo.keu.kz/content/11836/11900/2Rubezh.htm,,,,,,,,,,,,,,,,,,,,,,,,,,,,,,,,,,,,,,,,,,,,,,,,,,,,,,,,,,,,,,,,,,,,,,,,,,,,,,,,,,,,,,,,,,,,,,,,,,,,,,,,,,,,,,,,,,,,,,,,,,,,,,,,,,,,,,,,,,,,,,,,,,,,,,,,,,,,,,,,,,,,,,,,,,,,,,,,,,,,,,,,,,,,,,,,,,,,,,,,,,,,,,,,,,,,,,,,,,,,,,
http://cdo.keu.kz/content/11837/11901/1Rubezh.htm,,,,,,,,,,,,,,,,,,,,,,,,,,,,,,,,,,,,,,,,,,,,,,,,,,,,,,,,,,,,,,,,,,,,,,,,,,,,,,,,,,,,,,,,,,,,,,,,,,,,,,,,,,,,,,,,,,,,,,,,,,,,,,,,,,,,,,,,,,,,,,,,,,,,,,,,,,,,,,,,,,,,,,,,,,,,,,,,,,,,,,,,,,,,,,,,,,,,,,,,,,,,,,,,,,,,,,,,,,,,,,
http://cdo.keu.kz/content/11838/11902/2Rubezh.htm,,,,,,,,,,,,,,,,,,,,,,,,,,,,,,,,,,,,,,,,,,,,,,,,,,,,,,,,,,,,,,,,,,,,,,,,,,,,,,,,,,,,,,,,,,,,,,,,,,,,,,,,,,,,,,,,,,,,,,,,,,,,,,,,,,,,,,,,,,,,,,,,,,,,,,,,,,,,,,,,,,,,,,,,,,,,,,,,,,,,,,,,,,,,,,,,,,,,,,,,,,,,,,,,,,,,,,,,,,,,,,
http://cdo.keu.kz/content/11839/11903/ITOG.htm,,,,,,,,,,,,,,,,,,,,,,,,,,,,,,,,,,,,,,,,,,,,,,,,,,,,,,,,,,,,,,,,,,,,,,,,,,,,,,,,,,,,,,,,,,,,,,,,,,,,,,,,,,,,,,,,,,,,,,,,,,,,,,,,,,,,,,,,,,,,,,,,,,,,,,,,,,,,,,,,,,,,,,,,,,,,,,,,,,,,,,,,,,,,,,,,,,,,,,,,,,,,,,,,,,,,,,,,,,,,,,
http://cdo.keu.kz/content/11840/11904/ITOG.htm,,,,,,,,,,,,,,,,,,,,,,,,,,,,,,,,,,,,,,,,,,,,,,,,,,,,,,,,,,,,,,,,,,,,,,,,,,,,,,,,,,,,,,,,,,,,,,,,,,,,,,,,,,,,,,,,,,,,,,,,,,,,,,,,,,,,,,,,,,,,,,,,,,,,,,,,,,,,,,,,,,,,,,,,,,,,,,,,,,,,,,,,,,,,,,,,,,,,,,,,,,,,,,,,,,,,,,,,,,,,,,
http://cdo.keu.kz/content/11841/11905/11905.htm,http://cdo.keu.kz/content/11841/11905/31270/31270.htm,http://cdo.keu.kz/content/11841/11905/31271/31271.htm,http://cdo.keu.kz/content/11841/11905/31272/31272.htm,http://cdo.keu.kz/content/11841/11905/31273/31273.htm,http://cdo.keu.kz/content/11841/11905/31274/31274.htm,http://cdo.keu.kz/content/11841/11905/31275/31275.htm,http://cdo.keu.kz/content/11841/11905/31276/31276.htm,http://cdo.keu.kz/content/11841/11905/31277/31277.htm,http://cdo.keu.kz/content/11841/11905/31278/31278.htm,http://cdo.keu.kz/content/11841/11905/31279/31279.htm,http://cdo.keu.kz/content/11841/11905/31280/31280.htm,http://cdo.keu.kz/content/11841/11905/31281/31281.htm,http://cdo.keu.kz/content/11841/11905/31282/31282.htm,http://cdo.keu.kz/content/11841/11905/31283/31283.htm,http://cdo.keu.kz/content/11841/11905/lek.files/colorschememapping.xml,http://cdo.keu.kz/content/11841/11905/lek.files/filelist.xml,http://cdo.keu.kz/content/11841/11905/lek.files/themedata.thmx,,,,,,,,,,,,,,,,,,,,,,,,,,,,,,,,,,,,,,,,,,,,,,,,,,,,,,,,,,,,,,,,,,,,,,,,,,,,,,,,,,,,,,,,,,,,,,,,,,,,,,,,,,,,,,,,,,,,,,,,,,,,,,,,,,,,,,,,,,,,,,,,,,,,,,,,,,,,,,,,,,,,,,,,,,,,,,,,,,,,,,,,,,,,,,,,,,,,,,,,,,,,,
http://cdo.keu.kz/content/11842/11906/1r.files/colorschememapping.xml,http://cdo.keu.kz/content/11842/11906/1r.files/filelist.xml,http://cdo.keu.kz/content/11842/11906/1r.files/themedata.thmx,http://cdo.keu.kz/content/11842/11906/1r.htm,,,,,,,,,,,,,,,,,,,,,,,,,,,,,,,,,,,,,,,,,,,,,,,,,,,,,,,,,,,,,,,,,,,,,,,,,,,,,,,,,,,,,,,,,,,,,,,,,,,,,,,,,,,,,,,,,,,,,,,,,,,,,,,,,,,,,,,,,,,,,,,,,,,,,,,,,,,,,,,,,,,,,,,,,,,,,,,,,,,,,,,,,,,,,,,,,,,,,,,,,,,,,,,,,,,,,,,,,,,
http://cdo.keu.kz/content/11843/11907/2r.files/colorschememapping.xml,http://cdo.keu.kz/content/11843/11907/2r.files/filelist.xml,http://cdo.keu.kz/content/11843/11907/2r.files/themedata.thmx,http://cdo.keu.kz/content/11843/11907/2r.htm,,,,,,,,,,,,,,,,,,,,,,,,,,,,,,,,,,,,,,,,,,,,,,,,,,,,,,,,,,,,,,,,,,,,,,,,,,,,,,,,,,,,,,,,,,,,,,,,,,,,,,,,,,,,,,,,,,,,,,,,,,,,,,,,,,,,,,,,,,,,,,,,,,,,,,,,,,,,,,,,,,,,,,,,,,,,,,,,,,,,,,,,,,,,,,,,,,,,,,,,,,,,,,,,,,,,,,,,,,,
http://cdo.keu.kz/content/11844/11908/itog.files/colorschememapping.xml,http://cdo.keu.kz/content/11844/11908/itog.files/filelist.xml,http://cdo.keu.kz/content/11844/11908/itog.files/themedata.thmx,http://cdo.keu.kz/content/11844/11908/itog.htm,,,,,,,,,,,,,,,,,,,,,,,,,,,,,,,,,,,,,,,,,,,,,,,,,,,,,,,,,,,,,,,,,,,,,,,,,,,,,,,,,,,,,,,,,,,,,,,,,,,,,,,,,,,,,,,,,,,,,,,,,,,,,,,,,,,,,,,,,,,,,,,,,,,,,,,,,,,,,,,,,,,,,,,,,,,,,,,,,,,,,,,,,,,,,,,,,,,,,,,,,,,,,,,,,,,,,,,,,,,
http://cdo.keu.kz/content/11845/11909/itog.htm,,,,,,,,,,,,,,,,,,,,,,,,,,,,,,,,,,,,,,,,,,,,,,,,,,,,,,,,,,,,,,,,,,,,,,,,,,,,,,,,,,,,,,,,,,,,,,,,,,,,,,,,,,,,,,,,,,,,,,,,,,,,,,,,,,,,,,,,,,,,,,,,,,,,,,,,,,,,,,,,,,,,,,,,,,,,,,,,,,,,,,,,,,,,,,,,,,,,,,,,,,,,,,,,,,,,,,,,,,,,,,
http://cdo.keu.kz/content/11846/11910/1rub.files/colorschememapping.xml,http://cdo.keu.kz/content/11846/11910/1rub.files/filelist.xml,http://cdo.keu.kz/content/11846/11910/1rub.files/themedata.thmx,http://cdo.keu.kz/content/11846/11910/1rub.htm,,,,,,,,,,,,,,,,,,,,,,,,,,,,,,,,,,,,,,,,,,,,,,,,,,,,,,,,,,,,,,,,,,,,,,,,,,,,,,,,,,,,,,,,,,,,,,,,,,,,,,,,,,,,,,,,,,,,,,,,,,,,,,,,,,,,,,,,,,,,,,,,,,,,,,,,,,,,,,,,,,,,,,,,,,,,,,,,,,,,,,,,,,,,,,,,,,,,,,,,,,,,,,,,,,,,,,,,,,,
http://cdo.keu.kz/content/11847/11911/2rub.files/colorschememapping.xml,http://cdo.keu.kz/content/11847/11911/2rub.files/filelist.xml,http://cdo.keu.kz/content/11847/11911/2rub.files/themedata.thmx,http://cdo.keu.kz/content/11847/11911/2rub.htm,,,,,,,,,,,,,,,,,,,,,,,,,,,,,,,,,,,,,,,,,,,,,,,,,,,,,,,,,,,,,,,,,,,,,,,,,,,,,,,,,,,,,,,,,,,,,,,,,,,,,,,,,,,,,,,,,,,,,,,,,,,,,,,,,,,,,,,,,,,,,,,,,,,,,,,,,,,,,,,,,,,,,,,,,,,,,,,,,,,,,,,,,,,,,,,,,,,,,,,,,,,,,,,,,,,,,,,,,,,
http://cdo.keu.kz/content/11848/11912/itog.files/colorschememapping.xml,http://cdo.keu.kz/content/11848/11912/itog.files/filelist.xml,http://cdo.keu.kz/content/11848/11912/itog.files/themedata.thmx,,,,,,,,,,,,,,,,,,,,,,,,,,,,,,,,,,,,,,,,,,,,,,,,,,,,,,,,,,,,,,,,,,,,,,,,,,,,,,,,,,,,,,,,,,,,,,,,,,,,,,,,,,,,,,,,,,,,,,,,,,,,,,,,,,,,,,,,,,,,,,,,,,,,,,,,,,,,,,,,,,,,,,,,,,,,,,,,,,,,,,,,,,,,,,,,,,,,,,,,,,,,,,,,,,,,,,,,,,,,
http://cdo.keu.kz/content/11849/11913/itog.files/colorschememapping.xml,http://cdo.keu.kz/content/11849/11913/itog.files/filelist.xml,http://cdo.keu.kz/content/11849/11913/itog.files/themedata.thmx,http://cdo.keu.kz/content/11849/11913/itog.htm,,,,,,,,,,,,,,,,,,,,,,,,,,,,,,,,,,,,,,,,,,,,,,,,,,,,,,,,,,,,,,,,,,,,,,,,,,,,,,,,,,,,,,,,,,,,,,,,,,,,,,,,,,,,,,,,,,,,,,,,,,,,,,,,,,,,,,,,,,,,,,,,,,,,,,,,,,,,,,,,,,,,,,,,,,,,,,,,,,,,,,,,,,,,,,,,,,,,,,,,,,,,,,,,,,,,,,,,,,,
http://cdo.keu.kz/content/11850/11914/1r.files/colorschememapping.xml,http://cdo.keu.kz/content/11850/11914/1r.files/filelist.xml,http://cdo.keu.kz/content/11850/11914/1r.files/themedata.thmx,http://cdo.keu.kz/content/11850/11914/1r.htm,,,,,,,,,,,,,,,,,,,,,,,,,,,,,,,,,,,,,,,,,,,,,,,,,,,,,,,,,,,,,,,,,,,,,,,,,,,,,,,,,,,,,,,,,,,,,,,,,,,,,,,,,,,,,,,,,,,,,,,,,,,,,,,,,,,,,,,,,,,,,,,,,,,,,,,,,,,,,,,,,,,,,,,,,,,,,,,,,,,,,,,,,,,,,,,,,,,,,,,,,,,,,,,,,,,,,,,,,,,
http://cdo.keu.kz/content/11851/11915/2r..files/colorschememapping.xml,http://cdo.keu.kz/content/11851/11915/2r..files/filelist.xml,http://cdo.keu.kz/content/11851/11915/2r..files/themedata.thmx,http://cdo.keu.kz/content/11851/11915/2r..htm,,,,,,,,,,,,,,,,,,,,,,,,,,,,,,,,,,,,,,,,,,,,,,,,,,,,,,,,,,,,,,,,,,,,,,,,,,,,,,,,,,,,,,,,,,,,,,,,,,,,,,,,,,,,,,,,,,,,,,,,,,,,,,,,,,,,,,,,,,,,,,,,,,,,,,,,,,,,,,,,,,,,,,,,,,,,,,,,,,,,,,,,,,,,,,,,,,,,,,,,,,,,,,,,,,,,,,,,,,,
http://cdo.keu.kz/content/11852/11916/2r..files/colorschememapping.xml,http://cdo.keu.kz/content/11852/11916/2r..files/filelist.xml,http://cdo.keu.kz/content/11852/11916/2r..files/themedata.thmx,http://cdo.keu.kz/content/11852/11916/2r..htm,,,,,,,,,,,,,,,,,,,,,,,,,,,,,,,,,,,,,,,,,,,,,,,,,,,,,,,,,,,,,,,,,,,,,,,,,,,,,,,,,,,,,,,,,,,,,,,,,,,,,,,,,,,,,,,,,,,,,,,,,,,,,,,,,,,,,,,,,,,,,,,,,,,,,,,,,,,,,,,,,,,,,,,,,,,,,,,,,,,,,,,,,,,,,,,,,,,,,,,,,,,,,,,,,,,,,,,,,,,
http://cdo.keu.kz/content/11853/11917/itog.files/colorschememapping.xml,http://cdo.keu.kz/content/11853/11917/itog.files/filelist.xml,http://cdo.keu.kz/content/11853/11917/itog.files/themedata.thmx,http://cdo.keu.kz/content/11853/11917/itog.htm,,,,,,,,,,,,,,,,,,,,,,,,,,,,,,,,,,,,,,,,,,,,,,,,,,,,,,,,,,,,,,,,,,,,,,,,,,,,,,,,,,,,,,,,,,,,,,,,,,,,,,,,,,,,,,,,,,,,,,,,,,,,,,,,,,,,,,,,,,,,,,,,,,,,,,,,,,,,,,,,,,,,,,,,,,,,,,,,,,,,,,,,,,,,,,,,,,,,,,,,,,,,,,,,,,,,,,,,,,,
http://cdo.keu.kz/content/11854/11918/1r.files/colorschememapping.xml,http://cdo.keu.kz/content/11854/11918/1r.files/filelist.xml,http://cdo.keu.kz/content/11854/11918/1r.files/themedata.thmx,http://cdo.keu.kz/content/11854/11918/1r.htm,,,,,,,,,,,,,,,,,,,,,,,,,,,,,,,,,,,,,,,,,,,,,,,,,,,,,,,,,,,,,,,,,,,,,,,,,,,,,,,,,,,,,,,,,,,,,,,,,,,,,,,,,,,,,,,,,,,,,,,,,,,,,,,,,,,,,,,,,,,,,,,,,,,,,,,,,,,,,,,,,,,,,,,,,,,,,,,,,,,,,,,,,,,,,,,,,,,,,,,,,,,,,,,,,,,,,,,,,,,
http://cdo.keu.kz/content/11855/11919/2r.files/colorschememapping.xml,http://cdo.keu.kz/content/11855/11919/2r.files/filelist.xml,http://cdo.keu.kz/content/11855/11919/2r.files/themedata.thmx,http://cdo.keu.kz/content/11855/11919/2r.htm,,,,,,,,,,,,,,,,,,,,,,,,,,,,,,,,,,,,,,,,,,,,,,,,,,,,,,,,,,,,,,,,,,,,,,,,,,,,,,,,,,,,,,,,,,,,,,,,,,,,,,,,,,,,,,,,,,,,,,,,,,,,,,,,,,,,,,,,,,,,,,,,,,,,,,,,,,,,,,,,,,,,,,,,,,,,,,,,,,,,,,,,,,,,,,,,,,,,,,,,,,,,,,,,,,,,,,,,,,,
http://cdo.keu.kz/content/11856/11920/itog.files/colorschememapping.xml,http://cdo.keu.kz/content/11856/11920/itog.files/filelist.xml,http://cdo.keu.kz/content/11856/11920/itog.files/themedata.thmx,http://cdo.keu.kz/content/11856/11920/itog.htm,,,,,,,,,,,,,,,,,,,,,,,,,,,,,,,,,,,,,,,,,,,,,,,,,,,,,,,,,,,,,,,,,,,,,,,,,,,,,,,,,,,,,,,,,,,,,,,,,,,,,,,,,,,,,,,,,,,,,,,,,,,,,,,,,,,,,,,,,,,,,,,,,,,,,,,,,,,,,,,,,,,,,,,,,,,,,,,,,,,,,,,,,,,,,,,,,,,,,,,,,,,,,,,,,,,,,,,,,,,
http://cdo.keu.kz/content/11857/11921/1r.htm,,,,,,,,,,,,,,,,,,,,,,,,,,,,,,,,,,,,,,,,,,,,,,,,,,,,,,,,,,,,,,,,,,,,,,,,,,,,,,,,,,,,,,,,,,,,,,,,,,,,,,,,,,,,,,,,,,,,,,,,,,,,,,,,,,,,,,,,,,,,,,,,,,,,,,,,,,,,,,,,,,,,,,,,,,,,,,,,,,,,,,,,,,,,,,,,,,,,,,,,,,,,,,,,,,,,,,,,,,,,,,
http://cdo.keu.kz/content/11858/11922/2r.htm,,,,,,,,,,,,,,,,,,,,,,,,,,,,,,,,,,,,,,,,,,,,,,,,,,,,,,,,,,,,,,,,,,,,,,,,,,,,,,,,,,,,,,,,,,,,,,,,,,,,,,,,,,,,,,,,,,,,,,,,,,,,,,,,,,,,,,,,,,,,,,,,,,,,,,,,,,,,,,,,,,,,,,,,,,,,,,,,,,,,,,,,,,,,,,,,,,,,,,,,,,,,,,,,,,,,,,,,,,,,,,
http://cdo.keu.kz/content/11859/11923/itogq.htm,,,,,,,,,,,,,,,,,,,,,,,,,,,,,,,,,,,,,,,,,,,,,,,,,,,,,,,,,,,,,,,,,,,,,,,,,,,,,,,,,,,,,,,,,,,,,,,,,,,,,,,,,,,,,,,,,,,,,,,,,,,,,,,,,,,,,,,,,,,,,,,,,,,,,,,,,,,,,,,,,,,,,,,,,,,,,,,,,,,,,,,,,,,,,,,,,,,,,,,,,,,,,,,,,,,,,,,,,,,,,,
http://cdo.keu.kz/content/11860/11924/11924.htm,http://cdo.keu.kz/content/11860/11924/lek.files/colorschememapping.xml,http://cdo.keu.kz/content/11860/11924/lek.files/filelist.xml,http://cdo.keu.kz/content/11860/11924/lek.files/header.htm,http://cdo.keu.kz/content/11860/11924/lek.files/image001.gif,http://cdo.keu.kz/content/11860/11924/lek.files/image002.png,http://cdo.keu.kz/content/11860/11924/lek.files/image003.gif,http://cdo.keu.kz/content/11860/11924/lek.files/themedata.thmx,http://cdo.keu.kz/content/11860/11924/lek.htm,,,,,,,,,,,,,,,,,,,,,,,,,,,,,,,,,,,,,,,,,,,,,,,,,,,,,,,,,,,,,,,,,,,,,,,,,,,,,,,,,,,,,,,,,,,,,,,,,,,,,,,,,,,,,,,,,,,,,,,,,,,,,,,,,,,,,,,,,,,,,,,,,,,,,,,,,,,,,,,,,,,,,,,,,,,,,,,,,,,,,,,,,,,,,,,,,,,,,,,,,,,,,,,,,,,,,,
http://cdo.keu.kz/content/11861/11925/11925.htm,http://cdo.keu.kz/content/11861/11925/31284/31284.htm,http://cdo.keu.kz/content/11861/11925/31285/31285.htm,http://cdo.keu.kz/content/11861/11925/31286/31286.htm,http://cdo.keu.kz/content/11861/11925/31287/31287.htm,http://cdo.keu.kz/content/11861/11925/31288/31288.htm,http://cdo.keu.kz/content/11861/11925/31289/31289.htm,http://cdo.keu.kz/content/11861/11925/31290/31290.htm,http://cdo.keu.kz/content/11861/11925/31291/31291.htm,http://cdo.keu.kz/content/11861/11925/31292/31292.htm,http://cdo.keu.kz/content/11861/11925/31293/31293.htm,http://cdo.keu.kz/content/11861/11925/31294/31294.htm,http://cdo.keu.kz/content/11861/11925/31295/31295.htm,http://cdo.keu.kz/content/11861/11925/31296/31296.htm,http://cdo.keu.kz/content/11861/11925/31297/31297.htm,http://cdo.keu.kz/content/11861/11925/lek.files/colorschememapping.xml,http://cdo.keu.kz/content/11861/11925/lek.files/filelist.xml,http://cdo.keu.kz/content/11861/11925/lek.files/header.htm,http://cdo.keu.kz/content/11861/11925/lek.files/image001.gif,http://cdo.keu.kz/content/11861/11925/lek.files/image002.png,http://cdo.keu.kz/content/11861/11925/lek.files/image003.gif,http://cdo.keu.kz/content/11861/11925/lek.files/themedata.thmx,,,,,,,,,,,,,,,,,,,,,,,,,,,,,,,,,,,,,,,,,,,,,,,,,,,,,,,,,,,,,,,,,,,,,,,,,,,,,,,,,,,,,,,,,,,,,,,,,,,,,,,,,,,,,,,,,,,,,,,,,,,,,,,,,,,,,,,,,,,,,,,,,,,,,,,,,,,,,,,,,,,,,,,,,,,,,,,,,,,,,,,,,,,,,,,,,,,,,,,,,
http://cdo.keu.kz/content/11862/11926/1rub.files/colorschememapping.xml,http://cdo.keu.kz/content/11862/11926/1rub.files/filelist.xml,http://cdo.keu.kz/content/11862/11926/1rub.files/themedata.thmx,http://cdo.keu.kz/content/11862/11926/1rub.htm,,,,,,,,,,,,,,,,,,,,,,,,,,,,,,,,,,,,,,,,,,,,,,,,,,,,,,,,,,,,,,,,,,,,,,,,,,,,,,,,,,,,,,,,,,,,,,,,,,,,,,,,,,,,,,,,,,,,,,,,,,,,,,,,,,,,,,,,,,,,,,,,,,,,,,,,,,,,,,,,,,,,,,,,,,,,,,,,,,,,,,,,,,,,,,,,,,,,,,,,,,,,,,,,,,,,,,,,,,,
http://cdo.keu.kz/content/11863/11927/2rub.files/colorschememapping.xml,http://cdo.keu.kz/content/11863/11927/2rub.files/filelist.xml,http://cdo.keu.kz/content/11863/11927/2rub.files/themedata.thmx,http://cdo.keu.kz/content/11863/11927/2rub.htm,,,,,,,,,,,,,,,,,,,,,,,,,,,,,,,,,,,,,,,,,,,,,,,,,,,,,,,,,,,,,,,,,,,,,,,,,,,,,,,,,,,,,,,,,,,,,,,,,,,,,,,,,,,,,,,,,,,,,,,,,,,,,,,,,,,,,,,,,,,,,,,,,,,,,,,,,,,,,,,,,,,,,,,,,,,,,,,,,,,,,,,,,,,,,,,,,,,,,,,,,,,,,,,,,,,,,,,,,,,
http://cdo.keu.kz/content/11864/11928/itog.files/colorschememapping.xml,http://cdo.keu.kz/content/11864/11928/itog.files/filelist.xml,http://cdo.keu.kz/content/11864/11928/itog.files/themedata.thmx,http://cdo.keu.kz/content/11864/11928/itog.htm,,,,,,,,,,,,,,,,,,,,,,,,,,,,,,,,,,,,,,,,,,,,,,,,,,,,,,,,,,,,,,,,,,,,,,,,,,,,,,,,,,,,,,,,,,,,,,,,,,,,,,,,,,,,,,,,,,,,,,,,,,,,,,,,,,,,,,,,,,,,,,,,,,,,,,,,,,,,,,,,,,,,,,,,,,,,,,,,,,,,,,,,,,,,,,,,,,,,,,,,,,,,,,,,,,,,,,,,,,,
http://cdo.keu.kz/content/11865/11929/11929.htm,http://cdo.keu.kz/content/11865/11929/31298/31298.htm,http://cdo.keu.kz/content/11865/11929/31299/31299.htm,http://cdo.keu.kz/content/11865/11929/31300/31300.htm,http://cdo.keu.kz/content/11865/11929/31301/31301.htm,http://cdo.keu.kz/content/11865/11929/31302/31302.htm,http://cdo.keu.kz/content/11865/11929/31303/31303.htm,http://cdo.keu.kz/content/11865/11929/31304/31304.htm,http://cdo.keu.kz/content/11865/11929/31305/31305.htm,http://cdo.keu.kz/content/11865/11929/31306/31306.htm,http://cdo.keu.kz/content/11865/11929/31307/31307.htm,http://cdo.keu.kz/content/11865/11929/31308/31308.htm,http://cdo.keu.kz/content/11865/11929/31309/31309.htm,http://cdo.keu.kz/content/11865/11929/31310/31310.htm,http://cdo.keu.kz/content/11865/11929/31311/31311.htm,http://cdo.keu.kz/content/11865/11929/31312/31312.htm,http://cdo.keu.kz/content/11865/11929/lek.files/colorschememapping.xml,http://cdo.keu.kz/content/11865/11929/lek.files/filelist.xml,http://cdo.keu.kz/content/11865/11929/lek.files/image001.gif,http://cdo.keu.kz/content/11865/11929/lek.files/image002.wmz,http://cdo.keu.kz/content/11865/11929/lek.files/image003.gif,http://cdo.keu.kz/content/11865/11929/lek.files/image004.wmz,http://cdo.keu.kz/content/11865/11929/lek.files/image005.gif,http://cdo.keu.kz/content/11865/11929/lek.files/image006.gif,http://cdo.keu.kz/content/11865/11929/lek.files/image007.wmz,http://cdo.keu.kz/content/11865/11929/lek.files/image008.gif,http://cdo.keu.kz/content/11865/11929/lek.files/image009.gif,http://cdo.keu.kz/content/11865/11929/lek.files/image010.wmz,http://cdo.keu.kz/content/11865/11929/lek.files/image011.gif,http://cdo.keu.kz/content/11865/11929/lek.files/image012.wmz,http://cdo.keu.kz/content/11865/11929/lek.files/image013.gif,http://cdo.keu.kz/content/11865/11929/lek.files/image014.gif,http://cdo.keu.kz/content/11865/11929/lek.files/image015.gif,http://cdo.keu.kz/content/11865/11929/lek.files/image016.gif,http://cdo.keu.kz/content/11865/11929/lek.files/image017.wmz,http://cdo.keu.kz/content/11865/11929/lek.files/image018.gif,http://cdo.keu.kz/content/11865/11929/lek.files/image019.wmz,http://cdo.keu.kz/content/11865/11929/lek.files/image020.gif,http://cdo.keu.kz/content/11865/11929/lek.files/image021.wmz,http://cdo.keu.kz/content/11865/11929/lek.files/image022.gif,http://cdo.keu.kz/content/11865/11929/lek.files/image023.wmz,http://cdo.keu.kz/content/11865/11929/lek.files/image024.gif,http://cdo.keu.kz/content/11865/11929/lek.files/image025.wmz,http://cdo.keu.kz/content/11865/11929/lek.files/image026.gif,http://cdo.keu.kz/content/11865/11929/lek.files/image027.wmz,http://cdo.keu.kz/content/11865/11929/lek.files/image028.gif,http://cdo.keu.kz/content/11865/11929/lek.files/image029.gif,http://cdo.keu.kz/content/11865/11929/lek.files/image030.wmz,http://cdo.keu.kz/content/11865/11929/lek.files/image031.gif,http://cdo.keu.kz/content/11865/11929/lek.files/image032.wmz,http://cdo.keu.kz/content/11865/11929/lek.files/image033.gif,http://cdo.keu.kz/content/11865/11929/lek.files/image034.wmz,http://cdo.keu.kz/content/11865/11929/lek.files/image035.gif,http://cdo.keu.kz/content/11865/11929/lek.files/image036.wmz,http://cdo.keu.kz/content/11865/11929/lek.files/image037.gif,http://cdo.keu.kz/content/11865/11929/lek.files/image038.wmz,http://cdo.keu.kz/content/11865/11929/lek.files/image039.gif,http://cdo.keu.kz/content/11865/11929/lek.files/image040.wmz,http://cdo.keu.kz/content/11865/11929/lek.files/image041.gif,http://cdo.keu.kz/content/11865/11929/lek.files/image042.wmz,http://cdo.keu.kz/content/11865/11929/lek.files/image043.gif,http://cdo.keu.kz/content/11865/11929/lek.files/image044.wmz,http://cdo.keu.kz/content/11865/11929/lek.files/image045.wmz,http://cdo.keu.kz/content/11865/11929/lek.files/image046.wmz,http://cdo.keu.kz/content/11865/11929/lek.files/image047.gif,http://cdo.keu.kz/content/11865/11929/lek.files/image048.wmz,http://cdo.keu.kz/content/11865/11929/lek.files/image049.gif,http://cdo.keu.kz/content/11865/11929/lek.files/image050.wmz,http://cdo.keu.kz/content/11865/11929/lek.files/image051.gif,http://cdo.keu.kz/content/11865/11929/lek.files/image052.wmz,http://cdo.keu.kz/content/11865/11929/lek.files/image053.gif,http://cdo.keu.kz/content/11865/11929/lek.files/image054.wmz,http://cdo.keu.kz/content/11865/11929/lek.files/image055.gif,http://cdo.keu.kz/content/11865/11929/lek.files/image056.wmz,http://cdo.keu.kz/content/11865/11929/lek.files/image057.gif,http://cdo.keu.kz/content/11865/11929/lek.files/image058.wmz,http://cdo.keu.kz/content/11865/11929/lek.files/image059.gif,http://cdo.keu.kz/content/11865/11929/lek.files/image060.wmz,http://cdo.keu.kz/content/11865/11929/lek.files/image061.gif,http://cdo.keu.kz/content/11865/11929/lek.files/image062.wmz,http://cdo.keu.kz/content/11865/11929/lek.files/image063.gif,http://cdo.keu.kz/content/11865/11929/lek.files/image064.wmz,http://cdo.keu.kz/content/11865/11929/lek.files/image065.gif,http://cdo.keu.kz/content/11865/11929/lek.files/image066.wmz,http://cdo.keu.kz/content/11865/11929/lek.files/image067.gif,http://cdo.keu.kz/content/11865/11929/lek.files/image068.wmz,http://cdo.keu.kz/content/11865/11929/lek.files/image069.gif,http://cdo.keu.kz/content/11865/11929/lek.files/image070.wmz,http://cdo.keu.kz/content/11865/11929/lek.files/image071.gif,http://cdo.keu.kz/content/11865/11929/lek.files/image072.wmz,http://cdo.keu.kz/content/11865/11929/lek.files/image073.gif,http://cdo.keu.kz/content/11865/11929/lek.files/image074.gif,http://cdo.keu.kz/content/11865/11929/lek.files/image075.wmz,http://cdo.keu.kz/content/11865/11929/lek.files/image076.gif,http://cdo.keu.kz/content/11865/11929/lek.files/image077.wmz,http://cdo.keu.kz/content/11865/11929/lek.files/image078.gif,http://cdo.keu.kz/content/11865/11929/lek.files/image079.wmz,http://cdo.keu.kz/content/11865/11929/lek.files/image080.gif,http://cdo.keu.kz/content/11865/11929/lek.files/image081.wmz,http://cdo.keu.kz/content/11865/11929/lek.files/image082.gif,http://cdo.keu.kz/content/11865/11929/lek.files/image083.wmz,http://cdo.keu.kz/content/11865/11929/lek.files/image084.gif,http://cdo.keu.kz/content/11865/11929/lek.files/image085.wmz,http://cdo.keu.kz/content/11865/11929/lek.files/image086.gif,http://cdo.keu.kz/content/11865/11929/lek.files/image087.wmz,http://cdo.keu.kz/content/11865/11929/lek.files/image088.gif,http://cdo.keu.kz/content/11865/11929/lek.files/image089.wmz,http://cdo.keu.kz/content/11865/11929/lek.files/image090.gif,http://cdo.keu.kz/content/11865/11929/lek.files/image091.wmz,http://cdo.keu.kz/content/11865/11929/lek.files/image092.gif,http://cdo.keu.kz/content/11865/11929/lek.files/image093.wmz,http://cdo.keu.kz/content/11865/11929/lek.files/image094.gif,http://cdo.keu.kz/content/11865/11929/lek.files/image095.wmz,http://cdo.keu.kz/content/11865/11929/lek.files/image096.gif,http://cdo.keu.kz/content/11865/11929/lek.files/image097.wmz,http://cdo.keu.kz/content/11865/11929/lek.files/image098.gif,http://cdo.keu.kz/content/11865/11929/lek.files/image099.wmz,http://cdo.keu.kz/content/11865/11929/lek.files/image100.gif,http://cdo.keu.kz/content/11865/11929/lek.files/image101.wmz,http://cdo.keu.kz/content/11865/11929/lek.files/image102.gif,http://cdo.keu.kz/content/11865/11929/lek.files/image103.wmz,http://cdo.keu.kz/content/11865/11929/lek.files/image104.gif,http://cdo.keu.kz/content/11865/11929/lek.files/image105.wmz,http://cdo.keu.kz/content/11865/11929/lek.files/image106.gif,http://cdo.keu.kz/content/11865/11929/lek.files/image107.wmz,http://cdo.keu.kz/content/11865/11929/lek.files/image108.gif,http://cdo.keu.kz/content/11865/11929/lek.files/image109.wmz,http://cdo.keu.kz/content/11865/11929/lek.files/image110.gif,http://cdo.keu.kz/content/11865/11929/lek.files/image111.wmz,http://cdo.keu.kz/content/11865/11929/lek.files/image112.gif,http://cdo.keu.kz/content/11865/11929/lek.files/image113.wmz,http://cdo.keu.kz/content/11865/11929/lek.files/image114.gif,http://cdo.keu.kz/content/11865/11929/lek.files/image115.wmz,http://cdo.keu.kz/content/11865/11929/lek.files/image116.gif,http://cdo.keu.kz/content/11865/11929/lek.files/image117.wmz,http://cdo.keu.kz/content/11865/11929/lek.files/image118.gif,http://cdo.keu.kz/content/11865/11929/lek.files/image119.wmz,http://cdo.keu.kz/content/11865/11929/lek.files/image120.gif,http://cdo.keu.kz/content/11865/11929/lek.files/image121.wmz,http://cdo.keu.kz/content/11865/11929/lek.files/image122.gif,http://cdo.keu.kz/content/11865/11929/lek.files/image123.wmz,http://cdo.keu.kz/content/11865/11929/lek.files/image124.gif,http://cdo.keu.kz/content/11865/11929/lek.files/image125.wmz,http://cdo.keu.kz/content/11865/11929/lek.files/image126.gif,http://cdo.keu.kz/content/11865/11929/lek.files/image127.wmz,http://cdo.keu.kz/content/11865/11929/lek.files/image128.gif,http://cdo.keu.kz/content/11865/11929/lek.files/image129.wmz,http://cdo.keu.kz/content/11865/11929/lek.files/image130.gif,http://cdo.keu.kz/content/11865/11929/lek.files/image131.wmz,http://cdo.keu.kz/content/11865/11929/lek.files/image132.gif,http://cdo.keu.kz/content/11865/11929/lek.files/image133.wmz,http://cdo.keu.kz/content/11865/11929/lek.files/image134.gif,http://cdo.keu.kz/content/11865/11929/lek.files/image135.wmz,http://cdo.keu.kz/content/11865/11929/lek.files/image136.gif,http://cdo.keu.kz/content/11865/11929/lek.files/image137.wmz,http://cdo.keu.kz/content/11865/11929/lek.files/image138.gif,http://cdo.keu.kz/content/11865/11929/lek.files/image139.wmz,http://cdo.keu.kz/content/11865/11929/lek.files/image140.gif,http://cdo.keu.kz/content/11865/11929/lek.files/image141.wmz,http://cdo.keu.kz/content/11865/11929/lek.files/image142.gif,http://cdo.keu.kz/content/11865/11929/lek.files/image143.wmz,http://cdo.keu.kz/content/11865/11929/lek.files/image144.gif,http://cdo.keu.kz/content/11865/11929/lek.files/image145.wmz,http://cdo.keu.kz/content/11865/11929/lek.files/image146.gif,http://cdo.keu.kz/content/11865/11929/lek.files/image147.wmz,http://cdo.keu.kz/content/11865/11929/lek.files/image148.gif,http://cdo.keu.kz/content/11865/11929/lek.files/image149.wmz,http://cdo.keu.kz/content/11865/11929/lek.files/image150.gif,http://cdo.keu.kz/content/11865/11929/lek.files/image151.wmz,http://cdo.keu.kz/content/11865/11929/lek.files/image152.gif,http://cdo.keu.kz/content/11865/11929/lek.files/image153.wmz,http://cdo.keu.kz/content/11865/11929/lek.files/image154.gif,http://cdo.keu.kz/content/11865/11929/lek.files/image155.wmz,http://cdo.keu.kz/content/11865/11929/lek.files/image156.gif,http://cdo.keu.kz/content/11865/11929/lek.files/image157.wmz,http://cdo.keu.kz/content/11865/11929/lek.files/image158.gif,http://cdo.keu.kz/content/11865/11929/lek.files/image159.wmz,http://cdo.keu.kz/content/11865/11929/lek.files/image160.gif,http://cdo.keu.kz/content/11865/11929/lek.files/image161.wmz,http://cdo.keu.kz/content/11865/11929/lek.files/image162.gif,http://cdo.keu.kz/content/11865/11929/lek.files/image163.wmz,http://cdo.keu.kz/content/11865/11929/lek.files/image164.gif,http://cdo.keu.kz/content/11865/11929/lek.files/image165.wmz,http://cdo.keu.kz/content/11865/11929/lek.files/image166.gif,http://cdo.keu.kz/content/11865/11929/lek.files/image167.gif,http://cdo.keu.kz/content/11865/11929/lek.files/image168.wmz,http://cdo.keu.kz/content/11865/11929/lek.files/image169.gif,http://cdo.keu.kz/content/11865/11929/lek.files/image170.wmz,http://cdo.keu.kz/content/11865/11929/lek.files/image171.gif,http://cdo.keu.kz/content/11865/11929/lek.files/image172.wmz,http://cdo.keu.kz/content/11865/11929/lek.files/image173.gif,http://cdo.keu.kz/content/11865/11929/lek.files/image174.wmz,http://cdo.keu.kz/content/11865/11929/lek.files/image175.gif,http://cdo.keu.kz/content/11865/11929/lek.files/image176.wmz,http://cdo.keu.kz/content/11865/11929/lek.files/image177.gif,http://cdo.keu.kz/content/11865/11929/lek.files/image178.wmz,http://cdo.keu.kz/content/11865/11929/lek.files/image179.gif,http://cdo.keu.kz/content/11865/11929/lek.files/image180.wmz,http://cdo.keu.kz/content/11865/11929/lek.files/image181.gif,http://cdo.keu.kz/content/11865/11929/lek.files/image182.wmz,http://cdo.keu.kz/content/11865/11929/lek.files/image183.gif,http://cdo.keu.kz/content/11865/11929/lek.files/image184.wmz,http://cdo.keu.kz/content/11865/11929/lek.files/image185.gif,http://cdo.keu.kz/content/11865/11929/lek.files/image186.wmz,http://cdo.keu.kz/content/11865/11929/lek.files/image187.gif,http://cdo.keu.kz/content/11865/11929/lek.files/image188.wmz,http://cdo.keu.kz/content/11865/11929/lek.files/image189.gif,http://cdo.keu.kz/content/11865/11929/lek.files/image190.wmz,http://cdo.keu.kz/content/11865/11929/lek.files/image191.gif,http://cdo.keu.kz/content/11865/11929/lek.files/image192.wmz,http://cdo.keu.kz/content/11865/11929/lek.files/image193.gif,http://cdo.keu.kz/content/11865/11929/lek.files/image194.wmz,http://cdo.keu.kz/content/11865/11929/lek.files/image195.gif,http://cdo.keu.kz/content/11865/11929/lek.files/image196.wmz,http://cdo.keu.kz/content/11865/11929/lek.files/image197.gif,http://cdo.keu.kz/content/11865/11929/lek.files/image198.wmz,http://cdo.keu.kz/content/11865/11929/lek.files/image199.gif,http://cdo.keu.kz/content/11865/11929/lek.files/image200.wmz,http://cdo.keu.kz/content/11865/11929/lek.files/image201.gif,http://cdo.keu.kz/content/11865/11929/lek.files/image202.wmz,http://cdo.keu.kz/content/11865/11929/lek.files/image203.gif,http://cdo.keu.kz/content/11865/11929/lek.files/oledata.mso,http://cdo.keu.kz/content/11865/11929/lek.files/themedata.thmx
http://cdo.keu.kz/content/11866/11930/1r.htm,,,,,,,,,,,,,,,,,,,,,,,,,,,,,,,,,,,,,,,,,,,,,,,,,,,,,,,,,,,,,,,,,,,,,,,,,,,,,,,,,,,,,,,,,,,,,,,,,,,,,,,,,,,,,,,,,,,,,,,,,,,,,,,,,,,,,,,,,,,,,,,,,,,,,,,,,,,,,,,,,,,,,,,,,,,,,,,,,,,,,,,,,,,,,,,,,,,,,,,,,,,,,,,,,,,,,,,,,,,,,,
http://cdo.keu.kz/content/11867/11931/1r.files/colorschememapping.xml,http://cdo.keu.kz/content/11867/11931/1r.files/filelist.xml,http://cdo.keu.kz/content/11867/11931/1r.files/image001.wmz,http://cdo.keu.kz/content/11867/11931/1r.files/image002.gif,http://cdo.keu.kz/content/11867/11931/1r.files/image003.wmz,http://cdo.keu.kz/content/11867/11931/1r.files/image004.gif,http://cdo.keu.kz/content/11867/11931/1r.files/image005.wmz,http://cdo.keu.kz/content/11867/11931/1r.files/image006.gif,http://cdo.keu.kz/content/11867/11931/1r.files/image007.wmz,http://cdo.keu.kz/content/11867/11931/1r.files/image008.gif,http://cdo.keu.kz/content/11867/11931/1r.files/image009.wmz,http://cdo.keu.kz/content/11867/11931/1r.files/image010.gif,http://cdo.keu.kz/content/11867/11931/1r.files/image011.wmz,http://cdo.keu.kz/content/11867/11931/1r.files/image012.gif,http://cdo.keu.kz/content/11867/11931/1r.files/image013.wmz,http://cdo.keu.kz/content/11867/11931/1r.files/image014.gif,http://cdo.keu.kz/content/11867/11931/1r.files/image015.wmz,http://cdo.keu.kz/content/11867/11931/1r.files/image016.gif,http://cdo.keu.kz/content/11867/11931/1r.files/image017.wmz,http://cdo.keu.kz/content/11867/11931/1r.files/image018.gif,http://cdo.keu.kz/content/11867/11931/1r.files/image019.gif,http://cdo.keu.kz/content/11867/11931/1r.files/image020.wmz,http://cdo.keu.kz/content/11867/11931/1r.files/image021.gif,http://cdo.keu.kz/content/11867/11931/1r.files/image022.wmz,http://cdo.keu.kz/content/11867/11931/1r.files/image023.gif,http://cdo.keu.kz/content/11867/11931/1r.files/image024.wmz,http://cdo.keu.kz/content/11867/11931/1r.files/image025.gif,http://cdo.keu.kz/content/11867/11931/1r.files/image026.wmz,http://cdo.keu.kz/content/11867/11931/1r.files/image027.gif,http://cdo.keu.kz/content/11867/11931/1r.files/image028.gif,http://cdo.keu.kz/content/11867/11931/1r.files/image029.wmz,http://cdo.keu.kz/content/11867/11931/1r.files/image030.gif,http://cdo.keu.kz/content/11867/11931/1r.files/image031.wmz,http://cdo.keu.kz/content/11867/11931/1r.files/image032.gif,http://cdo.keu.kz/content/11867/11931/1r.files/image033.wmz,http://cdo.keu.kz/content/11867/11931/1r.files/image034.gif,http://cdo.keu.kz/content/11867/11931/1r.files/image035.wmz,http://cdo.keu.kz/content/11867/11931/1r.files/image036.gif,http://cdo.keu.kz/content/11867/11931/1r.files/image037.wmz,http://cdo.keu.kz/content/11867/11931/1r.files/image038.gif,http://cdo.keu.kz/content/11867/11931/1r.files/image039.wmz,http://cdo.keu.kz/content/11867/11931/1r.files/image040.gif,http://cdo.keu.kz/content/11867/11931/1r.files/image041.wmz,http://cdo.keu.kz/content/11867/11931/1r.files/image042.gif,http://cdo.keu.kz/content/11867/11931/1r.files/image043.wmz,http://cdo.keu.kz/content/11867/11931/1r.files/image044.gif,http://cdo.keu.kz/content/11867/11931/1r.files/image045.wmz,http://cdo.keu.kz/content/11867/11931/1r.files/image046.gif,http://cdo.keu.kz/content/11867/11931/1r.files/image047.wmz,http://cdo.keu.kz/content/11867/11931/1r.files/image048.gif,http://cdo.keu.kz/content/11867/11931/1r.files/image049.wmz,http://cdo.keu.kz/content/11867/11931/1r.files/image050.gif,http://cdo.keu.kz/content/11867/11931/1r.files/image051.wmz,http://cdo.keu.kz/content/11867/11931/1r.files/image052.wmz,http://cdo.keu.kz/content/11867/11931/1r.files/image053.gif,http://cdo.keu.kz/content/11867/11931/1r.files/image054.wmz,http://cdo.keu.kz/content/11867/11931/1r.files/image055.gif,http://cdo.keu.kz/content/11867/11931/1r.files/image056.wmz,http://cdo.keu.kz/content/11867/11931/1r.files/image057.gif,http://cdo.keu.kz/content/11867/11931/1r.files/image058.wmz,http://cdo.keu.kz/content/11867/11931/1r.files/image059.gif,http://cdo.keu.kz/content/11867/11931/1r.files/image060.wmz,http://cdo.keu.kz/content/11867/11931/1r.files/image061.gif,http://cdo.keu.kz/content/11867/11931/1r.files/image062.wmz,http://cdo.keu.kz/content/11867/11931/1r.files/image063.gif,http://cdo.keu.kz/content/11867/11931/1r.files/image064.wmz,http://cdo.keu.kz/content/11867/11931/1r.files/image065.gif,http://cdo.keu.kz/content/11867/11931/1r.files/image066.wmz,http://cdo.keu.kz/content/11867/11931/1r.files/image067.gif,http://cdo.keu.kz/content/11867/11931/1r.files/image068.wmz,http://cdo.keu.kz/content/11867/11931/1r.files/image069.gif,http://cdo.keu.kz/content/11867/11931/1r.files/image070.wmz,http://cdo.keu.kz/content/11867/11931/1r.files/image071.wmz,http://cdo.keu.kz/content/11867/11931/1r.files/image072.gif,http://cdo.keu.kz/content/11867/11931/1r.files/image073.wmz,http://cdo.keu.kz/content/11867/11931/1r.files/image074.gif,http://cdo.keu.kz/content/11867/11931/1r.files/image075.wmz,http://cdo.keu.kz/content/11867/11931/1r.files/image076.gif,http://cdo.keu.kz/content/11867/11931/1r.files/image077.wmz,http://cdo.keu.kz/content/11867/11931/1r.files/image078.gif,http://cdo.keu.kz/content/11867/11931/1r.files/image079.wmz,http://cdo.keu.kz/content/11867/11931/1r.files/image080.gif,http://cdo.keu.kz/content/11867/11931/1r.files/image081.wmz,http://cdo.keu.kz/content/11867/11931/1r.files/image082.gif,http://cdo.keu.kz/content/11867/11931/1r.files/image083.wmz,http://cdo.keu.kz/content/11867/11931/1r.files/image084.gif,http://cdo.keu.kz/content/11867/11931/1r.files/image085.wmz,http://cdo.keu.kz/content/11867/11931/1r.files/image086.gif,http://cdo.keu.kz/content/11867/11931/1r.files/image087.wmz,http://cdo.keu.kz/content/11867/11931/1r.files/image088.wmz,http://cdo.keu.kz/content/11867/11931/1r.files/image089.wmz,http://cdo.keu.kz/content/11867/11931/1r.files/image090.gif,http://cdo.keu.kz/content/11867/11931/1r.files/image091.wmz,http://cdo.keu.kz/content/11867/11931/1r.files/image092.gif,http://cdo.keu.kz/content/11867/11931/1r.files/image093.wmz,http://cdo.keu.kz/content/11867/11931/1r.files/image094.gif,http://cdo.keu.kz/content/11867/11931/1r.files/image095.wmz,http://cdo.keu.kz/content/11867/11931/1r.files/image096.gif,http://cdo.keu.kz/content/11867/11931/1r.files/image097.wmz,http://cdo.keu.kz/content/11867/11931/1r.files/image098.gif,http://cdo.keu.kz/content/11867/11931/1r.files/image099.wmz,http://cdo.keu.kz/content/11867/11931/1r.files/image100.gif,http://cdo.keu.kz/content/11867/11931/1r.files/image101.wmz,http://cdo.keu.kz/content/11867/11931/1r.files/image102.gif,http://cdo.keu.kz/content/11867/11931/1r.files/image103.wmz,http://cdo.keu.kz/content/11867/11931/1r.files/image104.gif,http://cdo.keu.kz/content/11867/11931/1r.files/image105.wmz,http://cdo.keu.kz/content/11867/11931/1r.files/image106.gif,http://cdo.keu.kz/content/11867/11931/1r.files/image107.wmz,http://cdo.keu.kz/content/11867/11931/1r.files/image108.gif,http://cdo.keu.kz/content/11867/11931/1r.files/image109.wmz,http://cdo.keu.kz/content/11867/11931/1r.files/image110.wmz,http://cdo.keu.kz/content/11867/11931/1r.files/image111.wmz,http://cdo.keu.kz/content/11867/11931/1r.files/image112.wmz,http://cdo.keu.kz/content/11867/11931/1r.files/image113.gif,http://cdo.keu.kz/content/11867/11931/1r.files/image114.wmz,http://cdo.keu.kz/content/11867/11931/1r.files/image115.gif,http://cdo.keu.kz/content/11867/11931/1r.files/image116.wmz,http://cdo.keu.kz/content/11867/11931/1r.files/image117.gif,http://cdo.keu.kz/content/11867/11931/1r.files/image118.wmz,http://cdo.keu.kz/content/11867/11931/1r.files/image119.wmz,http://cdo.keu.kz/content/11867/11931/1r.files/image120.gif,http://cdo.keu.kz/content/11867/11931/1r.files/image121.wmz,http://cdo.keu.kz/content/11867/11931/1r.files/image122.gif,http://cdo.keu.kz/content/11867/11931/1r.files/image123.wmz,http://cdo.keu.kz/content/11867/11931/1r.files/image124.gif,http://cdo.keu.kz/content/11867/11931/1r.files/image125.wmz,http://cdo.keu.kz/content/11867/11931/1r.files/image126.gif,http://cdo.keu.kz/content/11867/11931/1r.files/image127.wmz,http://cdo.keu.kz/content/11867/11931/1r.files/image128.gif,http://cdo.keu.kz/content/11867/11931/1r.files/image129.wmz,http://cdo.keu.kz/content/11867/11931/1r.files/image130.gif,http://cdo.keu.kz/content/11867/11931/1r.files/image131.gif,http://cdo.keu.kz/content/11867/11931/1r.files/image132.wmz,http://cdo.keu.kz/content/11867/11931/1r.files/image133.gif,http://cdo.keu.kz/content/11867/11931/1r.files/image134.wmz,http://cdo.keu.kz/content/11867/11931/1r.files/image135.wmz,http://cdo.keu.kz/content/11867/11931/1r.files/image136.gif,http://cdo.keu.kz/content/11867/11931/1r.files/image137.wmz,http://cdo.keu.kz/content/11867/11931/1r.files/image138.gif,http://cdo.keu.kz/content/11867/11931/1r.files/image139.wmz,http://cdo.keu.kz/content/11867/11931/1r.files/image140.gif,http://cdo.keu.kz/content/11867/11931/1r.files/image141.wmz,http://cdo.keu.kz/content/11867/11931/1r.files/image142.gif,http://cdo.keu.kz/content/11867/11931/1r.files/image143.wmz,http://cdo.keu.kz/content/11867/11931/1r.files/image144.gif,http://cdo.keu.kz/content/11867/11931/1r.files/image145.wmz,http://cdo.keu.kz/content/11867/11931/1r.files/image146.gif,http://cdo.keu.kz/content/11867/11931/1r.files/image147.wmz,http://cdo.keu.kz/content/11867/11931/1r.files/image148.gif,http://cdo.keu.kz/content/11867/11931/1r.files/image149.wmz,http://cdo.keu.kz/content/11867/11931/1r.files/image150.gif,http://cdo.keu.kz/content/11867/11931/1r.files/image151.wmz,http://cdo.keu.kz/content/11867/11931/1r.files/image152.gif,http://cdo.keu.kz/content/11867/11931/1r.files/image153.wmz,http://cdo.keu.kz/content/11867/11931/1r.files/image154.gif,http://cdo.keu.kz/content/11867/11931/1r.files/oledata.mso,http://cdo.keu.kz/content/11867/11931/1r.files/themedata.thmx,http://cdo.keu.kz/content/11867/11931/1r.htm,,,,,,,,,,,,,,,,,,,,,,,,,,,,,,,,,,,,,,,,,,,,,,,,,,,,,,,,,,,,,,,,
http://cdo.keu.kz/content/11868/11932/2r.htm,,,,,,,,,,,,,,,,,,,,,,,,,,,,,,,,,,,,,,,,,,,,,,,,,,,,,,,,,,,,,,,,,,,,,,,,,,,,,,,,,,,,,,,,,,,,,,,,,,,,,,,,,,,,,,,,,,,,,,,,,,,,,,,,,,,,,,,,,,,,,,,,,,,,,,,,,,,,,,,,,,,,,,,,,,,,,,,,,,,,,,,,,,,,,,,,,,,,,,,,,,,,,,,,,,,,,,,,,,,,,,
http://cdo.keu.kz/content/11869/11933/2r.files/colorschememapping.xml,http://cdo.keu.kz/content/11869/11933/2r.files/filelist.xml,http://cdo.keu.kz/content/11869/11933/2r.files/image001.wmz,http://cdo.keu.kz/content/11869/11933/2r.files/image002.gif,http://cdo.keu.kz/content/11869/11933/2r.files/image003.wmz,http://cdo.keu.kz/content/11869/11933/2r.files/image004.gif,http://cdo.keu.kz/content/11869/11933/2r.files/image005.wmz,http://cdo.keu.kz/content/11869/11933/2r.files/image006.gif,http://cdo.keu.kz/content/11869/11933/2r.files/image007.wmz,http://cdo.keu.kz/content/11869/11933/2r.files/image008.gif,http://cdo.keu.kz/content/11869/11933/2r.files/image009.wmz,http://cdo.keu.kz/content/11869/11933/2r.files/image010.gif,http://cdo.keu.kz/content/11869/11933/2r.files/image011.wmz,http://cdo.keu.kz/content/11869/11933/2r.files/image012.gif,http://cdo.keu.kz/content/11869/11933/2r.files/image013.wmz,http://cdo.keu.kz/content/11869/11933/2r.files/image014.gif,http://cdo.keu.kz/content/11869/11933/2r.files/image015.wmz,http://cdo.keu.kz/content/11869/11933/2r.files/image016.gif,http://cdo.keu.kz/content/11869/11933/2r.files/image017.wmz,http://cdo.keu.kz/content/11869/11933/2r.files/image018.gif,http://cdo.keu.kz/content/11869/11933/2r.files/image019.wmz,http://cdo.keu.kz/content/11869/11933/2r.files/image020.gif,http://cdo.keu.kz/content/11869/11933/2r.files/image021.wmz,http://cdo.keu.kz/content/11869/11933/2r.files/image022.gif,http://cdo.keu.kz/content/11869/11933/2r.files/image023.wmz,http://cdo.keu.kz/content/11869/11933/2r.files/image024.gif,http://cdo.keu.kz/content/11869/11933/2r.files/image025.wmz,http://cdo.keu.kz/content/11869/11933/2r.files/image026.gif,http://cdo.keu.kz/content/11869/11933/2r.files/image027.wmz,http://cdo.keu.kz/content/11869/11933/2r.files/image028.gif,http://cdo.keu.kz/content/11869/11933/2r.files/image029.wmz,http://cdo.keu.kz/content/11869/11933/2r.files/image030.gif,http://cdo.keu.kz/content/11869/11933/2r.files/image031.wmz,http://cdo.keu.kz/content/11869/11933/2r.files/image032.gif,http://cdo.keu.kz/content/11869/11933/2r.files/image033.wmz,http://cdo.keu.kz/content/11869/11933/2r.files/image034.gif,http://cdo.keu.kz/content/11869/11933/2r.files/oledata.mso,http://cdo.keu.kz/content/11869/11933/2r.files/themedata.thmx,http://cdo.keu.kz/content/11869/11933/2r.htm,,,,,,,,,,,,,,,,,,,,,,,,,,,,,,,,,,,,,,,,,,,,,,,,,,,,,,,,,,,,,,,,,,,,,,,,,,,,,,,,,,,,,,,,,,,,,,,,,,,,,,,,,,,,,,,,,,,,,,,,,,,,,,,,,,,,,,,,,,,,,,,,,,,,,,,,,,,,,,,,,,,,,,,,,,,,,,,,,,,,,,,,
http://cdo.keu.kz/content/11870/11934/itog.files/colorschememapping.xml,http://cdo.keu.kz/content/11870/11934/itog.files/filelist.xml,http://cdo.keu.kz/content/11870/11934/itog.files/header.htm,http://cdo.keu.kz/content/11870/11934/itog.files/image001.wmz,http://cdo.keu.kz/content/11870/11934/itog.files/image002.gif,http://cdo.keu.kz/content/11870/11934/itog.files/image003.wmz,http://cdo.keu.kz/content/11870/11934/itog.files/image004.gif,http://cdo.keu.kz/content/11870/11934/itog.files/image005.wmz,http://cdo.keu.kz/content/11870/11934/itog.files/image006.gif,http://cdo.keu.kz/content/11870/11934/itog.files/image007.wmz,http://cdo.keu.kz/content/11870/11934/itog.files/image008.gif,http://cdo.keu.kz/content/11870/11934/itog.files/image009.wmz,http://cdo.keu.kz/content/11870/11934/itog.files/image010.gif,http://cdo.keu.kz/content/11870/11934/itog.files/image011.wmz,http://cdo.keu.kz/content/11870/11934/itog.files/image012.gif,http://cdo.keu.kz/content/11870/11934/itog.files/image013.wmz,http://cdo.keu.kz/content/11870/11934/itog.files/image014.gif,http://cdo.keu.kz/content/11870/11934/itog.files/image015.wmz,http://cdo.keu.kz/content/11870/11934/itog.files/image016.gif,http://cdo.keu.kz/content/11870/11934/itog.files/image017.wmz,http://cdo.keu.kz/content/11870/11934/itog.files/image018.gif,http://cdo.keu.kz/content/11870/11934/itog.files/image019.gif,http://cdo.keu.kz/content/11870/11934/itog.files/image020.wmz,http://cdo.keu.kz/content/11870/11934/itog.files/image021.gif,http://cdo.keu.kz/content/11870/11934/itog.files/image022.wmz,http://cdo.keu.kz/content/11870/11934/itog.files/image023.gif,http://cdo.keu.kz/content/11870/11934/itog.files/image024.wmz,http://cdo.keu.kz/content/11870/11934/itog.files/image025.gif,http://cdo.keu.kz/content/11870/11934/itog.files/image026.wmz,http://cdo.keu.kz/content/11870/11934/itog.files/image027.gif,http://cdo.keu.kz/content/11870/11934/itog.files/image028.gif,http://cdo.keu.kz/content/11870/11934/itog.files/image029.wmz,http://cdo.keu.kz/content/11870/11934/itog.files/image030.gif,http://cdo.keu.kz/content/11870/11934/itog.files/image031.wmz,http://cdo.keu.kz/content/11870/11934/itog.files/image032.gif,http://cdo.keu.kz/content/11870/11934/itog.files/image033.wmz,http://cdo.keu.kz/content/11870/11934/itog.files/image034.gif,http://cdo.keu.kz/content/11870/11934/itog.files/image035.wmz,http://cdo.keu.kz/content/11870/11934/itog.files/image036.gif,http://cdo.keu.kz/content/11870/11934/itog.files/image037.wmz,http://cdo.keu.kz/content/11870/11934/itog.files/image038.gif,http://cdo.keu.kz/content/11870/11934/itog.files/image039.wmz,http://cdo.keu.kz/content/11870/11934/itog.files/image040.gif,http://cdo.keu.kz/content/11870/11934/itog.files/image041.wmz,http://cdo.keu.kz/content/11870/11934/itog.files/image042.gif,http://cdo.keu.kz/content/11870/11934/itog.files/image043.wmz,http://cdo.keu.kz/content/11870/11934/itog.files/image044.gif,http://cdo.keu.kz/content/11870/11934/itog.files/image045.wmz,http://cdo.keu.kz/content/11870/11934/itog.files/image046.gif,http://cdo.keu.kz/content/11870/11934/itog.files/image047.wmz,http://cdo.keu.kz/content/11870/11934/itog.files/image048.gif,http://cdo.keu.kz/content/11870/11934/itog.files/image049.wmz,http://cdo.keu.kz/content/11870/11934/itog.files/image050.gif,http://cdo.keu.kz/content/11870/11934/itog.files/image051.wmz,http://cdo.keu.kz/content/11870/11934/itog.files/image052.wmz,http://cdo.keu.kz/content/11870/11934/itog.files/image053.gif,http://cdo.keu.kz/content/11870/11934/itog.files/image054.wmz,http://cdo.keu.kz/content/11870/11934/itog.files/image055.gif,http://cdo.keu.kz/content/11870/11934/itog.files/image056.wmz,http://cdo.keu.kz/content/11870/11934/itog.files/image057.gif,http://cdo.keu.kz/content/11870/11934/itog.files/image058.wmz,http://cdo.keu.kz/content/11870/11934/itog.files/image059.gif,http://cdo.keu.kz/content/11870/11934/itog.files/image060.wmz,http://cdo.keu.kz/content/11870/11934/itog.files/image061.gif,http://cdo.keu.kz/content/11870/11934/itog.files/image062.wmz,http://cdo.keu.kz/content/11870/11934/itog.files/image063.gif,http://cdo.keu.kz/content/11870/11934/itog.files/image064.wmz,http://cdo.keu.kz/content/11870/11934/itog.files/image065.gif,http://cdo.keu.kz/content/11870/11934/itog.files/image066.wmz,http://cdo.keu.kz/content/11870/11934/itog.files/image067.gif,http://cdo.keu.kz/content/11870/11934/itog.files/image068.wmz,http://cdo.keu.kz/content/11870/11934/itog.files/image069.gif,http://cdo.keu.kz/content/11870/11934/itog.files/image070.wmz,http://cdo.keu.kz/content/11870/11934/itog.files/image071.wmz,http://cdo.keu.kz/content/11870/11934/itog.files/image072.gif,http://cdo.keu.kz/content/11870/11934/itog.files/image073.wmz,http://cdo.keu.kz/content/11870/11934/itog.files/image074.gif,http://cdo.keu.kz/content/11870/11934/itog.files/image075.wmz,http://cdo.keu.kz/content/11870/11934/itog.files/image076.gif,http://cdo.keu.kz/content/11870/11934/itog.files/image077.wmz,http://cdo.keu.kz/content/11870/11934/itog.files/image078.gif,http://cdo.keu.kz/content/11870/11934/itog.files/image079.wmz,http://cdo.keu.kz/content/11870/11934/itog.files/image080.gif,http://cdo.keu.kz/content/11870/11934/itog.files/image081.wmz,http://cdo.keu.kz/content/11870/11934/itog.files/image082.gif,http://cdo.keu.kz/content/11870/11934/itog.files/image083.wmz,http://cdo.keu.kz/content/11870/11934/itog.files/image084.gif,http://cdo.keu.kz/content/11870/11934/itog.files/image085.wmz,http://cdo.keu.kz/content/11870/11934/itog.files/image086.gif,http://cdo.keu.kz/content/11870/11934/itog.files/image087.wmz,http://cdo.keu.kz/content/11870/11934/itog.files/image088.wmz,http://cdo.keu.kz/content/11870/11934/itog.files/image089.wmz,http://cdo.keu.kz/content/11870/11934/itog.files/image090.gif,http://cdo.keu.kz/content/11870/11934/itog.files/image091.wmz,http://cdo.keu.kz/content/11870/11934/itog.files/image092.gif,http://cdo.keu.kz/content/11870/11934/itog.files/image093.wmz,http://cdo.keu.kz/content/11870/11934/itog.files/image094.gif,http://cdo.keu.kz/content/11870/11934/itog.files/image095.wmz,http://cdo.keu.kz/content/11870/11934/itog.files/image096.gif,http://cdo.keu.kz/content/11870/11934/itog.files/image097.wmz,http://cdo.keu.kz/content/11870/11934/itog.files/image098.gif,http://cdo.keu.kz/content/11870/11934/itog.files/image099.wmz,http://cdo.keu.kz/content/11870/11934/itog.files/image100.gif,http://cdo.keu.kz/content/11870/11934/itog.files/image101.wmz,http://cdo.keu.kz/content/11870/11934/itog.files/image102.gif,http://cdo.keu.kz/content/11870/11934/itog.files/image103.wmz,http://cdo.keu.kz/content/11870/11934/itog.files/image104.gif,http://cdo.keu.kz/content/11870/11934/itog.files/image105.wmz,http://cdo.keu.kz/content/11870/11934/itog.files/image106.gif,http://cdo.keu.kz/content/11870/11934/itog.files/image107.wmz,http://cdo.keu.kz/content/11870/11934/itog.files/image108.gif,http://cdo.keu.kz/content/11870/11934/itog.files/image109.wmz,http://cdo.keu.kz/content/11870/11934/itog.files/image110.wmz,http://cdo.keu.kz/content/11870/11934/itog.files/image111.wmz,http://cdo.keu.kz/content/11870/11934/itog.files/image112.wmz,http://cdo.keu.kz/content/11870/11934/itog.files/image113.gif,http://cdo.keu.kz/content/11870/11934/itog.files/image114.wmz,http://cdo.keu.kz/content/11870/11934/itog.files/image115.gif,http://cdo.keu.kz/content/11870/11934/itog.files/image116.wmz,http://cdo.keu.kz/content/11870/11934/itog.files/image117.gif,http://cdo.keu.kz/content/11870/11934/itog.files/image118.wmz,http://cdo.keu.kz/content/11870/11934/itog.files/image119.wmz,http://cdo.keu.kz/content/11870/11934/itog.files/image120.gif,http://cdo.keu.kz/content/11870/11934/itog.files/image121.wmz,http://cdo.keu.kz/content/11870/11934/itog.files/image122.gif,http://cdo.keu.kz/content/11870/11934/itog.files/image123.wmz,http://cdo.keu.kz/content/11870/11934/itog.files/image124.gif,http://cdo.keu.kz/content/11870/11934/itog.files/image125.wmz,http://cdo.keu.kz/content/11870/11934/itog.files/image126.gif,http://cdo.keu.kz/content/11870/11934/itog.files/image127.wmz,http://cdo.keu.kz/content/11870/11934/itog.files/image128.gif,http://cdo.keu.kz/content/11870/11934/itog.files/image129.wmz,http://cdo.keu.kz/content/11870/11934/itog.files/image130.gif,http://cdo.keu.kz/content/11870/11934/itog.files/image131.gif,http://cdo.keu.kz/content/11870/11934/itog.files/image132.wmz,http://cdo.keu.kz/content/11870/11934/itog.files/image133.gif,http://cdo.keu.kz/content/11870/11934/itog.files/image134.wmz,http://cdo.keu.kz/content/11870/11934/itog.files/image135.wmz,http://cdo.keu.kz/content/11870/11934/itog.files/image136.gif,http://cdo.keu.kz/content/11870/11934/itog.files/image137.wmz,http://cdo.keu.kz/content/11870/11934/itog.files/image138.gif,http://cdo.keu.kz/content/11870/11934/itog.files/image139.wmz,http://cdo.keu.kz/content/11870/11934/itog.files/image140.gif,http://cdo.keu.kz/content/11870/11934/itog.files/image141.wmz,http://cdo.keu.kz/content/11870/11934/itog.files/image142.gif,http://cdo.keu.kz/content/11870/11934/itog.files/image143.wmz,http://cdo.keu.kz/content/11870/11934/itog.files/image144.gif,http://cdo.keu.kz/content/11870/11934/itog.files/image145.wmz,http://cdo.keu.kz/content/11870/11934/itog.files/image146.gif,http://cdo.keu.kz/content/11870/11934/itog.files/image147.wmz,http://cdo.keu.kz/content/11870/11934/itog.files/image148.gif,http://cdo.keu.kz/content/11870/11934/itog.files/image149.wmz,http://cdo.keu.kz/content/11870/11934/itog.files/image150.gif,http://cdo.keu.kz/content/11870/11934/itog.files/image151.wmz,http://cdo.keu.kz/content/11870/11934/itog.files/image152.gif,http://cdo.keu.kz/content/11870/11934/itog.files/image153.wmz,http://cdo.keu.kz/content/11870/11934/itog.files/image154.gif,http://cdo.keu.kz/content/11870/11934/itog.files/image155.wmz,http://cdo.keu.kz/content/11870/11934/itog.files/image156.gif,http://cdo.keu.kz/content/11870/11934/itog.files/image157.wmz,http://cdo.keu.kz/content/11870/11934/itog.files/image158.gif,http://cdo.keu.kz/content/11870/11934/itog.files/image159.wmz,http://cdo.keu.kz/content/11870/11934/itog.files/image160.gif,http://cdo.keu.kz/content/11870/11934/itog.files/image161.wmz,http://cdo.keu.kz/content/11870/11934/itog.files/image162.gif,http://cdo.keu.kz/content/11870/11934/itog.files/image163.wmz,http://cdo.keu.kz/content/11870/11934/itog.files/image164.gif,http://cdo.keu.kz/content/11870/11934/itog.files/image165.wmz,http://cdo.keu.kz/content/11870/11934/itog.files/image166.gif,http://cdo.keu.kz/content/11870/11934/itog.files/image167.wmz,http://cdo.keu.kz/content/11870/11934/itog.files/image168.gif,http://cdo.keu.kz/content/11870/11934/itog.files/image169.wmz,http://cdo.keu.kz/content/11870/11934/itog.files/image170.gif,http://cdo.keu.kz/content/11870/11934/itog.files/image171.wmz,http://cdo.keu.kz/content/11870/11934/itog.files/image172.gif,http://cdo.keu.kz/content/11870/11934/itog.files/image173.wmz,http://cdo.keu.kz/content/11870/11934/itog.files/image174.gif,http://cdo.keu.kz/content/11870/11934/itog.files/image175.wmz,http://cdo.keu.kz/content/11870/11934/itog.files/image176.gif,http://cdo.keu.kz/content/11870/11934/itog.files/image177.wmz,http://cdo.keu.kz/content/11870/11934/itog.files/image178.gif,http://cdo.keu.kz/content/11870/11934/itog.files/image179.wmz,http://cdo.keu.kz/content/11870/11934/itog.files/image180.gif,http://cdo.keu.kz/content/11870/11934/itog.files/image181.wmz,http://cdo.keu.kz/content/11870/11934/itog.files/image182.gif,http://cdo.keu.kz/content/11870/11934/itog.files/image183.wmz,http://cdo.keu.kz/content/11870/11934/itog.files/image184.gif,http://cdo.keu.kz/content/11870/11934/itog.files/image185.wmz,http://cdo.keu.kz/content/11870/11934/itog.files/image186.gif,http://cdo.keu.kz/content/11870/11934/itog.files/image187.wmz,http://cdo.keu.kz/content/11870/11934/itog.files/image188.gif,http://cdo.keu.kz/content/11870/11934/itog.files/oledata.mso,http://cdo.keu.kz/content/11870/11934/itog.files/themedata.thmx,http://cdo.keu.kz/content/11870/11934/itog.htm,,,,,,,,,,,,,,,,,,,,,,,,,,,,,
http://cdo.keu.kz/content/11871/11935/1r.files/colorschememapping.xml,http://cdo.keu.kz/content/11871/11935/1r.files/filelist.xml,http://cdo.keu.kz/content/11871/11935/1r.files/themedata.thmx,http://cdo.keu.kz/content/11871/11935/1r.htm,,,,,,,,,,,,,,,,,,,,,,,,,,,,,,,,,,,,,,,,,,,,,,,,,,,,,,,,,,,,,,,,,,,,,,,,,,,,,,,,,,,,,,,,,,,,,,,,,,,,,,,,,,,,,,,,,,,,,,,,,,,,,,,,,,,,,,,,,,,,,,,,,,,,,,,,,,,,,,,,,,,,,,,,,,,,,,,,,,,,,,,,,,,,,,,,,,,,,,,,,,,,,,,,,,,,,,,,,,,
http://cdo.keu.kz/content/11872/11936/2r.files/colorschememapping.xml,http://cdo.keu.kz/content/11872/11936/2r.files/filelist.xml,http://cdo.keu.kz/content/11872/11936/2r.files/themedata.thmx,http://cdo.keu.kz/content/11872/11936/2r.htm,,,,,,,,,,,,,,,,,,,,,,,,,,,,,,,,,,,,,,,,,,,,,,,,,,,,,,,,,,,,,,,,,,,,,,,,,,,,,,,,,,,,,,,,,,,,,,,,,,,,,,,,,,,,,,,,,,,,,,,,,,,,,,,,,,,,,,,,,,,,,,,,,,,,,,,,,,,,,,,,,,,,,,,,,,,,,,,,,,,,,,,,,,,,,,,,,,,,,,,,,,,,,,,,,,,,,,,,,,,
http://cdo.keu.kz/content/11873/11937/itog.files/colorschememapping.xml,http://cdo.keu.kz/content/11873/11937/itog.files/filelist.xml,http://cdo.keu.kz/content/11873/11937/itog.files/themedata.thmx,http://cdo.keu.kz/content/11873/11937/itog.htm,,,,,,,,,,,,,,,,,,,,,,,,,,,,,,,,,,,,,,,,,,,,,,,,,,,,,,,,,,,,,,,,,,,,,,,,,,,,,,,,,,,,,,,,,,,,,,,,,,,,,,,,,,,,,,,,,,,,,,,,,,,,,,,,,,,,,,,,,,,,,,,,,,,,,,,,,,,,,,,,,,,,,,,,,,,,,,,,,,,,,,,,,,,,,,,,,,,,,,,,,,,,,,,,,,,,,,,,,,,
http://cdo.keu.kz/content/11874/11938/itogq.htm,,,,,,,,,,,,,,,,,,,,,,,,,,,,,,,,,,,,,,,,,,,,,,,,,,,,,,,,,,,,,,,,,,,,,,,,,,,,,,,,,,,,,,,,,,,,,,,,,,,,,,,,,,,,,,,,,,,,,,,,,,,,,,,,,,,,,,,,,,,,,,,,,,,,,,,,,,,,,,,,,,,,,,,,,,,,,,,,,,,,,,,,,,,,,,,,,,,,,,,,,,,,,,,,,,,,,,,,,,,,,,
http://cdo.keu.kz/content/11875/11939/1r.files/colorschememapping.xml,http://cdo.keu.kz/content/11875/11939/1r.files/filelist.xml,http://cdo.keu.kz/content/11875/11939/1r.files/themedata.thmx,http://cdo.keu.kz/content/11875/11939/1r.htm,,,,,,,,,,,,,,,,,,,,,,,,,,,,,,,,,,,,,,,,,,,,,,,,,,,,,,,,,,,,,,,,,,,,,,,,,,,,,,,,,,,,,,,,,,,,,,,,,,,,,,,,,,,,,,,,,,,,,,,,,,,,,,,,,,,,,,,,,,,,,,,,,,,,,,,,,,,,,,,,,,,,,,,,,,,,,,,,,,,,,,,,,,,,,,,,,,,,,,,,,,,,,,,,,,,,,,,,,,,
http://cdo.keu.kz/content/11876/11940/2r.files/colorschememapping.xml,http://cdo.keu.kz/content/11876/11940/2r.files/filelist.xml,http://cdo.keu.kz/content/11876/11940/2r.files/themedata.thmx,http://cdo.keu.kz/content/11876/11940/2r.htm,,,,,,,,,,,,,,,,,,,,,,,,,,,,,,,,,,,,,,,,,,,,,,,,,,,,,,,,,,,,,,,,,,,,,,,,,,,,,,,,,,,,,,,,,,,,,,,,,,,,,,,,,,,,,,,,,,,,,,,,,,,,,,,,,,,,,,,,,,,,,,,,,,,,,,,,,,,,,,,,,,,,,,,,,,,,,,,,,,,,,,,,,,,,,,,,,,,,,,,,,,,,,,,,,,,,,,,,,,,
http://cdo.keu.kz/content/11877/11941/itog.files/colorschememapping.xml,http://cdo.keu.kz/content/11877/11941/itog.files/filelist.xml,http://cdo.keu.kz/content/11877/11941/itog.files/themedata.thmx,http://cdo.keu.kz/content/11877/11941/itog.htm,,,,,,,,,,,,,,,,,,,,,,,,,,,,,,,,,,,,,,,,,,,,,,,,,,,,,,,,,,,,,,,,,,,,,,,,,,,,,,,,,,,,,,,,,,,,,,,,,,,,,,,,,,,,,,,,,,,,,,,,,,,,,,,,,,,,,,,,,,,,,,,,,,,,,,,,,,,,,,,,,,,,,,,,,,,,,,,,,,,,,,,,,,,,,,,,,,,,,,,,,,,,,,,,,,,,,,,,,,,
http://cdo.keu.kz/content/11878/11942/11942.htm,http://cdo.keu.kz/content/11878/11942/31313/31313.htm,http://cdo.keu.kz/content/11878/11942/31314/31314.htm,http://cdo.keu.kz/content/11878/11942/31315/31315.htm,http://cdo.keu.kz/content/11878/11942/31316/31316.htm,http://cdo.keu.kz/content/11878/11942/31317/31317.htm,http://cdo.keu.kz/content/11878/11942/31318/31318.htm,http://cdo.keu.kz/content/11878/11942/31319/31319.htm,http://cdo.keu.kz/content/11878/11942/31320/31320.htm,http://cdo.keu.kz/content/11878/11942/31321/31321.htm,http://cdo.keu.kz/content/11878/11942/31322/31322.htm,http://cdo.keu.kz/content/11878/11942/31323/31323.htm,http://cdo.keu.kz/content/11878/11942/31324/31324.htm,http://cdo.keu.kz/content/11878/11942/31325/31325.htm,http://cdo.keu.kz/content/11878/11942/31326/31326.htm,http://cdo.keu.kz/content/11878/11942/31327/31327.htm,http://cdo.keu.kz/content/11878/11942/lek.files/image001.gif,http://cdo.keu.kz/content/11878/11942/lek.files/image002.gif,http://cdo.keu.kz/content/11878/11942/lek.files/image003.gif,http://cdo.keu.kz/content/11878/11942/lek.files/image004.gif,http://cdo.keu.kz/content/11878/11942/lek.files/image005.gif,http://cdo.keu.kz/content/11878/11942/lek.files/image006.gif,http://cdo.keu.kz/content/11878/11942/lek.files/image007.gif,http://cdo.keu.kz/content/11878/11942/lek.files/image008.gif,http://cdo.keu.kz/content/11878/11942/lek.files/image009.gif,http://cdo.keu.kz/content/11878/11942/lek.files/image010.gif,http://cdo.keu.kz/content/11878/11942/lek.files/image011.gif,http://cdo.keu.kz/content/11878/11942/lek.files/image012.gif,http://cdo.keu.kz/content/11878/11942/lek.files/image013.gif,http://cdo.keu.kz/content/11878/11942/lek.files/image014.gif,http://cdo.keu.kz/content/11878/11942/lek.files/image015.gif,http://cdo.keu.kz/content/11878/11942/lek.files/image016.gif,http://cdo.keu.kz/content/11878/11942/lek.files/image017.gif,http://cdo.keu.kz/content/11878/11942/lek.files/image018.gif,http://cdo.keu.kz/content/11878/11942/lek.files/image019.gif,http://cdo.keu.kz/content/11878/11942/lek.files/image020.gif,http://cdo.keu.kz/content/11878/11942/lek.files/image021.gif,http://cdo.keu.kz/content/11878/11942/lek.files/image022.gif,http://cdo.keu.kz/content/11878/11942/lek.files/image023.gif,http://cdo.keu.kz/content/11878/11942/lek.files/image024.gif,http://cdo.keu.kz/content/11878/11942/lek.files/image025.gif,http://cdo.keu.kz/content/11878/11942/lek.files/image026.gif,http://cdo.keu.kz/content/11878/11942/lek.files/image027.gif,http://cdo.keu.kz/content/11878/11942/lek.files/image028.gif,http://cdo.keu.kz/content/11878/11942/lek.files/image029.gif,http://cdo.keu.kz/content/11878/11942/lek.files/image030.gif,http://cdo.keu.kz/content/11878/11942/lek.files/image031.gif,http://cdo.keu.kz/content/11878/11942/lek.files/image032.gif,http://cdo.keu.kz/content/11878/11942/lek.files/image033.gif,http://cdo.keu.kz/content/11878/11942/lek.files/image034.gif,http://cdo.keu.kz/content/11878/11942/lek.files/image035.gif,http://cdo.keu.kz/content/11878/11942/lek.files/image036.gif,http://cdo.keu.kz/content/11878/11942/lek.files/image037.gif,http://cdo.keu.kz/content/11878/11942/lek.files/image038.gif,http://cdo.keu.kz/content/11878/11942/lek.files/image039.gif,http://cdo.keu.kz/content/11878/11942/lek.files/image040.gif,http://cdo.keu.kz/content/11878/11942/lek.files/image041.gif,http://cdo.keu.kz/content/11878/11942/lek.files/image042.gif,http://cdo.keu.kz/content/11878/11942/lek.files/image043.gif,http://cdo.keu.kz/content/11878/11942/lek.files/image044.gif,http://cdo.keu.kz/content/11878/11942/lek.files/image045.gif,http://cdo.keu.kz/content/11878/11942/lek.files/image046.gif,http://cdo.keu.kz/content/11878/11942/lek.files/image047.gif,http://cdo.keu.kz/content/11878/11942/lek.files/image048.gif,http://cdo.keu.kz/content/11878/11942/lek.files/image049.gif,http://cdo.keu.kz/content/11878/11942/lek.files/image050.gif,http://cdo.keu.kz/content/11878/11942/lek.files/image051.gif,http://cdo.keu.kz/content/11878/11942/lek.files/image052.gif,http://cdo.keu.kz/content/11878/11942/lek.files/image053.gif,http://cdo.keu.kz/content/11878/11942/lek.files/image054.gif,http://cdo.keu.kz/content/11878/11942/lek.files/image055.gif,http://cdo.keu.kz/content/11878/11942/lek.files/image056.gif,http://cdo.keu.kz/content/11878/11942/lek.files/image057.gif,http://cdo.keu.kz/content/11878/11942/lek.files/image058.gif,http://cdo.keu.kz/content/11878/11942/lek.files/image059.gif,http://cdo.keu.kz/content/11878/11942/lek.files/image060.gif,http://cdo.keu.kz/content/11878/11942/lek.files/image061.gif,http://cdo.keu.kz/content/11878/11942/lek.files/image062.gif,http://cdo.keu.kz/content/11878/11942/lek.files/image063.gif,http://cdo.keu.kz/content/11878/11942/lek.files/image064.gif,http://cdo.keu.kz/content/11878/11942/lek.files/image065.gif,http://cdo.keu.kz/content/11878/11942/lek.files/image066.gif,http://cdo.keu.kz/content/11878/11942/lek.files/image067.gif,http://cdo.keu.kz/content/11878/11942/lek.files/image068.gif,http://cdo.keu.kz/content/11878/11942/lek.files/image069.gif,http://cdo.keu.kz/content/11878/11942/lek.files/image070.gif,http://cdo.keu.kz/content/11878/11942/lek.files/image071.gif,http://cdo.keu.kz/content/11878/11942/lek.files/image072.gif,http://cdo.keu.kz/content/11878/11942/lek.files/image073.gif,http://cdo.keu.kz/content/11878/11942/lek.files/image074.gif,http://cdo.keu.kz/content/11878/11942/lek.files/image075.gif,http://cdo.keu.kz/content/11878/11942/lek.files/image076.gif,,,,,,,,,,,,,,,,,,,,,,,,,,,,,,,,,,,,,,,,,,,,,,,,,,,,,,,,,,,,,,,,,,,,,,,,,,,,,,,,,,,,,,,,,,,,,,,,,,,,,,,,,,,,,,,,,,,,,,,,,,,,,,,,,,,
http://cdo.keu.kz/content/11879/11943/1r.files/colorschememapping.xml,http://cdo.keu.kz/content/11879/11943/1r.files/filelist.xml,http://cdo.keu.kz/content/11879/11943/1r.files/image001.wmz,http://cdo.keu.kz/content/11879/11943/1r.files/image002.gif,http://cdo.keu.kz/content/11879/11943/1r.files/image003.wmz,http://cdo.keu.kz/content/11879/11943/1r.files/image004.gif,http://cdo.keu.kz/content/11879/11943/1r.files/image005.wmz,http://cdo.keu.kz/content/11879/11943/1r.files/image006.gif,http://cdo.keu.kz/content/11879/11943/1r.files/image007.wmz,http://cdo.keu.kz/content/11879/11943/1r.files/image008.gif,http://cdo.keu.kz/content/11879/11943/1r.files/image009.wmz,http://cdo.keu.kz/content/11879/11943/1r.files/image010.gif,http://cdo.keu.kz/content/11879/11943/1r.files/image011.wmz,http://cdo.keu.kz/content/11879/11943/1r.files/image012.gif,http://cdo.keu.kz/content/11879/11943/1r.files/image013.wmz,http://cdo.keu.kz/content/11879/11943/1r.files/image014.gif,http://cdo.keu.kz/content/11879/11943/1r.files/image015.wmz,http://cdo.keu.kz/content/11879/11943/1r.files/image016.gif,http://cdo.keu.kz/content/11879/11943/1r.files/image017.wmz,http://cdo.keu.kz/content/11879/11943/1r.files/image018.gif,http://cdo.keu.kz/content/11879/11943/1r.files/image019.wmz,http://cdo.keu.kz/content/11879/11943/1r.files/image020.gif,http://cdo.keu.kz/content/11879/11943/1r.files/image021.wmz,http://cdo.keu.kz/content/11879/11943/1r.files/image022.gif,http://cdo.keu.kz/content/11879/11943/1r.files/image023.wmz,http://cdo.keu.kz/content/11879/11943/1r.files/image024.gif,http://cdo.keu.kz/content/11879/11943/1r.files/image025.wmz,http://cdo.keu.kz/content/11879/11943/1r.files/image026.gif,http://cdo.keu.kz/content/11879/11943/1r.files/image027.wmz,http://cdo.keu.kz/content/11879/11943/1r.files/image028.gif,http://cdo.keu.kz/content/11879/11943/1r.files/image029.wmz,http://cdo.keu.kz/content/11879/11943/1r.files/image030.gif,http://cdo.keu.kz/content/11879/11943/1r.files/image031.wmz,http://cdo.keu.kz/content/11879/11943/1r.files/image032.gif,http://cdo.keu.kz/content/11879/11943/1r.files/image033.wmz,http://cdo.keu.kz/content/11879/11943/1r.files/image034.wmz,http://cdo.keu.kz/content/11879/11943/1r.files/image035.gif,http://cdo.keu.kz/content/11879/11943/1r.files/oledata.mso,http://cdo.keu.kz/content/11879/11943/1r.files/themedata.thmx,http://cdo.keu.kz/content/11879/11943/1r.htm,,,,,,,,,,,,,,,,,,,,,,,,,,,,,,,,,,,,,,,,,,,,,,,,,,,,,,,,,,,,,,,,,,,,,,,,,,,,,,,,,,,,,,,,,,,,,,,,,,,,,,,,,,,,,,,,,,,,,,,,,,,,,,,,,,,,,,,,,,,,,,,,,,,,,,,,,,,,,,,,,,,,,,,,,,,,,,,,,,,,,,,
http://cdo.keu.kz/content/11880/11944/1r.files/colorschememapping.xml,http://cdo.keu.kz/content/11880/11944/1r.files/filelist.xml,http://cdo.keu.kz/content/11880/11944/1r.files/themedata.thmx,http://cdo.keu.kz/content/11880/11944/1r.htm,,,,,,,,,,,,,,,,,,,,,,,,,,,,,,,,,,,,,,,,,,,,,,,,,,,,,,,,,,,,,,,,,,,,,,,,,,,,,,,,,,,,,,,,,,,,,,,,,,,,,,,,,,,,,,,,,,,,,,,,,,,,,,,,,,,,,,,,,,,,,,,,,,,,,,,,,,,,,,,,,,,,,,,,,,,,,,,,,,,,,,,,,,,,,,,,,,,,,,,,,,,,,,,,,,,,,,,,,,,
http://cdo.keu.kz/content/11881/11945/2r.files/colorschememapping.xml,http://cdo.keu.kz/content/11881/11945/2r.files/filelist.xml,http://cdo.keu.kz/content/11881/11945/2r.files/themedata.thmx,http://cdo.keu.kz/content/11881/11945/2r.htm,,,,,,,,,,,,,,,,,,,,,,,,,,,,,,,,,,,,,,,,,,,,,,,,,,,,,,,,,,,,,,,,,,,,,,,,,,,,,,,,,,,,,,,,,,,,,,,,,,,,,,,,,,,,,,,,,,,,,,,,,,,,,,,,,,,,,,,,,,,,,,,,,,,,,,,,,,,,,,,,,,,,,,,,,,,,,,,,,,,,,,,,,,,,,,,,,,,,,,,,,,,,,,,,,,,,,,,,,,,
http://cdo.keu.kz/content/11882/11946/itog.files/colorschememapping.xml,http://cdo.keu.kz/content/11882/11946/itog.files/filelist.xml,http://cdo.keu.kz/content/11882/11946/itog.files/themedata.thmx,http://cdo.keu.kz/content/11882/11946/itog.htm,,,,,,,,,,,,,,,,,,,,,,,,,,,,,,,,,,,,,,,,,,,,,,,,,,,,,,,,,,,,,,,,,,,,,,,,,,,,,,,,,,,,,,,,,,,,,,,,,,,,,,,,,,,,,,,,,,,,,,,,,,,,,,,,,,,,,,,,,,,,,,,,,,,,,,,,,,,,,,,,,,,,,,,,,,,,,,,,,,,,,,,,,,,,,,,,,,,,,,,,,,,,,,,,,,,,,,,,,,,
http://cdo.keu.kz/content/11883/11947/11947.htm,http://cdo.keu.kz/content/11883/11947/31328/31328.htm,http://cdo.keu.kz/content/11883/11947/31329/31329.htm,http://cdo.keu.kz/content/11883/11947/31330/31330.htm,http://cdo.keu.kz/content/11883/11947/31331/31331.htm,http://cdo.keu.kz/content/11883/11947/31332/31332.htm,http://cdo.keu.kz/content/11883/11947/31333/31333.htm,http://cdo.keu.kz/content/11883/11947/31334/31334.htm,http://cdo.keu.kz/content/11883/11947/31335/31335.htm,http://cdo.keu.kz/content/11883/11947/31336/31336.htm,http://cdo.keu.kz/content/11883/11947/31337/31337.htm,http://cdo.keu.kz/content/11883/11947/31338/31338.htm,http://cdo.keu.kz/content/11883/11947/31339/31339.htm,http://cdo.keu.kz/content/11883/11947/31340/31340.htm,http://cdo.keu.kz/content/11883/11947/31341/31341.htm,http://cdo.keu.kz/content/11883/11947/lek.files/colorschememapping.xml,http://cdo.keu.kz/content/11883/11947/lek.files/filelist.xml,http://cdo.keu.kz/content/11883/11947/lek.files/themedata.thmx,,,,,,,,,,,,,,,,,,,,,,,,,,,,,,,,,,,,,,,,,,,,,,,,,,,,,,,,,,,,,,,,,,,,,,,,,,,,,,,,,,,,,,,,,,,,,,,,,,,,,,,,,,,,,,,,,,,,,,,,,,,,,,,,,,,,,,,,,,,,,,,,,,,,,,,,,,,,,,,,,,,,,,,,,,,,,,,,,,,,,,,,,,,,,,,,,,,,,,,,,,,,,
http://cdo.keu.kz/content/11884/11948/1r.files/colorschememapping.xml,http://cdo.keu.kz/content/11884/11948/1r.files/filelist.xml,http://cdo.keu.kz/content/11884/11948/1r.files/header.htm,http://cdo.keu.kz/content/11884/11948/1r.files/themedata.thmx,http://cdo.keu.kz/content/11884/11948/1r.htm,,,,,,,,,,,,,,,,,,,,,,,,,,,,,,,,,,,,,,,,,,,,,,,,,,,,,,,,,,,,,,,,,,,,,,,,,,,,,,,,,,,,,,,,,,,,,,,,,,,,,,,,,,,,,,,,,,,,,,,,,,,,,,,,,,,,,,,,,,,,,,,,,,,,,,,,,,,,,,,,,,,,,,,,,,,,,,,,,,,,,,,,,,,,,,,,,,,,,,,,,,,,,,,,,,,,,,,,,,
http://cdo.keu.kz/content/11885/11949/2r.files/colorschememapping.xml,http://cdo.keu.kz/content/11885/11949/2r.files/filelist.xml,http://cdo.keu.kz/content/11885/11949/2r.files/header.htm,http://cdo.keu.kz/content/11885/11949/2r.files/themedata.thmx,http://cdo.keu.kz/content/11885/11949/2r.htm,,,,,,,,,,,,,,,,,,,,,,,,,,,,,,,,,,,,,,,,,,,,,,,,,,,,,,,,,,,,,,,,,,,,,,,,,,,,,,,,,,,,,,,,,,,,,,,,,,,,,,,,,,,,,,,,,,,,,,,,,,,,,,,,,,,,,,,,,,,,,,,,,,,,,,,,,,,,,,,,,,,,,,,,,,,,,,,,,,,,,,,,,,,,,,,,,,,,,,,,,,,,,,,,,,,,,,,,,,
http://cdo.keu.kz/content/11886/11950/itog.files/colorschememapping.xml,http://cdo.keu.kz/content/11886/11950/itog.files/filelist.xml,http://cdo.keu.kz/content/11886/11950/itog.files/header.htm,http://cdo.keu.kz/content/11886/11950/itog.files/themedata.thmx,http://cdo.keu.kz/content/11886/11950/itog.htm,,,,,,,,,,,,,,,,,,,,,,,,,,,,,,,,,,,,,,,,,,,,,,,,,,,,,,,,,,,,,,,,,,,,,,,,,,,,,,,,,,,,,,,,,,,,,,,,,,,,,,,,,,,,,,,,,,,,,,,,,,,,,,,,,,,,,,,,,,,,,,,,,,,,,,,,,,,,,,,,,,,,,,,,,,,,,,,,,,,,,,,,,,,,,,,,,,,,,,,,,,,,,,,,,,,,,,,,,,
http://cdo.keu.kz/content/11887/11951/11951.htm,http://cdo.keu.kz/content/11887/11951/31342/31342.htm,http://cdo.keu.kz/content/11887/11951/31343/31343.htm,http://cdo.keu.kz/content/11887/11951/31344/31344.htm,http://cdo.keu.kz/content/11887/11951/31345/31345.htm,http://cdo.keu.kz/content/11887/11951/31346/31346.htm,http://cdo.keu.kz/content/11887/11951/31347/31347.htm,http://cdo.keu.kz/content/11887/11951/31348/31348.htm,http://cdo.keu.kz/content/11887/11951/31349/31349.htm,http://cdo.keu.kz/content/11887/11951/31350/31350.htm,http://cdo.keu.kz/content/11887/11951/31351/31351.htm,http://cdo.keu.kz/content/11887/11951/31352/31352.htm,http://cdo.keu.kz/content/11887/11951/31353/31353.htm,http://cdo.keu.kz/content/11887/11951/31354/31354.htm,http://cdo.keu.kz/content/11887/11951/31355/31355.htm,http://cdo.keu.kz/content/11887/11951/31356/31356.htm,http://cdo.keu.kz/content/11887/11951/lek.files/colorschememapping.xml,http://cdo.keu.kz/content/11887/11951/lek.files/filelist.xml,http://cdo.keu.kz/content/11887/11951/lek.files/header.htm,http://cdo.keu.kz/content/11887/11951/lek.files/themedata.thmx,,,,,,,,,,,,,,,,,,,,,,,,,,,,,,,,,,,,,,,,,,,,,,,,,,,,,,,,,,,,,,,,,,,,,,,,,,,,,,,,,,,,,,,,,,,,,,,,,,,,,,,,,,,,,,,,,,,,,,,,,,,,,,,,,,,,,,,,,,,,,,,,,,,,,,,,,,,,,,,,,,,,,,,,,,,,,,,,,,,,,,,,,,,,,,,,,,,,,,,,,,,
http://cdo.keu.kz/content/11888/11952/1r.files/colorschememapping.xml,http://cdo.keu.kz/content/11888/11952/1r.files/filelist.xml,http://cdo.keu.kz/content/11888/11952/1r.files/themedata.thmx,http://cdo.keu.kz/content/11888/11952/1r.htm,,,,,,,,,,,,,,,,,,,,,,,,,,,,,,,,,,,,,,,,,,,,,,,,,,,,,,,,,,,,,,,,,,,,,,,,,,,,,,,,,,,,,,,,,,,,,,,,,,,,,,,,,,,,,,,,,,,,,,,,,,,,,,,,,,,,,,,,,,,,,,,,,,,,,,,,,,,,,,,,,,,,,,,,,,,,,,,,,,,,,,,,,,,,,,,,,,,,,,,,,,,,,,,,,,,,,,,,,,,
http://cdo.keu.kz/content/11889/11953/2r.files/colorschememapping.xml,http://cdo.keu.kz/content/11889/11953/2r.files/filelist.xml,http://cdo.keu.kz/content/11889/11953/2r.files/themedata.thmx,http://cdo.keu.kz/content/11889/11953/2r.htm,,,,,,,,,,,,,,,,,,,,,,,,,,,,,,,,,,,,,,,,,,,,,,,,,,,,,,,,,,,,,,,,,,,,,,,,,,,,,,,,,,,,,,,,,,,,,,,,,,,,,,,,,,,,,,,,,,,,,,,,,,,,,,,,,,,,,,,,,,,,,,,,,,,,,,,,,,,,,,,,,,,,,,,,,,,,,,,,,,,,,,,,,,,,,,,,,,,,,,,,,,,,,,,,,,,,,,,,,,,
http://cdo.keu.kz/content/11890/11954/2r.files/colorschememapping.xml,http://cdo.keu.kz/content/11890/11954/2r.files/filelist.xml,http://cdo.keu.kz/content/11890/11954/2r.files/themedata.thmx,http://cdo.keu.kz/content/11890/11954/2r.htm,,,,,,,,,,,,,,,,,,,,,,,,,,,,,,,,,,,,,,,,,,,,,,,,,,,,,,,,,,,,,,,,,,,,,,,,,,,,,,,,,,,,,,,,,,,,,,,,,,,,,,,,,,,,,,,,,,,,,,,,,,,,,,,,,,,,,,,,,,,,,,,,,,,,,,,,,,,,,,,,,,,,,,,,,,,,,,,,,,,,,,,,,,,,,,,,,,,,,,,,,,,,,,,,,,,,,,,,,,,
http://cdo.keu.kz/content/11891/11955/itog.files/colorschememapping.xml,http://cdo.keu.kz/content/11891/11955/itog.files/filelist.xml,http://cdo.keu.kz/content/11891/11955/itog.files/header.htm,http://cdo.keu.kz/content/11891/11955/itog.files/themedata.thmx,http://cdo.keu.kz/content/11891/11955/itog.htm,,,,,,,,,,,,,,,,,,,,,,,,,,,,,,,,,,,,,,,,,,,,,,,,,,,,,,,,,,,,,,,,,,,,,,,,,,,,,,,,,,,,,,,,,,,,,,,,,,,,,,,,,,,,,,,,,,,,,,,,,,,,,,,,,,,,,,,,,,,,,,,,,,,,,,,,,,,,,,,,,,,,,,,,,,,,,,,,,,,,,,,,,,,,,,,,,,,,,,,,,,,,,,,,,,,,,,,,,,
http://cdo.keu.kz/content/11892/11956/1r.htm,,,,,,,,,,,,,,,,,,,,,,,,,,,,,,,,,,,,,,,,,,,,,,,,,,,,,,,,,,,,,,,,,,,,,,,,,,,,,,,,,,,,,,,,,,,,,,,,,,,,,,,,,,,,,,,,,,,,,,,,,,,,,,,,,,,,,,,,,,,,,,,,,,,,,,,,,,,,,,,,,,,,,,,,,,,,,,,,,,,,,,,,,,,,,,,,,,,,,,,,,,,,,,,,,,,,,,,,,,,,,,
http://cdo.keu.kz/content/11893/11957/1r.htm,,,,,,,,,,,,,,,,,,,,,,,,,,,,,,,,,,,,,,,,,,,,,,,,,,,,,,,,,,,,,,,,,,,,,,,,,,,,,,,,,,,,,,,,,,,,,,,,,,,,,,,,,,,,,,,,,,,,,,,,,,,,,,,,,,,,,,,,,,,,,,,,,,,,,,,,,,,,,,,,,,,,,,,,,,,,,,,,,,,,,,,,,,,,,,,,,,,,,,,,,,,,,,,,,,,,,,,,,,,,,,
http://cdo.keu.kz/content/11894/11958/1r.htm,,,,,,,,,,,,,,,,,,,,,,,,,,,,,,,,,,,,,,,,,,,,,,,,,,,,,,,,,,,,,,,,,,,,,,,,,,,,,,,,,,,,,,,,,,,,,,,,,,,,,,,,,,,,,,,,,,,,,,,,,,,,,,,,,,,,,,,,,,,,,,,,,,,,,,,,,,,,,,,,,,,,,,,,,,,,,,,,,,,,,,,,,,,,,,,,,,,,,,,,,,,,,,,,,,,,,,,,,,,,,,
http://cdo.keu.kz/content/11895/11959/1r.files/colorschememapping.xml,http://cdo.keu.kz/content/11895/11959/1r.files/filelist.xml,http://cdo.keu.kz/content/11895/11959/1r.files/themedata.thmx,http://cdo.keu.kz/content/11895/11959/1r.htm,,,,,,,,,,,,,,,,,,,,,,,,,,,,,,,,,,,,,,,,,,,,,,,,,,,,,,,,,,,,,,,,,,,,,,,,,,,,,,,,,,,,,,,,,,,,,,,,,,,,,,,,,,,,,,,,,,,,,,,,,,,,,,,,,,,,,,,,,,,,,,,,,,,,,,,,,,,,,,,,,,,,,,,,,,,,,,,,,,,,,,,,,,,,,,,,,,,,,,,,,,,,,,,,,,,,,,,,,,,
http://cdo.keu.kz/content/11896/11960/2r.files/colorschememapping.xml,http://cdo.keu.kz/content/11896/11960/2r.files/filelist.xml,http://cdo.keu.kz/content/11896/11960/2r.files/themedata.thmx,http://cdo.keu.kz/content/11896/11960/2r.htm,,,,,,,,,,,,,,,,,,,,,,,,,,,,,,,,,,,,,,,,,,,,,,,,,,,,,,,,,,,,,,,,,,,,,,,,,,,,,,,,,,,,,,,,,,,,,,,,,,,,,,,,,,,,,,,,,,,,,,,,,,,,,,,,,,,,,,,,,,,,,,,,,,,,,,,,,,,,,,,,,,,,,,,,,,,,,,,,,,,,,,,,,,,,,,,,,,,,,,,,,,,,,,,,,,,,,,,,,,,
http://cdo.keu.kz/content/11897/11961/itog.files/colorschememapping.xml,http://cdo.keu.kz/content/11897/11961/itog.files/filelist.xml,http://cdo.keu.kz/content/11897/11961/itog.files/themedata.thmx,http://cdo.keu.kz/content/11897/11961/itog.htm,,,,,,,,,,,,,,,,,,,,,,,,,,,,,,,,,,,,,,,,,,,,,,,,,,,,,,,,,,,,,,,,,,,,,,,,,,,,,,,,,,,,,,,,,,,,,,,,,,,,,,,,,,,,,,,,,,,,,,,,,,,,,,,,,,,,,,,,,,,,,,,,,,,,,,,,,,,,,,,,,,,,,,,,,,,,,,,,,,,,,,,,,,,,,,,,,,,,,,,,,,,,,,,,,,,,,,,,,,,
http://cdo.keu.kz/content/11898/11962/1r.htm,,,,,,,,,,,,,,,,,,,,,,,,,,,,,,,,,,,,,,,,,,,,,,,,,,,,,,,,,,,,,,,,,,,,,,,,,,,,,,,,,,,,,,,,,,,,,,,,,,,,,,,,,,,,,,,,,,,,,,,,,,,,,,,,,,,,,,,,,,,,,,,,,,,,,,,,,,,,,,,,,,,,,,,,,,,,,,,,,,,,,,,,,,,,,,,,,,,,,,,,,,,,,,,,,,,,,,,,,,,,,,
http://cdo.keu.kz/content/11899/11963/2r.htm,,,,,,,,,,,,,,,,,,,,,,,,,,,,,,,,,,,,,,,,,,,,,,,,,,,,,,,,,,,,,,,,,,,,,,,,,,,,,,,,,,,,,,,,,,,,,,,,,,,,,,,,,,,,,,,,,,,,,,,,,,,,,,,,,,,,,,,,,,,,,,,,,,,,,,,,,,,,,,,,,,,,,,,,,,,,,,,,,,,,,,,,,,,,,,,,,,,,,,,,,,,,,,,,,,,,,,,,,,,,,,
http://cdo.keu.kz/content/11900/11964/itog.htm,,,,,,,,,,,,,,,,,,,,,,,,,,,,,,,,,,,,,,,,,,,,,,,,,,,,,,,,,,,,,,,,,,,,,,,,,,,,,,,,,,,,,,,,,,,,,,,,,,,,,,,,,,,,,,,,,,,,,,,,,,,,,,,,,,,,,,,,,,,,,,,,,,,,,,,,,,,,,,,,,,,,,,,,,,,,,,,,,,,,,,,,,,,,,,,,,,,,,,,,,,,,,,,,,,,,,,,,,,,,,,
