0,1,2,3,4,5,6,7,8,9,10,11,12,13,14,15,16,17,18,19,20,21,22,23,24,25,26,27,28,29,30,31,32,33,34,35,36,37,38,39,40,41,42,43,44,45,46,47,48,49,50,51,52,53,54,55,56,57,58,59,60,61,62,63,64,65,66,67,68,69,70,71,72,73,74,75,76,77,78,79,80,81,82,83,84,85,86,87,88,89,90,91,92,93,94,95,96,97,98,99,100,101,102,103,104,105,106,107,108,109,110,111,112,113,114,115,116,117,118,119,120,121,122,123,124,125,126,127,128,129,130,131,132,133,134,135,136,137,138,139,140,141,142,143,144,145,146,147,148,149,150,151,152,153,154,155,156,157,158,159,160,161,162,163,164,165,166,167,168,169,170,171,172,173,174,175,176,177,178,179,180,181,182
http://cdo.keu.kz/content/22101/21940/q2.htm,,,,,,,,,,,,,,,,,,,,,,,,,,,,,,,,,,,,,,,,,,,,,,,,,,,,,,,,,,,,,,,,,,,,,,,,,,,,,,,,,,,,,,,,,,,,,,,,,,,,,,,,,,,,,,,,,,,,,,,,,,,,,,,,,,,,,,,,,,,,,,,,,,,,,,,,,,,,,,,,,,,,,,,,,,,,,,,,,,,,,,
http://cdo.keu.kz/content/22102/21941/q3.htm,,,,,,,,,,,,,,,,,,,,,,,,,,,,,,,,,,,,,,,,,,,,,,,,,,,,,,,,,,,,,,,,,,,,,,,,,,,,,,,,,,,,,,,,,,,,,,,,,,,,,,,,,,,,,,,,,,,,,,,,,,,,,,,,,,,,,,,,,,,,,,,,,,,,,,,,,,,,,,,,,,,,,,,,,,,,,,,,,,,,,,
http://cdo.keu.kz/content/22103/21942/q4.htm,,,,,,,,,,,,,,,,,,,,,,,,,,,,,,,,,,,,,,,,,,,,,,,,,,,,,,,,,,,,,,,,,,,,,,,,,,,,,,,,,,,,,,,,,,,,,,,,,,,,,,,,,,,,,,,,,,,,,,,,,,,,,,,,,,,,,,,,,,,,,,,,,,,,,,,,,,,,,,,,,,,,,,,,,,,,,,,,,,,,,,
http://cdo.keu.kz/content/22104/21943/q.htm,,,,,,,,,,,,,,,,,,,,,,,,,,,,,,,,,,,,,,,,,,,,,,,,,,,,,,,,,,,,,,,,,,,,,,,,,,,,,,,,,,,,,,,,,,,,,,,,,,,,,,,,,,,,,,,,,,,,,,,,,,,,,,,,,,,,,,,,,,,,,,,,,,,,,,,,,,,,,,,,,,,,,,,,,,,,,,,,,,,,,,
http://cdo.keu.kz/content/22105/21944/q.htm,,,,,,,,,,,,,,,,,,,,,,,,,,,,,,,,,,,,,,,,,,,,,,,,,,,,,,,,,,,,,,,,,,,,,,,,,,,,,,,,,,,,,,,,,,,,,,,,,,,,,,,,,,,,,,,,,,,,,,,,,,,,,,,,,,,,,,,,,,,,,,,,,,,,,,,,,,,,,,,,,,,,,,,,,,,,,,,,,,,,,,
http://cdo.keu.kz/content/22106/21945/q.htm,,,,,,,,,,,,,,,,,,,,,,,,,,,,,,,,,,,,,,,,,,,,,,,,,,,,,,,,,,,,,,,,,,,,,,,,,,,,,,,,,,,,,,,,,,,,,,,,,,,,,,,,,,,,,,,,,,,,,,,,,,,,,,,,,,,,,,,,,,,,,,,,,,,,,,,,,,,,,,,,,,,,,,,,,,,,,,,,,,,,,,
http://cdo.keu.kz/content/22107/21946/q.htm,,,,,,,,,,,,,,,,,,,,,,,,,,,,,,,,,,,,,,,,,,,,,,,,,,,,,,,,,,,,,,,,,,,,,,,,,,,,,,,,,,,,,,,,,,,,,,,,,,,,,,,,,,,,,,,,,,,,,,,,,,,,,,,,,,,,,,,,,,,,,,,,,,,,,,,,,,,,,,,,,,,,,,,,,,,,,,,,,,,,,,
http://cdo.keu.kz/content/22108/21947/q.htm,,,,,,,,,,,,,,,,,,,,,,,,,,,,,,,,,,,,,,,,,,,,,,,,,,,,,,,,,,,,,,,,,,,,,,,,,,,,,,,,,,,,,,,,,,,,,,,,,,,,,,,,,,,,,,,,,,,,,,,,,,,,,,,,,,,,,,,,,,,,,,,,,,,,,,,,,,,,,,,,,,,,,,,,,,,,,,,,,,,,,,
http://cdo.keu.kz/content/22109/21948/q.htm,,,,,,,,,,,,,,,,,,,,,,,,,,,,,,,,,,,,,,,,,,,,,,,,,,,,,,,,,,,,,,,,,,,,,,,,,,,,,,,,,,,,,,,,,,,,,,,,,,,,,,,,,,,,,,,,,,,,,,,,,,,,,,,,,,,,,,,,,,,,,,,,,,,,,,,,,,,,,,,,,,,,,,,,,,,,,,,,,,,,,,
http://cdo.keu.kz/content/22110/21949/test1.files/image001.png,http://cdo.keu.kz/content/22110/21949/test1.files/image002.png,http://cdo.keu.kz/content/22110/21949/test1.files/image003.png,http://cdo.keu.kz/content/22110/21949/test1.files/image004.png,http://cdo.keu.kz/content/22110/21949/test1.files/image005.png,http://cdo.keu.kz/content/22110/21949/test1.files/image006.png,http://cdo.keu.kz/content/22110/21949/test1.files/image007.png,http://cdo.keu.kz/content/22110/21949/test1.files/image008.png,http://cdo.keu.kz/content/22110/21949/test1.files/image009.png,http://cdo.keu.kz/content/22110/21949/test1.files/image010.png,http://cdo.keu.kz/content/22110/21949/test1.files/image011.png,http://cdo.keu.kz/content/22110/21949/test1.files/image012.png,http://cdo.keu.kz/content/22110/21949/test1.files/image013.png,http://cdo.keu.kz/content/22110/21949/test1.files/image014.png,http://cdo.keu.kz/content/22110/21949/test1.files/image015.png,http://cdo.keu.kz/content/22110/21949/test1.files/image016.png,http://cdo.keu.kz/content/22110/21949/test1.files/image017.png,http://cdo.keu.kz/content/22110/21949/test1.files/image018.png,http://cdo.keu.kz/content/22110/21949/test1.files/image019.png,http://cdo.keu.kz/content/22110/21949/test1.files/image020.png,http://cdo.keu.kz/content/22110/21949/test1.files/image021.png,http://cdo.keu.kz/content/22110/21949/test1.files/image022.png,http://cdo.keu.kz/content/22110/21949/test1.files/image023.png,http://cdo.keu.kz/content/22110/21949/test1.files/image024.png,http://cdo.keu.kz/content/22110/21949/test1.files/image025.png,http://cdo.keu.kz/content/22110/21949/test1.files/image026.png,http://cdo.keu.kz/content/22110/21949/test1.files/image027.png,http://cdo.keu.kz/content/22110/21949/test1.files/image028.png,http://cdo.keu.kz/content/22110/21949/test1.files/image029.png,http://cdo.keu.kz/content/22110/21949/test1.files/image030.png,http://cdo.keu.kz/content/22110/21949/test1.files/image031.png,http://cdo.keu.kz/content/22110/21949/test1.files/image032.png,http://cdo.keu.kz/content/22110/21949/test1.files/image033.png,http://cdo.keu.kz/content/22110/21949/test1.files/image034.png,http://cdo.keu.kz/content/22110/21949/test1.files/image035.png,http://cdo.keu.kz/content/22110/21949/test1.files/image036.png,http://cdo.keu.kz/content/22110/21949/test1.files/image037.png,http://cdo.keu.kz/content/22110/21949/test1.files/image038.png,http://cdo.keu.kz/content/22110/21949/test1.files/image039.png,http://cdo.keu.kz/content/22110/21949/test1.files/image040.png,http://cdo.keu.kz/content/22110/21949/test1.files/image041.png,http://cdo.keu.kz/content/22110/21949/test1.files/image042.png,http://cdo.keu.kz/content/22110/21949/test1.files/image043.png,http://cdo.keu.kz/content/22110/21949/test1.files/image044.png,http://cdo.keu.kz/content/22110/21949/test1.files/image045.png,http://cdo.keu.kz/content/22110/21949/test1.files/image046.png,http://cdo.keu.kz/content/22110/21949/test1.files/image047.png,http://cdo.keu.kz/content/22110/21949/test1.files/image048.png,http://cdo.keu.kz/content/22110/21949/test1.files/image049.png,http://cdo.keu.kz/content/22110/21949/test1.files/image050.png,http://cdo.keu.kz/content/22110/21949/test1.files/image051.png,http://cdo.keu.kz/content/22110/21949/test1.files/image052.png,http://cdo.keu.kz/content/22110/21949/test1.files/image053.png,http://cdo.keu.kz/content/22110/21949/test1.files/image054.png,http://cdo.keu.kz/content/22110/21949/test1.files/image055.png,http://cdo.keu.kz/content/22110/21949/test1.files/image056.png,http://cdo.keu.kz/content/22110/21949/test1.files/image057.png,http://cdo.keu.kz/content/22110/21949/test1.files/image058.png,http://cdo.keu.kz/content/22110/21949/test1.files/image059.png,http://cdo.keu.kz/content/22110/21949/test1.files/image060.png,http://cdo.keu.kz/content/22110/21949/test1.files/image061.png,http://cdo.keu.kz/content/22110/21949/test1.files/image062.png,http://cdo.keu.kz/content/22110/21949/test1.files/image063.png,http://cdo.keu.kz/content/22110/21949/test1.files/image064.png,http://cdo.keu.kz/content/22110/21949/test1.files/image065.png,http://cdo.keu.kz/content/22110/21949/test1.files/image066.png,http://cdo.keu.kz/content/22110/21949/test1.files/image067.png,http://cdo.keu.kz/content/22110/21949/test1.files/image068.png,http://cdo.keu.kz/content/22110/21949/test1.files/image069.png,http://cdo.keu.kz/content/22110/21949/test1.files/image070.png,http://cdo.keu.kz/content/22110/21949/test1.files/image071.png,http://cdo.keu.kz/content/22110/21949/test1.htm,,,,,,,,,,,,,,,,,,,,,,,,,,,,,,,,,,,,,,,,,,,,,,,,,,,,,,,,,,,,,,,,,,,,,,,,,,,,,,,,,,,,,,,,,,,,,,,,,,,,,,,,,,,,,,,
http://cdo.keu.kz/content/22111/21950/test2.files/image001.png,http://cdo.keu.kz/content/22111/21950/test2.files/image002.png,http://cdo.keu.kz/content/22111/21950/test2.files/image003.png,http://cdo.keu.kz/content/22111/21950/test2.files/image004.png,http://cdo.keu.kz/content/22111/21950/test2.files/image005.png,http://cdo.keu.kz/content/22111/21950/test2.files/image006.png,http://cdo.keu.kz/content/22111/21950/test2.files/image007.png,http://cdo.keu.kz/content/22111/21950/test2.files/image008.png,http://cdo.keu.kz/content/22111/21950/test2.files/image009.png,http://cdo.keu.kz/content/22111/21950/test2.files/image010.png,http://cdo.keu.kz/content/22111/21950/test2.files/image011.png,http://cdo.keu.kz/content/22111/21950/test2.files/image012.png,http://cdo.keu.kz/content/22111/21950/test2.files/image013.png,http://cdo.keu.kz/content/22111/21950/test2.files/image014.png,http://cdo.keu.kz/content/22111/21950/test2.files/image015.png,http://cdo.keu.kz/content/22111/21950/test2.files/image016.png,http://cdo.keu.kz/content/22111/21950/test2.files/image017.png,http://cdo.keu.kz/content/22111/21950/test2.files/image018.png,http://cdo.keu.kz/content/22111/21950/test2.files/image019.png,http://cdo.keu.kz/content/22111/21950/test2.files/image020.png,http://cdo.keu.kz/content/22111/21950/test2.files/image021.png,http://cdo.keu.kz/content/22111/21950/test2.files/image022.png,http://cdo.keu.kz/content/22111/21950/test2.files/image023.png,http://cdo.keu.kz/content/22111/21950/test2.files/image024.png,http://cdo.keu.kz/content/22111/21950/test2.files/image025.png,http://cdo.keu.kz/content/22111/21950/test2.files/image026.png,http://cdo.keu.kz/content/22111/21950/test2.files/image027.png,http://cdo.keu.kz/content/22111/21950/test2.files/image028.png,http://cdo.keu.kz/content/22111/21950/test2.files/image029.png,http://cdo.keu.kz/content/22111/21950/test2.files/image030.png,http://cdo.keu.kz/content/22111/21950/test2.files/image031.png,http://cdo.keu.kz/content/22111/21950/test2.files/image032.png,http://cdo.keu.kz/content/22111/21950/test2.files/image033.png,http://cdo.keu.kz/content/22111/21950/test2.files/image034.png,http://cdo.keu.kz/content/22111/21950/test2.files/image035.png,http://cdo.keu.kz/content/22111/21950/test2.files/image036.png,http://cdo.keu.kz/content/22111/21950/test2.files/image037.png,http://cdo.keu.kz/content/22111/21950/test2.files/image038.png,http://cdo.keu.kz/content/22111/21950/test2.files/image039.png,http://cdo.keu.kz/content/22111/21950/test2.files/image040.png,http://cdo.keu.kz/content/22111/21950/test2.files/image041.png,http://cdo.keu.kz/content/22111/21950/test2.files/image042.png,http://cdo.keu.kz/content/22111/21950/test2.files/image043.png,http://cdo.keu.kz/content/22111/21950/test2.htm,,,,,,,,,,,,,,,,,,,,,,,,,,,,,,,,,,,,,,,,,,,,,,,,,,,,,,,,,,,,,,,,,,,,,,,,,,,,,,,,,,,,,,,,,,,,,,,,,,,,,,,,,,,,,,,,,,,,,,,,,,,,,,,,,,,,,,,,,,,
http://cdo.keu.kz/content/22112/21951/test3.files/image001.png,http://cdo.keu.kz/content/22112/21951/test3.files/image002.png,http://cdo.keu.kz/content/22112/21951/test3.files/image003.png,http://cdo.keu.kz/content/22112/21951/test3.files/image004.png,http://cdo.keu.kz/content/22112/21951/test3.files/image005.png,http://cdo.keu.kz/content/22112/21951/test3.files/image006.png,http://cdo.keu.kz/content/22112/21951/test3.files/image007.png,http://cdo.keu.kz/content/22112/21951/test3.files/image008.png,http://cdo.keu.kz/content/22112/21951/test3.files/image009.png,http://cdo.keu.kz/content/22112/21951/test3.files/image010.png,http://cdo.keu.kz/content/22112/21951/test3.files/image011.png,http://cdo.keu.kz/content/22112/21951/test3.files/image012.png,http://cdo.keu.kz/content/22112/21951/test3.files/image013.png,http://cdo.keu.kz/content/22112/21951/test3.files/image014.png,http://cdo.keu.kz/content/22112/21951/test3.files/image015.png,http://cdo.keu.kz/content/22112/21951/test3.files/image016.png,http://cdo.keu.kz/content/22112/21951/test3.files/image017.png,http://cdo.keu.kz/content/22112/21951/test3.files/image018.png,http://cdo.keu.kz/content/22112/21951/test3.files/image019.png,http://cdo.keu.kz/content/22112/21951/test3.files/image020.png,http://cdo.keu.kz/content/22112/21951/test3.files/image021.png,http://cdo.keu.kz/content/22112/21951/test3.files/image022.png,http://cdo.keu.kz/content/22112/21951/test3.files/image023.png,http://cdo.keu.kz/content/22112/21951/test3.files/image024.png,http://cdo.keu.kz/content/22112/21951/test3.htm,,,,,,,,,,,,,,,,,,,,,,,,,,,,,,,,,,,,,,,,,,,,,,,,,,,,,,,,,,,,,,,,,,,,,,,,,,,,,,,,,,,,,,,,,,,,,,,,,,,,,,,,,,,,,,,,,,,,,,,,,,,,,,,,,,,,,,,,,,,,,,,,,,,,,,,,,,,,,,
http://cdo.keu.kz/content/22113/21952/test4.files/image001.png,http://cdo.keu.kz/content/22113/21952/test4.files/image002.png,http://cdo.keu.kz/content/22113/21952/test4.files/image003.png,http://cdo.keu.kz/content/22113/21952/test4.files/image004.png,http://cdo.keu.kz/content/22113/21952/test4.files/image005.png,http://cdo.keu.kz/content/22113/21952/test4.files/image006.png,http://cdo.keu.kz/content/22113/21952/test4.files/image007.png,http://cdo.keu.kz/content/22113/21952/test4.files/image008.png,http://cdo.keu.kz/content/22113/21952/test4.files/image009.png,http://cdo.keu.kz/content/22113/21952/test4.files/image010.png,http://cdo.keu.kz/content/22113/21952/test4.files/image011.png,http://cdo.keu.kz/content/22113/21952/test4.files/image012.png,http://cdo.keu.kz/content/22113/21952/test4.files/image013.png,http://cdo.keu.kz/content/22113/21952/test4.files/image014.png,http://cdo.keu.kz/content/22113/21952/test4.files/image015.png,http://cdo.keu.kz/content/22113/21952/test4.files/image016.png,http://cdo.keu.kz/content/22113/21952/test4.files/image017.png,http://cdo.keu.kz/content/22113/21952/test4.files/image018.png,http://cdo.keu.kz/content/22113/21952/test4.files/image019.png,http://cdo.keu.kz/content/22113/21952/test4.files/image020.png,http://cdo.keu.kz/content/22113/21952/test4.files/image021.png,http://cdo.keu.kz/content/22113/21952/test4.files/image022.png,http://cdo.keu.kz/content/22113/21952/test4.files/image023.png,http://cdo.keu.kz/content/22113/21952/test4.files/image024.png,http://cdo.keu.kz/content/22113/21952/test4.files/image025.png,http://cdo.keu.kz/content/22113/21952/test4.files/image026.png,http://cdo.keu.kz/content/22113/21952/test4.files/image027.png,http://cdo.keu.kz/content/22113/21952/test4.files/image028.png,http://cdo.keu.kz/content/22113/21952/test4.files/image029.png,http://cdo.keu.kz/content/22113/21952/test4.files/image030.png,http://cdo.keu.kz/content/22113/21952/test4.files/image031.png,http://cdo.keu.kz/content/22113/21952/test4.files/image032.png,http://cdo.keu.kz/content/22113/21952/test4.files/image033.png,http://cdo.keu.kz/content/22113/21952/test4.files/image034.png,http://cdo.keu.kz/content/22113/21952/test4.files/image035.png,http://cdo.keu.kz/content/22113/21952/test4.files/image036.png,http://cdo.keu.kz/content/22113/21952/test4.files/image037.png,http://cdo.keu.kz/content/22113/21952/test4.files/image038.png,http://cdo.keu.kz/content/22113/21952/test4.files/image039.png,http://cdo.keu.kz/content/22113/21952/test4.files/image040.png,http://cdo.keu.kz/content/22113/21952/test4.files/image041.png,http://cdo.keu.kz/content/22113/21952/test4.files/image042.png,http://cdo.keu.kz/content/22113/21952/test4.files/image043.png,http://cdo.keu.kz/content/22113/21952/test4.files/image044.png,http://cdo.keu.kz/content/22113/21952/test4.htm,,,,,,,,,,,,,,,,,,,,,,,,,,,,,,,,,,,,,,,,,,,,,,,,,,,,,,,,,,,,,,,,,,,,,,,,,,,,,,,,,,,,,,,,,,,,,,,,,,,,,,,,,,,,,,,,,,,,,,,,,,,,,,,,,,,,,,,,,,
http://cdo.keu.kz/content/22114/21953/q.htm,,,,,,,,,,,,,,,,,,,,,,,,,,,,,,,,,,,,,,,,,,,,,,,,,,,,,,,,,,,,,,,,,,,,,,,,,,,,,,,,,,,,,,,,,,,,,,,,,,,,,,,,,,,,,,,,,,,,,,,,,,,,,,,,,,,,,,,,,,,,,,,,,,,,,,,,,,,,,,,,,,,,,,,,,,,,,,,,,,,,,,
http://cdo.keu.kz/content/22115/21954/q.htm,,,,,,,,,,,,,,,,,,,,,,,,,,,,,,,,,,,,,,,,,,,,,,,,,,,,,,,,,,,,,,,,,,,,,,,,,,,,,,,,,,,,,,,,,,,,,,,,,,,,,,,,,,,,,,,,,,,,,,,,,,,,,,,,,,,,,,,,,,,,,,,,,,,,,,,,,,,,,,,,,,,,,,,,,,,,,,,,,,,,,,
http://cdo.keu.kz/content/22116/21955/itog.files/image001.png,http://cdo.keu.kz/content/22116/21955/itog.files/image002.png,http://cdo.keu.kz/content/22116/21955/itog.files/image003.png,http://cdo.keu.kz/content/22116/21955/itog.files/image004.png,http://cdo.keu.kz/content/22116/21955/itog.files/image005.png,http://cdo.keu.kz/content/22116/21955/itog.files/image006.png,http://cdo.keu.kz/content/22116/21955/itog.files/image007.png,http://cdo.keu.kz/content/22116/21955/itog.files/image008.png,http://cdo.keu.kz/content/22116/21955/itog.files/image009.png,http://cdo.keu.kz/content/22116/21955/itog.files/image010.png,http://cdo.keu.kz/content/22116/21955/itog.files/image011.png,http://cdo.keu.kz/content/22116/21955/itog.files/image012.png,http://cdo.keu.kz/content/22116/21955/itog.files/image013.png,http://cdo.keu.kz/content/22116/21955/itog.files/image014.png,http://cdo.keu.kz/content/22116/21955/itog.files/image015.png,http://cdo.keu.kz/content/22116/21955/itog.files/image016.png,http://cdo.keu.kz/content/22116/21955/itog.files/image017.png,http://cdo.keu.kz/content/22116/21955/itog.files/image018.png,http://cdo.keu.kz/content/22116/21955/itog.files/image019.png,http://cdo.keu.kz/content/22116/21955/itog.files/image020.png,http://cdo.keu.kz/content/22116/21955/itog.files/image021.png,http://cdo.keu.kz/content/22116/21955/itog.files/image022.png,http://cdo.keu.kz/content/22116/21955/itog.files/image023.png,http://cdo.keu.kz/content/22116/21955/itog.files/image024.png,http://cdo.keu.kz/content/22116/21955/itog.files/image025.png,http://cdo.keu.kz/content/22116/21955/itog.files/image026.png,http://cdo.keu.kz/content/22116/21955/itog.files/image027.png,http://cdo.keu.kz/content/22116/21955/itog.files/image028.png,http://cdo.keu.kz/content/22116/21955/itog.files/image029.png,http://cdo.keu.kz/content/22116/21955/itog.files/image030.png,http://cdo.keu.kz/content/22116/21955/itog.files/image031.png,http://cdo.keu.kz/content/22116/21955/itog.files/image032.png,http://cdo.keu.kz/content/22116/21955/itog.files/image033.png,http://cdo.keu.kz/content/22116/21955/itog.files/image034.png,http://cdo.keu.kz/content/22116/21955/itog.files/image035.png,http://cdo.keu.kz/content/22116/21955/itog.files/image036.png,http://cdo.keu.kz/content/22116/21955/itog.files/image037.png,http://cdo.keu.kz/content/22116/21955/itog.files/image038.png,http://cdo.keu.kz/content/22116/21955/itog.files/image039.png,http://cdo.keu.kz/content/22116/21955/itog.files/image040.png,http://cdo.keu.kz/content/22116/21955/itog.files/image041.png,http://cdo.keu.kz/content/22116/21955/itog.files/image042.png,http://cdo.keu.kz/content/22116/21955/itog.files/image043.png,http://cdo.keu.kz/content/22116/21955/itog.files/image044.png,http://cdo.keu.kz/content/22116/21955/itog.files/image045.png,http://cdo.keu.kz/content/22116/21955/itog.files/image046.png,http://cdo.keu.kz/content/22116/21955/itog.files/image047.png,http://cdo.keu.kz/content/22116/21955/itog.files/image048.png,http://cdo.keu.kz/content/22116/21955/itog.files/image049.png,http://cdo.keu.kz/content/22116/21955/itog.files/image050.png,http://cdo.keu.kz/content/22116/21955/itog.files/image051.png,http://cdo.keu.kz/content/22116/21955/itog.files/image052.png,http://cdo.keu.kz/content/22116/21955/itog.files/image053.png,http://cdo.keu.kz/content/22116/21955/itog.files/image054.png,http://cdo.keu.kz/content/22116/21955/itog.files/image055.png,http://cdo.keu.kz/content/22116/21955/itog.files/image056.png,http://cdo.keu.kz/content/22116/21955/itog.files/image057.png,http://cdo.keu.kz/content/22116/21955/itog.files/image058.png,http://cdo.keu.kz/content/22116/21955/itog.files/image059.png,http://cdo.keu.kz/content/22116/21955/itog.files/image060.png,http://cdo.keu.kz/content/22116/21955/itog.files/image061.png,http://cdo.keu.kz/content/22116/21955/itog.files/image062.png,http://cdo.keu.kz/content/22116/21955/itog.files/image063.png,http://cdo.keu.kz/content/22116/21955/itog.files/image064.png,http://cdo.keu.kz/content/22116/21955/itog.files/image065.png,http://cdo.keu.kz/content/22116/21955/itog.files/image066.png,http://cdo.keu.kz/content/22116/21955/itog.files/image067.png,http://cdo.keu.kz/content/22116/21955/itog.files/image068.png,http://cdo.keu.kz/content/22116/21955/itog.files/image069.png,http://cdo.keu.kz/content/22116/21955/itog.files/image070.png,http://cdo.keu.kz/content/22116/21955/itog.files/image071.png,http://cdo.keu.kz/content/22116/21955/itog.files/image072.png,http://cdo.keu.kz/content/22116/21955/itog.files/image073.png,http://cdo.keu.kz/content/22116/21955/itog.files/image074.png,http://cdo.keu.kz/content/22116/21955/itog.files/image075.png,http://cdo.keu.kz/content/22116/21955/itog.files/image076.png,http://cdo.keu.kz/content/22116/21955/itog.files/image077.png,http://cdo.keu.kz/content/22116/21955/itog.files/image078.png,http://cdo.keu.kz/content/22116/21955/itog.files/image079.png,http://cdo.keu.kz/content/22116/21955/itog.files/image080.png,http://cdo.keu.kz/content/22116/21955/itog.files/image081.png,http://cdo.keu.kz/content/22116/21955/itog.files/image082.png,http://cdo.keu.kz/content/22116/21955/itog.files/image083.png,http://cdo.keu.kz/content/22116/21955/itog.files/image084.png,http://cdo.keu.kz/content/22116/21955/itog.files/image085.png,http://cdo.keu.kz/content/22116/21955/itog.files/image086.png,http://cdo.keu.kz/content/22116/21955/itog.files/image087.png,http://cdo.keu.kz/content/22116/21955/itog.files/image088.png,http://cdo.keu.kz/content/22116/21955/itog.files/image089.png,http://cdo.keu.kz/content/22116/21955/itog.files/image090.png,http://cdo.keu.kz/content/22116/21955/itog.files/image091.png,http://cdo.keu.kz/content/22116/21955/itog.files/image092.png,http://cdo.keu.kz/content/22116/21955/itog.files/image093.png,http://cdo.keu.kz/content/22116/21955/itog.files/image094.png,http://cdo.keu.kz/content/22116/21955/itog.files/image095.png,http://cdo.keu.kz/content/22116/21955/itog.files/image096.png,http://cdo.keu.kz/content/22116/21955/itog.files/image097.png,http://cdo.keu.kz/content/22116/21955/itog.files/image098.png,http://cdo.keu.kz/content/22116/21955/itog.files/image099.png,http://cdo.keu.kz/content/22116/21955/itog.files/image100.png,http://cdo.keu.kz/content/22116/21955/itog.files/image101.png,http://cdo.keu.kz/content/22116/21955/itog.files/image102.png,http://cdo.keu.kz/content/22116/21955/itog.files/image103.png,http://cdo.keu.kz/content/22116/21955/itog.files/image104.png,http://cdo.keu.kz/content/22116/21955/itog.files/image105.png,http://cdo.keu.kz/content/22116/21955/itog.files/image106.png,http://cdo.keu.kz/content/22116/21955/itog.files/image107.png,http://cdo.keu.kz/content/22116/21955/itog.files/image108.png,http://cdo.keu.kz/content/22116/21955/itog.files/image109.png,http://cdo.keu.kz/content/22116/21955/itog.files/image110.png,http://cdo.keu.kz/content/22116/21955/itog.files/image111.png,http://cdo.keu.kz/content/22116/21955/itog.files/image112.png,http://cdo.keu.kz/content/22116/21955/itog.files/image113.png,http://cdo.keu.kz/content/22116/21955/itog.files/image114.png,http://cdo.keu.kz/content/22116/21955/itog.files/image115.png,http://cdo.keu.kz/content/22116/21955/itog.files/image116.png,http://cdo.keu.kz/content/22116/21955/itog.files/image117.png,http://cdo.keu.kz/content/22116/21955/itog.files/image118.png,http://cdo.keu.kz/content/22116/21955/itog.files/image119.png,http://cdo.keu.kz/content/22116/21955/itog.files/image120.png,http://cdo.keu.kz/content/22116/21955/itog.files/image121.png,http://cdo.keu.kz/content/22116/21955/itog.files/image122.png,http://cdo.keu.kz/content/22116/21955/itog.files/image123.png,http://cdo.keu.kz/content/22116/21955/itog.files/image124.png,http://cdo.keu.kz/content/22116/21955/itog.files/image125.png,http://cdo.keu.kz/content/22116/21955/itog.files/image126.png,http://cdo.keu.kz/content/22116/21955/itog.files/image127.png,http://cdo.keu.kz/content/22116/21955/itog.files/image128.png,http://cdo.keu.kz/content/22116/21955/itog.files/image129.png,http://cdo.keu.kz/content/22116/21955/itog.files/image130.png,http://cdo.keu.kz/content/22116/21955/itog.files/image131.png,http://cdo.keu.kz/content/22116/21955/itog.files/image132.png,http://cdo.keu.kz/content/22116/21955/itog.files/image133.png,http://cdo.keu.kz/content/22116/21955/itog.files/image134.png,http://cdo.keu.kz/content/22116/21955/itog.files/image135.png,http://cdo.keu.kz/content/22116/21955/itog.files/image136.png,http://cdo.keu.kz/content/22116/21955/itog.files/image137.png,http://cdo.keu.kz/content/22116/21955/itog.files/image138.png,http://cdo.keu.kz/content/22116/21955/itog.files/image139.png,http://cdo.keu.kz/content/22116/21955/itog.files/image140.png,http://cdo.keu.kz/content/22116/21955/itog.files/image141.png,http://cdo.keu.kz/content/22116/21955/itog.files/image142.png,http://cdo.keu.kz/content/22116/21955/itog.files/image143.png,http://cdo.keu.kz/content/22116/21955/itog.files/image144.png,http://cdo.keu.kz/content/22116/21955/itog.files/image145.png,http://cdo.keu.kz/content/22116/21955/itog.files/image146.png,http://cdo.keu.kz/content/22116/21955/itog.files/image147.png,http://cdo.keu.kz/content/22116/21955/itog.files/image148.png,http://cdo.keu.kz/content/22116/21955/itog.files/image149.png,http://cdo.keu.kz/content/22116/21955/itog.files/image150.png,http://cdo.keu.kz/content/22116/21955/itog.files/image151.png,http://cdo.keu.kz/content/22116/21955/itog.files/image152.png,http://cdo.keu.kz/content/22116/21955/itog.files/image153.png,http://cdo.keu.kz/content/22116/21955/itog.files/image154.png,http://cdo.keu.kz/content/22116/21955/itog.files/image155.png,http://cdo.keu.kz/content/22116/21955/itog.files/image156.png,http://cdo.keu.kz/content/22116/21955/itog.files/image157.png,http://cdo.keu.kz/content/22116/21955/itog.files/image158.png,http://cdo.keu.kz/content/22116/21955/itog.files/image159.png,http://cdo.keu.kz/content/22116/21955/itog.files/image160.png,http://cdo.keu.kz/content/22116/21955/itog.files/image161.png,http://cdo.keu.kz/content/22116/21955/itog.files/image162.png,http://cdo.keu.kz/content/22116/21955/itog.files/image163.png,http://cdo.keu.kz/content/22116/21955/itog.files/image164.png,http://cdo.keu.kz/content/22116/21955/itog.files/image165.png,http://cdo.keu.kz/content/22116/21955/itog.files/image166.png,http://cdo.keu.kz/content/22116/21955/itog.files/image167.png,http://cdo.keu.kz/content/22116/21955/itog.files/image168.png,http://cdo.keu.kz/content/22116/21955/itog.files/image169.png,http://cdo.keu.kz/content/22116/21955/itog.files/image170.png,http://cdo.keu.kz/content/22116/21955/itog.files/image171.png,http://cdo.keu.kz/content/22116/21955/itog.files/image172.png,http://cdo.keu.kz/content/22116/21955/itog.files/image173.png,http://cdo.keu.kz/content/22116/21955/itog.files/image174.png,http://cdo.keu.kz/content/22116/21955/itog.files/image175.png,http://cdo.keu.kz/content/22116/21955/itog.files/image176.png,http://cdo.keu.kz/content/22116/21955/itog.files/image177.png,http://cdo.keu.kz/content/22116/21955/itog.files/image178.png,http://cdo.keu.kz/content/22116/21955/itog.files/image179.png,http://cdo.keu.kz/content/22116/21955/itog.files/image180.png,http://cdo.keu.kz/content/22116/21955/itog.files/image181.png,http://cdo.keu.kz/content/22116/21955/itog.files/image182.png,http://cdo.keu.kz/content/22116/21955/itog.htm
http://cdo.keu.kz/content/22117/21956/q.htm,,,,,,,,,,,,,,,,,,,,,,,,,,,,,,,,,,,,,,,,,,,,,,,,,,,,,,,,,,,,,,,,,,,,,,,,,,,,,,,,,,,,,,,,,,,,,,,,,,,,,,,,,,,,,,,,,,,,,,,,,,,,,,,,,,,,,,,,,,,,,,,,,,,,,,,,,,,,,,,,,,,,,,,,,,,,,,,,,,,,,,
http://cdo.keu.kz/content/22118/21957/q.htm,,,,,,,,,,,,,,,,,,,,,,,,,,,,,,,,,,,,,,,,,,,,,,,,,,,,,,,,,,,,,,,,,,,,,,,,,,,,,,,,,,,,,,,,,,,,,,,,,,,,,,,,,,,,,,,,,,,,,,,,,,,,,,,,,,,,,,,,,,,,,,,,,,,,,,,,,,,,,,,,,,,,,,,,,,,,,,,,,,,,,,
http://cdo.keu.kz/content/22119/21958/q.htm,,,,,,,,,,,,,,,,,,,,,,,,,,,,,,,,,,,,,,,,,,,,,,,,,,,,,,,,,,,,,,,,,,,,,,,,,,,,,,,,,,,,,,,,,,,,,,,,,,,,,,,,,,,,,,,,,,,,,,,,,,,,,,,,,,,,,,,,,,,,,,,,,,,,,,,,,,,,,,,,,,,,,,,,,,,,,,,,,,,,,,
http://cdo.keu.kz/content/22120/21959/q1.htm,,,,,,,,,,,,,,,,,,,,,,,,,,,,,,,,,,,,,,,,,,,,,,,,,,,,,,,,,,,,,,,,,,,,,,,,,,,,,,,,,,,,,,,,,,,,,,,,,,,,,,,,,,,,,,,,,,,,,,,,,,,,,,,,,,,,,,,,,,,,,,,,,,,,,,,,,,,,,,,,,,,,,,,,,,,,,,,,,,,,,,
http://cdo.keu.kz/content/22121/21960/q2.htm,,,,,,,,,,,,,,,,,,,,,,,,,,,,,,,,,,,,,,,,,,,,,,,,,,,,,,,,,,,,,,,,,,,,,,,,,,,,,,,,,,,,,,,,,,,,,,,,,,,,,,,,,,,,,,,,,,,,,,,,,,,,,,,,,,,,,,,,,,,,,,,,,,,,,,,,,,,,,,,,,,,,,,,,,,,,,,,,,,,,,,
http://cdo.keu.kz/content/22122/21961/q3.htm,,,,,,,,,,,,,,,,,,,,,,,,,,,,,,,,,,,,,,,,,,,,,,,,,,,,,,,,,,,,,,,,,,,,,,,,,,,,,,,,,,,,,,,,,,,,,,,,,,,,,,,,,,,,,,,,,,,,,,,,,,,,,,,,,,,,,,,,,,,,,,,,,,,,,,,,,,,,,,,,,,,,,,,,,,,,,,,,,,,,,,
http://cdo.keu.kz/content/22123/21962/q4.htm,,,,,,,,,,,,,,,,,,,,,,,,,,,,,,,,,,,,,,,,,,,,,,,,,,,,,,,,,,,,,,,,,,,,,,,,,,,,,,,,,,,,,,,,,,,,,,,,,,,,,,,,,,,,,,,,,,,,,,,,,,,,,,,,,,,,,,,,,,,,,,,,,,,,,,,,,,,,,,,,,,,,,,,,,,,,,,,,,,,,,,
http://cdo.keu.kz/content/22124/21963/21963.htm,http://cdo.keu.kz/content/22124/21963/76303/76303.htm,http://cdo.keu.kz/content/22124/21963/76304/76304.htm,http://cdo.keu.kz/content/22124/21963/76305/76305.htm,http://cdo.keu.kz/content/22124/21963/76306/76306.htm,http://cdo.keu.kz/content/22124/21963/76307/76307.htm,http://cdo.keu.kz/content/22124/21963/76308/76308.htm,http://cdo.keu.kz/content/22124/21963/76309/76309.htm,http://cdo.keu.kz/content/22124/21963/76310/76310.htm,http://cdo.keu.kz/content/22124/21963/76311/76311.htm,http://cdo.keu.kz/content/22124/21963/76312/76312.htm,http://cdo.keu.kz/content/22124/21963/76313/76313.htm,http://cdo.keu.kz/content/22124/21963/76314/76314.htm,http://cdo.keu.kz/content/22124/21963/76315/76315.htm,http://cdo.keu.kz/content/22124/21963/76316/76316.htm,http://cdo.keu.kz/content/22124/21963/76317/76317.htm,http://cdo.keu.kz/content/22124/21963/76318/76318.htm,http://cdo.keu.kz/content/22124/21963/76319/76319.htm,http://cdo.keu.kz/content/22124/21963/76320/76320.htm,http://cdo.keu.kz/content/22124/21963/76321/76321.htm,http://cdo.keu.kz/content/22124/21963/76322/76322.htm,http://cdo.keu.kz/content/22124/21963/lek.files/colorschememapping.xml,http://cdo.keu.kz/content/22124/21963/lek.files/filelist.xml,http://cdo.keu.kz/content/22124/21963/lek.files/header.htm,http://cdo.keu.kz/content/22124/21963/lek.files/item0001.xml,http://cdo.keu.kz/content/22124/21963/lek.files/props0002.xml,http://cdo.keu.kz/content/22124/21963/lek.files/themedata.thmx,,,,,,,,,,,,,,,,,,,,,,,,,,,,,,,,,,,,,,,,,,,,,,,,,,,,,,,,,,,,,,,,,,,,,,,,,,,,,,,,,,,,,,,,,,,,,,,,,,,,,,,,,,,,,,,,,,,,,,,,,,,,,,,,,,,,,,,,,,,,,,,,,,,,,,,,,,,,
http://cdo.keu.kz/content/22125/21964/test1.files/colorschememapping.xml,http://cdo.keu.kz/content/22125/21964/test1.files/filelist.xml,http://cdo.keu.kz/content/22125/21964/test1.files/themedata.thmx,http://cdo.keu.kz/content/22125/21964/test1.htm,,,,,,,,,,,,,,,,,,,,,,,,,,,,,,,,,,,,,,,,,,,,,,,,,,,,,,,,,,,,,,,,,,,,,,,,,,,,,,,,,,,,,,,,,,,,,,,,,,,,,,,,,,,,,,,,,,,,,,,,,,,,,,,,,,,,,,,,,,,,,,,,,,,,,,,,,,,,,,,,,,,,,,,,,,,,,,,,,,,
http://cdo.keu.kz/content/22126/21965/test2.files/colorschememapping.xml,http://cdo.keu.kz/content/22126/21965/test2.files/filelist.xml,http://cdo.keu.kz/content/22126/21965/test2.files/themedata.thmx,http://cdo.keu.kz/content/22126/21965/test2.htm,,,,,,,,,,,,,,,,,,,,,,,,,,,,,,,,,,,,,,,,,,,,,,,,,,,,,,,,,,,,,,,,,,,,,,,,,,,,,,,,,,,,,,,,,,,,,,,,,,,,,,,,,,,,,,,,,,,,,,,,,,,,,,,,,,,,,,,,,,,,,,,,,,,,,,,,,,,,,,,,,,,,,,,,,,,,,,,,,,,
http://cdo.keu.kz/content/22127/21966/test2.files/colorschememapping.xml,http://cdo.keu.kz/content/22127/21966/test2.files/filelist.xml,http://cdo.keu.kz/content/22127/21966/test2.files/themedata.thmx,http://cdo.keu.kz/content/22127/21966/test2.htm,,,,,,,,,,,,,,,,,,,,,,,,,,,,,,,,,,,,,,,,,,,,,,,,,,,,,,,,,,,,,,,,,,,,,,,,,,,,,,,,,,,,,,,,,,,,,,,,,,,,,,,,,,,,,,,,,,,,,,,,,,,,,,,,,,,,,,,,,,,,,,,,,,,,,,,,,,,,,,,,,,,,,,,,,,,,,,,,,,,
http://cdo.keu.kz/content/22128/21967/test3.files/colorschememapping.xml,http://cdo.keu.kz/content/22128/21967/test3.files/filelist.xml,http://cdo.keu.kz/content/22128/21967/test3.files/themedata.thmx,http://cdo.keu.kz/content/22128/21967/test3.htm,,,,,,,,,,,,,,,,,,,,,,,,,,,,,,,,,,,,,,,,,,,,,,,,,,,,,,,,,,,,,,,,,,,,,,,,,,,,,,,,,,,,,,,,,,,,,,,,,,,,,,,,,,,,,,,,,,,,,,,,,,,,,,,,,,,,,,,,,,,,,,,,,,,,,,,,,,,,,,,,,,,,,,,,,,,,,,,,,,,
http://cdo.keu.kz/content/22129/21968/test4.files/colorschememapping.xml,http://cdo.keu.kz/content/22129/21968/test4.files/filelist.xml,http://cdo.keu.kz/content/22129/21968/test4.files/themedata.thmx,http://cdo.keu.kz/content/22129/21968/test4.htm,,,,,,,,,,,,,,,,,,,,,,,,,,,,,,,,,,,,,,,,,,,,,,,,,,,,,,,,,,,,,,,,,,,,,,,,,,,,,,,,,,,,,,,,,,,,,,,,,,,,,,,,,,,,,,,,,,,,,,,,,,,,,,,,,,,,,,,,,,,,,,,,,,,,,,,,,,,,,,,,,,,,,,,,,,,,,,,,,,,
http://cdo.keu.kz/content/22130/21969/test4.files/colorschememapping.xml,http://cdo.keu.kz/content/22130/21969/test4.files/filelist.xml,http://cdo.keu.kz/content/22130/21969/test4.files/themedata.thmx,http://cdo.keu.kz/content/22130/21969/test4.htm,,,,,,,,,,,,,,,,,,,,,,,,,,,,,,,,,,,,,,,,,,,,,,,,,,,,,,,,,,,,,,,,,,,,,,,,,,,,,,,,,,,,,,,,,,,,,,,,,,,,,,,,,,,,,,,,,,,,,,,,,,,,,,,,,,,,,,,,,,,,,,,,,,,,,,,,,,,,,,,,,,,,,,,,,,,,,,,,,,,
http://cdo.keu.kz/content/22131/21970/itog.files/colorschememapping.xml,http://cdo.keu.kz/content/22131/21970/itog.files/filelist.xml,http://cdo.keu.kz/content/22131/21970/itog.files/themedata.thmx,http://cdo.keu.kz/content/22131/21970/itog.htm,,,,,,,,,,,,,,,,,,,,,,,,,,,,,,,,,,,,,,,,,,,,,,,,,,,,,,,,,,,,,,,,,,,,,,,,,,,,,,,,,,,,,,,,,,,,,,,,,,,,,,,,,,,,,,,,,,,,,,,,,,,,,,,,,,,,,,,,,,,,,,,,,,,,,,,,,,,,,,,,,,,,,,,,,,,,,,,,,,,
http://cdo.keu.kz/content/22132/21971/itog.files/colorschememapping.xml,http://cdo.keu.kz/content/22132/21971/itog.files/filelist.xml,http://cdo.keu.kz/content/22132/21971/itog.files/themedata.thmx,http://cdo.keu.kz/content/22132/21971/itog.htm,,,,,,,,,,,,,,,,,,,,,,,,,,,,,,,,,,,,,,,,,,,,,,,,,,,,,,,,,,,,,,,,,,,,,,,,,,,,,,,,,,,,,,,,,,,,,,,,,,,,,,,,,,,,,,,,,,,,,,,,,,,,,,,,,,,,,,,,,,,,,,,,,,,,,,,,,,,,,,,,,,,,,,,,,,,,,,,,,,,
http://cdo.keu.kz/content/22133/21972/itog.files/colorschememapping.xml,http://cdo.keu.kz/content/22133/21972/itog.files/filelist.xml,http://cdo.keu.kz/content/22133/21972/itog.files/themedata.thmx,http://cdo.keu.kz/content/22133/21972/itog.htm,,,,,,,,,,,,,,,,,,,,,,,,,,,,,,,,,,,,,,,,,,,,,,,,,,,,,,,,,,,,,,,,,,,,,,,,,,,,,,,,,,,,,,,,,,,,,,,,,,,,,,,,,,,,,,,,,,,,,,,,,,,,,,,,,,,,,,,,,,,,,,,,,,,,,,,,,,,,,,,,,,,,,,,,,,,,,,,,,,,
http://cdo.keu.kz/content/22134/21973/itog.files/colorschememapping.xml,http://cdo.keu.kz/content/22134/21973/itog.files/filelist.xml,http://cdo.keu.kz/content/22134/21973/itog.files/themedata.thmx,http://cdo.keu.kz/content/22134/21973/itog.htm,,,,,,,,,,,,,,,,,,,,,,,,,,,,,,,,,,,,,,,,,,,,,,,,,,,,,,,,,,,,,,,,,,,,,,,,,,,,,,,,,,,,,,,,,,,,,,,,,,,,,,,,,,,,,,,,,,,,,,,,,,,,,,,,,,,,,,,,,,,,,,,,,,,,,,,,,,,,,,,,,,,,,,,,,,,,,,,,,,,
http://cdo.keu.kz/content/22135/21974/test1.files/colorschememapping.xml,http://cdo.keu.kz/content/22135/21974/test1.files/filelist.xml,http://cdo.keu.kz/content/22135/21974/test1.files/themedata.thmx,http://cdo.keu.kz/content/22135/21974/test1.htm,,,,,,,,,,,,,,,,,,,,,,,,,,,,,,,,,,,,,,,,,,,,,,,,,,,,,,,,,,,,,,,,,,,,,,,,,,,,,,,,,,,,,,,,,,,,,,,,,,,,,,,,,,,,,,,,,,,,,,,,,,,,,,,,,,,,,,,,,,,,,,,,,,,,,,,,,,,,,,,,,,,,,,,,,,,,,,,,,,,
http://cdo.keu.kz/content/22136/21975/test2.files/colorschememapping.xml,http://cdo.keu.kz/content/22136/21975/test2.files/filelist.xml,http://cdo.keu.kz/content/22136/21975/test2.files/themedata.thmx,http://cdo.keu.kz/content/22136/21975/test2.htm,,,,,,,,,,,,,,,,,,,,,,,,,,,,,,,,,,,,,,,,,,,,,,,,,,,,,,,,,,,,,,,,,,,,,,,,,,,,,,,,,,,,,,,,,,,,,,,,,,,,,,,,,,,,,,,,,,,,,,,,,,,,,,,,,,,,,,,,,,,,,,,,,,,,,,,,,,,,,,,,,,,,,,,,,,,,,,,,,,,
http://cdo.keu.kz/content/22137/21976/tets3.files/colorschememapping.xml,http://cdo.keu.kz/content/22137/21976/tets3.files/filelist.xml,http://cdo.keu.kz/content/22137/21976/tets3.files/themedata.thmx,http://cdo.keu.kz/content/22137/21976/tets3.htm,,,,,,,,,,,,,,,,,,,,,,,,,,,,,,,,,,,,,,,,,,,,,,,,,,,,,,,,,,,,,,,,,,,,,,,,,,,,,,,,,,,,,,,,,,,,,,,,,,,,,,,,,,,,,,,,,,,,,,,,,,,,,,,,,,,,,,,,,,,,,,,,,,,,,,,,,,,,,,,,,,,,,,,,,,,,,,,,,,,
http://cdo.keu.kz/content/22138/21977/test4.files/colorschememapping.xml,http://cdo.keu.kz/content/22138/21977/test4.files/filelist.xml,http://cdo.keu.kz/content/22138/21977/test4.files/themedata.thmx,http://cdo.keu.kz/content/22138/21977/test4.htm,,,,,,,,,,,,,,,,,,,,,,,,,,,,,,,,,,,,,,,,,,,,,,,,,,,,,,,,,,,,,,,,,,,,,,,,,,,,,,,,,,,,,,,,,,,,,,,,,,,,,,,,,,,,,,,,,,,,,,,,,,,,,,,,,,,,,,,,,,,,,,,,,,,,,,,,,,,,,,,,,,,,,,,,,,,,,,,,,,,
http://cdo.keu.kz/content/22139/21978/itog.files/colorschememapping.xml,http://cdo.keu.kz/content/22139/21978/itog.files/filelist.xml,http://cdo.keu.kz/content/22139/21978/itog.files/themedata.thmx,http://cdo.keu.kz/content/22139/21978/itog.htm,,,,,,,,,,,,,,,,,,,,,,,,,,,,,,,,,,,,,,,,,,,,,,,,,,,,,,,,,,,,,,,,,,,,,,,,,,,,,,,,,,,,,,,,,,,,,,,,,,,,,,,,,,,,,,,,,,,,,,,,,,,,,,,,,,,,,,,,,,,,,,,,,,,,,,,,,,,,,,,,,,,,,,,,,,,,,,,,,,,
http://cdo.keu.kz/content/22140/21979/itog.files/colorschememapping.xml,http://cdo.keu.kz/content/22140/21979/itog.files/filelist.xml,http://cdo.keu.kz/content/22140/21979/itog.files/themedata.thmx,http://cdo.keu.kz/content/22140/21979/itog.htm,,,,,,,,,,,,,,,,,,,,,,,,,,,,,,,,,,,,,,,,,,,,,,,,,,,,,,,,,,,,,,,,,,,,,,,,,,,,,,,,,,,,,,,,,,,,,,,,,,,,,,,,,,,,,,,,,,,,,,,,,,,,,,,,,,,,,,,,,,,,,,,,,,,,,,,,,,,,,,,,,,,,,,,,,,,,,,,,,,,
http://cdo.keu.kz/content/22141/21980/test1.files/colorschememapping.xml,http://cdo.keu.kz/content/22141/21980/test1.files/filelist.xml,http://cdo.keu.kz/content/22141/21980/test1.files/themedata.thmx,http://cdo.keu.kz/content/22141/21980/test1.htm,,,,,,,,,,,,,,,,,,,,,,,,,,,,,,,,,,,,,,,,,,,,,,,,,,,,,,,,,,,,,,,,,,,,,,,,,,,,,,,,,,,,,,,,,,,,,,,,,,,,,,,,,,,,,,,,,,,,,,,,,,,,,,,,,,,,,,,,,,,,,,,,,,,,,,,,,,,,,,,,,,,,,,,,,,,,,,,,,,,
http://cdo.keu.kz/content/22142/21981/test2.files/colorschememapping.xml,http://cdo.keu.kz/content/22142/21981/test2.files/filelist.xml,http://cdo.keu.kz/content/22142/21981/test2.files/themedata.thmx,http://cdo.keu.kz/content/22142/21981/test2.htm,,,,,,,,,,,,,,,,,,,,,,,,,,,,,,,,,,,,,,,,,,,,,,,,,,,,,,,,,,,,,,,,,,,,,,,,,,,,,,,,,,,,,,,,,,,,,,,,,,,,,,,,,,,,,,,,,,,,,,,,,,,,,,,,,,,,,,,,,,,,,,,,,,,,,,,,,,,,,,,,,,,,,,,,,,,,,,,,,,,
http://cdo.keu.kz/content/22143/21982/%e2%80%99%d2%90%d0%b1%d0%b23.files/colorschememapping.xml,http://cdo.keu.kz/content/22143/21982/%e2%80%99%d2%90%d0%b1%d0%b23.files/filelist.xml,http://cdo.keu.kz/content/22143/21982/%e2%80%99%d2%90%d0%b1%d0%b23.files/themedata.thmx,http://cdo.keu.kz/content/22143/21982/%e2%80%99%d2%90%d0%b1%d0%b23.htm,,,,,,,,,,,,,,,,,,,,,,,,,,,,,,,,,,,,,,,,,,,,,,,,,,,,,,,,,,,,,,,,,,,,,,,,,,,,,,,,,,,,,,,,,,,,,,,,,,,,,,,,,,,,,,,,,,,,,,,,,,,,,,,,,,,,,,,,,,,,,,,,,,,,,,,,,,,,,,,,,,,,,,,,,,,,,,,,,,,
http://cdo.keu.kz/content/22144/21983/%e2%80%99%d2%90%d0%b1%d0%b24.files/colorschememapping.xml,http://cdo.keu.kz/content/22144/21983/%e2%80%99%d2%90%d0%b1%d0%b24.files/filelist.xml,http://cdo.keu.kz/content/22144/21983/%e2%80%99%d2%90%d0%b1%d0%b24.files/themedata.thmx,http://cdo.keu.kz/content/22144/21983/%e2%80%99%d2%90%d0%b1%d0%b24.htm,,,,,,,,,,,,,,,,,,,,,,,,,,,,,,,,,,,,,,,,,,,,,,,,,,,,,,,,,,,,,,,,,,,,,,,,,,,,,,,,,,,,,,,,,,,,,,,,,,,,,,,,,,,,,,,,,,,,,,,,,,,,,,,,,,,,,,,,,,,,,,,,,,,,,,,,,,,,,,,,,,,,,,,,,,,,,,,,,,,
http://cdo.keu.kz/content/22145/21984/itog.files/colorschememapping.xml,http://cdo.keu.kz/content/22145/21984/itog.files/filelist.xml,http://cdo.keu.kz/content/22145/21984/itog.files/themedata.thmx,http://cdo.keu.kz/content/22145/21984/itog.htm,,,,,,,,,,,,,,,,,,,,,,,,,,,,,,,,,,,,,,,,,,,,,,,,,,,,,,,,,,,,,,,,,,,,,,,,,,,,,,,,,,,,,,,,,,,,,,,,,,,,,,,,,,,,,,,,,,,,,,,,,,,,,,,,,,,,,,,,,,,,,,,,,,,,,,,,,,,,,,,,,,,,,,,,,,,,,,,,,,,
http://cdo.keu.kz/content/22146/21985/21985.htm,http://cdo.keu.kz/content/22146/21985/76323/76323.htm,http://cdo.keu.kz/content/22146/21985/76324/76324.htm,http://cdo.keu.kz/content/22146/21985/76325/76325.htm,http://cdo.keu.kz/content/22146/21985/76326/76326.htm,http://cdo.keu.kz/content/22146/21985/76327/76327.htm,http://cdo.keu.kz/content/22146/21985/76328/76328.htm,http://cdo.keu.kz/content/22146/21985/76329/76329.htm,http://cdo.keu.kz/content/22146/21985/76330/76330.htm,http://cdo.keu.kz/content/22146/21985/76331/76331.htm,http://cdo.keu.kz/content/22146/21985/76332/76332.htm,http://cdo.keu.kz/content/22146/21985/76333/76333.htm,http://cdo.keu.kz/content/22146/21985/76334/76334.htm,http://cdo.keu.kz/content/22146/21985/76335/76335.htm,http://cdo.keu.kz/content/22146/21985/76336/76336.htm,http://cdo.keu.kz/content/22146/21985/76337/76337.htm,http://cdo.keu.kz/content/22146/21985/lek.files/colorschememapping.xml,http://cdo.keu.kz/content/22146/21985/lek.files/filelist.xml,http://cdo.keu.kz/content/22146/21985/lek.files/header.htm,http://cdo.keu.kz/content/22146/21985/lek.files/image001.png,http://cdo.keu.kz/content/22146/21985/lek.files/image002.jpg,http://cdo.keu.kz/content/22146/21985/lek.files/image003.gif,http://cdo.keu.kz/content/22146/21985/lek.files/themedata.thmx,,,,,,,,,,,,,,,,,,,,,,,,,,,,,,,,,,,,,,,,,,,,,,,,,,,,,,,,,,,,,,,,,,,,,,,,,,,,,,,,,,,,,,,,,,,,,,,,,,,,,,,,,,,,,,,,,,,,,,,,,,,,,,,,,,,,,,,,,,,,,,,,,,,,,,,,,,,,,,,,
http://cdo.keu.kz/content/22147/21986/%e2%80%991.files/colorschememapping.xml,http://cdo.keu.kz/content/22147/21986/%e2%80%991.files/filelist.xml,http://cdo.keu.kz/content/22147/21986/%e2%80%991.files/themedata.thmx,http://cdo.keu.kz/content/22147/21986/%e2%80%991.htm,,,,,,,,,,,,,,,,,,,,,,,,,,,,,,,,,,,,,,,,,,,,,,,,,,,,,,,,,,,,,,,,,,,,,,,,,,,,,,,,,,,,,,,,,,,,,,,,,,,,,,,,,,,,,,,,,,,,,,,,,,,,,,,,,,,,,,,,,,,,,,,,,,,,,,,,,,,,,,,,,,,,,,,,,,,,,,,,,,,
http://cdo.keu.kz/content/22148/21987/test1.files/colorschememapping.xml,http://cdo.keu.kz/content/22148/21987/test1.files/filelist.xml,http://cdo.keu.kz/content/22148/21987/test1.files/themedata.thmx,http://cdo.keu.kz/content/22148/21987/test1.htm,,,,,,,,,,,,,,,,,,,,,,,,,,,,,,,,,,,,,,,,,,,,,,,,,,,,,,,,,,,,,,,,,,,,,,,,,,,,,,,,,,,,,,,,,,,,,,,,,,,,,,,,,,,,,,,,,,,,,,,,,,,,,,,,,,,,,,,,,,,,,,,,,,,,,,,,,,,,,,,,,,,,,,,,,,,,,,,,,,,
http://cdo.keu.kz/content/22149/21988/test2.files/colorschememapping.xml,http://cdo.keu.kz/content/22149/21988/test2.files/filelist.xml,http://cdo.keu.kz/content/22149/21988/test2.files/themedata.thmx,http://cdo.keu.kz/content/22149/21988/test2.htm,,,,,,,,,,,,,,,,,,,,,,,,,,,,,,,,,,,,,,,,,,,,,,,,,,,,,,,,,,,,,,,,,,,,,,,,,,,,,,,,,,,,,,,,,,,,,,,,,,,,,,,,,,,,,,,,,,,,,,,,,,,,,,,,,,,,,,,,,,,,,,,,,,,,,,,,,,,,,,,,,,,,,,,,,,,,,,,,,,,
http://cdo.keu.kz/content/22150/21989/test3.files/colorschememapping.xml,http://cdo.keu.kz/content/22150/21989/test3.files/filelist.xml,http://cdo.keu.kz/content/22150/21989/test3.files/themedata.thmx,http://cdo.keu.kz/content/22150/21989/test3.htm,,,,,,,,,,,,,,,,,,,,,,,,,,,,,,,,,,,,,,,,,,,,,,,,,,,,,,,,,,,,,,,,,,,,,,,,,,,,,,,,,,,,,,,,,,,,,,,,,,,,,,,,,,,,,,,,,,,,,,,,,,,,,,,,,,,,,,,,,,,,,,,,,,,,,,,,,,,,,,,,,,,,,,,,,,,,,,,,,,,
http://cdo.keu.kz/content/22151/21990/test4.files/colorschememapping.xml,http://cdo.keu.kz/content/22151/21990/test4.files/filelist.xml,http://cdo.keu.kz/content/22151/21990/test4.files/themedata.thmx,http://cdo.keu.kz/content/22151/21990/test4.htm,,,,,,,,,,,,,,,,,,,,,,,,,,,,,,,,,,,,,,,,,,,,,,,,,,,,,,,,,,,,,,,,,,,,,,,,,,,,,,,,,,,,,,,,,,,,,,,,,,,,,,,,,,,,,,,,,,,,,,,,,,,,,,,,,,,,,,,,,,,,,,,,,,,,,,,,,,,,,,,,,,,,,,,,,,,,,,,,,,,
http://cdo.keu.kz/content/22152/21991/itog.files/colorschememapping.xml,http://cdo.keu.kz/content/22152/21991/itog.files/filelist.xml,http://cdo.keu.kz/content/22152/21991/itog.files/header.htm,http://cdo.keu.kz/content/22152/21991/itog.files/item0001.xml,http://cdo.keu.kz/content/22152/21991/itog.files/props002.xml,http://cdo.keu.kz/content/22152/21991/itog.files/themedata.thmx,http://cdo.keu.kz/content/22152/21991/itog.htm,,,,,,,,,,,,,,,,,,,,,,,,,,,,,,,,,,,,,,,,,,,,,,,,,,,,,,,,,,,,,,,,,,,,,,,,,,,,,,,,,,,,,,,,,,,,,,,,,,,,,,,,,,,,,,,,,,,,,,,,,,,,,,,,,,,,,,,,,,,,,,,,,,,,,,,,,,,,,,,,,,,,,,,,,,,,,,,,
http://cdo.keu.kz/content/22153/21992/%e2%80%991.files/colorschememapping.xml,http://cdo.keu.kz/content/22153/21992/%e2%80%991.files/filelist.xml,http://cdo.keu.kz/content/22153/21992/%e2%80%991.files/themedata.thmx,http://cdo.keu.kz/content/22153/21992/%e2%80%991.htm,,,,,,,,,,,,,,,,,,,,,,,,,,,,,,,,,,,,,,,,,,,,,,,,,,,,,,,,,,,,,,,,,,,,,,,,,,,,,,,,,,,,,,,,,,,,,,,,,,,,,,,,,,,,,,,,,,,,,,,,,,,,,,,,,,,,,,,,,,,,,,,,,,,,,,,,,,,,,,,,,,,,,,,,,,,,,,,,,,,
http://cdo.keu.kz/content/22154/21993/test1.files/colorschememapping.xml,http://cdo.keu.kz/content/22154/21993/test1.files/filelist.xml,http://cdo.keu.kz/content/22154/21993/test1.files/themedata.thmx,http://cdo.keu.kz/content/22154/21993/test1.htm,,,,,,,,,,,,,,,,,,,,,,,,,,,,,,,,,,,,,,,,,,,,,,,,,,,,,,,,,,,,,,,,,,,,,,,,,,,,,,,,,,,,,,,,,,,,,,,,,,,,,,,,,,,,,,,,,,,,,,,,,,,,,,,,,,,,,,,,,,,,,,,,,,,,,,,,,,,,,,,,,,,,,,,,,,,,,,,,,,,
http://cdo.keu.kz/content/22155/21994/%e2%80%992.files/colorschememapping.xml,http://cdo.keu.kz/content/22155/21994/%e2%80%992.files/filelist.xml,http://cdo.keu.kz/content/22155/21994/%e2%80%992.files/themedata.thmx,http://cdo.keu.kz/content/22155/21994/%e2%80%992.htm,,,,,,,,,,,,,,,,,,,,,,,,,,,,,,,,,,,,,,,,,,,,,,,,,,,,,,,,,,,,,,,,,,,,,,,,,,,,,,,,,,,,,,,,,,,,,,,,,,,,,,,,,,,,,,,,,,,,,,,,,,,,,,,,,,,,,,,,,,,,,,,,,,,,,,,,,,,,,,,,,,,,,,,,,,,,,,,,,,,
http://cdo.keu.kz/content/22156/21995/%e2%80%992.files/colorschememapping.xml,http://cdo.keu.kz/content/22156/21995/%e2%80%992.files/filelist.xml,http://cdo.keu.kz/content/22156/21995/%e2%80%992.files/themedata.thmx,http://cdo.keu.kz/content/22156/21995/%e2%80%992.htm,,,,,,,,,,,,,,,,,,,,,,,,,,,,,,,,,,,,,,,,,,,,,,,,,,,,,,,,,,,,,,,,,,,,,,,,,,,,,,,,,,,,,,,,,,,,,,,,,,,,,,,,,,,,,,,,,,,,,,,,,,,,,,,,,,,,,,,,,,,,,,,,,,,,,,,,,,,,,,,,,,,,,,,,,,,,,,,,,,,
http://cdo.keu.kz/content/22157/21996/%e2%80%993.files/colorschememapping.xml,http://cdo.keu.kz/content/22157/21996/%e2%80%993.files/filelist.xml,http://cdo.keu.kz/content/22157/21996/%e2%80%993.files/themedata.thmx,http://cdo.keu.kz/content/22157/21996/%e2%80%993.htm,,,,,,,,,,,,,,,,,,,,,,,,,,,,,,,,,,,,,,,,,,,,,,,,,,,,,,,,,,,,,,,,,,,,,,,,,,,,,,,,,,,,,,,,,,,,,,,,,,,,,,,,,,,,,,,,,,,,,,,,,,,,,,,,,,,,,,,,,,,,,,,,,,,,,,,,,,,,,,,,,,,,,,,,,,,,,,,,,,,
http://cdo.keu.kz/content/22158/21997/%e2%80%994.files/colorschememapping.xml,http://cdo.keu.kz/content/22158/21997/%e2%80%994.files/filelist.xml,http://cdo.keu.kz/content/22158/21997/%e2%80%994.files/themedata.thmx,http://cdo.keu.kz/content/22158/21997/%e2%80%994.htm,,,,,,,,,,,,,,,,,,,,,,,,,,,,,,,,,,,,,,,,,,,,,,,,,,,,,,,,,,,,,,,,,,,,,,,,,,,,,,,,,,,,,,,,,,,,,,,,,,,,,,,,,,,,,,,,,,,,,,,,,,,,,,,,,,,,,,,,,,,,,,,,,,,,,,,,,,,,,,,,,,,,,,,,,,,,,,,,,,,
http://cdo.keu.kz/content/22159/21998/test2.files/colorschememapping.xml,http://cdo.keu.kz/content/22159/21998/test2.files/filelist.xml,http://cdo.keu.kz/content/22159/21998/test2.files/themedata.thmx,http://cdo.keu.kz/content/22159/21998/test2.htm,,,,,,,,,,,,,,,,,,,,,,,,,,,,,,,,,,,,,,,,,,,,,,,,,,,,,,,,,,,,,,,,,,,,,,,,,,,,,,,,,,,,,,,,,,,,,,,,,,,,,,,,,,,,,,,,,,,,,,,,,,,,,,,,,,,,,,,,,,,,,,,,,,,,,,,,,,,,,,,,,,,,,,,,,,,,,,,,,,,
"http://cdo.keu.kz/content/22160/21999/%d1%921,%d1%922,%d0%81%d0%b2%c2%ae%d0%88.files/colorschememapping.xml","http://cdo.keu.kz/content/22160/21999/%d1%921,%d1%922,%d0%81%d0%b2%c2%ae%d0%88.files/filelist.xml","http://cdo.keu.kz/content/22160/21999/%d1%921,%d1%922,%d0%81%d0%b2%c2%ae%d0%88.files/themedata.thmx","http://cdo.keu.kz/content/22160/21999/%d1%921,%d1%922,%d0%81%d0%b2%c2%ae%d0%88.htm",,,,,,,,,,,,,,,,,,,,,,,,,,,,,,,,,,,,,,,,,,,,,,,,,,,,,,,,,,,,,,,,,,,,,,,,,,,,,,,,,,,,,,,,,,,,,,,,,,,,,,,,,,,,,,,,,,,,,,,,,,,,,,,,,,,,,,,,,,,,,,,,,,,,,,,,,,,,,,,,,,,,,,,,,,,,,,,,,,,
"http://cdo.keu.kz/content/22161/22000/%d1%921,%d1%922,%d0%81%d0%b2%c2%ae%d0%88.files/colorschememapping.xml","http://cdo.keu.kz/content/22161/22000/%d1%921,%d1%922,%d0%81%d0%b2%c2%ae%d0%88.files/filelist.xml","http://cdo.keu.kz/content/22161/22000/%d1%921,%d1%922,%d0%81%d0%b2%c2%ae%d0%88.files/themedata.thmx","http://cdo.keu.kz/content/22161/22000/%d1%921,%d1%922,%d0%81%d0%b2%c2%ae%d0%88.htm",,,,,,,,,,,,,,,,,,,,,,,,,,,,,,,,,,,,,,,,,,,,,,,,,,,,,,,,,,,,,,,,,,,,,,,,,,,,,,,,,,,,,,,,,,,,,,,,,,,,,,,,,,,,,,,,,,,,,,,,,,,,,,,,,,,,,,,,,,,,,,,,,,,,,,,,,,,,,,,,,,,,,,,,,,,,,,,,,,,
"http://cdo.keu.kz/content/22162/22001/%d1%921,%d1%922,%d0%81%d0%b2%c2%ae%d0%88.files/colorschememapping.xml","http://cdo.keu.kz/content/22162/22001/%d1%921,%d1%922,%d0%81%d0%b2%c2%ae%d0%88.files/filelist.xml","http://cdo.keu.kz/content/22162/22001/%d1%921,%d1%922,%d0%81%d0%b2%c2%ae%d0%88.files/themedata.thmx","http://cdo.keu.kz/content/22162/22001/%d1%921,%d1%922,%d0%81%d0%b2%c2%ae%d0%88.htm",,,,,,,,,,,,,,,,,,,,,,,,,,,,,,,,,,,,,,,,,,,,,,,,,,,,,,,,,,,,,,,,,,,,,,,,,,,,,,,,,,,,,,,,,,,,,,,,,,,,,,,,,,,,,,,,,,,,,,,,,,,,,,,,,,,,,,,,,,,,,,,,,,,,,,,,,,,,,,,,,,,,,,,,,,,,,,,,,,,
http://cdo.keu.kz/content/22163/22002/test3.files/colorschememapping.xml,http://cdo.keu.kz/content/22163/22002/test3.files/filelist.xml,http://cdo.keu.kz/content/22163/22002/test3.files/themedata.thmx,http://cdo.keu.kz/content/22163/22002/test3.htm,,,,,,,,,,,,,,,,,,,,,,,,,,,,,,,,,,,,,,,,,,,,,,,,,,,,,,,,,,,,,,,,,,,,,,,,,,,,,,,,,,,,,,,,,,,,,,,,,,,,,,,,,,,,,,,,,,,,,,,,,,,,,,,,,,,,,,,,,,,,,,,,,,,,,,,,,,,,,,,,,,,,,,,,,,,,,,,,,,,
http://cdo.keu.kz/content/22164/22003/22003.htm,http://cdo.keu.kz/content/22164/22003/lek.files/image001.png,http://cdo.keu.kz/content/22164/22003/lek.files/image002.png,http://cdo.keu.kz/content/22164/22003/lek.files/image003.png,http://cdo.keu.kz/content/22164/22003/lek.files/image004.png,http://cdo.keu.kz/content/22164/22003/lek.files/image005.png,http://cdo.keu.kz/content/22164/22003/lek.files/image006.png,http://cdo.keu.kz/content/22164/22003/lek.files/image007.png,http://cdo.keu.kz/content/22164/22003/lek.files/image008.png,http://cdo.keu.kz/content/22164/22003/lek.files/image009.png,http://cdo.keu.kz/content/22164/22003/lek.files/image010.png,http://cdo.keu.kz/content/22164/22003/lek.htm,,,,,,,,,,,,,,,,,,,,,,,,,,,,,,,,,,,,,,,,,,,,,,,,,,,,,,,,,,,,,,,,,,,,,,,,,,,,,,,,,,,,,,,,,,,,,,,,,,,,,,,,,,,,,,,,,,,,,,,,,,,,,,,,,,,,,,,,,,,,,,,,,,,,,,,,,,,,,,,,,,,,,,,,,,,
http://cdo.keu.kz/content/22165/22004/test4.files/colorschememapping.xml,http://cdo.keu.kz/content/22165/22004/test4.files/filelist.xml,http://cdo.keu.kz/content/22165/22004/test4.files/themedata.thmx,http://cdo.keu.kz/content/22165/22004/test4.htm,,,,,,,,,,,,,,,,,,,,,,,,,,,,,,,,,,,,,,,,,,,,,,,,,,,,,,,,,,,,,,,,,,,,,,,,,,,,,,,,,,,,,,,,,,,,,,,,,,,,,,,,,,,,,,,,,,,,,,,,,,,,,,,,,,,,,,,,,,,,,,,,,,,,,,,,,,,,,,,,,,,,,,,,,,,,,,,,,,,
http://cdo.keu.kz/content/22166/22005/q.htm,,,,,,,,,,,,,,,,,,,,,,,,,,,,,,,,,,,,,,,,,,,,,,,,,,,,,,,,,,,,,,,,,,,,,,,,,,,,,,,,,,,,,,,,,,,,,,,,,,,,,,,,,,,,,,,,,,,,,,,,,,,,,,,,,,,,,,,,,,,,,,,,,,,,,,,,,,,,,,,,,,,,,,,,,,,,,,,,,,,,,,
http://cdo.keu.kz/content/22167/22006/q.htm,,,,,,,,,,,,,,,,,,,,,,,,,,,,,,,,,,,,,,,,,,,,,,,,,,,,,,,,,,,,,,,,,,,,,,,,,,,,,,,,,,,,,,,,,,,,,,,,,,,,,,,,,,,,,,,,,,,,,,,,,,,,,,,,,,,,,,,,,,,,,,,,,,,,,,,,,,,,,,,,,,,,,,,,,,,,,,,,,,,,,,
http://cdo.keu.kz/content/22168/22007/itog.files/colorschememapping.xml,http://cdo.keu.kz/content/22168/22007/itog.files/filelist.xml,http://cdo.keu.kz/content/22168/22007/itog.files/themedata.thmx,http://cdo.keu.kz/content/22168/22007/itog.htm,,,,,,,,,,,,,,,,,,,,,,,,,,,,,,,,,,,,,,,,,,,,,,,,,,,,,,,,,,,,,,,,,,,,,,,,,,,,,,,,,,,,,,,,,,,,,,,,,,,,,,,,,,,,,,,,,,,,,,,,,,,,,,,,,,,,,,,,,,,,,,,,,,,,,,,,,,,,,,,,,,,,,,,,,,,,,,,,,,,
http://cdo.keu.kz/content/22169/22008/T1.files/colorschememapping.xml,http://cdo.keu.kz/content/22169/22008/T1.files/filelist.xml,http://cdo.keu.kz/content/22169/22008/T1.files/themedata.thmx,http://cdo.keu.kz/content/22169/22008/T1.htm,,,,,,,,,,,,,,,,,,,,,,,,,,,,,,,,,,,,,,,,,,,,,,,,,,,,,,,,,,,,,,,,,,,,,,,,,,,,,,,,,,,,,,,,,,,,,,,,,,,,,,,,,,,,,,,,,,,,,,,,,,,,,,,,,,,,,,,,,,,,,,,,,,,,,,,,,,,,,,,,,,,,,,,,,,,,,,,,,,,
http://cdo.keu.kz/content/22170/22009/T2.files/colorschememapping.xml,http://cdo.keu.kz/content/22170/22009/T2.files/filelist.xml,http://cdo.keu.kz/content/22170/22009/T2.files/themedata.thmx,http://cdo.keu.kz/content/22170/22009/T2.htm,,,,,,,,,,,,,,,,,,,,,,,,,,,,,,,,,,,,,,,,,,,,,,,,,,,,,,,,,,,,,,,,,,,,,,,,,,,,,,,,,,,,,,,,,,,,,,,,,,,,,,,,,,,,,,,,,,,,,,,,,,,,,,,,,,,,,,,,,,,,,,,,,,,,,,,,,,,,,,,,,,,,,,,,,,,,,,,,,,,
http://cdo.keu.kz/content/22171/22010/T1.files/colorschememapping.xml,http://cdo.keu.kz/content/22171/22010/T1.files/filelist.xml,http://cdo.keu.kz/content/22171/22010/T1.files/themedata.thmx,http://cdo.keu.kz/content/22171/22010/T1.htm,,,,,,,,,,,,,,,,,,,,,,,,,,,,,,,,,,,,,,,,,,,,,,,,,,,,,,,,,,,,,,,,,,,,,,,,,,,,,,,,,,,,,,,,,,,,,,,,,,,,,,,,,,,,,,,,,,,,,,,,,,,,,,,,,,,,,,,,,,,,,,,,,,,,,,,,,,,,,,,,,,,,,,,,,,,,,,,,,,,
http://cdo.keu.kz/content/22172/22011/T2.files/colorschememapping.xml,http://cdo.keu.kz/content/22172/22011/T2.files/filelist.xml,http://cdo.keu.kz/content/22172/22011/T2.files/themedata.thmx,http://cdo.keu.kz/content/22172/22011/T2.htm,,,,,,,,,,,,,,,,,,,,,,,,,,,,,,,,,,,,,,,,,,,,,,,,,,,,,,,,,,,,,,,,,,,,,,,,,,,,,,,,,,,,,,,,,,,,,,,,,,,,,,,,,,,,,,,,,,,,,,,,,,,,,,,,,,,,,,,,,,,,,,,,,,,,,,,,,,,,,,,,,,,,,,,,,,,,,,,,,,,
http://cdo.keu.kz/content/22173/22012/test1.files/colorschememapping.xml,http://cdo.keu.kz/content/22173/22012/test1.files/filelist.xml,http://cdo.keu.kz/content/22173/22012/test1.files/themedata.thmx,http://cdo.keu.kz/content/22173/22012/test1.htm,,,,,,,,,,,,,,,,,,,,,,,,,,,,,,,,,,,,,,,,,,,,,,,,,,,,,,,,,,,,,,,,,,,,,,,,,,,,,,,,,,,,,,,,,,,,,,,,,,,,,,,,,,,,,,,,,,,,,,,,,,,,,,,,,,,,,,,,,,,,,,,,,,,,,,,,,,,,,,,,,,,,,,,,,,,,,,,,,,,
http://cdo.keu.kz/content/22174/22013/itog.files/colorschememapping.xml,http://cdo.keu.kz/content/22174/22013/itog.files/filelist.xml,http://cdo.keu.kz/content/22174/22013/itog.files/themedata.thmx,http://cdo.keu.kz/content/22174/22013/itog.htm,,,,,,,,,,,,,,,,,,,,,,,,,,,,,,,,,,,,,,,,,,,,,,,,,,,,,,,,,,,,,,,,,,,,,,,,,,,,,,,,,,,,,,,,,,,,,,,,,,,,,,,,,,,,,,,,,,,,,,,,,,,,,,,,,,,,,,,,,,,,,,,,,,,,,,,,,,,,,,,,,,,,,,,,,,,,,,,,,,,
http://cdo.keu.kz/content/22175/22014/1q.htm,,,,,,,,,,,,,,,,,,,,,,,,,,,,,,,,,,,,,,,,,,,,,,,,,,,,,,,,,,,,,,,,,,,,,,,,,,,,,,,,,,,,,,,,,,,,,,,,,,,,,,,,,,,,,,,,,,,,,,,,,,,,,,,,,,,,,,,,,,,,,,,,,,,,,,,,,,,,,,,,,,,,,,,,,,,,,,,,,,,,,,
http://cdo.keu.kz/content/22176/22015/test1.files/colorschememapping.xml,http://cdo.keu.kz/content/22176/22015/test1.files/filelist.xml,http://cdo.keu.kz/content/22176/22015/test1.files/themedata.thmx,http://cdo.keu.kz/content/22176/22015/test1.htm,,,,,,,,,,,,,,,,,,,,,,,,,,,,,,,,,,,,,,,,,,,,,,,,,,,,,,,,,,,,,,,,,,,,,,,,,,,,,,,,,,,,,,,,,,,,,,,,,,,,,,,,,,,,,,,,,,,,,,,,,,,,,,,,,,,,,,,,,,,,,,,,,,,,,,,,,,,,,,,,,,,,,,,,,,,,,,,,,,,
http://cdo.keu.kz/content/22178/22017/2q.htm,,,,,,,,,,,,,,,,,,,,,,,,,,,,,,,,,,,,,,,,,,,,,,,,,,,,,,,,,,,,,,,,,,,,,,,,,,,,,,,,,,,,,,,,,,,,,,,,,,,,,,,,,,,,,,,,,,,,,,,,,,,,,,,,,,,,,,,,,,,,,,,,,,,,,,,,,,,,,,,,,,,,,,,,,,,,,,,,,,,,,,
http://cdo.keu.kz/content/22179/22018/test2.files/colorschememapping.xml,http://cdo.keu.kz/content/22179/22018/test2.files/filelist.xml,http://cdo.keu.kz/content/22179/22018/test2.files/themedata.thmx,http://cdo.keu.kz/content/22179/22018/test2.htm,,,,,,,,,,,,,,,,,,,,,,,,,,,,,,,,,,,,,,,,,,,,,,,,,,,,,,,,,,,,,,,,,,,,,,,,,,,,,,,,,,,,,,,,,,,,,,,,,,,,,,,,,,,,,,,,,,,,,,,,,,,,,,,,,,,,,,,,,,,,,,,,,,,,,,,,,,,,,,,,,,,,,,,,,,,,,,,,,,,
http://cdo.keu.kz/content/22180/22019/itog.files/colorschememapping.xml,http://cdo.keu.kz/content/22180/22019/itog.files/filelist.xml,http://cdo.keu.kz/content/22180/22019/itog.files/themedata.thmx,http://cdo.keu.kz/content/22180/22019/itog.htm,,,,,,,,,,,,,,,,,,,,,,,,,,,,,,,,,,,,,,,,,,,,,,,,,,,,,,,,,,,,,,,,,,,,,,,,,,,,,,,,,,,,,,,,,,,,,,,,,,,,,,,,,,,,,,,,,,,,,,,,,,,,,,,,,,,,,,,,,,,,,,,,,,,,,,,,,,,,,,,,,,,,,,,,,,,,,,,,,,,
http://cdo.keu.kz/content/22181/22020/3q.htm,,,,,,,,,,,,,,,,,,,,,,,,,,,,,,,,,,,,,,,,,,,,,,,,,,,,,,,,,,,,,,,,,,,,,,,,,,,,,,,,,,,,,,,,,,,,,,,,,,,,,,,,,,,,,,,,,,,,,,,,,,,,,,,,,,,,,,,,,,,,,,,,,,,,,,,,,,,,,,,,,,,,,,,,,,,,,,,,,,,,,,
http://cdo.keu.kz/content/22182/22021/itog.files/colorschememapping.xml,http://cdo.keu.kz/content/22182/22021/itog.files/filelist.xml,http://cdo.keu.kz/content/22182/22021/itog.files/themedata.thmx,http://cdo.keu.kz/content/22182/22021/itog.htm,,,,,,,,,,,,,,,,,,,,,,,,,,,,,,,,,,,,,,,,,,,,,,,,,,,,,,,,,,,,,,,,,,,,,,,,,,,,,,,,,,,,,,,,,,,,,,,,,,,,,,,,,,,,,,,,,,,,,,,,,,,,,,,,,,,,,,,,,,,,,,,,,,,,,,,,,,,,,,,,,,,,,,,,,,,,,,,,,,,
http://cdo.keu.kz/content/22183/22022/4q.htm,,,,,,,,,,,,,,,,,,,,,,,,,,,,,,,,,,,,,,,,,,,,,,,,,,,,,,,,,,,,,,,,,,,,,,,,,,,,,,,,,,,,,,,,,,,,,,,,,,,,,,,,,,,,,,,,,,,,,,,,,,,,,,,,,,,,,,,,,,,,,,,,,,,,,,,,,,,,,,,,,,,,,,,,,,,,,,,,,,,,,,
http://cdo.keu.kz/content/22184/22023/test3.files/colorschememapping.xml,http://cdo.keu.kz/content/22184/22023/test3.files/filelist.xml,http://cdo.keu.kz/content/22184/22023/test3.files/themedata.thmx,http://cdo.keu.kz/content/22184/22023/test3.htm,,,,,,,,,,,,,,,,,,,,,,,,,,,,,,,,,,,,,,,,,,,,,,,,,,,,,,,,,,,,,,,,,,,,,,,,,,,,,,,,,,,,,,,,,,,,,,,,,,,,,,,,,,,,,,,,,,,,,,,,,,,,,,,,,,,,,,,,,,,,,,,,,,,,,,,,,,,,,,,,,,,,,,,,,,,,,,,,,,,
http://cdo.keu.kz/content/22185/22024/test4.files/colorschememapping.xml,http://cdo.keu.kz/content/22185/22024/test4.files/filelist.xml,http://cdo.keu.kz/content/22185/22024/test4.files/themedata.thmx,http://cdo.keu.kz/content/22185/22024/test4.htm,,,,,,,,,,,,,,,,,,,,,,,,,,,,,,,,,,,,,,,,,,,,,,,,,,,,,,,,,,,,,,,,,,,,,,,,,,,,,,,,,,,,,,,,,,,,,,,,,,,,,,,,,,,,,,,,,,,,,,,,,,,,,,,,,,,,,,,,,,,,,,,,,,,,,,,,,,,,,,,,,,,,,,,,,,,,,,,,,,,
http://cdo.keu.kz/content/22186/22025/1q.htm,,,,,,,,,,,,,,,,,,,,,,,,,,,,,,,,,,,,,,,,,,,,,,,,,,,,,,,,,,,,,,,,,,,,,,,,,,,,,,,,,,,,,,,,,,,,,,,,,,,,,,,,,,,,,,,,,,,,,,,,,,,,,,,,,,,,,,,,,,,,,,,,,,,,,,,,,,,,,,,,,,,,,,,,,,,,,,,,,,,,,,
http://cdo.keu.kz/content/22187/22026/2q.htm,,,,,,,,,,,,,,,,,,,,,,,,,,,,,,,,,,,,,,,,,,,,,,,,,,,,,,,,,,,,,,,,,,,,,,,,,,,,,,,,,,,,,,,,,,,,,,,,,,,,,,,,,,,,,,,,,,,,,,,,,,,,,,,,,,,,,,,,,,,,,,,,,,,,,,,,,,,,,,,,,,,,,,,,,,,,,,,,,,,,,,
http://cdo.keu.kz/content/22188/22027/3q.htm,,,,,,,,,,,,,,,,,,,,,,,,,,,,,,,,,,,,,,,,,,,,,,,,,,,,,,,,,,,,,,,,,,,,,,,,,,,,,,,,,,,,,,,,,,,,,,,,,,,,,,,,,,,,,,,,,,,,,,,,,,,,,,,,,,,,,,,,,,,,,,,,,,,,,,,,,,,,,,,,,,,,,,,,,,,,,,,,,,,,,,
http://cdo.keu.kz/content/22189/22028/itog.files/colorschememapping.xml,http://cdo.keu.kz/content/22189/22028/itog.files/filelist.xml,http://cdo.keu.kz/content/22189/22028/itog.files/themedata.thmx,http://cdo.keu.kz/content/22189/22028/itog.htm,,,,,,,,,,,,,,,,,,,,,,,,,,,,,,,,,,,,,,,,,,,,,,,,,,,,,,,,,,,,,,,,,,,,,,,,,,,,,,,,,,,,,,,,,,,,,,,,,,,,,,,,,,,,,,,,,,,,,,,,,,,,,,,,,,,,,,,,,,,,,,,,,,,,,,,,,,,,,,,,,,,,,,,,,,,,,,,,,,,
http://cdo.keu.kz/content/22190/22029/4q.htm,,,,,,,,,,,,,,,,,,,,,,,,,,,,,,,,,,,,,,,,,,,,,,,,,,,,,,,,,,,,,,,,,,,,,,,,,,,,,,,,,,,,,,,,,,,,,,,,,,,,,,,,,,,,,,,,,,,,,,,,,,,,,,,,,,,,,,,,,,,,,,,,,,,,,,,,,,,,,,,,,,,,,,,,,,,,,,,,,,,,,,
http://cdo.keu.kz/content/22191/22030/1q.htm,,,,,,,,,,,,,,,,,,,,,,,,,,,,,,,,,,,,,,,,,,,,,,,,,,,,,,,,,,,,,,,,,,,,,,,,,,,,,,,,,,,,,,,,,,,,,,,,,,,,,,,,,,,,,,,,,,,,,,,,,,,,,,,,,,,,,,,,,,,,,,,,,,,,,,,,,,,,,,,,,,,,,,,,,,,,,,,,,,,,,,
http://cdo.keu.kz/content/22192/22031/2q.htm,,,,,,,,,,,,,,,,,,,,,,,,,,,,,,,,,,,,,,,,,,,,,,,,,,,,,,,,,,,,,,,,,,,,,,,,,,,,,,,,,,,,,,,,,,,,,,,,,,,,,,,,,,,,,,,,,,,,,,,,,,,,,,,,,,,,,,,,,,,,,,,,,,,,,,,,,,,,,,,,,,,,,,,,,,,,,,,,,,,,,,
http://cdo.keu.kz/content/22193/22032/q.htm,,,,,,,,,,,,,,,,,,,,,,,,,,,,,,,,,,,,,,,,,,,,,,,,,,,,,,,,,,,,,,,,,,,,,,,,,,,,,,,,,,,,,,,,,,,,,,,,,,,,,,,,,,,,,,,,,,,,,,,,,,,,,,,,,,,,,,,,,,,,,,,,,,,,,,,,,,,,,,,,,,,,,,,,,,,,,,,,,,,,,,
http://cdo.keu.kz/content/22194/22033/3q.htm,,,,,,,,,,,,,,,,,,,,,,,,,,,,,,,,,,,,,,,,,,,,,,,,,,,,,,,,,,,,,,,,,,,,,,,,,,,,,,,,,,,,,,,,,,,,,,,,,,,,,,,,,,,,,,,,,,,,,,,,,,,,,,,,,,,,,,,,,,,,,,,,,,,,,,,,,,,,,,,,,,,,,,,,,,,,,,,,,,,,,,
http://cdo.keu.kz/content/22195/22034/test1.files/colorschememapping.xml,http://cdo.keu.kz/content/22195/22034/test1.files/filelist.xml,http://cdo.keu.kz/content/22195/22034/test1.files/themedata.thmx,http://cdo.keu.kz/content/22195/22034/test1.htm,,,,,,,,,,,,,,,,,,,,,,,,,,,,,,,,,,,,,,,,,,,,,,,,,,,,,,,,,,,,,,,,,,,,,,,,,,,,,,,,,,,,,,,,,,,,,,,,,,,,,,,,,,,,,,,,,,,,,,,,,,,,,,,,,,,,,,,,,,,,,,,,,,,,,,,,,,,,,,,,,,,,,,,,,,,,,,,,,,,
http://cdo.keu.kz/content/22196/22035/4q.htm,,,,,,,,,,,,,,,,,,,,,,,,,,,,,,,,,,,,,,,,,,,,,,,,,,,,,,,,,,,,,,,,,,,,,,,,,,,,,,,,,,,,,,,,,,,,,,,,,,,,,,,,,,,,,,,,,,,,,,,,,,,,,,,,,,,,,,,,,,,,,,,,,,,,,,,,,,,,,,,,,,,,,,,,,,,,,,,,,,,,,,
http://cdo.keu.kz/content/22197/22036/test2.files/colorschememapping.xml,http://cdo.keu.kz/content/22197/22036/test2.files/filelist.xml,http://cdo.keu.kz/content/22197/22036/test2.files/themedata.thmx,http://cdo.keu.kz/content/22197/22036/test2.htm,,,,,,,,,,,,,,,,,,,,,,,,,,,,,,,,,,,,,,,,,,,,,,,,,,,,,,,,,,,,,,,,,,,,,,,,,,,,,,,,,,,,,,,,,,,,,,,,,,,,,,,,,,,,,,,,,,,,,,,,,,,,,,,,,,,,,,,,,,,,,,,,,,,,,,,,,,,,,,,,,,,,,,,,,,,,,,,,,,,
http://cdo.keu.kz/content/22198/22037/test1.files/colorschememapping.xml,http://cdo.keu.kz/content/22198/22037/test1.files/filelist.xml,http://cdo.keu.kz/content/22198/22037/test1.files/themedata.thmx,http://cdo.keu.kz/content/22198/22037/test1.htm,,,,,,,,,,,,,,,,,,,,,,,,,,,,,,,,,,,,,,,,,,,,,,,,,,,,,,,,,,,,,,,,,,,,,,,,,,,,,,,,,,,,,,,,,,,,,,,,,,,,,,,,,,,,,,,,,,,,,,,,,,,,,,,,,,,,,,,,,,,,,,,,,,,,,,,,,,,,,,,,,,,,,,,,,,,,,,,,,,,
http://cdo.keu.kz/content/22199/22038/test3.files/colorschememapping.xml,http://cdo.keu.kz/content/22199/22038/test3.files/filelist.xml,http://cdo.keu.kz/content/22199/22038/test3.files/themedata.thmx,http://cdo.keu.kz/content/22199/22038/test3.htm,,,,,,,,,,,,,,,,,,,,,,,,,,,,,,,,,,,,,,,,,,,,,,,,,,,,,,,,,,,,,,,,,,,,,,,,,,,,,,,,,,,,,,,,,,,,,,,,,,,,,,,,,,,,,,,,,,,,,,,,,,,,,,,,,,,,,,,,,,,,,,,,,,,,,,,,,,,,,,,,,,,,,,,,,,,,,,,,,,,
http://cdo.keu.kz/content/22200/22039/22039.htm,http://cdo.keu.kz/content/22200/22039/76338/76338.htm,http://cdo.keu.kz/content/22200/22039/76339/76339.htm,http://cdo.keu.kz/content/22200/22039/76340/76340.htm,http://cdo.keu.kz/content/22200/22039/76341/76341.htm,http://cdo.keu.kz/content/22200/22039/76342/76342.htm,http://cdo.keu.kz/content/22200/22039/76343/76343.htm,http://cdo.keu.kz/content/22200/22039/76344/76344.htm,http://cdo.keu.kz/content/22200/22039/76345/76345.htm,http://cdo.keu.kz/content/22200/22039/76346/76346.htm,http://cdo.keu.kz/content/22200/22039/76347/76347.htm,http://cdo.keu.kz/content/22200/22039/76348/76348.htm,http://cdo.keu.kz/content/22200/22039/76349/76349.htm,http://cdo.keu.kz/content/22200/22039/76350/76350.htm,http://cdo.keu.kz/content/22200/22039/76351/76351.htm,http://cdo.keu.kz/content/22200/22039/76352/76352.htm,http://cdo.keu.kz/content/22200/22039/lek.files/image001.jpg,http://cdo.keu.kz/content/22200/22039/lek.files/image002.png,http://cdo.keu.kz/content/22200/22039/lek.files/image003.jpg,http://cdo.keu.kz/content/22200/22039/lek.files/image004.jpg,http://cdo.keu.kz/content/22200/22039/lek.files/image005.png,http://cdo.keu.kz/content/22200/22039/lek.files/image006.png,http://cdo.keu.kz/content/22200/22039/lek.files/image007.jpg,http://cdo.keu.kz/content/22200/22039/lek.files/image008.png,http://cdo.keu.kz/content/22200/22039/lek.files/image009.png,http://cdo.keu.kz/content/22200/22039/lek.files/image010.png,http://cdo.keu.kz/content/22200/22039/lek.files/image011.png,,,,,,,,,,,,,,,,,,,,,,,,,,,,,,,,,,,,,,,,,,,,,,,,,,,,,,,,,,,,,,,,,,,,,,,,,,,,,,,,,,,,,,,,,,,,,,,,,,,,,,,,,,,,,,,,,,,,,,,,,,,,,,,,,,,,,,,,,,,,,,,,,,,,,,,,,,,,
