0,1,2,3,4,5,6,7,8,9,10,11,12,13,14,15,16,17,18,19,20,21,22,23,24,25,26,27,28,29,30,31,32,33,34,35,36,37,38,39,40,41,42,43,44,45,46,47,48,49,50,51,52,53,54,55,56,57,58,59,60,61,62,63,64,65,66,67,68,69,70,71,72,73,74,75,76,77,78,79,80,81,82,83,84,85,86,87,88,89,90,91,92,93,94,95,96,97,98,99,100,101,102,103,104,105,106,107,108,109,110,111,112,113,114,115,116,117,118,119,120,121,122,123,124,125,126,127,128,129,130,131,132,133,134,135,136,137,138,139,140,141,142,143,144,145,146,147
http://cdo.keu.kz/content/22601/22440/q.htm,,,,,,,,,,,,,,,,,,,,,,,,,,,,,,,,,,,,,,,,,,,,,,,,,,,,,,,,,,,,,,,,,,,,,,,,,,,,,,,,,,,,,,,,,,,,,,,,,,,,,,,,,,,,,,,,,,,,,,,,,,,,,,,,,,,,,,,,,,,,,,,,,,,
http://cdo.keu.kz/content/22602/22441/3q.htm,,,,,,,,,,,,,,,,,,,,,,,,,,,,,,,,,,,,,,,,,,,,,,,,,,,,,,,,,,,,,,,,,,,,,,,,,,,,,,,,,,,,,,,,,,,,,,,,,,,,,,,,,,,,,,,,,,,,,,,,,,,,,,,,,,,,,,,,,,,,,,,,,,,
http://cdo.keu.kz/content/22603/22442/t3..files/colorschememapping.xml,http://cdo.keu.kz/content/22603/22442/t3..files/filelist.xml,http://cdo.keu.kz/content/22603/22442/t3..files/themedata.thmx,http://cdo.keu.kz/content/22603/22442/t3..htm,,,,,,,,,,,,,,,,,,,,,,,,,,,,,,,,,,,,,,,,,,,,,,,,,,,,,,,,,,,,,,,,,,,,,,,,,,,,,,,,,,,,,,,,,,,,,,,,,,,,,,,,,,,,,,,,,,,,,,,,,,,,,,,,,,,,,,,,,,,,,,,,
http://cdo.keu.kz/content/22604/22443/t4.files/colorschememapping.xml,http://cdo.keu.kz/content/22604/22443/t4.files/filelist.xml,http://cdo.keu.kz/content/22604/22443/t4.files/themedata.thmx,http://cdo.keu.kz/content/22604/22443/t4.htm,,,,,,,,,,,,,,,,,,,,,,,,,,,,,,,,,,,,,,,,,,,,,,,,,,,,,,,,,,,,,,,,,,,,,,,,,,,,,,,,,,,,,,,,,,,,,,,,,,,,,,,,,,,,,,,,,,,,,,,,,,,,,,,,,,,,,,,,,,,,,,,,
http://cdo.keu.kz/content/22605/22444/itog.files/colorschememapping.xml,http://cdo.keu.kz/content/22605/22444/itog.files/filelist.xml,http://cdo.keu.kz/content/22605/22444/itog.files/themedata.thmx,http://cdo.keu.kz/content/22605/22444/itog.htm,,,,,,,,,,,,,,,,,,,,,,,,,,,,,,,,,,,,,,,,,,,,,,,,,,,,,,,,,,,,,,,,,,,,,,,,,,,,,,,,,,,,,,,,,,,,,,,,,,,,,,,,,,,,,,,,,,,,,,,,,,,,,,,,,,,,,,,,,,,,,,,,
http://cdo.keu.kz/content/22606/22445/22445.htm,http://cdo.keu.kz/content/22606/22445/76567/76567.htm,http://cdo.keu.kz/content/22606/22445/76568/76568.htm,http://cdo.keu.kz/content/22606/22445/76569/76569.htm,http://cdo.keu.kz/content/22606/22445/76570/76570.htm,http://cdo.keu.kz/content/22606/22445/76571/76571.htm,http://cdo.keu.kz/content/22606/22445/76572/76572.htm,http://cdo.keu.kz/content/22606/22445/76573/76573.htm,http://cdo.keu.kz/content/22606/22445/76574/76574.htm,http://cdo.keu.kz/content/22606/22445/76575/76575.htm,http://cdo.keu.kz/content/22606/22445/76576/76576.htm,http://cdo.keu.kz/content/22606/22445/76577/76577.htm,http://cdo.keu.kz/content/22606/22445/76578/76578.htm,http://cdo.keu.kz/content/22606/22445/76579/76579.htm,http://cdo.keu.kz/content/22606/22445/76580/76580.htm,http://cdo.keu.kz/content/22606/22445/76581/76581.htm,http://cdo.keu.kz/content/22606/22445/lek.files/image001.png,http://cdo.keu.kz/content/22606/22445/lek.files/image002.png,http://cdo.keu.kz/content/22606/22445/lek.files/image003.png,http://cdo.keu.kz/content/22606/22445/lek.files/image004.png,http://cdo.keu.kz/content/22606/22445/lek.files/image005.png,http://cdo.keu.kz/content/22606/22445/lek.files/image006.png,http://cdo.keu.kz/content/22606/22445/lek.files/image007.png,http://cdo.keu.kz/content/22606/22445/lek.files/image008.png,http://cdo.keu.kz/content/22606/22445/lek.files/image009.png,http://cdo.keu.kz/content/22606/22445/lek.files/image010.png,http://cdo.keu.kz/content/22606/22445/lek.files/image011.jpg,http://cdo.keu.kz/content/22606/22445/lek.files/image012.jpg,http://cdo.keu.kz/content/22606/22445/lek.files/image013.png,http://cdo.keu.kz/content/22606/22445/lek.files/image014.png,http://cdo.keu.kz/content/22606/22445/lek.files/image015.png,http://cdo.keu.kz/content/22606/22445/lek.files/image016.png,http://cdo.keu.kz/content/22606/22445/lek.files/image017.png,http://cdo.keu.kz/content/22606/22445/lek.files/image018.png,http://cdo.keu.kz/content/22606/22445/lek.files/image019.png,http://cdo.keu.kz/content/22606/22445/lek.files/image020.png,http://cdo.keu.kz/content/22606/22445/lek.files/image021.png,http://cdo.keu.kz/content/22606/22445/lek.files/image022.png,http://cdo.keu.kz/content/22606/22445/lek.files/image023.png,http://cdo.keu.kz/content/22606/22445/lek.files/image024.png,http://cdo.keu.kz/content/22606/22445/lek.files/image025.png,http://cdo.keu.kz/content/22606/22445/lek.files/image026.png,http://cdo.keu.kz/content/22606/22445/lek.files/image027.png,http://cdo.keu.kz/content/22606/22445/lek.files/image028.png,http://cdo.keu.kz/content/22606/22445/lek.files/image029.png,,,,,,,,,,,,,,,,,,,,,,,,,,,,,,,,,,,,,,,,,,,,,,,,,,,,,,,,,,,,,,,,,,,,,,,,,,,,,,,,,,,,,,,,,,,,,,,,,,,,,,,
http://cdo.keu.kz/content/22607/22446/1q.htm,,,,,,,,,,,,,,,,,,,,,,,,,,,,,,,,,,,,,,,,,,,,,,,,,,,,,,,,,,,,,,,,,,,,,,,,,,,,,,,,,,,,,,,,,,,,,,,,,,,,,,,,,,,,,,,,,,,,,,,,,,,,,,,,,,,,,,,,,,,,,,,,,,,
http://cdo.keu.kz/content/22608/22447/2q.htm,,,,,,,,,,,,,,,,,,,,,,,,,,,,,,,,,,,,,,,,,,,,,,,,,,,,,,,,,,,,,,,,,,,,,,,,,,,,,,,,,,,,,,,,,,,,,,,,,,,,,,,,,,,,,,,,,,,,,,,,,,,,,,,,,,,,,,,,,,,,,,,,,,,
http://cdo.keu.kz/content/22609/22448/3q.htm,,,,,,,,,,,,,,,,,,,,,,,,,,,,,,,,,,,,,,,,,,,,,,,,,,,,,,,,,,,,,,,,,,,,,,,,,,,,,,,,,,,,,,,,,,,,,,,,,,,,,,,,,,,,,,,,,,,,,,,,,,,,,,,,,,,,,,,,,,,,,,,,,,,
http://cdo.keu.kz/content/22610/22449/4q.htm,,,,,,,,,,,,,,,,,,,,,,,,,,,,,,,,,,,,,,,,,,,,,,,,,,,,,,,,,,,,,,,,,,,,,,,,,,,,,,,,,,,,,,,,,,,,,,,,,,,,,,,,,,,,,,,,,,,,,,,,,,,,,,,,,,,,,,,,,,,,,,,,,,,
http://cdo.keu.kz/content/22611/22450/q.htm,,,,,,,,,,,,,,,,,,,,,,,,,,,,,,,,,,,,,,,,,,,,,,,,,,,,,,,,,,,,,,,,,,,,,,,,,,,,,,,,,,,,,,,,,,,,,,,,,,,,,,,,,,,,,,,,,,,,,,,,,,,,,,,,,,,,,,,,,,,,,,,,,,,
http://cdo.keu.kz/content/22612/22451/22451.htm,http://cdo.keu.kz/content/22612/22451/76582/76582.htm,http://cdo.keu.kz/content/22612/22451/76583/76583.htm,http://cdo.keu.kz/content/22612/22451/76584/76584.htm,http://cdo.keu.kz/content/22612/22451/76585/76585.htm,http://cdo.keu.kz/content/22612/22451/76586/76586.htm,http://cdo.keu.kz/content/22612/22451/76587/76587.htm,http://cdo.keu.kz/content/22612/22451/76588/76588.htm,http://cdo.keu.kz/content/22612/22451/76589/76589.htm,http://cdo.keu.kz/content/22612/22451/76590/76590.htm,http://cdo.keu.kz/content/22612/22451/76591/76591.htm,http://cdo.keu.kz/content/22612/22451/76592/76592.htm,http://cdo.keu.kz/content/22612/22451/76593/76593.htm,http://cdo.keu.kz/content/22612/22451/76594/76594.htm,http://cdo.keu.kz/content/22612/22451/76595/76595.htm,http://cdo.keu.kz/content/22612/22451/76596/76596.htm,http://cdo.keu.kz/content/22612/22451/lek.files/image001.gif,http://cdo.keu.kz/content/22612/22451/lek.files/image002.gif,http://cdo.keu.kz/content/22612/22451/lek.files/image003.gif,http://cdo.keu.kz/content/22612/22451/lek.files/image004.gif,http://cdo.keu.kz/content/22612/22451/lek.files/image005.gif,http://cdo.keu.kz/content/22612/22451/lek.files/image006.gif,http://cdo.keu.kz/content/22612/22451/lek.files/image007.jpg,http://cdo.keu.kz/content/22612/22451/lek.files/image008.gif,http://cdo.keu.kz/content/22612/22451/lek.files/image009.jpg,http://cdo.keu.kz/content/22612/22451/lek.files/image010.gif,http://cdo.keu.kz/content/22612/22451/lek.files/image011.jpg,http://cdo.keu.kz/content/22612/22451/lek.files/image012.gif,http://cdo.keu.kz/content/22612/22451/lek.files/image013.gif,http://cdo.keu.kz/content/22612/22451/lek.files/image014.gif,http://cdo.keu.kz/content/22612/22451/lek.files/image015.gif,http://cdo.keu.kz/content/22612/22451/lek.files/image016.jpg,http://cdo.keu.kz/content/22612/22451/lek.files/image017.jpg,http://cdo.keu.kz/content/22612/22451/lek.files/image018.gif,http://cdo.keu.kz/content/22612/22451/lek.files/image019.jpg,http://cdo.keu.kz/content/22612/22451/lek.files/image020.gif,http://cdo.keu.kz/content/22612/22451/lek.files/image021.gif,http://cdo.keu.kz/content/22612/22451/lek.files/image022.jpg,http://cdo.keu.kz/content/22612/22451/lek.files/image023.gif,http://cdo.keu.kz/content/22612/22451/lek.files/image024.gif,http://cdo.keu.kz/content/22612/22451/lek.files/image025.jpg,http://cdo.keu.kz/content/22612/22451/lek.files/image026.jpg,http://cdo.keu.kz/content/22612/22451/lek.files/image027.jpg,http://cdo.keu.kz/content/22612/22451/lek.files/image028.jpg,http://cdo.keu.kz/content/22612/22451/lek.files/image029.jpg,http://cdo.keu.kz/content/22612/22451/lek.files/image030.jpg,http://cdo.keu.kz/content/22612/22451/lek.files/image031.jpg,http://cdo.keu.kz/content/22612/22451/lek.files/image032.jpg,http://cdo.keu.kz/content/22612/22451/lek.files/image033.jpg,http://cdo.keu.kz/content/22612/22451/lek.files/image034.jpg,http://cdo.keu.kz/content/22612/22451/lek.files/image035.jpg,http://cdo.keu.kz/content/22612/22451/lek.files/image036.jpg,http://cdo.keu.kz/content/22612/22451/lek.files/image037.jpg,http://cdo.keu.kz/content/22612/22451/lek.files/image038.jpg,http://cdo.keu.kz/content/22612/22451/lek.files/image039.jpg,http://cdo.keu.kz/content/22612/22451/lek.files/image040.jpg,http://cdo.keu.kz/content/22612/22451/lek.files/image041.jpg,http://cdo.keu.kz/content/22612/22451/lek.files/image042.jpg,http://cdo.keu.kz/content/22612/22451/lek.files/image043.gif,http://cdo.keu.kz/content/22612/22451/lek.files/image044.gif,http://cdo.keu.kz/content/22612/22451/lek.files/image045.jpg,http://cdo.keu.kz/content/22612/22451/lek.files/image046.jpg,http://cdo.keu.kz/content/22612/22451/lek.files/image047.jpg,http://cdo.keu.kz/content/22612/22451/lek.files/image048.jpg,http://cdo.keu.kz/content/22612/22451/lek.files/image049.jpg,http://cdo.keu.kz/content/22612/22451/lek.files/image050.jpg,http://cdo.keu.kz/content/22612/22451/lek.files/image051.gif,http://cdo.keu.kz/content/22612/22451/lek.files/image052.gif,http://cdo.keu.kz/content/22612/22451/lek.files/image053.gif,http://cdo.keu.kz/content/22612/22451/lek.files/image054.gif,http://cdo.keu.kz/content/22612/22451/lek.files/image055.gif,http://cdo.keu.kz/content/22612/22451/lek.files/image056.gif,http://cdo.keu.kz/content/22612/22451/lek.files/image057.gif,http://cdo.keu.kz/content/22612/22451/lek.files/image058.jpg,http://cdo.keu.kz/content/22612/22451/lek.files/image059.gif,http://cdo.keu.kz/content/22612/22451/lek.files/image060.jpg,http://cdo.keu.kz/content/22612/22451/lek.files/image061.gif,http://cdo.keu.kz/content/22612/22451/lek.files/image062.gif,http://cdo.keu.kz/content/22612/22451/lek.files/image063.gif,http://cdo.keu.kz/content/22612/22451/lek.files/image064.gif,http://cdo.keu.kz/content/22612/22451/lek.files/image065.gif,http://cdo.keu.kz/content/22612/22451/lek.files/image066.gif,http://cdo.keu.kz/content/22612/22451/lek.files/image067.gif,http://cdo.keu.kz/content/22612/22451/lek.files/image068.gif,http://cdo.keu.kz/content/22612/22451/lek.files/image069.gif,http://cdo.keu.kz/content/22612/22451/lek.files/image070.jpg,http://cdo.keu.kz/content/22612/22451/lek.files/image071.gif,http://cdo.keu.kz/content/22612/22451/lek.files/image072.gif,http://cdo.keu.kz/content/22612/22451/lek.files/image073.gif,http://cdo.keu.kz/content/22612/22451/lek.files/image074.jpg,http://cdo.keu.kz/content/22612/22451/lek.files/image075.jpg,http://cdo.keu.kz/content/22612/22451/lek.files/image076.jpg,http://cdo.keu.kz/content/22612/22451/lek.files/image077.jpg,http://cdo.keu.kz/content/22612/22451/lek.files/image078.jpg,http://cdo.keu.kz/content/22612/22451/lek.files/image079.gif,http://cdo.keu.kz/content/22612/22451/lek.files/image080.gif,http://cdo.keu.kz/content/22612/22451/lek.files/image081.gif,http://cdo.keu.kz/content/22612/22451/lek.files/image082.gif,http://cdo.keu.kz/content/22612/22451/lek.files/image083.jpg,http://cdo.keu.kz/content/22612/22451/lek.files/image084.gif,http://cdo.keu.kz/content/22612/22451/lek.files/image085.jpg,http://cdo.keu.kz/content/22612/22451/lek.files/image086.jpg,http://cdo.keu.kz/content/22612/22451/lek.files/image087.gif,http://cdo.keu.kz/content/22612/22451/lek.files/image088.gif,http://cdo.keu.kz/content/22612/22451/lek.files/image089.jpg,http://cdo.keu.kz/content/22612/22451/lek.files/image090.gif,http://cdo.keu.kz/content/22612/22451/lek.files/image091.jpg,http://cdo.keu.kz/content/22612/22451/lek.files/image092.jpg,http://cdo.keu.kz/content/22612/22451/lek.files/image093.gif,http://cdo.keu.kz/content/22612/22451/lek.files/image094.jpg,http://cdo.keu.kz/content/22612/22451/lek.files/image095.jpg,http://cdo.keu.kz/content/22612/22451/lek.files/image096.gif,http://cdo.keu.kz/content/22612/22451/lek.files/image097.jpg,http://cdo.keu.kz/content/22612/22451/lek.files/image098.jpg,http://cdo.keu.kz/content/22612/22451/lek.files/image099.jpg,http://cdo.keu.kz/content/22612/22451/lek.files/image100.jpg,http://cdo.keu.kz/content/22612/22451/lek.files/image101.jpg,http://cdo.keu.kz/content/22612/22451/lek.files/image102.jpg,http://cdo.keu.kz/content/22612/22451/lek.files/image103.jpg,http://cdo.keu.kz/content/22612/22451/lek.files/image104.jpg,http://cdo.keu.kz/content/22612/22451/lek.files/image105.jpg,http://cdo.keu.kz/content/22612/22451/lek.files/image106.jpg,http://cdo.keu.kz/content/22612/22451/lek.files/image107.jpg,http://cdo.keu.kz/content/22612/22451/lek.files/image108.jpg,http://cdo.keu.kz/content/22612/22451/lek.files/image109.jpg,http://cdo.keu.kz/content/22612/22451/lek.files/image110.jpg,http://cdo.keu.kz/content/22612/22451/lek.files/image111.jpg,http://cdo.keu.kz/content/22612/22451/lek.files/image112.jpg,http://cdo.keu.kz/content/22612/22451/lek.files/image113.jpg,http://cdo.keu.kz/content/22612/22451/lek.files/image114.jpg,http://cdo.keu.kz/content/22612/22451/lek.files/image115.jpg,http://cdo.keu.kz/content/22612/22451/lek.files/image116.jpg,http://cdo.keu.kz/content/22612/22451/lek.files/image117.jpg,http://cdo.keu.kz/content/22612/22451/lek.files/image118.jpg,http://cdo.keu.kz/content/22612/22451/lek.files/image119.jpg,http://cdo.keu.kz/content/22612/22451/lek.files/image120.jpg,http://cdo.keu.kz/content/22612/22451/lek.files/image121.jpg,http://cdo.keu.kz/content/22612/22451/lek.files/image122.jpg,http://cdo.keu.kz/content/22612/22451/lek.files/image123.gif,http://cdo.keu.kz/content/22612/22451/lek.files/image124.gif,http://cdo.keu.kz/content/22612/22451/lek.files/image125.gif,http://cdo.keu.kz/content/22612/22451/lek.files/image126.gif,http://cdo.keu.kz/content/22612/22451/lek.files/image127.gif,http://cdo.keu.kz/content/22612/22451/lek.files/image128.gif,http://cdo.keu.kz/content/22612/22451/lek.files/image129.gif,http://cdo.keu.kz/content/22612/22451/lek.files/image130.gif,http://cdo.keu.kz/content/22612/22451/lek.files/image131.jpg,http://cdo.keu.kz/content/22612/22451/lek.files/image132.gif
http://cdo.keu.kz/content/22613/22452/T1.files/image001.jpg,http://cdo.keu.kz/content/22613/22452/T1.files/image002.jpg,http://cdo.keu.kz/content/22613/22452/T1.files/image003.jpg,http://cdo.keu.kz/content/22613/22452/T1.files/image004.jpg,http://cdo.keu.kz/content/22613/22452/T1.files/image005.jpg,http://cdo.keu.kz/content/22613/22452/T1.files/image006.jpg,http://cdo.keu.kz/content/22613/22452/T1.files/image007.jpg,http://cdo.keu.kz/content/22613/22452/T1.files/image008.jpg,http://cdo.keu.kz/content/22613/22452/T1.files/image009.jpg,http://cdo.keu.kz/content/22613/22452/T1.htm,,,,,,,,,,,,,,,,,,,,,,,,,,,,,,,,,,,,,,,,,,,,,,,,,,,,,,,,,,,,,,,,,,,,,,,,,,,,,,,,,,,,,,,,,,,,,,,,,,,,,,,,,,,,,,,,,,,,,,,,,,,,,,,,,,,,,,,,,,
http://cdo.keu.kz/content/22614/22453/T2.files/image001.gif,http://cdo.keu.kz/content/22614/22453/T2.htm,,,,,,,,,,,,,,,,,,,,,,,,,,,,,,,,,,,,,,,,,,,,,,,,,,,,,,,,,,,,,,,,,,,,,,,,,,,,,,,,,,,,,,,,,,,,,,,,,,,,,,,,,,,,,,,,,,,,,,,,,,,,,,,,,,,,,,,,,,,,,,,,,,
http://cdo.keu.kz/content/22615/22454/T2.files/image001.gif,http://cdo.keu.kz/content/22615/22454/T2.htm,,,,,,,,,,,,,,,,,,,,,,,,,,,,,,,,,,,,,,,,,,,,,,,,,,,,,,,,,,,,,,,,,,,,,,,,,,,,,,,,,,,,,,,,,,,,,,,,,,,,,,,,,,,,,,,,,,,,,,,,,,,,,,,,,,,,,,,,,,,,,,,,,,
http://cdo.keu.kz/content/22616/22455/T3.files/image001.jpg,http://cdo.keu.kz/content/22616/22455/T3.files/image002.jpg,http://cdo.keu.kz/content/22616/22455/T3.htm,,,,,,,,,,,,,,,,,,,,,,,,,,,,,,,,,,,,,,,,,,,,,,,,,,,,,,,,,,,,,,,,,,,,,,,,,,,,,,,,,,,,,,,,,,,,,,,,,,,,,,,,,,,,,,,,,,,,,,,,,,,,,,,,,,,,,,,,,,,,,,,,,
http://cdo.keu.kz/content/22617/22456/T4.htm,,,,,,,,,,,,,,,,,,,,,,,,,,,,,,,,,,,,,,,,,,,,,,,,,,,,,,,,,,,,,,,,,,,,,,,,,,,,,,,,,,,,,,,,,,,,,,,,,,,,,,,,,,,,,,,,,,,,,,,,,,,,,,,,,,,,,,,,,,,,,,,,,,,
http://cdo.keu.kz/content/22618/22457/itog.files/colorschememapping.xml,http://cdo.keu.kz/content/22618/22457/itog.files/filelist.xml,http://cdo.keu.kz/content/22618/22457/itog.files/image001.jpg,http://cdo.keu.kz/content/22618/22457/itog.files/image002.jpg,http://cdo.keu.kz/content/22618/22457/itog.files/image003.jpg,http://cdo.keu.kz/content/22618/22457/itog.files/image004.jpg,http://cdo.keu.kz/content/22618/22457/itog.files/image005.jpg,http://cdo.keu.kz/content/22618/22457/itog.files/image006.jpg,http://cdo.keu.kz/content/22618/22457/itog.files/image007.jpg,http://cdo.keu.kz/content/22618/22457/itog.files/image008.jpg,http://cdo.keu.kz/content/22618/22457/itog.files/image009.jpg,http://cdo.keu.kz/content/22618/22457/itog.files/image010.jpg,http://cdo.keu.kz/content/22618/22457/itog.files/image011.jpg,http://cdo.keu.kz/content/22618/22457/itog.files/image012.jpg,http://cdo.keu.kz/content/22618/22457/itog.files/image013.wmz,http://cdo.keu.kz/content/22618/22457/itog.files/image014.gif,http://cdo.keu.kz/content/22618/22457/itog.files/image015.png,http://cdo.keu.kz/content/22618/22457/itog.files/image016.jpg,http://cdo.keu.kz/content/22618/22457/itog.files/image017.png,http://cdo.keu.kz/content/22618/22457/itog.files/image018.jpg,http://cdo.keu.kz/content/22618/22457/itog.files/image019.wmz,http://cdo.keu.kz/content/22618/22457/itog.files/image020.gif,http://cdo.keu.kz/content/22618/22457/itog.files/image021.wmz,http://cdo.keu.kz/content/22618/22457/itog.files/image022.gif,http://cdo.keu.kz/content/22618/22457/itog.files/image023.wmz,http://cdo.keu.kz/content/22618/22457/itog.files/image024.gif,http://cdo.keu.kz/content/22618/22457/itog.files/image025.wmz,http://cdo.keu.kz/content/22618/22457/itog.files/image026.gif,http://cdo.keu.kz/content/22618/22457/itog.files/image027.wmz,http://cdo.keu.kz/content/22618/22457/itog.files/image028.gif,http://cdo.keu.kz/content/22618/22457/itog.files/image029.wmz,http://cdo.keu.kz/content/22618/22457/itog.files/image030.gif,http://cdo.keu.kz/content/22618/22457/itog.files/image031.png,http://cdo.keu.kz/content/22618/22457/itog.files/image032.jpg,http://cdo.keu.kz/content/22618/22457/itog.files/image033.png,http://cdo.keu.kz/content/22618/22457/itog.files/image034.jpg,http://cdo.keu.kz/content/22618/22457/itog.files/image035.png,http://cdo.keu.kz/content/22618/22457/itog.files/image036.jpg,http://cdo.keu.kz/content/22618/22457/itog.files/image037.png,http://cdo.keu.kz/content/22618/22457/itog.files/image038.jpg,http://cdo.keu.kz/content/22618/22457/itog.files/image039.png,http://cdo.keu.kz/content/22618/22457/itog.files/image040.jpg,http://cdo.keu.kz/content/22618/22457/itog.files/image041.png,http://cdo.keu.kz/content/22618/22457/itog.files/image042.jpg,http://cdo.keu.kz/content/22618/22457/itog.files/image043.png,http://cdo.keu.kz/content/22618/22457/itog.files/image044.jpg,http://cdo.keu.kz/content/22618/22457/itog.files/image045.png,http://cdo.keu.kz/content/22618/22457/itog.files/image046.jpg,http://cdo.keu.kz/content/22618/22457/itog.files/image047.png,http://cdo.keu.kz/content/22618/22457/itog.files/image048.jpg,http://cdo.keu.kz/content/22618/22457/itog.files/image049.png,http://cdo.keu.kz/content/22618/22457/itog.files/image050.jpg,http://cdo.keu.kz/content/22618/22457/itog.files/image051.png,http://cdo.keu.kz/content/22618/22457/itog.files/image052.jpg,http://cdo.keu.kz/content/22618/22457/itog.files/oledata.mso,http://cdo.keu.kz/content/22618/22457/itog.files/themedata.thmx,http://cdo.keu.kz/content/22618/22457/itog.htm,,,,,,,,,,,,,,,,,,,,,,,,,,,,,,,,,,,,,,,,,,,,,,,,,,,,,,,,,,,,,,,,,,,,,,,,,,,,,,,,,,,,,,,,,,,
http://cdo.keu.kz/content/22619/22458/q.htm,,,,,,,,,,,,,,,,,,,,,,,,,,,,,,,,,,,,,,,,,,,,,,,,,,,,,,,,,,,,,,,,,,,,,,,,,,,,,,,,,,,,,,,,,,,,,,,,,,,,,,,,,,,,,,,,,,,,,,,,,,,,,,,,,,,,,,,,,,,,,,,,,,,
http://cdo.keu.kz/content/22620/22459/1q.htm,,,,,,,,,,,,,,,,,,,,,,,,,,,,,,,,,,,,,,,,,,,,,,,,,,,,,,,,,,,,,,,,,,,,,,,,,,,,,,,,,,,,,,,,,,,,,,,,,,,,,,,,,,,,,,,,,,,,,,,,,,,,,,,,,,,,,,,,,,,,,,,,,,,
http://cdo.keu.kz/content/22621/22460/q.htm,,,,,,,,,,,,,,,,,,,,,,,,,,,,,,,,,,,,,,,,,,,,,,,,,,,,,,,,,,,,,,,,,,,,,,,,,,,,,,,,,,,,,,,,,,,,,,,,,,,,,,,,,,,,,,,,,,,,,,,,,,,,,,,,,,,,,,,,,,,,,,,,,,,
http://cdo.keu.kz/content/22622/22461/q.htm,,,,,,,,,,,,,,,,,,,,,,,,,,,,,,,,,,,,,,,,,,,,,,,,,,,,,,,,,,,,,,,,,,,,,,,,,,,,,,,,,,,,,,,,,,,,,,,,,,,,,,,,,,,,,,,,,,,,,,,,,,,,,,,,,,,,,,,,,,,,,,,,,,,
http://cdo.keu.kz/content/22623/22462/2q.htm,,,,,,,,,,,,,,,,,,,,,,,,,,,,,,,,,,,,,,,,,,,,,,,,,,,,,,,,,,,,,,,,,,,,,,,,,,,,,,,,,,,,,,,,,,,,,,,,,,,,,,,,,,,,,,,,,,,,,,,,,,,,,,,,,,,,,,,,,,,,,,,,,,,
http://cdo.keu.kz/content/22624/22463/q.htm,,,,,,,,,,,,,,,,,,,,,,,,,,,,,,,,,,,,,,,,,,,,,,,,,,,,,,,,,,,,,,,,,,,,,,,,,,,,,,,,,,,,,,,,,,,,,,,,,,,,,,,,,,,,,,,,,,,,,,,,,,,,,,,,,,,,,,,,,,,,,,,,,,,
http://cdo.keu.kz/content/22625/22464/q.htm,,,,,,,,,,,,,,,,,,,,,,,,,,,,,,,,,,,,,,,,,,,,,,,,,,,,,,,,,,,,,,,,,,,,,,,,,,,,,,,,,,,,,,,,,,,,,,,,,,,,,,,,,,,,,,,,,,,,,,,,,,,,,,,,,,,,,,,,,,,,,,,,,,,
http://cdo.keu.kz/content/22626/22465/3q.htm,,,,,,,,,,,,,,,,,,,,,,,,,,,,,,,,,,,,,,,,,,,,,,,,,,,,,,,,,,,,,,,,,,,,,,,,,,,,,,,,,,,,,,,,,,,,,,,,,,,,,,,,,,,,,,,,,,,,,,,,,,,,,,,,,,,,,,,,,,,,,,,,,,,
http://cdo.keu.kz/content/22627/22466/test1.files/colorschememapping.xml,http://cdo.keu.kz/content/22627/22466/test1.files/filelist.xml,http://cdo.keu.kz/content/22627/22466/test1.files/themedata.thmx,http://cdo.keu.kz/content/22627/22466/test1.htm,,,,,,,,,,,,,,,,,,,,,,,,,,,,,,,,,,,,,,,,,,,,,,,,,,,,,,,,,,,,,,,,,,,,,,,,,,,,,,,,,,,,,,,,,,,,,,,,,,,,,,,,,,,,,,,,,,,,,,,,,,,,,,,,,,,,,,,,,,,,,,,,
http://cdo.keu.kz/content/22628/22467/test2.files/colorschememapping.xml,http://cdo.keu.kz/content/22628/22467/test2.files/filelist.xml,http://cdo.keu.kz/content/22628/22467/test2.files/themedata.thmx,http://cdo.keu.kz/content/22628/22467/test2.htm,,,,,,,,,,,,,,,,,,,,,,,,,,,,,,,,,,,,,,,,,,,,,,,,,,,,,,,,,,,,,,,,,,,,,,,,,,,,,,,,,,,,,,,,,,,,,,,,,,,,,,,,,,,,,,,,,,,,,,,,,,,,,,,,,,,,,,,,,,,,,,,,
http://cdo.keu.kz/content/22629/22468/test3.files/colorschememapping.xml,http://cdo.keu.kz/content/22629/22468/test3.files/filelist.xml,http://cdo.keu.kz/content/22629/22468/test3.files/themedata.thmx,http://cdo.keu.kz/content/22629/22468/test3.htm,,,,,,,,,,,,,,,,,,,,,,,,,,,,,,,,,,,,,,,,,,,,,,,,,,,,,,,,,,,,,,,,,,,,,,,,,,,,,,,,,,,,,,,,,,,,,,,,,,,,,,,,,,,,,,,,,,,,,,,,,,,,,,,,,,,,,,,,,,,,,,,,
http://cdo.keu.kz/content/22630/22469/test4.files/colorschememapping.xml,http://cdo.keu.kz/content/22630/22469/test4.files/filelist.xml,http://cdo.keu.kz/content/22630/22469/test4.files/themedata.thmx,http://cdo.keu.kz/content/22630/22469/test4.htm,,,,,,,,,,,,,,,,,,,,,,,,,,,,,,,,,,,,,,,,,,,,,,,,,,,,,,,,,,,,,,,,,,,,,,,,,,,,,,,,,,,,,,,,,,,,,,,,,,,,,,,,,,,,,,,,,,,,,,,,,,,,,,,,,,,,,,,,,,,,,,,,
http://cdo.keu.kz/content/22631/22470/4q.htm,,,,,,,,,,,,,,,,,,,,,,,,,,,,,,,,,,,,,,,,,,,,,,,,,,,,,,,,,,,,,,,,,,,,,,,,,,,,,,,,,,,,,,,,,,,,,,,,,,,,,,,,,,,,,,,,,,,,,,,,,,,,,,,,,,,,,,,,,,,,,,,,,,,
http://cdo.keu.kz/content/22632/22471/itog.files/colorschememapping.xml,http://cdo.keu.kz/content/22632/22471/itog.files/filelist.xml,http://cdo.keu.kz/content/22632/22471/itog.files/themedata.thmx,http://cdo.keu.kz/content/22632/22471/itog.htm,,,,,,,,,,,,,,,,,,,,,,,,,,,,,,,,,,,,,,,,,,,,,,,,,,,,,,,,,,,,,,,,,,,,,,,,,,,,,,,,,,,,,,,,,,,,,,,,,,,,,,,,,,,,,,,,,,,,,,,,,,,,,,,,,,,,,,,,,,,,,,,,
http://cdo.keu.kz/content/22633/22472/q.htm,,,,,,,,,,,,,,,,,,,,,,,,,,,,,,,,,,,,,,,,,,,,,,,,,,,,,,,,,,,,,,,,,,,,,,,,,,,,,,,,,,,,,,,,,,,,,,,,,,,,,,,,,,,,,,,,,,,,,,,,,,,,,,,,,,,,,,,,,,,,,,,,,,,
http://cdo.keu.kz/content/22634/22473/+%d0%81%d0%b2%c2%ae%d0%88.htm,,,,,,,,,,,,,,,,,,,,,,,,,,,,,,,,,,,,,,,,,,,,,,,,,,,,,,,,,,,,,,,,,,,,,,,,,,,,,,,,,,,,,,,,,,,,,,,,,,,,,,,,,,,,,,,,,,,,,,,,,,,,,,,,,,,,,,,,,,,,,,,,,,,
http://cdo.keu.kz/content/22635/22474/+%d0%81%d0%b2%c2%ae%d0%88.htm,,,,,,,,,,,,,,,,,,,,,,,,,,,,,,,,,,,,,,,,,,,,,,,,,,,,,,,,,,,,,,,,,,,,,,,,,,,,,,,,,,,,,,,,,,,,,,,,,,,,,,,,,,,,,,,,,,,,,,,,,,,,,,,,,,,,,,,,,,,,,,,,,,,
http://cdo.keu.kz/content/22636/22475/+%d0%81%d0%b2%c2%ae%d0%88.htm,,,,,,,,,,,,,,,,,,,,,,,,,,,,,,,,,,,,,,,,,,,,,,,,,,,,,,,,,,,,,,,,,,,,,,,,,,,,,,,,,,,,,,,,,,,,,,,,,,,,,,,,,,,,,,,,,,,,,,,,,,,,,,,,,,,,,,,,,,,,,,,,,,,
http://cdo.keu.kz/content/22637/22476/+%d0%81%d0%b2%c2%ae%d0%88.htm,,,,,,,,,,,,,,,,,,,,,,,,,,,,,,,,,,,,,,,,,,,,,,,,,,,,,,,,,,,,,,,,,,,,,,,,,,,,,,,,,,,,,,,,,,,,,,,,,,,,,,,,,,,,,,,,,,,,,,,,,,,,,,,,,,,,,,,,,,,,,,,,,,,
http://cdo.keu.kz/content/22638/22477/+%d0%81%d0%b2%c2%ae%d0%88.htm,,,,,,,,,,,,,,,,,,,,,,,,,,,,,,,,,,,,,,,,,,,,,,,,,,,,,,,,,,,,,,,,,,,,,,,,,,,,,,,,,,,,,,,,,,,,,,,,,,,,,,,,,,,,,,,,,,,,,,,,,,,,,,,,,,,,,,,,,,,,,,,,,,,
http://cdo.keu.kz/content/22639/22478/T1.htm,,,,,,,,,,,,,,,,,,,,,,,,,,,,,,,,,,,,,,,,,,,,,,,,,,,,,,,,,,,,,,,,,,,,,,,,,,,,,,,,,,,,,,,,,,,,,,,,,,,,,,,,,,,,,,,,,,,,,,,,,,,,,,,,,,,,,,,,,,,,,,,,,,,
http://cdo.keu.kz/content/22640/22479/1q.htm,,,,,,,,,,,,,,,,,,,,,,,,,,,,,,,,,,,,,,,,,,,,,,,,,,,,,,,,,,,,,,,,,,,,,,,,,,,,,,,,,,,,,,,,,,,,,,,,,,,,,,,,,,,,,,,,,,,,,,,,,,,,,,,,,,,,,,,,,,,,,,,,,,,
http://cdo.keu.kz/content/22641/22480/2q.htm,,,,,,,,,,,,,,,,,,,,,,,,,,,,,,,,,,,,,,,,,,,,,,,,,,,,,,,,,,,,,,,,,,,,,,,,,,,,,,,,,,,,,,,,,,,,,,,,,,,,,,,,,,,,,,,,,,,,,,,,,,,,,,,,,,,,,,,,,,,,,,,,,,,
http://cdo.keu.kz/content/22642/22481/3q.htm,,,,,,,,,,,,,,,,,,,,,,,,,,,,,,,,,,,,,,,,,,,,,,,,,,,,,,,,,,,,,,,,,,,,,,,,,,,,,,,,,,,,,,,,,,,,,,,,,,,,,,,,,,,,,,,,,,,,,,,,,,,,,,,,,,,,,,,,,,,,,,,,,,,
http://cdo.keu.kz/content/22643/22482/4q.htm,,,,,,,,,,,,,,,,,,,,,,,,,,,,,,,,,,,,,,,,,,,,,,,,,,,,,,,,,,,,,,,,,,,,,,,,,,,,,,,,,,,,,,,,,,,,,,,,,,,,,,,,,,,,,,,,,,,,,,,,,,,,,,,,,,,,,,,,,,,,,,,,,,,
http://cdo.keu.kz/content/22644/22483/q.htm,,,,,,,,,,,,,,,,,,,,,,,,,,,,,,,,,,,,,,,,,,,,,,,,,,,,,,,,,,,,,,,,,,,,,,,,,,,,,,,,,,,,,,,,,,,,,,,,,,,,,,,,,,,,,,,,,,,,,,,,,,,,,,,,,,,,,,,,,,,,,,,,,,,
http://cdo.keu.kz/content/22645/22484/T1.htm,,,,,,,,,,,,,,,,,,,,,,,,,,,,,,,,,,,,,,,,,,,,,,,,,,,,,,,,,,,,,,,,,,,,,,,,,,,,,,,,,,,,,,,,,,,,,,,,,,,,,,,,,,,,,,,,,,,,,,,,,,,,,,,,,,,,,,,,,,,,,,,,,,,
http://cdo.keu.kz/content/22646/22485/1q.htm,,,,,,,,,,,,,,,,,,,,,,,,,,,,,,,,,,,,,,,,,,,,,,,,,,,,,,,,,,,,,,,,,,,,,,,,,,,,,,,,,,,,,,,,,,,,,,,,,,,,,,,,,,,,,,,,,,,,,,,,,,,,,,,,,,,,,,,,,,,,,,,,,,,
http://cdo.keu.kz/content/22647/22486/2q.htm,,,,,,,,,,,,,,,,,,,,,,,,,,,,,,,,,,,,,,,,,,,,,,,,,,,,,,,,,,,,,,,,,,,,,,,,,,,,,,,,,,,,,,,,,,,,,,,,,,,,,,,,,,,,,,,,,,,,,,,,,,,,,,,,,,,,,,,,,,,,,,,,,,,
http://cdo.keu.kz/content/22648/22487/3q.htm,,,,,,,,,,,,,,,,,,,,,,,,,,,,,,,,,,,,,,,,,,,,,,,,,,,,,,,,,,,,,,,,,,,,,,,,,,,,,,,,,,,,,,,,,,,,,,,,,,,,,,,,,,,,,,,,,,,,,,,,,,,,,,,,,,,,,,,,,,,,,,,,,,,
http://cdo.keu.kz/content/22649/22488/4q.htm,,,,,,,,,,,,,,,,,,,,,,,,,,,,,,,,,,,,,,,,,,,,,,,,,,,,,,,,,,,,,,,,,,,,,,,,,,,,,,,,,,,,,,,,,,,,,,,,,,,,,,,,,,,,,,,,,,,,,,,,,,,,,,,,,,,,,,,,,,,,,,,,,,,
http://cdo.keu.kz/content/22650/22489/q.files/image001.gif,http://cdo.keu.kz/content/22650/22489/q.files/image002.gif,http://cdo.keu.kz/content/22650/22489/q.files/image003.gif,http://cdo.keu.kz/content/22650/22489/q.files/image004.gif,http://cdo.keu.kz/content/22650/22489/q.files/image005.gif,http://cdo.keu.kz/content/22650/22489/q.files/image006.gif,http://cdo.keu.kz/content/22650/22489/q.files/image007.gif,http://cdo.keu.kz/content/22650/22489/q.files/image008.gif,http://cdo.keu.kz/content/22650/22489/q.htm,,,,,,,,,,,,,,,,,,,,,,,,,,,,,,,,,,,,,,,,,,,,,,,,,,,,,,,,,,,,,,,,,,,,,,,,,,,,,,,,,,,,,,,,,,,,,,,,,,,,,,,,,,,,,,,,,,,,,,,,,,,,,,,,,,,,,,,,,,,
http://cdo.keu.kz/content/22651/22490/T1.htm,,,,,,,,,,,,,,,,,,,,,,,,,,,,,,,,,,,,,,,,,,,,,,,,,,,,,,,,,,,,,,,,,,,,,,,,,,,,,,,,,,,,,,,,,,,,,,,,,,,,,,,,,,,,,,,,,,,,,,,,,,,,,,,,,,,,,,,,,,,,,,,,,,,
http://cdo.keu.kz/content/22652/22491/T2.htm,,,,,,,,,,,,,,,,,,,,,,,,,,,,,,,,,,,,,,,,,,,,,,,,,,,,,,,,,,,,,,,,,,,,,,,,,,,,,,,,,,,,,,,,,,,,,,,,,,,,,,,,,,,,,,,,,,,,,,,,,,,,,,,,,,,,,,,,,,,,,,,,,,,
http://cdo.keu.kz/content/22653/22492/1q.htm,,,,,,,,,,,,,,,,,,,,,,,,,,,,,,,,,,,,,,,,,,,,,,,,,,,,,,,,,,,,,,,,,,,,,,,,,,,,,,,,,,,,,,,,,,,,,,,,,,,,,,,,,,,,,,,,,,,,,,,,,,,,,,,,,,,,,,,,,,,,,,,,,,,
http://cdo.keu.kz/content/22654/22493/2q.htm,,,,,,,,,,,,,,,,,,,,,,,,,,,,,,,,,,,,,,,,,,,,,,,,,,,,,,,,,,,,,,,,,,,,,,,,,,,,,,,,,,,,,,,,,,,,,,,,,,,,,,,,,,,,,,,,,,,,,,,,,,,,,,,,,,,,,,,,,,,,,,,,,,,
http://cdo.keu.kz/content/22655/22494/T22.htm,,,,,,,,,,,,,,,,,,,,,,,,,,,,,,,,,,,,,,,,,,,,,,,,,,,,,,,,,,,,,,,,,,,,,,,,,,,,,,,,,,,,,,,,,,,,,,,,,,,,,,,,,,,,,,,,,,,,,,,,,,,,,,,,,,,,,,,,,,,,,,,,,,,
http://cdo.keu.kz/content/22656/22495/3q.htm,,,,,,,,,,,,,,,,,,,,,,,,,,,,,,,,,,,,,,,,,,,,,,,,,,,,,,,,,,,,,,,,,,,,,,,,,,,,,,,,,,,,,,,,,,,,,,,,,,,,,,,,,,,,,,,,,,,,,,,,,,,,,,,,,,,,,,,,,,,,,,,,,,,
http://cdo.keu.kz/content/22657/22496/4q.htm,,,,,,,,,,,,,,,,,,,,,,,,,,,,,,,,,,,,,,,,,,,,,,,,,,,,,,,,,,,,,,,,,,,,,,,,,,,,,,,,,,,,,,,,,,,,,,,,,,,,,,,,,,,,,,,,,,,,,,,,,,,,,,,,,,,,,,,,,,,,,,,,,,,
http://cdo.keu.kz/content/22658/22497/q.htm,,,,,,,,,,,,,,,,,,,,,,,,,,,,,,,,,,,,,,,,,,,,,,,,,,,,,,,,,,,,,,,,,,,,,,,,,,,,,,,,,,,,,,,,,,,,,,,,,,,,,,,,,,,,,,,,,,,,,,,,,,,,,,,,,,,,,,,,,,,,,,,,,,,
http://cdo.keu.kz/content/22659/22498/T2.htm,,,,,,,,,,,,,,,,,,,,,,,,,,,,,,,,,,,,,,,,,,,,,,,,,,,,,,,,,,,,,,,,,,,,,,,,,,,,,,,,,,,,,,,,,,,,,,,,,,,,,,,,,,,,,,,,,,,,,,,,,,,,,,,,,,,,,,,,,,,,,,,,,,,
http://cdo.keu.kz/content/22660/22499/T2.htm,,,,,,,,,,,,,,,,,,,,,,,,,,,,,,,,,,,,,,,,,,,,,,,,,,,,,,,,,,,,,,,,,,,,,,,,,,,,,,,,,,,,,,,,,,,,,,,,,,,,,,,,,,,,,,,,,,,,,,,,,,,,,,,,,,,,,,,,,,,,,,,,,,,
http://cdo.keu.kz/content/22661/22500/T1.files/image001.gif,http://cdo.keu.kz/content/22661/22500/T1.files/image002.gif,http://cdo.keu.kz/content/22661/22500/T1.files/image003.gif,http://cdo.keu.kz/content/22661/22500/T1.files/image004.gif,http://cdo.keu.kz/content/22661/22500/T1.htm,,,,,,,,,,,,,,,,,,,,,,,,,,,,,,,,,,,,,,,,,,,,,,,,,,,,,,,,,,,,,,,,,,,,,,,,,,,,,,,,,,,,,,,,,,,,,,,,,,,,,,,,,,,,,,,,,,,,,,,,,,,,,,,,,,,,,,,,,,,,,,,
http://cdo.keu.kz/content/22662/22501/T2.htm,,,,,,,,,,,,,,,,,,,,,,,,,,,,,,,,,,,,,,,,,,,,,,,,,,,,,,,,,,,,,,,,,,,,,,,,,,,,,,,,,,,,,,,,,,,,,,,,,,,,,,,,,,,,,,,,,,,,,,,,,,,,,,,,,,,,,,,,,,,,,,,,,,,
http://cdo.keu.kz/content/22663/22502/T3.htm,,,,,,,,,,,,,,,,,,,,,,,,,,,,,,,,,,,,,,,,,,,,,,,,,,,,,,,,,,,,,,,,,,,,,,,,,,,,,,,,,,,,,,,,,,,,,,,,,,,,,,,,,,,,,,,,,,,,,,,,,,,,,,,,,,,,,,,,,,,,,,,,,,,
http://cdo.keu.kz/content/22664/22503/T4.htm,,,,,,,,,,,,,,,,,,,,,,,,,,,,,,,,,,,,,,,,,,,,,,,,,,,,,,,,,,,,,,,,,,,,,,,,,,,,,,,,,,,,,,,,,,,,,,,,,,,,,,,,,,,,,,,,,,,,,,,,,,,,,,,,,,,,,,,,,,,,,,,,,,,
http://cdo.keu.kz/content/22665/22504/itog.files/image001.gif,http://cdo.keu.kz/content/22665/22504/itog.files/image002.gif,http://cdo.keu.kz/content/22665/22504/itog.files/image003.gif,http://cdo.keu.kz/content/22665/22504/itog.files/image004.gif,http://cdo.keu.kz/content/22665/22504/itog.files/image005.jpg,http://cdo.keu.kz/content/22665/22504/itog.files/image006.jpg,http://cdo.keu.kz/content/22665/22504/itog.files/image007.jpg,http://cdo.keu.kz/content/22665/22504/itog.files/image008.jpg,http://cdo.keu.kz/content/22665/22504/itog.files/image009.jpg,http://cdo.keu.kz/content/22665/22504/itog.files/image010.gif,http://cdo.keu.kz/content/22665/22504/itog.files/image011.jpg,http://cdo.keu.kz/content/22665/22504/itog.files/image012.jpg,http://cdo.keu.kz/content/22665/22504/itog.files/image013.jpg,http://cdo.keu.kz/content/22665/22504/itog.files/image014.jpg,http://cdo.keu.kz/content/22665/22504/itog.htm,,,,,,,,,,,,,,,,,,,,,,,,,,,,,,,,,,,,,,,,,,,,,,,,,,,,,,,,,,,,,,,,,,,,,,,,,,,,,,,,,,,,,,,,,,,,,,,,,,,,,,,,,,,,,,,,,,,,,,,,,,,,,,,,,,,,,
http://cdo.keu.kz/content/22666/22505/test1.files/colorschememapping.xml,http://cdo.keu.kz/content/22666/22505/test1.files/filelist.xml,http://cdo.keu.kz/content/22666/22505/test1.files/themedata.thmx,http://cdo.keu.kz/content/22666/22505/test1.htm,,,,,,,,,,,,,,,,,,,,,,,,,,,,,,,,,,,,,,,,,,,,,,,,,,,,,,,,,,,,,,,,,,,,,,,,,,,,,,,,,,,,,,,,,,,,,,,,,,,,,,,,,,,,,,,,,,,,,,,,,,,,,,,,,,,,,,,,,,,,,,,,
http://cdo.keu.kz/content/22667/22506/test1.files/colorschememapping.xml,http://cdo.keu.kz/content/22667/22506/test1.files/filelist.xml,http://cdo.keu.kz/content/22667/22506/test1.files/themedata.thmx,http://cdo.keu.kz/content/22667/22506/test1.htm,,,,,,,,,,,,,,,,,,,,,,,,,,,,,,,,,,,,,,,,,,,,,,,,,,,,,,,,,,,,,,,,,,,,,,,,,,,,,,,,,,,,,,,,,,,,,,,,,,,,,,,,,,,,,,,,,,,,,,,,,,,,,,,,,,,,,,,,,,,,,,,,
http://cdo.keu.kz/content/22668/22507/q.htm,,,,,,,,,,,,,,,,,,,,,,,,,,,,,,,,,,,,,,,,,,,,,,,,,,,,,,,,,,,,,,,,,,,,,,,,,,,,,,,,,,,,,,,,,,,,,,,,,,,,,,,,,,,,,,,,,,,,,,,,,,,,,,,,,,,,,,,,,,,,,,,,,,,
http://cdo.keu.kz/content/22669/22508/Itog.files/image001.gif,http://cdo.keu.kz/content/22669/22508/Itog.files/image002.gif,http://cdo.keu.kz/content/22669/22508/Itog.files/image003.gif,http://cdo.keu.kz/content/22669/22508/Itog.files/image004.gif,http://cdo.keu.kz/content/22669/22508/Itog.files/image005.gif,http://cdo.keu.kz/content/22669/22508/Itog.files/image006.gif,http://cdo.keu.kz/content/22669/22508/Itog.files/image007.gif,http://cdo.keu.kz/content/22669/22508/Itog.files/image008.gif,http://cdo.keu.kz/content/22669/22508/Itog.files/image009.gif,http://cdo.keu.kz/content/22669/22508/Itog.files/image010.gif,http://cdo.keu.kz/content/22669/22508/Itog.files/image011.gif,http://cdo.keu.kz/content/22669/22508/Itog.files/image012.gif,http://cdo.keu.kz/content/22669/22508/Itog.files/image013.gif,http://cdo.keu.kz/content/22669/22508/Itog.files/image014.gif,http://cdo.keu.kz/content/22669/22508/Itog.htm,,,,,,,,,,,,,,,,,,,,,,,,,,,,,,,,,,,,,,,,,,,,,,,,,,,,,,,,,,,,,,,,,,,,,,,,,,,,,,,,,,,,,,,,,,,,,,,,,,,,,,,,,,,,,,,,,,,,,,,,,,,,,,,,,,,,,
http://cdo.keu.kz/content/22670/22509/T1.htm,,,,,,,,,,,,,,,,,,,,,,,,,,,,,,,,,,,,,,,,,,,,,,,,,,,,,,,,,,,,,,,,,,,,,,,,,,,,,,,,,,,,,,,,,,,,,,,,,,,,,,,,,,,,,,,,,,,,,,,,,,,,,,,,,,,,,,,,,,,,,,,,,,,
http://cdo.keu.kz/content/22671/22510/T2.htm,,,,,,,,,,,,,,,,,,,,,,,,,,,,,,,,,,,,,,,,,,,,,,,,,,,,,,,,,,,,,,,,,,,,,,,,,,,,,,,,,,,,,,,,,,,,,,,,,,,,,,,,,,,,,,,,,,,,,,,,,,,,,,,,,,,,,,,,,,,,,,,,,,,
http://cdo.keu.kz/content/22672/22511/T3.htm,,,,,,,,,,,,,,,,,,,,,,,,,,,,,,,,,,,,,,,,,,,,,,,,,,,,,,,,,,,,,,,,,,,,,,,,,,,,,,,,,,,,,,,,,,,,,,,,,,,,,,,,,,,,,,,,,,,,,,,,,,,,,,,,,,,,,,,,,,,,,,,,,,,
http://cdo.keu.kz/content/22673/22512/T4.htm,,,,,,,,,,,,,,,,,,,,,,,,,,,,,,,,,,,,,,,,,,,,,,,,,,,,,,,,,,,,,,,,,,,,,,,,,,,,,,,,,,,,,,,,,,,,,,,,,,,,,,,,,,,,,,,,,,,,,,,,,,,,,,,,,,,,,,,,,,,,,,,,,,,
http://cdo.keu.kz/content/22674/22513/test2.files/colorschememapping.xml,http://cdo.keu.kz/content/22674/22513/test2.files/filelist.xml,http://cdo.keu.kz/content/22674/22513/test2.files/themedata.thmx,http://cdo.keu.kz/content/22674/22513/test2.htm,,,,,,,,,,,,,,,,,,,,,,,,,,,,,,,,,,,,,,,,,,,,,,,,,,,,,,,,,,,,,,,,,,,,,,,,,,,,,,,,,,,,,,,,,,,,,,,,,,,,,,,,,,,,,,,,,,,,,,,,,,,,,,,,,,,,,,,,,,,,,,,,
http://cdo.keu.kz/content/22675/22514/test3.files/colorschememapping.xml,http://cdo.keu.kz/content/22675/22514/test3.files/filelist.xml,http://cdo.keu.kz/content/22675/22514/test3.files/themedata.thmx,http://cdo.keu.kz/content/22675/22514/test3.htm,,,,,,,,,,,,,,,,,,,,,,,,,,,,,,,,,,,,,,,,,,,,,,,,,,,,,,,,,,,,,,,,,,,,,,,,,,,,,,,,,,,,,,,,,,,,,,,,,,,,,,,,,,,,,,,,,,,,,,,,,,,,,,,,,,,,,,,,,,,,,,,,
http://cdo.keu.kz/content/22676/22515/test4.files/colorschememapping.xml,http://cdo.keu.kz/content/22676/22515/test4.files/filelist.xml,http://cdo.keu.kz/content/22676/22515/test4.files/themedata.thmx,http://cdo.keu.kz/content/22676/22515/test4.htm,,,,,,,,,,,,,,,,,,,,,,,,,,,,,,,,,,,,,,,,,,,,,,,,,,,,,,,,,,,,,,,,,,,,,,,,,,,,,,,,,,,,,,,,,,,,,,,,,,,,,,,,,,,,,,,,,,,,,,,,,,,,,,,,,,,,,,,,,,,,,,,,
http://cdo.keu.kz/content/22677/22516/q.htm,,,,,,,,,,,,,,,,,,,,,,,,,,,,,,,,,,,,,,,,,,,,,,,,,,,,,,,,,,,,,,,,,,,,,,,,,,,,,,,,,,,,,,,,,,,,,,,,,,,,,,,,,,,,,,,,,,,,,,,,,,,,,,,,,,,,,,,,,,,,,,,,,,,
http://cdo.keu.kz/content/22678/22517/test4.files/colorschememapping.xml,http://cdo.keu.kz/content/22678/22517/test4.files/filelist.xml,http://cdo.keu.kz/content/22678/22517/test4.files/themedata.thmx,http://cdo.keu.kz/content/22678/22517/test4.htm,,,,,,,,,,,,,,,,,,,,,,,,,,,,,,,,,,,,,,,,,,,,,,,,,,,,,,,,,,,,,,,,,,,,,,,,,,,,,,,,,,,,,,,,,,,,,,,,,,,,,,,,,,,,,,,,,,,,,,,,,,,,,,,,,,,,,,,,,,,,,,,,
http://cdo.keu.kz/content/22679/22518/1q.htm,,,,,,,,,,,,,,,,,,,,,,,,,,,,,,,,,,,,,,,,,,,,,,,,,,,,,,,,,,,,,,,,,,,,,,,,,,,,,,,,,,,,,,,,,,,,,,,,,,,,,,,,,,,,,,,,,,,,,,,,,,,,,,,,,,,,,,,,,,,,,,,,,,,
http://cdo.keu.kz/content/22680/22519/2q.htm,,,,,,,,,,,,,,,,,,,,,,,,,,,,,,,,,,,,,,,,,,,,,,,,,,,,,,,,,,,,,,,,,,,,,,,,,,,,,,,,,,,,,,,,,,,,,,,,,,,,,,,,,,,,,,,,,,,,,,,,,,,,,,,,,,,,,,,,,,,,,,,,,,,
http://cdo.keu.kz/content/22681/22520/3q.htm,,,,,,,,,,,,,,,,,,,,,,,,,,,,,,,,,,,,,,,,,,,,,,,,,,,,,,,,,,,,,,,,,,,,,,,,,,,,,,,,,,,,,,,,,,,,,,,,,,,,,,,,,,,,,,,,,,,,,,,,,,,,,,,,,,,,,,,,,,,,,,,,,,,
http://cdo.keu.kz/content/22682/22521/test4.files/colorschememapping.xml,http://cdo.keu.kz/content/22682/22521/test4.files/filelist.xml,http://cdo.keu.kz/content/22682/22521/test4.files/themedata.thmx,http://cdo.keu.kz/content/22682/22521/test4.htm,,,,,,,,,,,,,,,,,,,,,,,,,,,,,,,,,,,,,,,,,,,,,,,,,,,,,,,,,,,,,,,,,,,,,,,,,,,,,,,,,,,,,,,,,,,,,,,,,,,,,,,,,,,,,,,,,,,,,,,,,,,,,,,,,,,,,,,,,,,,,,,,
http://cdo.keu.kz/content/22683/22522/4q.htm,,,,,,,,,,,,,,,,,,,,,,,,,,,,,,,,,,,,,,,,,,,,,,,,,,,,,,,,,,,,,,,,,,,,,,,,,,,,,,,,,,,,,,,,,,,,,,,,,,,,,,,,,,,,,,,,,,,,,,,,,,,,,,,,,,,,,,,,,,,,,,,,,,,
http://cdo.keu.kz/content/22684/22523/3q.htm,,,,,,,,,,,,,,,,,,,,,,,,,,,,,,,,,,,,,,,,,,,,,,,,,,,,,,,,,,,,,,,,,,,,,,,,,,,,,,,,,,,,,,,,,,,,,,,,,,,,,,,,,,,,,,,,,,,,,,,,,,,,,,,,,,,,,,,,,,,,,,,,,,,
http://cdo.keu.kz/content/22685/22524/1q.htm,,,,,,,,,,,,,,,,,,,,,,,,,,,,,,,,,,,,,,,,,,,,,,,,,,,,,,,,,,,,,,,,,,,,,,,,,,,,,,,,,,,,,,,,,,,,,,,,,,,,,,,,,,,,,,,,,,,,,,,,,,,,,,,,,,,,,,,,,,,,,,,,,,,
http://cdo.keu.kz/content/22686/22525/test4.files/colorschememapping.xml,http://cdo.keu.kz/content/22686/22525/test4.files/filelist.xml,http://cdo.keu.kz/content/22686/22525/test4.files/themedata.thmx,http://cdo.keu.kz/content/22686/22525/test4.htm,,,,,,,,,,,,,,,,,,,,,,,,,,,,,,,,,,,,,,,,,,,,,,,,,,,,,,,,,,,,,,,,,,,,,,,,,,,,,,,,,,,,,,,,,,,,,,,,,,,,,,,,,,,,,,,,,,,,,,,,,,,,,,,,,,,,,,,,,,,,,,,,
http://cdo.keu.kz/content/22687/22526/2q.htm,,,,,,,,,,,,,,,,,,,,,,,,,,,,,,,,,,,,,,,,,,,,,,,,,,,,,,,,,,,,,,,,,,,,,,,,,,,,,,,,,,,,,,,,,,,,,,,,,,,,,,,,,,,,,,,,,,,,,,,,,,,,,,,,,,,,,,,,,,,,,,,,,,,
http://cdo.keu.kz/content/22688/22527/3q.htm,,,,,,,,,,,,,,,,,,,,,,,,,,,,,,,,,,,,,,,,,,,,,,,,,,,,,,,,,,,,,,,,,,,,,,,,,,,,,,,,,,,,,,,,,,,,,,,,,,,,,,,,,,,,,,,,,,,,,,,,,,,,,,,,,,,,,,,,,,,,,,,,,,,
http://cdo.keu.kz/content/22689/22528/4q.htm,,,,,,,,,,,,,,,,,,,,,,,,,,,,,,,,,,,,,,,,,,,,,,,,,,,,,,,,,,,,,,,,,,,,,,,,,,,,,,,,,,,,,,,,,,,,,,,,,,,,,,,,,,,,,,,,,,,,,,,,,,,,,,,,,,,,,,,,,,,,,,,,,,,
http://cdo.keu.kz/content/22690/22529/itog.files/colorschememapping.xml,http://cdo.keu.kz/content/22690/22529/itog.files/filelist.xml,http://cdo.keu.kz/content/22690/22529/itog.files/item0001.xml,http://cdo.keu.kz/content/22690/22529/itog.files/props002.xml,http://cdo.keu.kz/content/22690/22529/itog.files/themedata.thmx,http://cdo.keu.kz/content/22690/22529/itog.htm,,,,,,,,,,,,,,,,,,,,,,,,,,,,,,,,,,,,,,,,,,,,,,,,,,,,,,,,,,,,,,,,,,,,,,,,,,,,,,,,,,,,,,,,,,,,,,,,,,,,,,,,,,,,,,,,,,,,,,,,,,,,,,,,,,,,,,,,,,,,,,
http://cdo.keu.kz/content/22691/22530/22530.htm,http://cdo.keu.kz/content/22691/22530/76597/76597.htm,http://cdo.keu.kz/content/22691/22530/76598/76598.htm,http://cdo.keu.kz/content/22691/22530/76599/76599.htm,http://cdo.keu.kz/content/22691/22530/76600/76600.htm,http://cdo.keu.kz/content/22691/22530/76601/76601.htm,http://cdo.keu.kz/content/22691/22530/76602/76602.htm,http://cdo.keu.kz/content/22691/22530/76603/76603.htm,,,,,,,,,,,,,,,,,,,,,,,,,,,,,,,,,,,,,,,,,,,,,,,,,,,,,,,,,,,,,,,,,,,,,,,,,,,,,,,,,,,,,,,,,,,,,,,,,,,,,,,,,,,,,,,,,,,,,,,,,,,,,,,,,,,,,,,,,,,,
http://cdo.keu.kz/content/22692/22531/q.htm,,,,,,,,,,,,,,,,,,,,,,,,,,,,,,,,,,,,,,,,,,,,,,,,,,,,,,,,,,,,,,,,,,,,,,,,,,,,,,,,,,,,,,,,,,,,,,,,,,,,,,,,,,,,,,,,,,,,,,,,,,,,,,,,,,,,,,,,,,,,,,,,,,,
http://cdo.keu.kz/content/22693/22532/1q.htm,,,,,,,,,,,,,,,,,,,,,,,,,,,,,,,,,,,,,,,,,,,,,,,,,,,,,,,,,,,,,,,,,,,,,,,,,,,,,,,,,,,,,,,,,,,,,,,,,,,,,,,,,,,,,,,,,,,,,,,,,,,,,,,,,,,,,,,,,,,,,,,,,,,
http://cdo.keu.kz/content/22694/22533/2q.htm,,,,,,,,,,,,,,,,,,,,,,,,,,,,,,,,,,,,,,,,,,,,,,,,,,,,,,,,,,,,,,,,,,,,,,,,,,,,,,,,,,,,,,,,,,,,,,,,,,,,,,,,,,,,,,,,,,,,,,,,,,,,,,,,,,,,,,,,,,,,,,,,,,,
http://cdo.keu.kz/content/22695/22534/3q.htm,,,,,,,,,,,,,,,,,,,,,,,,,,,,,,,,,,,,,,,,,,,,,,,,,,,,,,,,,,,,,,,,,,,,,,,,,,,,,,,,,,,,,,,,,,,,,,,,,,,,,,,,,,,,,,,,,,,,,,,,,,,,,,,,,,,,,,,,,,,,,,,,,,,
http://cdo.keu.kz/content/22696/22535/4q.htm,,,,,,,,,,,,,,,,,,,,,,,,,,,,,,,,,,,,,,,,,,,,,,,,,,,,,,,,,,,,,,,,,,,,,,,,,,,,,,,,,,,,,,,,,,,,,,,,,,,,,,,,,,,,,,,,,,,,,,,,,,,,,,,,,,,,,,,,,,,,,,,,,,,
http://cdo.keu.kz/content/22697/22536/22536.htm,http://cdo.keu.kz/content/22697/22536/lec.files/colorschememapping.xml,http://cdo.keu.kz/content/22697/22536/lec.files/filelist.xml,http://cdo.keu.kz/content/22697/22536/lec.files/themedata.thmx,http://cdo.keu.kz/content/22697/22536/lec.htm,,,,,,,,,,,,,,,,,,,,,,,,,,,,,,,,,,,,,,,,,,,,,,,,,,,,,,,,,,,,,,,,,,,,,,,,,,,,,,,,,,,,,,,,,,,,,,,,,,,,,,,,,,,,,,,,,,,,,,,,,,,,,,,,,,,,,,,,,,,,,,,
http://cdo.keu.kz/content/22698/22537/22537.htm,http://cdo.keu.kz/content/22698/22537/76604/76604.htm,http://cdo.keu.kz/content/22698/22537/76605/76605.htm,http://cdo.keu.kz/content/22698/22537/76606/76606.htm,http://cdo.keu.kz/content/22698/22537/76607/76607.htm,http://cdo.keu.kz/content/22698/22537/76608/76608.htm,http://cdo.keu.kz/content/22698/22537/76609/76609.htm,http://cdo.keu.kz/content/22698/22537/76610/76610.htm,http://cdo.keu.kz/content/22698/22537/lec.files/colorschememapping.xml,http://cdo.keu.kz/content/22698/22537/lec.files/filelist.xml,http://cdo.keu.kz/content/22698/22537/lec.files/themedata.thmx,,,,,,,,,,,,,,,,,,,,,,,,,,,,,,,,,,,,,,,,,,,,,,,,,,,,,,,,,,,,,,,,,,,,,,,,,,,,,,,,,,,,,,,,,,,,,,,,,,,,,,,,,,,,,,,,,,,,,,,,,,,,,,,,,,,,,,,,,
http://cdo.keu.kz/content/22699/22538/22538.htm,http://cdo.keu.kz/content/22699/22538/76611/76611.htm,http://cdo.keu.kz/content/22699/22538/76612/76612.htm,http://cdo.keu.kz/content/22699/22538/76613/76613.htm,http://cdo.keu.kz/content/22699/22538/76614/76614.htm,http://cdo.keu.kz/content/22699/22538/76615/76615.htm,http://cdo.keu.kz/content/22699/22538/76616/76616.htm,http://cdo.keu.kz/content/22699/22538/76617/76617.htm,http://cdo.keu.kz/content/22699/22538/lec.files/colorschememapping.xml,http://cdo.keu.kz/content/22699/22538/lec.files/filelist.xml,http://cdo.keu.kz/content/22699/22538/lec.files/themedata.thmx,,,,,,,,,,,,,,,,,,,,,,,,,,,,,,,,,,,,,,,,,,,,,,,,,,,,,,,,,,,,,,,,,,,,,,,,,,,,,,,,,,,,,,,,,,,,,,,,,,,,,,,,,,,,,,,,,,,,,,,,,,,,,,,,,,,,,,,,,
http://cdo.keu.kz/content/22700/22539/T1.htm,,,,,,,,,,,,,,,,,,,,,,,,,,,,,,,,,,,,,,,,,,,,,,,,,,,,,,,,,,,,,,,,,,,,,,,,,,,,,,,,,,,,,,,,,,,,,,,,,,,,,,,,,,,,,,,,,,,,,,,,,,,,,,,,,,,,,,,,,,,,,,,,,,,
