0,1,2,3,4,5,6,7,8,9,10,11,12,13,14,15,16,17,18,19,20,21,22,23,24,25,26,27,28,29,30,31,32,33,34,35,36,37,38,39,40,41,42
http://cdo.keu.kz/content/22901/22740/1q.htm,,,,,,,,,,,,,,,,,,,,,,,,,,,,,,,,,,,,,,,,,,
http://cdo.keu.kz/content/22902/22741/2q.htm,,,,,,,,,,,,,,,,,,,,,,,,,,,,,,,,,,,,,,,,,,
http://cdo.keu.kz/content/22903/22742/3q.htm,,,,,,,,,,,,,,,,,,,,,,,,,,,,,,,,,,,,,,,,,,
http://cdo.keu.kz/content/22904/22743/4q.htm,,,,,,,,,,,,,,,,,,,,,,,,,,,,,,,,,,,,,,,,,,
http://cdo.keu.kz/content/22905/22744/q.htm,,,,,,,,,,,,,,,,,,,,,,,,,,,,,,,,,,,,,,,,,,
http://cdo.keu.kz/content/22906/22745/1q.htm,,,,,,,,,,,,,,,,,,,,,,,,,,,,,,,,,,,,,,,,,,
http://cdo.keu.kz/content/22907/22746/2q.htm,,,,,,,,,,,,,,,,,,,,,,,,,,,,,,,,,,,,,,,,,,
http://cdo.keu.kz/content/22908/22747/3q.htm,,,,,,,,,,,,,,,,,,,,,,,,,,,,,,,,,,,,,,,,,,
http://cdo.keu.kz/content/22909/22748/4q.htm,,,,,,,,,,,,,,,,,,,,,,,,,,,,,,,,,,,,,,,,,,
http://cdo.keu.kz/content/22910/22749/q.files/image001.gif,http://cdo.keu.kz/content/22910/22749/q.htm,,,,,,,,,,,,,,,,,,,,,,,,,,,,,,,,,,,,,,,,,
http://cdo.keu.kz/content/22911/22750/1q.htm,,,,,,,,,,,,,,,,,,,,,,,,,,,,,,,,,,,,,,,,,,
http://cdo.keu.kz/content/22912/22751/2q.files/image001.gif,http://cdo.keu.kz/content/22912/22751/2q.htm,,,,,,,,,,,,,,,,,,,,,,,,,,,,,,,,,,,,,,,,,
http://cdo.keu.kz/content/22913/22752/3q.htm,,,,,,,,,,,,,,,,,,,,,,,,,,,,,,,,,,,,,,,,,,
http://cdo.keu.kz/content/22914/22753/4q.htm,,,,,,,,,,,,,,,,,,,,,,,,,,,,,,,,,,,,,,,,,,
http://cdo.keu.kz/content/22915/22754/t1.files/colorschememapping.xml,http://cdo.keu.kz/content/22915/22754/t1.files/filelist.xml,http://cdo.keu.kz/content/22915/22754/t1.files/themedata.thmx,http://cdo.keu.kz/content/22915/22754/t1.htm,,,,,,,,,,,,,,,,,,,,,,,,,,,,,,,,,,,,,,,
http://cdo.keu.kz/content/22916/22755/t2.files/colorschememapping.xml,http://cdo.keu.kz/content/22916/22755/t2.files/filelist.xml,http://cdo.keu.kz/content/22916/22755/t2.files/themedata.thmx,http://cdo.keu.kz/content/22916/22755/t2.htm,,,,,,,,,,,,,,,,,,,,,,,,,,,,,,,,,,,,,,,
http://cdo.keu.kz/content/22917/22756/t3.files/colorschememapping.xml,http://cdo.keu.kz/content/22917/22756/t3.files/filelist.xml,http://cdo.keu.kz/content/22917/22756/t3.files/themedata.thmx,http://cdo.keu.kz/content/22917/22756/t3.htm,,,,,,,,,,,,,,,,,,,,,,,,,,,,,,,,,,,,,,,
http://cdo.keu.kz/content/22918/22757/t4.docx,http://cdo.keu.kz/content/22918/22757/t4.files/colorschememapping.xml,http://cdo.keu.kz/content/22918/22757/t4.files/filelist.xml,http://cdo.keu.kz/content/22918/22757/t4.files/themedata.thmx,,,,,,,,,,,,,,,,,,,,,,,,,,,,,,,,,,,,,,,
http://cdo.keu.kz/content/22919/22758/t4.docx,http://cdo.keu.kz/content/22919/22758/t4.files/colorschememapping.xml,http://cdo.keu.kz/content/22919/22758/t4.files/filelist.xml,http://cdo.keu.kz/content/22919/22758/t4.files/themedata.thmx,,,,,,,,,,,,,,,,,,,,,,,,,,,,,,,,,,,,,,,
http://cdo.keu.kz/content/22920/22759/t4.files/colorschememapping.xml,http://cdo.keu.kz/content/22920/22759/t4.files/filelist.xml,http://cdo.keu.kz/content/22920/22759/t4.files/themedata.thmx,http://cdo.keu.kz/content/22920/22759/t4.htm,,,,,,,,,,,,,,,,,,,,,,,,,,,,,,,,,,,,,,,
http://cdo.keu.kz/content/22921/22760/itog.files/colorschememapping.xml,http://cdo.keu.kz/content/22921/22760/itog.files/filelist.xml,http://cdo.keu.kz/content/22921/22760/itog.files/themedata.thmx,http://cdo.keu.kz/content/22921/22760/itog.htm,,,,,,,,,,,,,,,,,,,,,,,,,,,,,,,,,,,,,,,
http://cdo.keu.kz/content/22922/22761/1q.htm,,,,,,,,,,,,,,,,,,,,,,,,,,,,,,,,,,,,,,,,,,
http://cdo.keu.kz/content/22923/22762/2q.htm,,,,,,,,,,,,,,,,,,,,,,,,,,,,,,,,,,,,,,,,,,
http://cdo.keu.kz/content/22924/22763/3q.htm,,,,,,,,,,,,,,,,,,,,,,,,,,,,,,,,,,,,,,,,,,
http://cdo.keu.kz/content/22925/22764/4q.htm,,,,,,,,,,,,,,,,,,,,,,,,,,,,,,,,,,,,,,,,,,
http://cdo.keu.kz/content/22926/22765/4q.htm,,,,,,,,,,,,,,,,,,,,,,,,,,,,,,,,,,,,,,,,,,
http://cdo.keu.kz/content/22927/22766/4q.htm,,,,,,,,,,,,,,,,,,,,,,,,,,,,,,,,,,,,,,,,,,
http://cdo.keu.kz/content/22928/22767/Itog.files/image001.gif,http://cdo.keu.kz/content/22928/22767/Itog.files/image002.gif,http://cdo.keu.kz/content/22928/22767/Itog.htm,,,,,,,,,,,,,,,,,,,,,,,,,,,,,,,,,,,,,,,,
http://cdo.keu.kz/content/22929/22768/T1.htm,,,,,,,,,,,,,,,,,,,,,,,,,,,,,,,,,,,,,,,,,,
http://cdo.keu.kz/content/22930/22769/q.htm,,,,,,,,,,,,,,,,,,,,,,,,,,,,,,,,,,,,,,,,,,
http://cdo.keu.kz/content/22931/22770/T1.htm,,,,,,,,,,,,,,,,,,,,,,,,,,,,,,,,,,,,,,,,,,
http://cdo.keu.kz/content/22932/22771/T2.htm,,,,,,,,,,,,,,,,,,,,,,,,,,,,,,,,,,,,,,,,,,
http://cdo.keu.kz/content/22933/22772/22772.htm,http://cdo.keu.kz/content/22933/22772/76750/76750.htm,http://cdo.keu.kz/content/22933/22772/76751/76751.htm,http://cdo.keu.kz/content/22933/22772/76752/76752.htm,http://cdo.keu.kz/content/22933/22772/76753/76753.htm,http://cdo.keu.kz/content/22933/22772/76754/76754.htm,http://cdo.keu.kz/content/22933/22772/76755/76755.htm,http://cdo.keu.kz/content/22933/22772/76756/76756.htm,http://cdo.keu.kz/content/22933/22772/76757/76757.htm,http://cdo.keu.kz/content/22933/22772/76758/76758.htm,http://cdo.keu.kz/content/22933/22772/76759/76759.htm,http://cdo.keu.kz/content/22933/22772/76760/76760.htm,http://cdo.keu.kz/content/22933/22772/76761/76761.htm,http://cdo.keu.kz/content/22933/22772/76762/76762.htm,http://cdo.keu.kz/content/22933/22772/76763/76763.htm,http://cdo.keu.kz/content/22933/22772/76764/76764.htm,http://cdo.keu.kz/content/22933/22772/76765/76765.htm,http://cdo.keu.kz/content/22933/22772/76766/76766.htm,http://cdo.keu.kz/content/22933/22772/76767/76767.htm,http://cdo.keu.kz/content/22933/22772/76768/76768.htm,http://cdo.keu.kz/content/22933/22772/76769/76769.htm,http://cdo.keu.kz/content/22933/22772/76770/76770.htm,http://cdo.keu.kz/content/22933/22772/76771/76771.htm,http://cdo.keu.kz/content/22933/22772/lek.files/image001.gif,http://cdo.keu.kz/content/22933/22772/lek.files/image002.gif,http://cdo.keu.kz/content/22933/22772/lek.files/image003.gif,,,,,,,,,,,,,,,,,
http://cdo.keu.kz/content/22934/22773/q.htm,,,,,,,,,,,,,,,,,,,,,,,,,,,,,,,,,,,,,,,,,,
http://cdo.keu.kz/content/22935/22774/1q.htm,,,,,,,,,,,,,,,,,,,,,,,,,,,,,,,,,,,,,,,,,,
http://cdo.keu.kz/content/22936/22775/2q.htm,,,,,,,,,,,,,,,,,,,,,,,,,,,,,,,,,,,,,,,,,,
http://cdo.keu.kz/content/22937/22776/3q.htm,,,,,,,,,,,,,,,,,,,,,,,,,,,,,,,,,,,,,,,,,,
http://cdo.keu.kz/content/22938/22777/4q.htm,,,,,,,,,,,,,,,,,,,,,,,,,,,,,,,,,,,,,,,,,,
http://cdo.keu.kz/content/22939/22778/1q.htm,,,,,,,,,,,,,,,,,,,,,,,,,,,,,,,,,,,,,,,,,,
http://cdo.keu.kz/content/22940/22779/2q.htm,,,,,,,,,,,,,,,,,,,,,,,,,,,,,,,,,,,,,,,,,,
http://cdo.keu.kz/content/22941/22780/T3.htm,,,,,,,,,,,,,,,,,,,,,,,,,,,,,,,,,,,,,,,,,,
http://cdo.keu.kz/content/22942/22781/3qdocx.htm,,,,,,,,,,,,,,,,,,,,,,,,,,,,,,,,,,,,,,,,,,
http://cdo.keu.kz/content/22943/22782/T4.htm,,,,,,,,,,,,,,,,,,,,,,,,,,,,,,,,,,,,,,,,,,
http://cdo.keu.kz/content/22944/22783/itog.htm,,,,,,,,,,,,,,,,,,,,,,,,,,,,,,,,,,,,,,,,,,
http://cdo.keu.kz/content/22945/22784/1q.htm,,,,,,,,,,,,,,,,,,,,,,,,,,,,,,,,,,,,,,,,,,
http://cdo.keu.kz/content/22946/22785/4q.htm,,,,,,,,,,,,,,,,,,,,,,,,,,,,,,,,,,,,,,,,,,
http://cdo.keu.kz/content/22947/22786/2q.htm,,,,,,,,,,,,,,,,,,,,,,,,,,,,,,,,,,,,,,,,,,
http://cdo.keu.kz/content/22948/22787/3q.htm,,,,,,,,,,,,,,,,,,,,,,,,,,,,,,,,,,,,,,,,,,
http://cdo.keu.kz/content/22949/22788/4q.htm,,,,,,,,,,,,,,,,,,,,,,,,,,,,,,,,,,,,,,,,,,
http://cdo.keu.kz/content/22950/22789/qq.htm,,,,,,,,,,,,,,,,,,,,,,,,,,,,,,,,,,,,,,,,,,
http://cdo.keu.kz/content/22951/22790/4q.htm,,,,,,,,,,,,,,,,,,,,,,,,,,,,,,,,,,,,,,,,,,
http://cdo.keu.kz/content/22952/22791/4q.htm,,,,,,,,,,,,,,,,,,,,,,,,,,,,,,,,,,,,,,,,,,
http://cdo.keu.kz/content/22953/22792/22792.htm,http://cdo.keu.kz/content/22953/22792/76772/76772.htm,http://cdo.keu.kz/content/22953/22792/76773/76773.htm,http://cdo.keu.kz/content/22953/22792/76774/76774.htm,http://cdo.keu.kz/content/22953/22792/76775/76775.htm,http://cdo.keu.kz/content/22953/22792/76776/76776.htm,http://cdo.keu.kz/content/22953/22792/76777/76777.htm,http://cdo.keu.kz/content/22953/22792/76778/76778.htm,http://cdo.keu.kz/content/22953/22792/76779/76779.htm,http://cdo.keu.kz/content/22953/22792/76780/76780.htm,http://cdo.keu.kz/content/22953/22792/76781/76781.htm,http://cdo.keu.kz/content/22953/22792/76782/76782.htm,http://cdo.keu.kz/content/22953/22792/76783/76783.htm,http://cdo.keu.kz/content/22953/22792/76784/76784.htm,http://cdo.keu.kz/content/22953/22792/76785/76785.htm,http://cdo.keu.kz/content/22953/22792/76786/76786.htm,http://cdo.keu.kz/content/22953/22792/76787/76787.htm,http://cdo.keu.kz/content/22953/22792/76788/76788.htm,http://cdo.keu.kz/content/22953/22792/76789/76789.htm,http://cdo.keu.kz/content/22953/22792/76790/76790.htm,http://cdo.keu.kz/content/22953/22792/76791/76791.htm,http://cdo.keu.kz/content/22953/22792/76792/76792.htm,http://cdo.keu.kz/content/22953/22792/76793/76793.htm,http://cdo.keu.kz/content/22953/22792/76794/76794.htm,http://cdo.keu.kz/content/22953/22792/76795/76795.htm,http://cdo.keu.kz/content/22953/22792/76796/76796.htm,http://cdo.keu.kz/content/22953/22792/76797/76797.htm,http://cdo.keu.kz/content/22953/22792/76798/76798.htm,http://cdo.keu.kz/content/22953/22792/76799/76799.htm,http://cdo.keu.kz/content/22953/22792/76800/76800.htm,http://cdo.keu.kz/content/22953/22792/76801/76801.htm,http://cdo.keu.kz/content/22953/22792/lek.files/image001.png,http://cdo.keu.kz/content/22953/22792/lek.files/image002.png,http://cdo.keu.kz/content/22953/22792/lek.files/image003.png,http://cdo.keu.kz/content/22953/22792/lek.files/image004.png,http://cdo.keu.kz/content/22953/22792/lek.files/image005.png,http://cdo.keu.kz/content/22953/22792/lek.files/image006.png,http://cdo.keu.kz/content/22953/22792/lek.files/image007.png,http://cdo.keu.kz/content/22953/22792/lek.files/image008.png,http://cdo.keu.kz/content/22953/22792/lek.files/image009.png,http://cdo.keu.kz/content/22953/22792/lek.files/image010.jpg,http://cdo.keu.kz/content/22953/22792/lek.files/image011.jpg,http://cdo.keu.kz/content/22953/22792/lek.files/image012.png
http://cdo.keu.kz/content/22954/22793/22793.htm,http://cdo.keu.kz/content/22954/22793/76802/76802.htm,http://cdo.keu.kz/content/22954/22793/76803/76803.htm,http://cdo.keu.kz/content/22954/22793/76804/76804.htm,http://cdo.keu.kz/content/22954/22793/76805/76805.htm,http://cdo.keu.kz/content/22954/22793/76806/76806.htm,http://cdo.keu.kz/content/22954/22793/76807/76807.htm,http://cdo.keu.kz/content/22954/22793/76808/76808.htm,http://cdo.keu.kz/content/22954/22793/76809/76809.htm,http://cdo.keu.kz/content/22954/22793/76810/76810.htm,http://cdo.keu.kz/content/22954/22793/76811/76811.htm,http://cdo.keu.kz/content/22954/22793/76812/76812.htm,http://cdo.keu.kz/content/22954/22793/76813/76813.htm,http://cdo.keu.kz/content/22954/22793/76814/76814.htm,http://cdo.keu.kz/content/22954/22793/76815/76815.htm,http://cdo.keu.kz/content/22954/22793/76816/76816.htm,http://cdo.keu.kz/content/22954/22793/TrGsu.files/image001.jpg,http://cdo.keu.kz/content/22954/22793/TrGsu.files/image002.jpg,,,,,,,,,,,,,,,,,,,,,,,,,
http://cdo.keu.kz/content/22955/22794/2q.htm,,,,,,,,,,,,,,,,,,,,,,,,,,,,,,,,,,,,,,,,,,
http://cdo.keu.kz/content/22956/22795/t1.files/colorschememapping.xml,http://cdo.keu.kz/content/22956/22795/t1.files/filelist.xml,http://cdo.keu.kz/content/22956/22795/t1.files/themedata.thmx,http://cdo.keu.kz/content/22956/22795/t1.htm,,,,,,,,,,,,,,,,,,,,,,,,,,,,,,,,,,,,,,,
http://cdo.keu.kz/content/22957/22796/22796.htm,,,,,,,,,,,,,,,,,,,,,,,,,,,,,,,,,,,,,,,,,,
http://cdo.keu.kz/content/22958/22797/q.htm,,,,,,,,,,,,,,,,,,,,,,,,,,,,,,,,,,,,,,,,,,
http://cdo.keu.kz/content/22959/22798/q.htm,,,,,,,,,,,,,,,,,,,,,,,,,,,,,,,,,,,,,,,,,,
http://cdo.keu.kz/content/22960/22799/1q.htm,,,,,,,,,,,,,,,,,,,,,,,,,,,,,,,,,,,,,,,,,,
http://cdo.keu.kz/content/22961/22800/2q.htm,,,,,,,,,,,,,,,,,,,,,,,,,,,,,,,,,,,,,,,,,,
http://cdo.keu.kz/content/22962/22801/3q.htm,,,,,,,,,,,,,,,,,,,,,,,,,,,,,,,,,,,,,,,,,,
http://cdo.keu.kz/content/22963/22802/4q.htm,,,,,,,,,,,,,,,,,,,,,,,,,,,,,,,,,,,,,,,,,,
http://cdo.keu.kz/content/22964/22803/t2.files/colorschememapping.xml,http://cdo.keu.kz/content/22964/22803/t2.files/filelist.xml,http://cdo.keu.kz/content/22964/22803/t2.files/themedata.thmx,http://cdo.keu.kz/content/22964/22803/t2.htm,,,,,,,,,,,,,,,,,,,,,,,,,,,,,,,,,,,,,,,
http://cdo.keu.kz/content/22965/22804/22804.htm,http://cdo.keu.kz/content/22965/22804/76817/76817.htm,http://cdo.keu.kz/content/22965/22804/76818/76818.htm,http://cdo.keu.kz/content/22965/22804/76819/76819.htm,http://cdo.keu.kz/content/22965/22804/76820/76820.htm,http://cdo.keu.kz/content/22965/22804/76821/76821.htm,http://cdo.keu.kz/content/22965/22804/76822/76822.htm,http://cdo.keu.kz/content/22965/22804/76823/76823.htm,,,,,,,,,,,,,,,,,,,,,,,,,,,,,,,,,,,
http://cdo.keu.kz/content/22966/22805/22805.htm,http://cdo.keu.kz/content/22966/22805/76824/76824.htm,http://cdo.keu.kz/content/22966/22805/76825/76825.htm,http://cdo.keu.kz/content/22966/22805/76826/76826.htm,http://cdo.keu.kz/content/22966/22805/76827/76827.htm,http://cdo.keu.kz/content/22966/22805/76828/76828.htm,http://cdo.keu.kz/content/22966/22805/lec.files/colorschememapping.xml,http://cdo.keu.kz/content/22966/22805/lec.files/filelist.xml,http://cdo.keu.kz/content/22966/22805/lec.files/themedata.thmx,,,,,,,,,,,,,,,,,,,,,,,,,,,,,,,,,,
http://cdo.keu.kz/content/22967/22806/q.files/image001.gif,http://cdo.keu.kz/content/22967/22806/q.files/image002.gif,http://cdo.keu.kz/content/22967/22806/q.files/image003.gif,http://cdo.keu.kz/content/22967/22806/q.files/image004.gif,http://cdo.keu.kz/content/22967/22806/q.files/image005.gif,http://cdo.keu.kz/content/22967/22806/q.files/image006.gif,http://cdo.keu.kz/content/22967/22806/q.htm,,,,,,,,,,,,,,,,,,,,,,,,,,,,,,,,,,,,
http://cdo.keu.kz/content/22968/22807/1q.htm,,,,,,,,,,,,,,,,,,,,,,,,,,,,,,,,,,,,,,,,,,
http://cdo.keu.kz/content/22969/22808/1q.htm,,,,,,,,,,,,,,,,,,,,,,,,,,,,,,,,,,,,,,,,,,
http://cdo.keu.kz/content/22970/22809/Itog.htm,,,,,,,,,,,,,,,,,,,,,,,,,,,,,,,,,,,,,,,,,,
http://cdo.keu.kz/content/22971/22810/2q.files/image001.gif,http://cdo.keu.kz/content/22971/22810/2q.files/image002.gif,http://cdo.keu.kz/content/22971/22810/2q.files/image003.gif,http://cdo.keu.kz/content/22971/22810/2q.files/image004.gif,http://cdo.keu.kz/content/22971/22810/2q.files/image005.gif,http://cdo.keu.kz/content/22971/22810/2q.files/image006.gif,http://cdo.keu.kz/content/22971/22810/2q.htm,,,,,,,,,,,,,,,,,,,,,,,,,,,,,,,,,,,,
http://cdo.keu.kz/content/22972/22811/3q.htm,,,,,,,,,,,,,,,,,,,,,,,,,,,,,,,,,,,,,,,,,,
http://cdo.keu.kz/content/22973/22812/2q.htm,,,,,,,,,,,,,,,,,,,,,,,,,,,,,,,,,,,,,,,,,,
http://cdo.keu.kz/content/22974/22813/4q.htm,,,,,,,,,,,,,,,,,,,,,,,,,,,,,,,,,,,,,,,,,,
http://cdo.keu.kz/content/22975/22814/3q.htm,,,,,,,,,,,,,,,,,,,,,,,,,,,,,,,,,,,,,,,,,,
http://cdo.keu.kz/content/22976/22815/T1.htm,,,,,,,,,,,,,,,,,,,,,,,,,,,,,,,,,,,,,,,,,,
http://cdo.keu.kz/content/22977/22816/4q.htm,,,,,,,,,,,,,,,,,,,,,,,,,,,,,,,,,,,,,,,,,,
http://cdo.keu.kz/content/22978/22817/T2.htm,,,,,,,,,,,,,,,,,,,,,,,,,,,,,,,,,,,,,,,,,,
http://cdo.keu.kz/content/22979/22818/t3.files/colorschememapping.xml,http://cdo.keu.kz/content/22979/22818/t3.files/filelist.xml,http://cdo.keu.kz/content/22979/22818/t3.files/themedata.thmx,http://cdo.keu.kz/content/22979/22818/t3.htm,,,,,,,,,,,,,,,,,,,,,,,,,,,,,,,,,,,,,,,
http://cdo.keu.kz/content/22980/22819/T3.htm,,,,,,,,,,,,,,,,,,,,,,,,,,,,,,,,,,,,,,,,,,
http://cdo.keu.kz/content/22981/22820/T4.htm,,,,,,,,,,,,,,,,,,,,,,,,,,,,,,,,,,,,,,,,,,
http://cdo.keu.kz/content/22982/22821/test1.files/colorschememapping.xml,http://cdo.keu.kz/content/22982/22821/test1.files/filelist.xml,http://cdo.keu.kz/content/22982/22821/test1.files/themedata.thmx,http://cdo.keu.kz/content/22982/22821/test1.htm,,,,,,,,,,,,,,,,,,,,,,,,,,,,,,,,,,,,,,,
http://cdo.keu.kz/content/22983/22822/t4.files/colorschememapping.xml,http://cdo.keu.kz/content/22983/22822/t4.files/filelist.xml,http://cdo.keu.kz/content/22983/22822/t4.files/themedata.thmx,http://cdo.keu.kz/content/22983/22822/t4.htm,,,,,,,,,,,,,,,,,,,,,,,,,,,,,,,,,,,,,,,
http://cdo.keu.kz/content/22984/22823/qqq.htm,,,,,,,,,,,,,,,,,,,,,,,,,,,,,,,,,,,,,,,,,,
http://cdo.keu.kz/content/22985/22824/itog.files/colorschememapping.xml,http://cdo.keu.kz/content/22985/22824/itog.files/filelist.xml,http://cdo.keu.kz/content/22985/22824/itog.files/image001.png,http://cdo.keu.kz/content/22985/22824/itog.files/image002.wmz,http://cdo.keu.kz/content/22985/22824/itog.files/image003.png,http://cdo.keu.kz/content/22985/22824/itog.files/oledata.mso,http://cdo.keu.kz/content/22985/22824/itog.files/themedata.thmx,http://cdo.keu.kz/content/22985/22824/itog.htm,,,,,,,,,,,,,,,,,,,,,,,,,,,,,,,,,,,
http://cdo.keu.kz/content/22986/22825/22825.htm,http://cdo.keu.kz/content/22986/22825/76829/76829.htm,http://cdo.keu.kz/content/22986/22825/76830/76830.htm,http://cdo.keu.kz/content/22986/22825/76831/76831.htm,http://cdo.keu.kz/content/22986/22825/76832/76832.htm,http://cdo.keu.kz/content/22986/22825/76833/76833.htm,http://cdo.keu.kz/content/22986/22825/76834/76834.htm,http://cdo.keu.kz/content/22986/22825/76835/76835.htm,http://cdo.keu.kz/content/22986/22825/76836/76836.htm,http://cdo.keu.kz/content/22986/22825/76837/76837.htm,http://cdo.keu.kz/content/22986/22825/76838/76838.htm,http://cdo.keu.kz/content/22986/22825/76839/76839.htm,http://cdo.keu.kz/content/22986/22825/76840/76840.htm,http://cdo.keu.kz/content/22986/22825/76841/76841.htm,http://cdo.keu.kz/content/22986/22825/76842/76842.htm,http://cdo.keu.kz/content/22986/22825/76843/76843.htm,,,,,,,,,,,,,,,,,,,,,,,,,,,
http://cdo.keu.kz/content/22987/22826/3q.htm,,,,,,,,,,,,,,,,,,,,,,,,,,,,,,,,,,,,,,,,,,
http://cdo.keu.kz/content/22988/22827/test2.files/colorschememapping.xml,http://cdo.keu.kz/content/22988/22827/test2.files/filelist.xml,http://cdo.keu.kz/content/22988/22827/test2.files/themedata.thmx,http://cdo.keu.kz/content/22988/22827/test2.htm,,,,,,,,,,,,,,,,,,,,,,,,,,,,,,,,,,,,,,,
http://cdo.keu.kz/content/22989/22828/q.htm,,,,,,,,,,,,,,,,,,,,,,,,,,,,,,,,,,,,,,,,,,
http://cdo.keu.kz/content/22990/22829/4q.htm,,,,,,,,,,,,,,,,,,,,,,,,,,,,,,,,,,,,,,,,,,
http://cdo.keu.kz/content/22991/22830/ITOG.files/colorschememapping.xml,http://cdo.keu.kz/content/22991/22830/ITOG.files/filelist.xml,http://cdo.keu.kz/content/22991/22830/ITOG.files/themedata.thmx,http://cdo.keu.kz/content/22991/22830/ITOG.htm,,,,,,,,,,,,,,,,,,,,,,,,,,,,,,,,,,,,,,,
http://cdo.keu.kz/content/22992/22831/q.htm,,,,,,,,,,,,,,,,,,,,,,,,,,,,,,,,,,,,,,,,,,
http://cdo.keu.kz/content/22993/22832/test3.files/colorschememapping.xml,http://cdo.keu.kz/content/22993/22832/test3.files/filelist.xml,http://cdo.keu.kz/content/22993/22832/test3.files/themedata.thmx,http://cdo.keu.kz/content/22993/22832/test3.htm,,,,,,,,,,,,,,,,,,,,,,,,,,,,,,,,,,,,,,,
http://cdo.keu.kz/content/22994/22833/ITOG.files/colorschememapping.xml,http://cdo.keu.kz/content/22994/22833/ITOG.files/filelist.xml,http://cdo.keu.kz/content/22994/22833/ITOG.files/themedata.thmx,http://cdo.keu.kz/content/22994/22833/ITOG.htm,,,,,,,,,,,,,,,,,,,,,,,,,,,,,,,,,,,,,,,
http://cdo.keu.kz/content/22995/22834/1q.htm,,,,,,,,,,,,,,,,,,,,,,,,,,,,,,,,,,,,,,,,,,
http://cdo.keu.kz/content/22996/22835/test4.files/colorschememapping.xml,http://cdo.keu.kz/content/22996/22835/test4.files/filelist.xml,http://cdo.keu.kz/content/22996/22835/test4.files/themedata.thmx,http://cdo.keu.kz/content/22996/22835/test4.htm,,,,,,,,,,,,,,,,,,,,,,,,,,,,,,,,,,,,,,,
http://cdo.keu.kz/content/22997/22836/2q.htm,,,,,,,,,,,,,,,,,,,,,,,,,,,,,,,,,,,,,,,,,,
http://cdo.keu.kz/content/22998/22837/3q.htm,,,,,,,,,,,,,,,,,,,,,,,,,,,,,,,,,,,,,,,,,,
http://cdo.keu.kz/content/22999/22838/4q.htm,,,,,,,,,,,,,,,,,,,,,,,,,,,,,,,,,,,,,,,,,,
http://cdo.keu.kz/content/23000/22839/itog.files/colorschememapping.xml,http://cdo.keu.kz/content/23000/22839/itog.files/filelist.xml,http://cdo.keu.kz/content/23000/22839/itog.files/themedata.thmx,http://cdo.keu.kz/content/23000/22839/itog.htm,,,,,,,,,,,,,,,,,,,,,,,,,,,,,,,,,,,,,,,
