0,1,2,3,4,5,6
http://cdo.keu.kz/content/22201/22040/test4.files/colorschememapping.xml,http://cdo.keu.kz/content/22201/22040/test4.files/filelist.xml,http://cdo.keu.kz/content/22201/22040/test4.files/themedata.thmx,http://cdo.keu.kz/content/22201/22040/test4.htm,,,
http://cdo.keu.kz/content/22202/22041/1q.htm,,,,,,
http://cdo.keu.kz/content/22203/22042/2q.htm,,,,,,
http://cdo.keu.kz/content/22204/22043/3q.htm,,,,,,
http://cdo.keu.kz/content/22205/22044/4q.htm,,,,,,
http://cdo.keu.kz/content/22206/22045/q.htm,,,,,,
http://cdo.keu.kz/content/22207/22046/itog.files/colorschememapping.xml,http://cdo.keu.kz/content/22207/22046/itog.files/filelist.xml,http://cdo.keu.kz/content/22207/22046/itog.files/themedata.thmx,http://cdo.keu.kz/content/22207/22046/itog.htm,,,
http://cdo.keu.kz/content/22208/22047/%e2%80%991.files/colorschememapping.xml,http://cdo.keu.kz/content/22208/22047/%e2%80%991.files/filelist.xml,http://cdo.keu.kz/content/22208/22047/%e2%80%991.files/themedata.thmx,http://cdo.keu.kz/content/22208/22047/%e2%80%991.htm,,,
http://cdo.keu.kz/content/22209/22048/%e2%80%992.files/colorschememapping.xml,http://cdo.keu.kz/content/22209/22048/%e2%80%992.files/filelist.xml,http://cdo.keu.kz/content/22209/22048/%e2%80%992.files/themedata.thmx,http://cdo.keu.kz/content/22209/22048/%e2%80%992.htm,,,
http://cdo.keu.kz/content/22210/22049/%e2%80%993.files/colorschememapping.xml,http://cdo.keu.kz/content/22210/22049/%e2%80%993.files/filelist.xml,http://cdo.keu.kz/content/22210/22049/%e2%80%993.files/themedata.thmx,http://cdo.keu.kz/content/22210/22049/%e2%80%993.htm,,,
http://cdo.keu.kz/content/22211/22050/%e2%80%994.files/colorschememapping.xml,http://cdo.keu.kz/content/22211/22050/%e2%80%994.files/filelist.xml,http://cdo.keu.kz/content/22211/22050/%e2%80%994.files/themedata.thmx,http://cdo.keu.kz/content/22211/22050/%e2%80%994.htm,,,
http://cdo.keu.kz/content/22212/22051/itog5.files/colorschememapping.xml,http://cdo.keu.kz/content/22212/22051/itog5.files/filelist.xml,http://cdo.keu.kz/content/22212/22051/itog5.files/themedata.thmx,http://cdo.keu.kz/content/22212/22051/itog5.htm,,,
http://cdo.keu.kz/content/22213/22052/itog5.files/colorschememapping.xml,http://cdo.keu.kz/content/22213/22052/itog5.files/filelist.xml,http://cdo.keu.kz/content/22213/22052/itog5.files/themedata.thmx,http://cdo.keu.kz/content/22213/22052/itog5.htm,,,
http://cdo.keu.kz/content/22214/22053/itog5.files/colorschememapping.xml,http://cdo.keu.kz/content/22214/22053/itog5.files/filelist.xml,http://cdo.keu.kz/content/22214/22053/itog5.files/themedata.thmx,http://cdo.keu.kz/content/22214/22053/itog5.htm,,,
http://cdo.keu.kz/content/22215/22054/1q.htm,,,,,,
http://cdo.keu.kz/content/22216/22055/2q.htm,,,,,,
http://cdo.keu.kz/content/22217/22056/3q.htm,,,,,,
http://cdo.keu.kz/content/22218/22057/4q.htm,,,,,,
http://cdo.keu.kz/content/22219/22058/q.files/image001.png,http://cdo.keu.kz/content/22219/22058/q.htm,,,,,
http://cdo.keu.kz/content/22220/22059/test1.files/colorschememapping.xml,http://cdo.keu.kz/content/22220/22059/test1.files/filelist.xml,http://cdo.keu.kz/content/22220/22059/test1.files/themedata.thmx,http://cdo.keu.kz/content/22220/22059/test1.htm,,,
http://cdo.keu.kz/content/22221/22060/q.htm,,,,,,
http://cdo.keu.kz/content/22222/22061/test2.files/colorschememapping.xml,http://cdo.keu.kz/content/22222/22061/test2.files/filelist.xml,http://cdo.keu.kz/content/22222/22061/test2.files/themedata.thmx,http://cdo.keu.kz/content/22222/22061/test2.htm,,,
http://cdo.keu.kz/content/22223/22062/q.htm,,,,,,
http://cdo.keu.kz/content/22224/22063/test3.files/colorschememapping.xml,http://cdo.keu.kz/content/22224/22063/test3.files/filelist.xml,http://cdo.keu.kz/content/22224/22063/test3.files/themedata.thmx,http://cdo.keu.kz/content/22224/22063/test3.htm,,,
http://cdo.keu.kz/content/22226/22065/1q.htm,,,,,,
http://cdo.keu.kz/content/22227/22066/test4.files/colorschememapping.xml,http://cdo.keu.kz/content/22227/22066/test4.files/filelist.xml,http://cdo.keu.kz/content/22227/22066/test4.files/themedata.thmx,http://cdo.keu.kz/content/22227/22066/test4.htm,,,
http://cdo.keu.kz/content/22228/22067/itog.files/colorschememapping.xml,http://cdo.keu.kz/content/22228/22067/itog.files/filelist.xml,http://cdo.keu.kz/content/22228/22067/itog.files/themedata.thmx,http://cdo.keu.kz/content/22228/22067/itog.htm,,,
http://cdo.keu.kz/content/22229/22068/2q.htm,,,,,,
http://cdo.keu.kz/content/22230/22069/3q.htm,,,,,,
http://cdo.keu.kz/content/22231/22070/4q.htm,,,,,,
http://cdo.keu.kz/content/22232/22071/test1.files/colorschememapping.xml,http://cdo.keu.kz/content/22232/22071/test1.files/filelist.xml,http://cdo.keu.kz/content/22232/22071/test1.files/themedata.thmx,http://cdo.keu.kz/content/22232/22071/test1.htm,,,
http://cdo.keu.kz/content/22233/22072/test2.files/colorschememapping.xml,http://cdo.keu.kz/content/22233/22072/test2.files/filelist.xml,http://cdo.keu.kz/content/22233/22072/test2.files/themedata.thmx,http://cdo.keu.kz/content/22233/22072/test2.htm,,,
http://cdo.keu.kz/content/22234/22073/1q.htm,,,,,,
http://cdo.keu.kz/content/22235/22074/2q.htm,,,,,,
http://cdo.keu.kz/content/22236/22075/3q.htm,,,,,,
http://cdo.keu.kz/content/22237/22076/4q.htm,,,,,,
http://cdo.keu.kz/content/22238/22077/test1.files/colorschememapping.xml,http://cdo.keu.kz/content/22238/22077/test1.files/filelist.xml,http://cdo.keu.kz/content/22238/22077/test1.files/themedata.thmx,http://cdo.keu.kz/content/22238/22077/test1.htm,,,
http://cdo.keu.kz/content/22239/22078/test2.files/colorschememapping.xml,http://cdo.keu.kz/content/22239/22078/test2.files/filelist.xml,http://cdo.keu.kz/content/22239/22078/test2.files/themedata.thmx,http://cdo.keu.kz/content/22239/22078/test2.htm,,,
http://cdo.keu.kz/content/22240/22079/test3.files/colorschememapping.xml,http://cdo.keu.kz/content/22240/22079/test3.files/filelist.xml,http://cdo.keu.kz/content/22240/22079/test3.files/themedata.thmx,http://cdo.keu.kz/content/22240/22079/test3.htm,,,
http://cdo.keu.kz/content/22241/22080/1q.htm,,,,,,
http://cdo.keu.kz/content/22242/22081/2q.htm,,,,,,
http://cdo.keu.kz/content/22243/22082/3q.htm,,,,,,
http://cdo.keu.kz/content/22244/22083/4q.htm,,,,,,
http://cdo.keu.kz/content/22245/22084/q.htm,,,,,,
http://cdo.keu.kz/content/22246/22085/test4.files/colorschememapping.xml,http://cdo.keu.kz/content/22246/22085/test4.files/filelist.xml,http://cdo.keu.kz/content/22246/22085/test4.files/themedata.thmx,http://cdo.keu.kz/content/22246/22085/test4.htm,,,
http://cdo.keu.kz/content/22247/22086/3q.htm,,,,,,
http://cdo.keu.kz/content/22248/22087/test4.files/colorschememapping.xml,http://cdo.keu.kz/content/22248/22087/test4.files/filelist.xml,http://cdo.keu.kz/content/22248/22087/test4.files/themedata.thmx,http://cdo.keu.kz/content/22248/22087/test4.htm,,,
http://cdo.keu.kz/content/22249/22088/itog.files/colorschememapping.xml,http://cdo.keu.kz/content/22249/22088/itog.files/filelist.xml,http://cdo.keu.kz/content/22249/22088/itog.files/themedata.thmx,http://cdo.keu.kz/content/22249/22088/itog.htm,,,
http://cdo.keu.kz/content/22250/22089/T1.htm,,,,,,
http://cdo.keu.kz/content/22251/22090/T2.htm,,,,,,
http://cdo.keu.kz/content/22252/22091/T3.htm,,,,,,
http://cdo.keu.kz/content/22253/22092/T4.htm,,,,,,
http://cdo.keu.kz/content/22254/22093/itog.htm,,,,,,
http://cdo.keu.kz/content/22255/22094/itog.htm,,,,,,
http://cdo.keu.kz/content/22256/22095/test1.files/colorschememapping.xml,http://cdo.keu.kz/content/22256/22095/test1.files/filelist.xml,http://cdo.keu.kz/content/22256/22095/test1.files/themedata.thmx,http://cdo.keu.kz/content/22256/22095/test1.htm,,,
http://cdo.keu.kz/content/22257/22096/22096.htm,http://cdo.keu.kz/content/22257/22096/76353/76353.htm,http://cdo.keu.kz/content/22257/22096/76354/76354.htm,http://cdo.keu.kz/content/22257/22096/76355/76355.htm,http://cdo.keu.kz/content/22257/22096/76356/76356.htm,http://cdo.keu.kz/content/22257/22096/76357/76357.htm,http://cdo.keu.kz/content/22257/22096/76358/76358.htm
http://cdo.keu.kz/content/22258/22097/1q.htm,,,,,,
http://cdo.keu.kz/content/22259/22098/test2.files/colorschememapping.xml,http://cdo.keu.kz/content/22259/22098/test2.files/filelist.xml,http://cdo.keu.kz/content/22259/22098/test2.files/themedata.thmx,http://cdo.keu.kz/content/22259/22098/test2.htm,,,
http://cdo.keu.kz/content/22260/22099/2q.htm,,,,,,
http://cdo.keu.kz/content/22261/22100/3q.htm,,,,,,
http://cdo.keu.kz/content/22262/22101/4q.htm,,,,,,
http://cdo.keu.kz/content/22263/22102/q.htm,,,,,,
http://cdo.keu.kz/content/22264/22103/test3.files/colorschememapping.xml,http://cdo.keu.kz/content/22264/22103/test3.files/filelist.xml,http://cdo.keu.kz/content/22264/22103/test3.files/themedata.thmx,http://cdo.keu.kz/content/22264/22103/test3.htm,,,
http://cdo.keu.kz/content/22265/22104/test4.files/colorschememapping.xml,http://cdo.keu.kz/content/22265/22104/test4.files/filelist.xml,http://cdo.keu.kz/content/22265/22104/test4.files/themedata.thmx,http://cdo.keu.kz/content/22265/22104/test4.htm,,,
http://cdo.keu.kz/content/22266/22105/test3.files/colorschememapping.xml,http://cdo.keu.kz/content/22266/22105/test3.files/filelist.xml,http://cdo.keu.kz/content/22266/22105/test3.files/themedata.thmx,http://cdo.keu.kz/content/22266/22105/test3.htm,,,
http://cdo.keu.kz/content/22267/22106/1q.htm,,,,,,
http://cdo.keu.kz/content/22268/22107/itog.files/colorschememapping.xml,http://cdo.keu.kz/content/22268/22107/itog.files/filelist.xml,http://cdo.keu.kz/content/22268/22107/itog.files/themedata.thmx,http://cdo.keu.kz/content/22268/22107/itog.htm,,,
http://cdo.keu.kz/content/22269/22108/2q.htm,,,,,,
http://cdo.keu.kz/content/22270/22109/3q.htm,,,,,,
http://cdo.keu.kz/content/22271/22110/4q.htm,,,,,,
http://cdo.keu.kz/content/22272/22111/q.htm,,,,,,
http://cdo.keu.kz/content/22273/22112/1q.htm,,,,,,
http://cdo.keu.kz/content/22274/22113/2q.htm,,,,,,
http://cdo.keu.kz/content/22275/22114/3q.htm,,,,,,
http://cdo.keu.kz/content/22276/22115/4q.htm,,,,,,
http://cdo.keu.kz/content/22277/22116/q.htm,,,,,,
http://cdo.keu.kz/content/22278/22117/22117.htm,http://cdo.keu.kz/content/22278/22117/76359/76359.htm,http://cdo.keu.kz/content/22278/22117/76360/76360.htm,http://cdo.keu.kz/content/22278/22117/76361/76361.htm,http://cdo.keu.kz/content/22278/22117/76362/76362.htm,http://cdo.keu.kz/content/22278/22117/76363/76363.htm,http://cdo.keu.kz/content/22278/22117/76364/76364.htm
http://cdo.keu.kz/content/22279/22118/q.htm,,,,,,
http://cdo.keu.kz/content/22280/22119/22119.htm,http://cdo.keu.kz/content/22280/22119/76365/76365.htm,http://cdo.keu.kz/content/22280/22119/76366/76366.htm,http://cdo.keu.kz/content/22280/22119/76367/76367.htm,http://cdo.keu.kz/content/22280/22119/76368/76368.htm,http://cdo.keu.kz/content/22280/22119/76369/76369.htm,http://cdo.keu.kz/content/22280/22119/76370/76370.htm
http://cdo.keu.kz/content/22281/22120/test1.files/colorschememapping.xml,http://cdo.keu.kz/content/22281/22120/test1.files/filelist.xml,http://cdo.keu.kz/content/22281/22120/test1.files/themedata.thmx,http://cdo.keu.kz/content/22281/22120/test1.htm,,,
http://cdo.keu.kz/content/22282/22121/q.htm,,,,,,
http://cdo.keu.kz/content/22283/22122/test1.files/colorschememapping.xml,http://cdo.keu.kz/content/22283/22122/test1.files/filelist.xml,http://cdo.keu.kz/content/22283/22122/test1.files/themedata.thmx,http://cdo.keu.kz/content/22283/22122/test1.htm,,,
http://cdo.keu.kz/content/22284/22123/test2.files/colorschememapping.xml,http://cdo.keu.kz/content/22284/22123/test2.files/filelist.xml,http://cdo.keu.kz/content/22284/22123/test2.files/themedata.thmx,http://cdo.keu.kz/content/22284/22123/test2.htm,,,
http://cdo.keu.kz/content/22285/22124/test3.files/colorschememapping.xml,http://cdo.keu.kz/content/22285/22124/test3.files/filelist.xml,http://cdo.keu.kz/content/22285/22124/test3.files/themedata.thmx,http://cdo.keu.kz/content/22285/22124/test3.htm,,,
http://cdo.keu.kz/content/22286/22125/test4.files/colorschememapping.xml,http://cdo.keu.kz/content/22286/22125/test4.files/filelist.xml,http://cdo.keu.kz/content/22286/22125/test4.files/themedata.thmx,http://cdo.keu.kz/content/22286/22125/test4.htm,,,
http://cdo.keu.kz/content/22287/22126/test4.files/colorschememapping.xml,http://cdo.keu.kz/content/22287/22126/test4.files/filelist.xml,http://cdo.keu.kz/content/22287/22126/test4.files/themedata.thmx,http://cdo.keu.kz/content/22287/22126/test4.htm,,,
http://cdo.keu.kz/content/22288/22127/q.htm,,,,,,
http://cdo.keu.kz/content/22289/22128/test4.files/colorschememapping.xml,http://cdo.keu.kz/content/22289/22128/test4.files/filelist.xml,http://cdo.keu.kz/content/22289/22128/test4.files/themedata.thmx,http://cdo.keu.kz/content/22289/22128/test4.htm,,,
http://cdo.keu.kz/content/22290/22129/%e2%80%991.files/colorschememapping.xml,http://cdo.keu.kz/content/22290/22129/%e2%80%991.files/filelist.xml,http://cdo.keu.kz/content/22290/22129/%e2%80%991.files/themedata.thmx,http://cdo.keu.kz/content/22290/22129/%e2%80%991.htm,,,
http://cdo.keu.kz/content/22291/22130/itog.files/colorschememapping.xml,http://cdo.keu.kz/content/22291/22130/itog.files/filelist.xml,http://cdo.keu.kz/content/22291/22130/itog.files/themedata.thmx,http://cdo.keu.kz/content/22291/22130/itog.htm,,,
http://cdo.keu.kz/content/22292/22131/%e2%80%992.files/colorschememapping.xml,http://cdo.keu.kz/content/22292/22131/%e2%80%992.files/filelist.xml,http://cdo.keu.kz/content/22292/22131/%e2%80%992.files/themedata.thmx,http://cdo.keu.kz/content/22292/22131/%e2%80%992.htm,,,
http://cdo.keu.kz/content/22293/22132/%e2%80%993.files/colorschememapping.xml,http://cdo.keu.kz/content/22293/22132/%e2%80%993.files/filelist.xml,http://cdo.keu.kz/content/22293/22132/%e2%80%993.files/themedata.thmx,http://cdo.keu.kz/content/22293/22132/%e2%80%993.htm,,,
http://cdo.keu.kz/content/22294/22133/%e2%80%994.files/colorschememapping.xml,http://cdo.keu.kz/content/22294/22133/%e2%80%994.files/filelist.xml,http://cdo.keu.kz/content/22294/22133/%e2%80%994.files/themedata.thmx,http://cdo.keu.kz/content/22294/22133/%e2%80%994.htm,,,
http://cdo.keu.kz/content/22295/22134/itog.files/colorschememapping.xml,http://cdo.keu.kz/content/22295/22134/itog.files/filelist.xml,http://cdo.keu.kz/content/22295/22134/itog.files/themedata.thmx,http://cdo.keu.kz/content/22295/22134/itog.htm,,,
http://cdo.keu.kz/content/22296/22135/1q.htm,,,,,,
http://cdo.keu.kz/content/22297/22136/itog.files/colorschememapping.xml,http://cdo.keu.kz/content/22297/22136/itog.files/filelist.xml,http://cdo.keu.kz/content/22297/22136/itog.files/themedata.thmx,http://cdo.keu.kz/content/22297/22136/itog.htm,,,
http://cdo.keu.kz/content/22298/22137/itog.files/colorschememapping.xml,http://cdo.keu.kz/content/22298/22137/itog.files/filelist.xml,http://cdo.keu.kz/content/22298/22137/itog.files/themedata.thmx,http://cdo.keu.kz/content/22298/22137/itog.htm,,,
http://cdo.keu.kz/content/22299/22138/1q.htm,,,,,,
http://cdo.keu.kz/content/22300/22139/2q.htm,,,,,,
