0,1,2,3,4,5,6,7,8,9,10,11,12,13,14,15,16,17,18,19,20,21,22,23,24,25,26,27,28,29,30,31,32,33,34,35,36,37,38,39,40,41,42,43,44,45,46,47,48,49,50,51,52,53
http://cdo.keu.kz/content/22501/22340/22340.htm,http://cdo.keu.kz/content/22501/22340/76502/76502.htm,http://cdo.keu.kz/content/22501/22340/76503/76503.htm,http://cdo.keu.kz/content/22501/22340/lekciya.files/colorschememapping.xml,http://cdo.keu.kz/content/22501/22340/lekciya.files/filelist.xml,http://cdo.keu.kz/content/22501/22340/lekciya.files/themedata.thmx,,,,,,,,,,,,,,,,,,,,,,,,,,,,,,,,,,,,,,,,,,,,,,,,
http://cdo.keu.kz/content/22502/22341/22341.htm,http://cdo.keu.kz/content/22502/22341/76504/76504.htm,http://cdo.keu.kz/content/22502/22341/76505/76505.htm,http://cdo.keu.kz/content/22502/22341/76506/76506.htm,http://cdo.keu.kz/content/22502/22341/76507/76507.htm,http://cdo.keu.kz/content/22502/22341/76508/76508.htm,http://cdo.keu.kz/content/22502/22341/76509/76509.htm,http://cdo.keu.kz/content/22502/22341/76510/76510.htm,http://cdo.keu.kz/content/22502/22341/76511/76511.htm,http://cdo.keu.kz/content/22502/22341/76512/76512.htm,http://cdo.keu.kz/content/22502/22341/l1.files/image001.gif,http://cdo.keu.kz/content/22502/22341/l1.files/image002.gif,http://cdo.keu.kz/content/22502/22341/l1.files/image003.gif,http://cdo.keu.kz/content/22502/22341/l1.files/image004.gif,http://cdo.keu.kz/content/22502/22341/l1.files/image005.gif,http://cdo.keu.kz/content/22502/22341/l1.files/image006.gif,http://cdo.keu.kz/content/22502/22341/l1.files/image007.gif,http://cdo.keu.kz/content/22502/22341/l1.files/image008.gif,http://cdo.keu.kz/content/22502/22341/l1.files/image009.gif,http://cdo.keu.kz/content/22502/22341/l1.files/image010.gif,http://cdo.keu.kz/content/22502/22341/l1.files/image011.gif,http://cdo.keu.kz/content/22502/22341/l1.files/image012.gif,http://cdo.keu.kz/content/22502/22341/l1.files/image013.gif,http://cdo.keu.kz/content/22502/22341/l1.files/image014.gif,http://cdo.keu.kz/content/22502/22341/l1.files/image015.gif,http://cdo.keu.kz/content/22502/22341/l1.files/image016.gif,http://cdo.keu.kz/content/22502/22341/l1.files/image017.gif,http://cdo.keu.kz/content/22502/22341/l1.files/image018.gif,http://cdo.keu.kz/content/22502/22341/l1.files/image019.gif,http://cdo.keu.kz/content/22502/22341/l1.files/image020.gif,,,,,,,,,,,,,,,,,,,,,,,,
http://cdo.keu.kz/content/22503/22342/1q.htm,,,,,,,,,,,,,,,,,,,,,,,,,,,,,,,,,,,,,,,,,,,,,,,,,,,,,
http://cdo.keu.kz/content/22504/22343/2q.htm,,,,,,,,,,,,,,,,,,,,,,,,,,,,,,,,,,,,,,,,,,,,,,,,,,,,,
http://cdo.keu.kz/content/22505/22344/3q.htm,,,,,,,,,,,,,,,,,,,,,,,,,,,,,,,,,,,,,,,,,,,,,,,,,,,,,
http://cdo.keu.kz/content/22507/22346/t1.htm,,,,,,,,,,,,,,,,,,,,,,,,,,,,,,,,,,,,,,,,,,,,,,,,,,,,,
http://cdo.keu.kz/content/22508/22347/t2.htm,,,,,,,,,,,,,,,,,,,,,,,,,,,,,,,,,,,,,,,,,,,,,,,,,,,,,
http://cdo.keu.kz/content/22509/22348/2q.htm,,,,,,,,,,,,,,,,,,,,,,,,,,,,,,,,,,,,,,,,,,,,,,,,,,,,,
http://cdo.keu.kz/content/22510/22349/t3.htm,,,,,,,,,,,,,,,,,,,,,,,,,,,,,,,,,,,,,,,,,,,,,,,,,,,,,
http://cdo.keu.kz/content/22511/22350/t4.htm,,,,,,,,,,,,,,,,,,,,,,,,,,,,,,,,,,,,,,,,,,,,,,,,,,,,,
http://cdo.keu.kz/content/22513/22352/itog.htm,,,,,,,,,,,,,,,,,,,,,,,,,,,,,,,,,,,,,,,,,,,,,,,,,,,,,
http://cdo.keu.kz/content/22514/22353/2q.htm,,,,,,,,,,,,,,,,,,,,,,,,,,,,,,,,,,,,,,,,,,,,,,,,,,,,,
http://cdo.keu.kz/content/22515/22354/t11.htm,,,,,,,,,,,,,,,,,,,,,,,,,,,,,,,,,,,,,,,,,,,,,,,,,,,,,
http://cdo.keu.kz/content/22516/22355/4q.files/image001.png,http://cdo.keu.kz/content/22516/22355/4q.files/image002.png,http://cdo.keu.kz/content/22516/22355/4q.files/image003.png,http://cdo.keu.kz/content/22516/22355/4q.files/image004.png,http://cdo.keu.kz/content/22516/22355/4q.files/image005.png,http://cdo.keu.kz/content/22516/22355/4q.htm,,,,,,,,,,,,,,,,,,,,,,,,,,,,,,,,,,,,,,,,,,,,,,,,
http://cdo.keu.kz/content/22517/22356/t22.htm,,,,,,,,,,,,,,,,,,,,,,,,,,,,,,,,,,,,,,,,,,,,,,,,,,,,,
http://cdo.keu.kz/content/22518/22357/t2222.htm,,,,,,,,,,,,,,,,,,,,,,,,,,,,,,,,,,,,,,,,,,,,,,,,,,,,,
http://cdo.keu.kz/content/22519/22358/t333.htm,,,,,,,,,,,,,,,,,,,,,,,,,,,,,,,,,,,,,,,,,,,,,,,,,,,,,
http://cdo.keu.kz/content/22520/22359/t33.htm,,,,,,,,,,,,,,,,,,,,,,,,,,,,,,,,,,,,,,,,,,,,,,,,,,,,,
http://cdo.keu.kz/content/22521/22360/itog.htm,,,,,,,,,,,,,,,,,,,,,,,,,,,,,,,,,,,,,,,,,,,,,,,,,,,,,
http://cdo.keu.kz/content/22522/22361/itog.htm,,,,,,,,,,,,,,,,,,,,,,,,,,,,,,,,,,,,,,,,,,,,,,,,,,,,,
http://cdo.keu.kz/content/22523/22362/itog.htm,,,,,,,,,,,,,,,,,,,,,,,,,,,,,,,,,,,,,,,,,,,,,,,,,,,,,
http://cdo.keu.kz/content/22524/22363/itog.htm,,,,,,,,,,,,,,,,,,,,,,,,,,,,,,,,,,,,,,,,,,,,,,,,,,,,,
http://cdo.keu.kz/content/22525/22364/itog.htm,,,,,,,,,,,,,,,,,,,,,,,,,,,,,,,,,,,,,,,,,,,,,,,,,,,,,
http://cdo.keu.kz/content/22526/22365/Itog11.htm,,,,,,,,,,,,,,,,,,,,,,,,,,,,,,,,,,,,,,,,,,,,,,,,,,,,,
http://cdo.keu.kz/content/22527/22366/Itoggg1.htm,,,,,,,,,,,,,,,,,,,,,,,,,,,,,,,,,,,,,,,,,,,,,,,,,,,,,
http://cdo.keu.kz/content/22528/22367/pred2.htm,,,,,,,,,,,,,,,,,,,,,,,,,,,,,,,,,,,,,,,,,,,,,,,,,,,,,
http://cdo.keu.kz/content/22529/22368/pred2.htm,,,,,,,,,,,,,,,,,,,,,,,,,,,,,,,,,,,,,,,,,,,,,,,,,,,,,
http://cdo.keu.kz/content/22530/22369/q.htm,,,,,,,,,,,,,,,,,,,,,,,,,,,,,,,,,,,,,,,,,,,,,,,,,,,,,
http://cdo.keu.kz/content/22531/22370/q.htm,,,,,,,,,,,,,,,,,,,,,,,,,,,,,,,,,,,,,,,,,,,,,,,,,,,,,
http://cdo.keu.kz/content/22532/22371/q.htm,,,,,,,,,,,,,,,,,,,,,,,,,,,,,,,,,,,,,,,,,,,,,,,,,,,,,
http://cdo.keu.kz/content/22533/22372/q.htm,,,,,,,,,,,,,,,,,,,,,,,,,,,,,,,,,,,,,,,,,,,,,,,,,,,,,
http://cdo.keu.kz/content/22534/22373/q.htm,,,,,,,,,,,,,,,,,,,,,,,,,,,,,,,,,,,,,,,,,,,,,,,,,,,,,
http://cdo.keu.kz/content/22535/22374/q.htm,,,,,,,,,,,,,,,,,,,,,,,,,,,,,,,,,,,,,,,,,,,,,,,,,,,,,
http://cdo.keu.kz/content/22536/22375/pred222.htm,,,,,,,,,,,,,,,,,,,,,,,,,,,,,,,,,,,,,,,,,,,,,,,,,,,,,
http://cdo.keu.kz/content/22537/22376/q.htm,,,,,,,,,,,,,,,,,,,,,,,,,,,,,,,,,,,,,,,,,,,,,,,,,,,,,
http://cdo.keu.kz/content/22538/22377/q.htm,,,,,,,,,,,,,,,,,,,,,,,,,,,,,,,,,,,,,,,,,,,,,,,,,,,,,
http://cdo.keu.kz/content/22539/22378/itog.htm,,,,,,,,,,,,,,,,,,,,,,,,,,,,,,,,,,,,,,,,,,,,,,,,,,,,,
http://cdo.keu.kz/content/22540/22379/q.htm,,,,,,,,,,,,,,,,,,,,,,,,,,,,,,,,,,,,,,,,,,,,,,,,,,,,,
http://cdo.keu.kz/content/22541/22380/q.htm,,,,,,,,,,,,,,,,,,,,,,,,,,,,,,,,,,,,,,,,,,,,,,,,,,,,,
http://cdo.keu.kz/content/22542/22381/prob111.htm,,,,,,,,,,,,,,,,,,,,,,,,,,,,,,,,,,,,,,,,,,,,,,,,,,,,,
http://cdo.keu.kz/content/22543/22382/itog.files/colorschememapping.xml,http://cdo.keu.kz/content/22543/22382/itog.files/filelist.xml,http://cdo.keu.kz/content/22543/22382/itog.files/item0001.xml,http://cdo.keu.kz/content/22543/22382/itog.files/props002.xml,http://cdo.keu.kz/content/22543/22382/itog.files/themedata.thmx,http://cdo.keu.kz/content/22543/22382/itog.htm,,,,,,,,,,,,,,,,,,,,,,,,,,,,,,,,,,,,,,,,,,,,,,,,
http://cdo.keu.kz/content/22544/22383/t11.htm,,,,,,,,,,,,,,,,,,,,,,,,,,,,,,,,,,,,,,,,,,,,,,,,,,,,,
http://cdo.keu.kz/content/22545/22384/t22.htm,,,,,,,,,,,,,,,,,,,,,,,,,,,,,,,,,,,,,,,,,,,,,,,,,,,,,
http://cdo.keu.kz/content/22546/22385/t333.htm,,,,,,,,,,,,,,,,,,,,,,,,,,,,,,,,,,,,,,,,,,,,,,,,,,,,,
http://cdo.keu.kz/content/22547/22386/q.htm,,,,,,,,,,,,,,,,,,,,,,,,,,,,,,,,,,,,,,,,,,,,,,,,,,,,,
http://cdo.keu.kz/content/22548/22387/t3.htm,,,,,,,,,,,,,,,,,,,,,,,,,,,,,,,,,,,,,,,,,,,,,,,,,,,,,
http://cdo.keu.kz/content/22549/22388/t2222.htm,,,,,,,,,,,,,,,,,,,,,,,,,,,,,,,,,,,,,,,,,,,,,,,,,,,,,
http://cdo.keu.kz/content/22550/22389/t4.htm,,,,,,,,,,,,,,,,,,,,,,,,,,,,,,,,,,,,,,,,,,,,,,,,,,,,,
http://cdo.keu.kz/content/22551/22390/22390.htm,http://cdo.keu.kz/content/22551/22390/76513/76513.htm,http://cdo.keu.kz/content/22551/22390/76514/76514.htm,http://cdo.keu.kz/content/22551/22390/lekciya.files/colorschememapping.xml,http://cdo.keu.kz/content/22551/22390/lekciya.files/filelist.xml,http://cdo.keu.kz/content/22551/22390/lekciya.files/header.htm,http://cdo.keu.kz/content/22551/22390/lekciya.files/themedata.thmx,,,,,,,,,,,,,,,,,,,,,,,,,,,,,,,,,,,,,,,,,,,,,,,
http://cdo.keu.kz/content/22552/22391/1q.files/image001.png,http://cdo.keu.kz/content/22552/22391/1q.files/image002.png,http://cdo.keu.kz/content/22552/22391/1q.files/image003.png,http://cdo.keu.kz/content/22552/22391/1q.files/image004.png,http://cdo.keu.kz/content/22552/22391/1q.files/image005.png,http://cdo.keu.kz/content/22552/22391/1q.files/image006.png,http://cdo.keu.kz/content/22552/22391/1q.files/image007.png,http://cdo.keu.kz/content/22552/22391/1q.files/image008.png,http://cdo.keu.kz/content/22552/22391/1q.files/image009.png,http://cdo.keu.kz/content/22552/22391/1q.files/image010.png,http://cdo.keu.kz/content/22552/22391/1q.files/image011.png,http://cdo.keu.kz/content/22552/22391/1q.files/image012.png,http://cdo.keu.kz/content/22552/22391/1q.files/image013.png,http://cdo.keu.kz/content/22552/22391/1q.files/image014.png,http://cdo.keu.kz/content/22552/22391/1q.files/image015.png,http://cdo.keu.kz/content/22552/22391/1q.files/image016.png,http://cdo.keu.kz/content/22552/22391/1q.files/image017.png,http://cdo.keu.kz/content/22552/22391/1q.files/image018.png,http://cdo.keu.kz/content/22552/22391/1q.files/image019.png,http://cdo.keu.kz/content/22552/22391/1q.files/image020.png,http://cdo.keu.kz/content/22552/22391/1q.files/image021.png,http://cdo.keu.kz/content/22552/22391/1q.files/image022.png,http://cdo.keu.kz/content/22552/22391/1q.files/image023.png,http://cdo.keu.kz/content/22552/22391/1q.files/image024.png,http://cdo.keu.kz/content/22552/22391/1q.files/image025.png,http://cdo.keu.kz/content/22552/22391/1q.files/image026.png,http://cdo.keu.kz/content/22552/22391/1q.files/image027.png,http://cdo.keu.kz/content/22552/22391/1q.files/image028.png,http://cdo.keu.kz/content/22552/22391/1q.files/image029.png,http://cdo.keu.kz/content/22552/22391/1q.files/image030.png,http://cdo.keu.kz/content/22552/22391/1q.files/image031.png,http://cdo.keu.kz/content/22552/22391/1q.files/image032.png,http://cdo.keu.kz/content/22552/22391/1q.files/image033.png,http://cdo.keu.kz/content/22552/22391/1q.files/image034.png,http://cdo.keu.kz/content/22552/22391/1q.files/image035.png,http://cdo.keu.kz/content/22552/22391/1q.files/image036.png,http://cdo.keu.kz/content/22552/22391/1q.files/image037.png,http://cdo.keu.kz/content/22552/22391/1q.files/image038.png,http://cdo.keu.kz/content/22552/22391/1q.files/image039.png,http://cdo.keu.kz/content/22552/22391/1q.files/image040.png,http://cdo.keu.kz/content/22552/22391/1q.files/image041.png,http://cdo.keu.kz/content/22552/22391/1q.files/image042.png,http://cdo.keu.kz/content/22552/22391/1q.htm,,,,,,,,,,,
http://cdo.keu.kz/content/22553/22392/2q.files/image001.png,http://cdo.keu.kz/content/22553/22392/2q.files/image002.png,http://cdo.keu.kz/content/22553/22392/2q.files/image003.png,http://cdo.keu.kz/content/22553/22392/2q.files/image004.png,http://cdo.keu.kz/content/22553/22392/2q.files/image005.png,http://cdo.keu.kz/content/22553/22392/2q.files/image006.png,http://cdo.keu.kz/content/22553/22392/2q.files/image007.png,http://cdo.keu.kz/content/22553/22392/2q.files/image008.png,http://cdo.keu.kz/content/22553/22392/2q.files/image009.png,http://cdo.keu.kz/content/22553/22392/2q.files/image010.png,http://cdo.keu.kz/content/22553/22392/2q.files/image011.png,http://cdo.keu.kz/content/22553/22392/2q.files/image012.png,http://cdo.keu.kz/content/22553/22392/2q.files/image013.png,http://cdo.keu.kz/content/22553/22392/2q.files/image014.png,http://cdo.keu.kz/content/22553/22392/2q.files/image015.png,http://cdo.keu.kz/content/22553/22392/2q.files/image016.png,http://cdo.keu.kz/content/22553/22392/2q.files/image017.png,http://cdo.keu.kz/content/22553/22392/2q.files/image018.png,http://cdo.keu.kz/content/22553/22392/2q.files/image019.png,http://cdo.keu.kz/content/22553/22392/2q.files/image020.png,http://cdo.keu.kz/content/22553/22392/2q.files/image021.png,http://cdo.keu.kz/content/22553/22392/2q.files/image022.png,http://cdo.keu.kz/content/22553/22392/2q.files/image023.png,http://cdo.keu.kz/content/22553/22392/2q.files/image024.png,http://cdo.keu.kz/content/22553/22392/2q.files/image025.png,http://cdo.keu.kz/content/22553/22392/2q.files/image026.png,http://cdo.keu.kz/content/22553/22392/2q.files/image027.png,http://cdo.keu.kz/content/22553/22392/2q.files/image028.png,http://cdo.keu.kz/content/22553/22392/2q.files/image029.png,http://cdo.keu.kz/content/22553/22392/2q.files/image030.png,http://cdo.keu.kz/content/22553/22392/2q.files/image031.png,http://cdo.keu.kz/content/22553/22392/2q.files/image032.png,http://cdo.keu.kz/content/22553/22392/2q.files/image033.png,http://cdo.keu.kz/content/22553/22392/2q.files/image034.png,http://cdo.keu.kz/content/22553/22392/2q.files/image035.png,http://cdo.keu.kz/content/22553/22392/2q.htm,,,,,,,,,,,,,,,,,,
http://cdo.keu.kz/content/22554/22393/3q.files/image001.png,http://cdo.keu.kz/content/22554/22393/3q.files/image002.png,http://cdo.keu.kz/content/22554/22393/3q.files/image003.png,http://cdo.keu.kz/content/22554/22393/3q.files/image004.png,http://cdo.keu.kz/content/22554/22393/3q.files/image005.png,http://cdo.keu.kz/content/22554/22393/3q.files/image006.png,http://cdo.keu.kz/content/22554/22393/3q.files/image007.png,http://cdo.keu.kz/content/22554/22393/3q.files/image008.png,http://cdo.keu.kz/content/22554/22393/3q.files/image009.png,http://cdo.keu.kz/content/22554/22393/3q.files/image010.png,http://cdo.keu.kz/content/22554/22393/3q.files/image011.png,http://cdo.keu.kz/content/22554/22393/3q.files/image012.png,http://cdo.keu.kz/content/22554/22393/3q.files/image013.png,http://cdo.keu.kz/content/22554/22393/3q.files/image014.png,http://cdo.keu.kz/content/22554/22393/3q.files/image015.png,http://cdo.keu.kz/content/22554/22393/3q.files/image016.png,http://cdo.keu.kz/content/22554/22393/3q.files/image017.png,http://cdo.keu.kz/content/22554/22393/3q.files/image018.png,http://cdo.keu.kz/content/22554/22393/3q.files/image019.png,http://cdo.keu.kz/content/22554/22393/3q.files/image020.png,http://cdo.keu.kz/content/22554/22393/3q.files/image021.png,http://cdo.keu.kz/content/22554/22393/3q.files/image022.png,http://cdo.keu.kz/content/22554/22393/3q.files/image023.png,http://cdo.keu.kz/content/22554/22393/3q.files/image024.png,http://cdo.keu.kz/content/22554/22393/3q.files/image025.png,http://cdo.keu.kz/content/22554/22393/3q.files/image026.png,http://cdo.keu.kz/content/22554/22393/3q.files/image027.png,http://cdo.keu.kz/content/22554/22393/3q.files/image028.png,http://cdo.keu.kz/content/22554/22393/3q.files/image029.png,http://cdo.keu.kz/content/22554/22393/3q.files/image030.png,http://cdo.keu.kz/content/22554/22393/3q.files/image031.png,http://cdo.keu.kz/content/22554/22393/3q.files/image032.png,http://cdo.keu.kz/content/22554/22393/3q.files/image033.png,http://cdo.keu.kz/content/22554/22393/3q.files/image034.png,http://cdo.keu.kz/content/22554/22393/3q.files/image035.png,http://cdo.keu.kz/content/22554/22393/3q.files/image036.png,http://cdo.keu.kz/content/22554/22393/3q.files/image037.png,http://cdo.keu.kz/content/22554/22393/3q.files/image038.png,http://cdo.keu.kz/content/22554/22393/3q.files/image039.png,http://cdo.keu.kz/content/22554/22393/3q.files/image040.png,http://cdo.keu.kz/content/22554/22393/3q.files/image041.png,http://cdo.keu.kz/content/22554/22393/3q.files/image042.png,http://cdo.keu.kz/content/22554/22393/3q.files/image043.png,http://cdo.keu.kz/content/22554/22393/3q.files/image044.png,http://cdo.keu.kz/content/22554/22393/3q.files/image045.png,http://cdo.keu.kz/content/22554/22393/3q.files/image046.png,http://cdo.keu.kz/content/22554/22393/3q.files/image047.png,http://cdo.keu.kz/content/22554/22393/3q.files/image048.png,http://cdo.keu.kz/content/22554/22393/3q.files/image049.png,http://cdo.keu.kz/content/22554/22393/3q.files/image050.png,http://cdo.keu.kz/content/22554/22393/3q.files/image051.png,http://cdo.keu.kz/content/22554/22393/3q.files/image052.png,http://cdo.keu.kz/content/22554/22393/3q.files/image053.png,http://cdo.keu.kz/content/22554/22393/3q.htm
http://cdo.keu.kz/content/22555/22394/4q.htm,,,,,,,,,,,,,,,,,,,,,,,,,,,,,,,,,,,,,,,,,,,,,,,,,,,,,
http://cdo.keu.kz/content/22556/22395/22395.htm,http://cdo.keu.kz/content/22556/22395/76515/76515.htm,http://cdo.keu.kz/content/22556/22395/76516/76516.htm,http://cdo.keu.kz/content/22556/22395/lekciya.files/colorschememapping.xml,http://cdo.keu.kz/content/22556/22395/lekciya.files/filelist.xml,http://cdo.keu.kz/content/22556/22395/lekciya.files/header.htm,http://cdo.keu.kz/content/22556/22395/lekciya.files/themedata.thmx,,,,,,,,,,,,,,,,,,,,,,,,,,,,,,,,,,,,,,,,,,,,,,,
http://cdo.keu.kz/content/22557/22396/22396.htm,http://cdo.keu.kz/content/22557/22396/76517/76517.htm,http://cdo.keu.kz/content/22557/22396/76518/76518.htm,http://cdo.keu.kz/content/22557/22396/76519/76519.htm,http://cdo.keu.kz/content/22557/22396/76520/76520.htm,http://cdo.keu.kz/content/22557/22396/76521/76521.htm,http://cdo.keu.kz/content/22557/22396/76522/76522.htm,http://cdo.keu.kz/content/22557/22396/76523/76523.htm,http://cdo.keu.kz/content/22557/22396/76524/76524.htm,http://cdo.keu.kz/content/22557/22396/76525/76525.htm,http://cdo.keu.kz/content/22557/22396/76526/76526.htm,http://cdo.keu.kz/content/22557/22396/76527/76527.htm,http://cdo.keu.kz/content/22557/22396/76528/76528.htm,http://cdo.keu.kz/content/22557/22396/76529/76529.htm,http://cdo.keu.kz/content/22557/22396/76530/76530.htm,http://cdo.keu.kz/content/22557/22396/76531/76531.htm,http://cdo.keu.kz/content/22557/22396/lekciya.files/colorschememapping.xml,http://cdo.keu.kz/content/22557/22396/lekciya.files/filelist.xml,http://cdo.keu.kz/content/22557/22396/lekciya.files/header.htm,http://cdo.keu.kz/content/22557/22396/lekciya.files/themedata.thmx,,,,,,,,,,,,,,,,,,,,,,,,,,,,,,,,,,
http://cdo.keu.kz/content/22558/22397/q.htm,,,,,,,,,,,,,,,,,,,,,,,,,,,,,,,,,,,,,,,,,,,,,,,,,,,,,
http://cdo.keu.kz/content/22559/22398/q.htm,,,,,,,,,,,,,,,,,,,,,,,,,,,,,,,,,,,,,,,,,,,,,,,,,,,,,
http://cdo.keu.kz/content/22560/22399/q.htm,,,,,,,,,,,,,,,,,,,,,,,,,,,,,,,,,,,,,,,,,,,,,,,,,,,,,
http://cdo.keu.kz/content/22561/22400/q.htm,,,,,,,,,,,,,,,,,,,,,,,,,,,,,,,,,,,,,,,,,,,,,,,,,,,,,
http://cdo.keu.kz/content/22562/22401/q.htm,,,,,,,,,,,,,,,,,,,,,,,,,,,,,,,,,,,,,,,,,,,,,,,,,,,,,
http://cdo.keu.kz/content/22563/22402/4q.htm,,,,,,,,,,,,,,,,,,,,,,,,,,,,,,,,,,,,,,,,,,,,,,,,,,,,,
http://cdo.keu.kz/content/22564/22403/1q.files/image001.png,http://cdo.keu.kz/content/22564/22403/1q.files/image002.png,http://cdo.keu.kz/content/22564/22403/1q.files/image003.png,http://cdo.keu.kz/content/22564/22403/1q.files/image004.png,http://cdo.keu.kz/content/22564/22403/1q.files/image005.png,http://cdo.keu.kz/content/22564/22403/1q.files/image006.png,http://cdo.keu.kz/content/22564/22403/1q.files/image007.png,http://cdo.keu.kz/content/22564/22403/1q.files/image008.png,http://cdo.keu.kz/content/22564/22403/1q.files/image009.png,http://cdo.keu.kz/content/22564/22403/1q.files/image010.png,http://cdo.keu.kz/content/22564/22403/1q.htm,,,,,,,,,,,,,,,,,,,,,,,,,,,,,,,,,,,,,,,,,,,
http://cdo.keu.kz/content/22565/22404/2q.htm,,,,,,,,,,,,,,,,,,,,,,,,,,,,,,,,,,,,,,,,,,,,,,,,,,,,,
http://cdo.keu.kz/content/22566/22405/3q.htm,,,,,,,,,,,,,,,,,,,,,,,,,,,,,,,,,,,,,,,,,,,,,,,,,,,,,
http://cdo.keu.kz/content/22567/22406/4q.files/image001.png,http://cdo.keu.kz/content/22567/22406/4q.files/image002.png,http://cdo.keu.kz/content/22567/22406/4q.files/image003.png,http://cdo.keu.kz/content/22567/22406/4q.files/image004.png,http://cdo.keu.kz/content/22567/22406/4q.htm,,,,,,,,,,,,,,,,,,,,,,,,,,,,,,,,,,,,,,,,,,,,,,,,,
http://cdo.keu.kz/content/22568/22407/22407.htm,http://cdo.keu.kz/content/22568/22407/76532/76532.htm,http://cdo.keu.kz/content/22568/22407/76533/76533.htm,http://cdo.keu.kz/content/22568/22407/76534/76534.htm,http://cdo.keu.kz/content/22568/22407/76535/76535.htm,http://cdo.keu.kz/content/22568/22407/76536/76536.htm,http://cdo.keu.kz/content/22568/22407/76537/76537.htm,http://cdo.keu.kz/content/22568/22407/76538/76538.htm,http://cdo.keu.kz/content/22568/22407/76539/76539.htm,http://cdo.keu.kz/content/22568/22407/76540/76540.htm,http://cdo.keu.kz/content/22568/22407/76541/76541.htm,http://cdo.keu.kz/content/22568/22407/76542/76542.htm,,,,,,,,,,,,,,,,,,,,,,,,,,,,,,,,,,,,,,,,,,
http://cdo.keu.kz/content/22569/22408/1test.htm,,,,,,,,,,,,,,,,,,,,,,,,,,,,,,,,,,,,,,,,,,,,,,,,,,,,,
http://cdo.keu.kz/content/22570/22409/2test.htm,,,,,,,,,,,,,,,,,,,,,,,,,,,,,,,,,,,,,,,,,,,,,,,,,,,,,
http://cdo.keu.kz/content/22571/22410/3test.htm,,,,,,,,,,,,,,,,,,,,,,,,,,,,,,,,,,,,,,,,,,,,,,,,,,,,,
http://cdo.keu.kz/content/22572/22411/4test.htm,,,,,,,,,,,,,,,,,,,,,,,,,,,,,,,,,,,,,,,,,,,,,,,,,,,,,
http://cdo.keu.kz/content/22573/22412/q.files/image001.gif,http://cdo.keu.kz/content/22573/22412/q.files/image002.gif,http://cdo.keu.kz/content/22573/22412/q.files/image003.gif,http://cdo.keu.kz/content/22573/22412/q.files/image004.gif,http://cdo.keu.kz/content/22573/22412/q.files/image005.gif,http://cdo.keu.kz/content/22573/22412/q.files/image006.gif,http://cdo.keu.kz/content/22573/22412/q.files/image007.gif,http://cdo.keu.kz/content/22573/22412/q.files/image008.gif,http://cdo.keu.kz/content/22573/22412/q.files/image009.gif,http://cdo.keu.kz/content/22573/22412/q.files/image010.gif,http://cdo.keu.kz/content/22573/22412/q.files/image011.gif,http://cdo.keu.kz/content/22573/22412/q.files/image012.gif,http://cdo.keu.kz/content/22573/22412/q.files/image013.gif,http://cdo.keu.kz/content/22573/22412/q.files/image014.gif,http://cdo.keu.kz/content/22573/22412/q.files/image015.gif,http://cdo.keu.kz/content/22573/22412/q.files/image016.gif,http://cdo.keu.kz/content/22573/22412/q.files/image017.gif,http://cdo.keu.kz/content/22573/22412/q.files/image018.gif,http://cdo.keu.kz/content/22573/22412/q.files/image019.gif,http://cdo.keu.kz/content/22573/22412/q.files/image020.gif,http://cdo.keu.kz/content/22573/22412/q.files/image021.gif,http://cdo.keu.kz/content/22573/22412/q.files/image022.gif,http://cdo.keu.kz/content/22573/22412/q.files/image023.gif,http://cdo.keu.kz/content/22573/22412/q.files/image024.gif,http://cdo.keu.kz/content/22573/22412/q.files/image025.gif,http://cdo.keu.kz/content/22573/22412/q.files/image026.gif,http://cdo.keu.kz/content/22573/22412/q.htm,,,,,,,,,,,,,,,,,,,,,,,,,,,
http://cdo.keu.kz/content/22574/22413/q.files/image001.gif,http://cdo.keu.kz/content/22574/22413/q.files/image002.gif,http://cdo.keu.kz/content/22574/22413/q.files/image003.gif,http://cdo.keu.kz/content/22574/22413/q.files/image004.gif,http://cdo.keu.kz/content/22574/22413/q.files/image005.gif,http://cdo.keu.kz/content/22574/22413/q.files/image006.gif,http://cdo.keu.kz/content/22574/22413/q.files/image007.gif,http://cdo.keu.kz/content/22574/22413/q.files/image008.gif,http://cdo.keu.kz/content/22574/22413/q.files/image009.gif,http://cdo.keu.kz/content/22574/22413/q.files/image010.gif,http://cdo.keu.kz/content/22574/22413/q.files/image011.gif,http://cdo.keu.kz/content/22574/22413/q.files/image012.gif,http://cdo.keu.kz/content/22574/22413/q.files/image013.gif,http://cdo.keu.kz/content/22574/22413/q.files/image014.gif,http://cdo.keu.kz/content/22574/22413/q.files/image015.gif,http://cdo.keu.kz/content/22574/22413/q.files/image016.gif,http://cdo.keu.kz/content/22574/22413/q.files/image017.gif,http://cdo.keu.kz/content/22574/22413/q.files/image018.gif,http://cdo.keu.kz/content/22574/22413/q.files/image019.gif,http://cdo.keu.kz/content/22574/22413/q.files/image020.gif,http://cdo.keu.kz/content/22574/22413/q.files/image021.gif,http://cdo.keu.kz/content/22574/22413/q.files/image022.gif,http://cdo.keu.kz/content/22574/22413/q.files/image023.gif,http://cdo.keu.kz/content/22574/22413/q.files/image024.gif,http://cdo.keu.kz/content/22574/22413/q.files/image025.gif,http://cdo.keu.kz/content/22574/22413/q.files/image026.gif,http://cdo.keu.kz/content/22574/22413/q.htm,,,,,,,,,,,,,,,,,,,,,,,,,,,
http://cdo.keu.kz/content/22575/22414/q.files/image001.gif,http://cdo.keu.kz/content/22575/22414/q.files/image002.gif,http://cdo.keu.kz/content/22575/22414/q.files/image003.gif,http://cdo.keu.kz/content/22575/22414/q.files/image004.gif,http://cdo.keu.kz/content/22575/22414/q.files/image005.gif,http://cdo.keu.kz/content/22575/22414/q.files/image006.gif,http://cdo.keu.kz/content/22575/22414/q.files/image007.gif,http://cdo.keu.kz/content/22575/22414/q.files/image008.gif,http://cdo.keu.kz/content/22575/22414/q.files/image009.gif,http://cdo.keu.kz/content/22575/22414/q.files/image010.gif,http://cdo.keu.kz/content/22575/22414/q.files/image011.gif,http://cdo.keu.kz/content/22575/22414/q.files/image012.gif,http://cdo.keu.kz/content/22575/22414/q.files/image013.gif,http://cdo.keu.kz/content/22575/22414/q.files/image014.gif,http://cdo.keu.kz/content/22575/22414/q.files/image015.gif,http://cdo.keu.kz/content/22575/22414/q.files/image016.gif,http://cdo.keu.kz/content/22575/22414/q.files/image017.gif,http://cdo.keu.kz/content/22575/22414/q.files/image018.gif,http://cdo.keu.kz/content/22575/22414/q.files/image019.gif,http://cdo.keu.kz/content/22575/22414/q.files/image020.gif,http://cdo.keu.kz/content/22575/22414/q.files/image021.gif,http://cdo.keu.kz/content/22575/22414/q.files/image022.gif,http://cdo.keu.kz/content/22575/22414/q.files/image023.gif,http://cdo.keu.kz/content/22575/22414/q.files/image024.gif,http://cdo.keu.kz/content/22575/22414/q.files/image025.gif,http://cdo.keu.kz/content/22575/22414/q.files/image026.gif,http://cdo.keu.kz/content/22575/22414/q.htm,,,,,,,,,,,,,,,,,,,,,,,,,,,
http://cdo.keu.kz/content/22576/22415/q.files/image001.gif,http://cdo.keu.kz/content/22576/22415/q.files/image002.gif,http://cdo.keu.kz/content/22576/22415/q.files/image003.gif,http://cdo.keu.kz/content/22576/22415/q.files/image004.gif,http://cdo.keu.kz/content/22576/22415/q.files/image005.gif,http://cdo.keu.kz/content/22576/22415/q.files/image006.gif,http://cdo.keu.kz/content/22576/22415/q.files/image007.gif,http://cdo.keu.kz/content/22576/22415/q.files/image008.gif,http://cdo.keu.kz/content/22576/22415/q.files/image009.gif,http://cdo.keu.kz/content/22576/22415/q.files/image010.gif,http://cdo.keu.kz/content/22576/22415/q.files/image011.gif,http://cdo.keu.kz/content/22576/22415/q.files/image012.gif,http://cdo.keu.kz/content/22576/22415/q.files/image013.gif,http://cdo.keu.kz/content/22576/22415/q.files/image014.gif,http://cdo.keu.kz/content/22576/22415/q.files/image015.gif,http://cdo.keu.kz/content/22576/22415/q.files/image016.gif,http://cdo.keu.kz/content/22576/22415/q.files/image017.gif,http://cdo.keu.kz/content/22576/22415/q.files/image018.gif,http://cdo.keu.kz/content/22576/22415/q.files/image019.gif,http://cdo.keu.kz/content/22576/22415/q.files/image020.gif,http://cdo.keu.kz/content/22576/22415/q.files/image021.gif,http://cdo.keu.kz/content/22576/22415/q.files/image022.gif,http://cdo.keu.kz/content/22576/22415/q.files/image023.gif,http://cdo.keu.kz/content/22576/22415/q.files/image024.gif,http://cdo.keu.kz/content/22576/22415/q.files/image025.gif,http://cdo.keu.kz/content/22576/22415/q.files/image026.gif,http://cdo.keu.kz/content/22576/22415/q.htm,,,,,,,,,,,,,,,,,,,,,,,,,,,
http://cdo.keu.kz/content/22577/22416/q.files/image001.gif,http://cdo.keu.kz/content/22577/22416/q.files/image002.gif,http://cdo.keu.kz/content/22577/22416/q.files/image003.gif,http://cdo.keu.kz/content/22577/22416/q.files/image004.gif,http://cdo.keu.kz/content/22577/22416/q.files/image005.gif,http://cdo.keu.kz/content/22577/22416/q.files/image006.gif,http://cdo.keu.kz/content/22577/22416/q.files/image007.gif,http://cdo.keu.kz/content/22577/22416/q.files/image008.gif,http://cdo.keu.kz/content/22577/22416/q.files/image009.gif,http://cdo.keu.kz/content/22577/22416/q.files/image010.gif,http://cdo.keu.kz/content/22577/22416/q.files/image011.gif,http://cdo.keu.kz/content/22577/22416/q.files/image012.gif,http://cdo.keu.kz/content/22577/22416/q.files/image013.gif,http://cdo.keu.kz/content/22577/22416/q.files/image014.gif,http://cdo.keu.kz/content/22577/22416/q.files/image015.gif,http://cdo.keu.kz/content/22577/22416/q.files/image016.gif,http://cdo.keu.kz/content/22577/22416/q.files/image017.gif,http://cdo.keu.kz/content/22577/22416/q.files/image018.gif,http://cdo.keu.kz/content/22577/22416/q.files/image019.gif,http://cdo.keu.kz/content/22577/22416/q.files/image020.gif,http://cdo.keu.kz/content/22577/22416/q.files/image021.gif,http://cdo.keu.kz/content/22577/22416/q.files/image022.gif,http://cdo.keu.kz/content/22577/22416/q.files/image023.gif,http://cdo.keu.kz/content/22577/22416/q.files/image024.gif,http://cdo.keu.kz/content/22577/22416/q.files/image025.gif,http://cdo.keu.kz/content/22577/22416/q.files/image026.gif,http://cdo.keu.kz/content/22577/22416/q.htm,,,,,,,,,,,,,,,,,,,,,,,,,,,
http://cdo.keu.kz/content/22578/22417/22417.htm,http://cdo.keu.kz/content/22578/22417/76543/76543.htm,http://cdo.keu.kz/content/22578/22417/76544/76544.htm,http://cdo.keu.kz/content/22578/22417/76545/76545.htm,http://cdo.keu.kz/content/22578/22417/76546/76546.htm,http://cdo.keu.kz/content/22578/22417/76547/76547.htm,http://cdo.keu.kz/content/22578/22417/76548/76548.htm,http://cdo.keu.kz/content/22578/22417/76549/76549.htm,http://cdo.keu.kz/content/22578/22417/76550/76550.htm,http://cdo.keu.kz/content/22578/22417/76551/76551.htm,http://cdo.keu.kz/content/22578/22417/76552/76552.htm,http://cdo.keu.kz/content/22578/22417/76553/76553.htm,http://cdo.keu.kz/content/22578/22417/lekciya.files/image001.jpg,http://cdo.keu.kz/content/22578/22417/lekciya.files/image002.jpg,http://cdo.keu.kz/content/22578/22417/lekciya.files/image003.jpg,http://cdo.keu.kz/content/22578/22417/lekciya.files/image004.jpg,http://cdo.keu.kz/content/22578/22417/lekciya.files/image005.jpg,,,,,,,,,,,,,,,,,,,,,,,,,,,,,,,,,,,,,
http://cdo.keu.kz/content/22579/22418/test1.files/colorschememapping.xml,http://cdo.keu.kz/content/22579/22418/test1.files/editdata.mso,http://cdo.keu.kz/content/22579/22418/test1.files/filelist.xml,http://cdo.keu.kz/content/22579/22418/test1.files/themedata.thmx,http://cdo.keu.kz/content/22579/22418/test1.htm,,,,,,,,,,,,,,,,,,,,,,,,,,,,,,,,,,,,,,,,,,,,,,,,,
http://cdo.keu.kz/content/22580/22419/1q.htm,,,,,,,,,,,,,,,,,,,,,,,,,,,,,,,,,,,,,,,,,,,,,,,,,,,,,
http://cdo.keu.kz/content/22581/22420/2q.htm,,,,,,,,,,,,,,,,,,,,,,,,,,,,,,,,,,,,,,,,,,,,,,,,,,,,,
http://cdo.keu.kz/content/22582/22421/3q.htm,,,,,,,,,,,,,,,,,,,,,,,,,,,,,,,,,,,,,,,,,,,,,,,,,,,,,
http://cdo.keu.kz/content/22583/22422/4q.htm,,,,,,,,,,,,,,,,,,,,,,,,,,,,,,,,,,,,,,,,,,,,,,,,,,,,,
http://cdo.keu.kz/content/22584/22423/q.htm,,,,,,,,,,,,,,,,,,,,,,,,,,,,,,,,,,,,,,,,,,,,,,,,,,,,,
http://cdo.keu.kz/content/22585/22424/test1.files/colorschememapping.xml,http://cdo.keu.kz/content/22585/22424/test1.files/filelist.xml,http://cdo.keu.kz/content/22585/22424/test1.files/themedata.thmx,http://cdo.keu.kz/content/22585/22424/test1.htm,,,,,,,,,,,,,,,,,,,,,,,,,,,,,,,,,,,,,,,,,,,,,,,,,,
http://cdo.keu.kz/content/22586/22425/test2.files/colorschememapping.xml,http://cdo.keu.kz/content/22586/22425/test2.files/editdata.mso,http://cdo.keu.kz/content/22586/22425/test2.files/filelist.xml,http://cdo.keu.kz/content/22586/22425/test2.files/themedata.thmx,http://cdo.keu.kz/content/22586/22425/test2.htm,,,,,,,,,,,,,,,,,,,,,,,,,,,,,,,,,,,,,,,,,,,,,,,,,
http://cdo.keu.kz/content/22587/22426/test3.files/colorschememapping.xml,http://cdo.keu.kz/content/22587/22426/test3.files/editdata.mso,http://cdo.keu.kz/content/22587/22426/test3.files/filelist.xml,http://cdo.keu.kz/content/22587/22426/test3.files/themedata.thmx,http://cdo.keu.kz/content/22587/22426/test3.htm,,,,,,,,,,,,,,,,,,,,,,,,,,,,,,,,,,,,,,,,,,,,,,,,,
http://cdo.keu.kz/content/22588/22427/test3.files/colorschememapping.xml,http://cdo.keu.kz/content/22588/22427/test3.files/filelist.xml,http://cdo.keu.kz/content/22588/22427/test3.files/themedata.thmx,http://cdo.keu.kz/content/22588/22427/test3.htm,,,,,,,,,,,,,,,,,,,,,,,,,,,,,,,,,,,,,,,,,,,,,,,,,,
http://cdo.keu.kz/content/22589/22428/22428.htm,http://cdo.keu.kz/content/22589/22428/76554/76554.htm,http://cdo.keu.kz/content/22589/22428/76555/76555.htm,http://cdo.keu.kz/content/22589/22428/76556/76556.htm,http://cdo.keu.kz/content/22589/22428/76557/76557.htm,http://cdo.keu.kz/content/22589/22428/76558/76558.htm,http://cdo.keu.kz/content/22589/22428/76559/76559.htm,http://cdo.keu.kz/content/22589/22428/76560/76560.htm,http://cdo.keu.kz/content/22589/22428/76561/76561.htm,http://cdo.keu.kz/content/22589/22428/76562/76562.htm,http://cdo.keu.kz/content/22589/22428/76563/76563.htm,http://cdo.keu.kz/content/22589/22428/76564/76564.htm,http://cdo.keu.kz/content/22589/22428/76565/76565.htm,http://cdo.keu.kz/content/22589/22428/76566/76566.htm,http://cdo.keu.kz/content/22589/22428/lec.files/colorschememapping.xml,http://cdo.keu.kz/content/22589/22428/lec.files/filelist.xml,http://cdo.keu.kz/content/22589/22428/lec.files/themedata.thmx,,,,,,,,,,,,,,,,,,,,,,,,,,,,,,,,,,,,,
http://cdo.keu.kz/content/22590/22429/test1.files/colorschememapping.xml,http://cdo.keu.kz/content/22590/22429/test1.files/filelist.xml,http://cdo.keu.kz/content/22590/22429/test1.files/themedata.thmx,http://cdo.keu.kz/content/22590/22429/test1.htm,,,,,,,,,,,,,,,,,,,,,,,,,,,,,,,,,,,,,,,,,,,,,,,,,,
http://cdo.keu.kz/content/22591/22430/test2.files/colorschememapping.xml,http://cdo.keu.kz/content/22591/22430/test2.files/filelist.xml,http://cdo.keu.kz/content/22591/22430/test2.files/themedata.thmx,http://cdo.keu.kz/content/22591/22430/test2.htm,,,,,,,,,,,,,,,,,,,,,,,,,,,,,,,,,,,,,,,,,,,,,,,,,,
http://cdo.keu.kz/content/22592/22431/test3..files/colorschememapping.xml,http://cdo.keu.kz/content/22592/22431/test3..files/filelist.xml,http://cdo.keu.kz/content/22592/22431/test3..files/themedata.thmx,http://cdo.keu.kz/content/22592/22431/test3..htm,,,,,,,,,,,,,,,,,,,,,,,,,,,,,,,,,,,,,,,,,,,,,,,,,,
http://cdo.keu.kz/content/22593/22432/test3.files/colorschememapping.xml,http://cdo.keu.kz/content/22593/22432/test3.files/filelist.xml,http://cdo.keu.kz/content/22593/22432/test3.files/themedata.thmx,http://cdo.keu.kz/content/22593/22432/test3.htm,,,,,,,,,,,,,,,,,,,,,,,,,,,,,,,,,,,,,,,,,,,,,,,,,,
http://cdo.keu.kz/content/22594/22433/test4.files/colorschememapping.xml,http://cdo.keu.kz/content/22594/22433/test4.files/filelist.xml,http://cdo.keu.kz/content/22594/22433/test4.files/themedata.thmx,http://cdo.keu.kz/content/22594/22433/test4.htm,,,,,,,,,,,,,,,,,,,,,,,,,,,,,,,,,,,,,,,,,,,,,,,,,,
http://cdo.keu.kz/content/22595/22434/itog.files/colorschememapping.xml,http://cdo.keu.kz/content/22595/22434/itog.files/filelist.xml,http://cdo.keu.kz/content/22595/22434/itog.files/item0001.xml,http://cdo.keu.kz/content/22595/22434/itog.files/props002.xml,http://cdo.keu.kz/content/22595/22434/itog.files/themedata.thmx,http://cdo.keu.kz/content/22595/22434/itog.htm,,,,,,,,,,,,,,,,,,,,,,,,,,,,,,,,,,,,,,,,,,,,,,,,
http://cdo.keu.kz/content/22596/22435/1q.htm,,,,,,,,,,,,,,,,,,,,,,,,,,,,,,,,,,,,,,,,,,,,,,,,,,,,,
http://cdo.keu.kz/content/22597/22436/2q.htm,,,,,,,,,,,,,,,,,,,,,,,,,,,,,,,,,,,,,,,,,,,,,,,,,,,,,
http://cdo.keu.kz/content/22598/22437/3q.htm,,,,,,,,,,,,,,,,,,,,,,,,,,,,,,,,,,,,,,,,,,,,,,,,,,,,,
http://cdo.keu.kz/content/22599/22438/4q.htm,,,,,,,,,,,,,,,,,,,,,,,,,,,,,,,,,,,,,,,,,,,,,,,,,,,,,
http://cdo.keu.kz/content/22600/22439/q.htm,,,,,,,,,,,,,,,,,,,,,,,,,,,,,,,,,,,,,,,,,,,,,,,,,,,,,
