0,1,2,3,4,5,6,7,8,9,10,11,12,13,14,15,16,17,18,19,20,21,22,23,24,25,26,27,28,29,30,31,32,33,34,35,36,37,38,39,40,41,42,43,44,45,46,47,48,49,50,51,52,53,54,55,56,57,58,59,60,61,62,63,64,65,66,67,68,69,70,71,72,73,74,75,76,77,78,79,80,81,82,83,84,85,86,87,88,89,90,91,92,93,94,95,96,97,98,99,100,101,102,103,104,105,106,107,108,109,110,111,112,113,114,115,116,117,118,119,120,121,122,123,124,125,126,127,128,129,130,131,132,133,134,135,136,137,138,139,140,141,142,143,144,145,146,147,148,149,150,151,152,153,154,155,156,157,158,159,160,161,162,163,164,165,166,167,168,169,170,171,172,173,174,175,176,177,178,179,180,181,182,183
http://cdo.keu.kz/content/23401/23240/%e2%80%994.files/colorschememapping.xml,http://cdo.keu.kz/content/23401/23240/%e2%80%994.files/filelist.xml,http://cdo.keu.kz/content/23401/23240/%e2%80%994.files/themedata.thmx,http://cdo.keu.kz/content/23401/23240/%e2%80%994.htm,,,,,,,,,,,,,,,,,,,,,,,,,,,,,,,,,,,,,,,,,,,,,,,,,,,,,,,,,,,,,,,,,,,,,,,,,,,,,,,,,,,,,,,,,,,,,,,,,,,,,,,,,,,,,,,,,,,,,,,,,,,,,,,,,,,,,,,,,,,,,,,,,,,,,,,,,,,,,,,,,,,,,,,,,,,,,,,,,,,,
http://cdo.keu.kz/content/23402/23241/itog.files/colorschememapping.xml,http://cdo.keu.kz/content/23402/23241/itog.files/filelist.xml,http://cdo.keu.kz/content/23402/23241/itog.files/themedata.thmx,http://cdo.keu.kz/content/23402/23241/itog.htm,,,,,,,,,,,,,,,,,,,,,,,,,,,,,,,,,,,,,,,,,,,,,,,,,,,,,,,,,,,,,,,,,,,,,,,,,,,,,,,,,,,,,,,,,,,,,,,,,,,,,,,,,,,,,,,,,,,,,,,,,,,,,,,,,,,,,,,,,,,,,,,,,,,,,,,,,,,,,,,,,,,,,,,,,,,,,,,,,,,,
http://cdo.keu.kz/content/23403/23242/t1.files/colorschememapping.xml,http://cdo.keu.kz/content/23403/23242/t1.files/filelist.xml,http://cdo.keu.kz/content/23403/23242/t1.files/themedata.thmx,http://cdo.keu.kz/content/23403/23242/t1.htm,,,,,,,,,,,,,,,,,,,,,,,,,,,,,,,,,,,,,,,,,,,,,,,,,,,,,,,,,,,,,,,,,,,,,,,,,,,,,,,,,,,,,,,,,,,,,,,,,,,,,,,,,,,,,,,,,,,,,,,,,,,,,,,,,,,,,,,,,,,,,,,,,,,,,,,,,,,,,,,,,,,,,,,,,,,,,,,,,,,,
http://cdo.keu.kz/content/23404/23243/t2.files/colorschememapping.xml,http://cdo.keu.kz/content/23404/23243/t2.files/filelist.xml,http://cdo.keu.kz/content/23404/23243/t2.files/themedata.thmx,http://cdo.keu.kz/content/23404/23243/t2.htm,,,,,,,,,,,,,,,,,,,,,,,,,,,,,,,,,,,,,,,,,,,,,,,,,,,,,,,,,,,,,,,,,,,,,,,,,,,,,,,,,,,,,,,,,,,,,,,,,,,,,,,,,,,,,,,,,,,,,,,,,,,,,,,,,,,,,,,,,,,,,,,,,,,,,,,,,,,,,,,,,,,,,,,,,,,,,,,,,,,,
http://cdo.keu.kz/content/23405/23244/q.htm,,,,,,,,,,,,,,,,,,,,,,,,,,,,,,,,,,,,,,,,,,,,,,,,,,,,,,,,,,,,,,,,,,,,,,,,,,,,,,,,,,,,,,,,,,,,,,,,,,,,,,,,,,,,,,,,,,,,,,,,,,,,,,,,,,,,,,,,,,,,,,,,,,,,,,,,,,,,,,,,,,,,,,,,,,,,,,,,,,,,,,,
http://cdo.keu.kz/content/23406/23245/q.htm,,,,,,,,,,,,,,,,,,,,,,,,,,,,,,,,,,,,,,,,,,,,,,,,,,,,,,,,,,,,,,,,,,,,,,,,,,,,,,,,,,,,,,,,,,,,,,,,,,,,,,,,,,,,,,,,,,,,,,,,,,,,,,,,,,,,,,,,,,,,,,,,,,,,,,,,,,,,,,,,,,,,,,,,,,,,,,,,,,,,,,,
http://cdo.keu.kz/content/23407/23246/q.htm,,,,,,,,,,,,,,,,,,,,,,,,,,,,,,,,,,,,,,,,,,,,,,,,,,,,,,,,,,,,,,,,,,,,,,,,,,,,,,,,,,,,,,,,,,,,,,,,,,,,,,,,,,,,,,,,,,,,,,,,,,,,,,,,,,,,,,,,,,,,,,,,,,,,,,,,,,,,,,,,,,,,,,,,,,,,,,,,,,,,,,,
http://cdo.keu.kz/content/23408/23247/q.htm,,,,,,,,,,,,,,,,,,,,,,,,,,,,,,,,,,,,,,,,,,,,,,,,,,,,,,,,,,,,,,,,,,,,,,,,,,,,,,,,,,,,,,,,,,,,,,,,,,,,,,,,,,,,,,,,,,,,,,,,,,,,,,,,,,,,,,,,,,,,,,,,,,,,,,,,,,,,,,,,,,,,,,,,,,,,,,,,,,,,,,,
http://cdo.keu.kz/content/23409/23248/1q.htm,,,,,,,,,,,,,,,,,,,,,,,,,,,,,,,,,,,,,,,,,,,,,,,,,,,,,,,,,,,,,,,,,,,,,,,,,,,,,,,,,,,,,,,,,,,,,,,,,,,,,,,,,,,,,,,,,,,,,,,,,,,,,,,,,,,,,,,,,,,,,,,,,,,,,,,,,,,,,,,,,,,,,,,,,,,,,,,,,,,,,,,
http://cdo.keu.kz/content/23410/23249/T1.files/colorschememapping.xml,http://cdo.keu.kz/content/23410/23249/T1.files/filelist.xml,http://cdo.keu.kz/content/23410/23249/T1.files/image001.wmz,http://cdo.keu.kz/content/23410/23249/T1.files/image002.wmz,http://cdo.keu.kz/content/23410/23249/T1.files/image003.wmz,http://cdo.keu.kz/content/23410/23249/T1.files/image004.wmz,http://cdo.keu.kz/content/23410/23249/T1.files/image005.wmz,http://cdo.keu.kz/content/23410/23249/T1.files/image006.wmz,http://cdo.keu.kz/content/23410/23249/T1.files/image007.wmz,http://cdo.keu.kz/content/23410/23249/T1.files/image008.wmz,http://cdo.keu.kz/content/23410/23249/T1.files/image009.wmz,http://cdo.keu.kz/content/23410/23249/T1.files/image010.wmz,http://cdo.keu.kz/content/23410/23249/T1.files/image011.wmz,http://cdo.keu.kz/content/23410/23249/T1.files/image012.wmz,http://cdo.keu.kz/content/23410/23249/T1.files/image013.wmz,http://cdo.keu.kz/content/23410/23249/T1.files/image014.wmz,http://cdo.keu.kz/content/23410/23249/T1.files/image015.wmz,http://cdo.keu.kz/content/23410/23249/T1.files/image016.wmz,http://cdo.keu.kz/content/23410/23249/T1.files/image017.wmz,http://cdo.keu.kz/content/23410/23249/T1.files/image018.wmz,http://cdo.keu.kz/content/23410/23249/T1.files/image019.wmz,http://cdo.keu.kz/content/23410/23249/T1.files/image020.wmz,http://cdo.keu.kz/content/23410/23249/T1.files/image021.wmz,http://cdo.keu.kz/content/23410/23249/T1.files/image022.wmz,http://cdo.keu.kz/content/23410/23249/T1.files/image023.wmz,http://cdo.keu.kz/content/23410/23249/T1.files/image024.wmz,http://cdo.keu.kz/content/23410/23249/T1.files/image025.wmz,http://cdo.keu.kz/content/23410/23249/T1.files/image026.wmz,http://cdo.keu.kz/content/23410/23249/T1.files/image027.wmz,http://cdo.keu.kz/content/23410/23249/T1.files/image028.wmz,http://cdo.keu.kz/content/23410/23249/T1.files/image029.wmz,http://cdo.keu.kz/content/23410/23249/T1.files/image030.wmz,http://cdo.keu.kz/content/23410/23249/T1.files/image031.wmz,http://cdo.keu.kz/content/23410/23249/T1.files/image032.wmz,http://cdo.keu.kz/content/23410/23249/T1.files/image033.wmz,http://cdo.keu.kz/content/23410/23249/T1.files/image034.wmz,http://cdo.keu.kz/content/23410/23249/T1.files/image035.wmz,http://cdo.keu.kz/content/23410/23249/T1.files/image036.wmz,http://cdo.keu.kz/content/23410/23249/T1.files/image037.wmz,http://cdo.keu.kz/content/23410/23249/T1.files/image038.wmz,http://cdo.keu.kz/content/23410/23249/T1.files/image039.wmz,http://cdo.keu.kz/content/23410/23249/T1.files/image040.wmz,http://cdo.keu.kz/content/23410/23249/T1.files/image041.wmz,http://cdo.keu.kz/content/23410/23249/T1.files/image042.wmz,http://cdo.keu.kz/content/23410/23249/T1.files/image043.wmz,http://cdo.keu.kz/content/23410/23249/T1.files/image044.wmz,http://cdo.keu.kz/content/23410/23249/T1.files/image045.wmz,http://cdo.keu.kz/content/23410/23249/T1.files/image046.wmz,http://cdo.keu.kz/content/23410/23249/T1.files/image047.wmz,http://cdo.keu.kz/content/23410/23249/T1.files/image048.wmz,http://cdo.keu.kz/content/23410/23249/T1.files/image049.wmz,http://cdo.keu.kz/content/23410/23249/T1.files/image050.wmz,http://cdo.keu.kz/content/23410/23249/T1.files/image051.wmz,http://cdo.keu.kz/content/23410/23249/T1.files/image052.wmz,http://cdo.keu.kz/content/23410/23249/T1.files/image053.wmz,http://cdo.keu.kz/content/23410/23249/T1.files/image054.wmz,http://cdo.keu.kz/content/23410/23249/T1.files/image055.wmz,http://cdo.keu.kz/content/23410/23249/T1.files/image056.wmz,http://cdo.keu.kz/content/23410/23249/T1.files/image057.wmz,http://cdo.keu.kz/content/23410/23249/T1.files/image058.wmz,http://cdo.keu.kz/content/23410/23249/T1.files/image059.wmz,http://cdo.keu.kz/content/23410/23249/T1.files/image060.wmz,http://cdo.keu.kz/content/23410/23249/T1.files/image061.wmz,http://cdo.keu.kz/content/23410/23249/T1.files/image062.wmz,http://cdo.keu.kz/content/23410/23249/T1.files/image063.wmz,http://cdo.keu.kz/content/23410/23249/T1.files/image064.wmz,http://cdo.keu.kz/content/23410/23249/T1.files/image065.wmz,http://cdo.keu.kz/content/23410/23249/T1.files/image066.wmz,http://cdo.keu.kz/content/23410/23249/T1.files/image067.wmz,http://cdo.keu.kz/content/23410/23249/T1.files/image068.wmz,http://cdo.keu.kz/content/23410/23249/T1.files/image069.wmz,http://cdo.keu.kz/content/23410/23249/T1.files/image070.wmz,http://cdo.keu.kz/content/23410/23249/T1.files/image071.wmz,http://cdo.keu.kz/content/23410/23249/T1.files/image072.wmz,http://cdo.keu.kz/content/23410/23249/T1.files/oledata.mso,http://cdo.keu.kz/content/23410/23249/T1.files/themedata.thmx,http://cdo.keu.kz/content/23410/23249/T1.htm,,,,,,,,,,,,,,,,,,,,,,,,,,,,,,,,,,,,,,,,,,,,,,,,,,,,,,,,,,,,,,,,,,,,,,,,,,,,,,,,,,,,,,,,,,,,,,,,,,,,,,,,,,,
http://cdo.keu.kz/content/23411/23250/t3.files/colorschememapping.xml,http://cdo.keu.kz/content/23411/23250/t3.files/filelist.xml,http://cdo.keu.kz/content/23411/23250/t3.files/themedata.thmx,http://cdo.keu.kz/content/23411/23250/t3.htm,,,,,,,,,,,,,,,,,,,,,,,,,,,,,,,,,,,,,,,,,,,,,,,,,,,,,,,,,,,,,,,,,,,,,,,,,,,,,,,,,,,,,,,,,,,,,,,,,,,,,,,,,,,,,,,,,,,,,,,,,,,,,,,,,,,,,,,,,,,,,,,,,,,,,,,,,,,,,,,,,,,,,,,,,,,,,,,,,,,,
http://cdo.keu.kz/content/23412/23251/23251.htm,http://cdo.keu.kz/content/23412/23251/77334/77334.htm,http://cdo.keu.kz/content/23412/23251/77335/77335.htm,http://cdo.keu.kz/content/23412/23251/77336/77336.htm,http://cdo.keu.kz/content/23412/23251/77337/77337.htm,http://cdo.keu.kz/content/23412/23251/77338/77338.htm,,,,,,,,,,,,,,,,,,,,,,,,,,,,,,,,,,,,,,,,,,,,,,,,,,,,,,,,,,,,,,,,,,,,,,,,,,,,,,,,,,,,,,,,,,,,,,,,,,,,,,,,,,,,,,,,,,,,,,,,,,,,,,,,,,,,,,,,,,,,,,,,,,,,,,,,,,,,,,,,,,,,,,,,,,,,,,,,,,
http://cdo.keu.kz/content/23413/23252/23252.htm,http://cdo.keu.kz/content/23413/23252/77339/77339.htm,http://cdo.keu.kz/content/23413/23252/77340/77340.htm,http://cdo.keu.kz/content/23413/23252/77341/77341.htm,http://cdo.keu.kz/content/23413/23252/77342/77342.htm,http://cdo.keu.kz/content/23413/23252/77343/77343.htm,,,,,,,,,,,,,,,,,,,,,,,,,,,,,,,,,,,,,,,,,,,,,,,,,,,,,,,,,,,,,,,,,,,,,,,,,,,,,,,,,,,,,,,,,,,,,,,,,,,,,,,,,,,,,,,,,,,,,,,,,,,,,,,,,,,,,,,,,,,,,,,,,,,,,,,,,,,,,,,,,,,,,,,,,,,,,,,,,,
http://cdo.keu.kz/content/23414/23253/q.htm,,,,,,,,,,,,,,,,,,,,,,,,,,,,,,,,,,,,,,,,,,,,,,,,,,,,,,,,,,,,,,,,,,,,,,,,,,,,,,,,,,,,,,,,,,,,,,,,,,,,,,,,,,,,,,,,,,,,,,,,,,,,,,,,,,,,,,,,,,,,,,,,,,,,,,,,,,,,,,,,,,,,,,,,,,,,,,,,,,,,,,,
http://cdo.keu.kz/content/23415/23254/T1.htm,,,,,,,,,,,,,,,,,,,,,,,,,,,,,,,,,,,,,,,,,,,,,,,,,,,,,,,,,,,,,,,,,,,,,,,,,,,,,,,,,,,,,,,,,,,,,,,,,,,,,,,,,,,,,,,,,,,,,,,,,,,,,,,,,,,,,,,,,,,,,,,,,,,,,,,,,,,,,,,,,,,,,,,,,,,,,,,,,,,,,,,
http://cdo.keu.kz/content/23416/23255/T2.htm,,,,,,,,,,,,,,,,,,,,,,,,,,,,,,,,,,,,,,,,,,,,,,,,,,,,,,,,,,,,,,,,,,,,,,,,,,,,,,,,,,,,,,,,,,,,,,,,,,,,,,,,,,,,,,,,,,,,,,,,,,,,,,,,,,,,,,,,,,,,,,,,,,,,,,,,,,,,,,,,,,,,,,,,,,,,,,,,,,,,,,,
http://cdo.keu.kz/content/23417/23256/T3.htm,,,,,,,,,,,,,,,,,,,,,,,,,,,,,,,,,,,,,,,,,,,,,,,,,,,,,,,,,,,,,,,,,,,,,,,,,,,,,,,,,,,,,,,,,,,,,,,,,,,,,,,,,,,,,,,,,,,,,,,,,,,,,,,,,,,,,,,,,,,,,,,,,,,,,,,,,,,,,,,,,,,,,,,,,,,,,,,,,,,,,,,
http://cdo.keu.kz/content/23418/23257/1q.htm,,,,,,,,,,,,,,,,,,,,,,,,,,,,,,,,,,,,,,,,,,,,,,,,,,,,,,,,,,,,,,,,,,,,,,,,,,,,,,,,,,,,,,,,,,,,,,,,,,,,,,,,,,,,,,,,,,,,,,,,,,,,,,,,,,,,,,,,,,,,,,,,,,,,,,,,,,,,,,,,,,,,,,,,,,,,,,,,,,,,,,,
http://cdo.keu.kz/content/23419/23258/T4.htm,,,,,,,,,,,,,,,,,,,,,,,,,,,,,,,,,,,,,,,,,,,,,,,,,,,,,,,,,,,,,,,,,,,,,,,,,,,,,,,,,,,,,,,,,,,,,,,,,,,,,,,,,,,,,,,,,,,,,,,,,,,,,,,,,,,,,,,,,,,,,,,,,,,,,,,,,,,,,,,,,,,,,,,,,,,,,,,,,,,,,,,
http://cdo.keu.kz/content/23420/23259/2q.htm,,,,,,,,,,,,,,,,,,,,,,,,,,,,,,,,,,,,,,,,,,,,,,,,,,,,,,,,,,,,,,,,,,,,,,,,,,,,,,,,,,,,,,,,,,,,,,,,,,,,,,,,,,,,,,,,,,,,,,,,,,,,,,,,,,,,,,,,,,,,,,,,,,,,,,,,,,,,,,,,,,,,,,,,,,,,,,,,,,,,,,,
http://cdo.keu.kz/content/23421/23260/itog.files/colorschememapping.xml,http://cdo.keu.kz/content/23421/23260/itog.files/filelist.xml,http://cdo.keu.kz/content/23421/23260/itog.files/themedata.thmx,http://cdo.keu.kz/content/23421/23260/itog.htm,,,,,,,,,,,,,,,,,,,,,,,,,,,,,,,,,,,,,,,,,,,,,,,,,,,,,,,,,,,,,,,,,,,,,,,,,,,,,,,,,,,,,,,,,,,,,,,,,,,,,,,,,,,,,,,,,,,,,,,,,,,,,,,,,,,,,,,,,,,,,,,,,,,,,,,,,,,,,,,,,,,,,,,,,,,,,,,,,,,,
http://cdo.keu.kz/content/23422/23261/3q.htm,,,,,,,,,,,,,,,,,,,,,,,,,,,,,,,,,,,,,,,,,,,,,,,,,,,,,,,,,,,,,,,,,,,,,,,,,,,,,,,,,,,,,,,,,,,,,,,,,,,,,,,,,,,,,,,,,,,,,,,,,,,,,,,,,,,,,,,,,,,,,,,,,,,,,,,,,,,,,,,,,,,,,,,,,,,,,,,,,,,,,,,
http://cdo.keu.kz/content/23423/23262/4q.htm,,,,,,,,,,,,,,,,,,,,,,,,,,,,,,,,,,,,,,,,,,,,,,,,,,,,,,,,,,,,,,,,,,,,,,,,,,,,,,,,,,,,,,,,,,,,,,,,,,,,,,,,,,,,,,,,,,,,,,,,,,,,,,,,,,,,,,,,,,,,,,,,,,,,,,,,,,,,,,,,,,,,,,,,,,,,,,,,,,,,,,,
http://cdo.keu.kz/content/23424/23263/t4.files/colorschememapping.xml,http://cdo.keu.kz/content/23424/23263/t4.files/filelist.xml,http://cdo.keu.kz/content/23424/23263/t4.files/themedata.thmx,http://cdo.keu.kz/content/23424/23263/t4.htm,,,,,,,,,,,,,,,,,,,,,,,,,,,,,,,,,,,,,,,,,,,,,,,,,,,,,,,,,,,,,,,,,,,,,,,,,,,,,,,,,,,,,,,,,,,,,,,,,,,,,,,,,,,,,,,,,,,,,,,,,,,,,,,,,,,,,,,,,,,,,,,,,,,,,,,,,,,,,,,,,,,,,,,,,,,,,,,,,,,,
http://cdo.keu.kz/content/23425/23264/itog.files/colorschememapping.xml,http://cdo.keu.kz/content/23425/23264/itog.files/editdata.mso,http://cdo.keu.kz/content/23425/23264/itog.files/filelist.xml,http://cdo.keu.kz/content/23425/23264/itog.files/item0001.xml,http://cdo.keu.kz/content/23425/23264/itog.files/props002.xml,http://cdo.keu.kz/content/23425/23264/itog.files/themedata.thmx,http://cdo.keu.kz/content/23425/23264/itog.htm,,,,,,,,,,,,,,,,,,,,,,,,,,,,,,,,,,,,,,,,,,,,,,,,,,,,,,,,,,,,,,,,,,,,,,,,,,,,,,,,,,,,,,,,,,,,,,,,,,,,,,,,,,,,,,,,,,,,,,,,,,,,,,,,,,,,,,,,,,,,,,,,,,,,,,,,,,,,,,,,,,,,,,,,,,,,,,,,,
http://cdo.keu.kz/content/23426/23265/itog.htm,,,,,,,,,,,,,,,,,,,,,,,,,,,,,,,,,,,,,,,,,,,,,,,,,,,,,,,,,,,,,,,,,,,,,,,,,,,,,,,,,,,,,,,,,,,,,,,,,,,,,,,,,,,,,,,,,,,,,,,,,,,,,,,,,,,,,,,,,,,,,,,,,,,,,,,,,,,,,,,,,,,,,,,,,,,,,,,,,,,,,,,
http://cdo.keu.kz/content/23427/23266/%e2%80%991.files/colorschememapping.xml,http://cdo.keu.kz/content/23427/23266/%e2%80%991.files/filelist.xml,http://cdo.keu.kz/content/23427/23266/%e2%80%991.files/themedata.thmx,http://cdo.keu.kz/content/23427/23266/%e2%80%991.htm,,,,,,,,,,,,,,,,,,,,,,,,,,,,,,,,,,,,,,,,,,,,,,,,,,,,,,,,,,,,,,,,,,,,,,,,,,,,,,,,,,,,,,,,,,,,,,,,,,,,,,,,,,,,,,,,,,,,,,,,,,,,,,,,,,,,,,,,,,,,,,,,,,,,,,,,,,,,,,,,,,,,,,,,,,,,,,,,,,,,
http://cdo.keu.kz/content/23428/23267/%e2%80%992.files/colorschememapping.xml,http://cdo.keu.kz/content/23428/23267/%e2%80%992.files/filelist.xml,http://cdo.keu.kz/content/23428/23267/%e2%80%992.files/themedata.thmx,http://cdo.keu.kz/content/23428/23267/%e2%80%992.htm,,,,,,,,,,,,,,,,,,,,,,,,,,,,,,,,,,,,,,,,,,,,,,,,,,,,,,,,,,,,,,,,,,,,,,,,,,,,,,,,,,,,,,,,,,,,,,,,,,,,,,,,,,,,,,,,,,,,,,,,,,,,,,,,,,,,,,,,,,,,,,,,,,,,,,,,,,,,,,,,,,,,,,,,,,,,,,,,,,,,
http://cdo.keu.kz/content/23429/23268/%e2%80%993.files/colorschememapping.xml,http://cdo.keu.kz/content/23429/23268/%e2%80%993.files/filelist.xml,http://cdo.keu.kz/content/23429/23268/%e2%80%993.files/themedata.thmx,http://cdo.keu.kz/content/23429/23268/%e2%80%993.htm,,,,,,,,,,,,,,,,,,,,,,,,,,,,,,,,,,,,,,,,,,,,,,,,,,,,,,,,,,,,,,,,,,,,,,,,,,,,,,,,,,,,,,,,,,,,,,,,,,,,,,,,,,,,,,,,,,,,,,,,,,,,,,,,,,,,,,,,,,,,,,,,,,,,,,,,,,,,,,,,,,,,,,,,,,,,,,,,,,,,
http://cdo.keu.kz/content/23430/23269/%e2%80%994.files/colorschememapping.xml,http://cdo.keu.kz/content/23430/23269/%e2%80%994.files/filelist.xml,http://cdo.keu.kz/content/23430/23269/%e2%80%994.files/themedata.thmx,http://cdo.keu.kz/content/23430/23269/%e2%80%994.htm,,,,,,,,,,,,,,,,,,,,,,,,,,,,,,,,,,,,,,,,,,,,,,,,,,,,,,,,,,,,,,,,,,,,,,,,,,,,,,,,,,,,,,,,,,,,,,,,,,,,,,,,,,,,,,,,,,,,,,,,,,,,,,,,,,,,,,,,,,,,,,,,,,,,,,,,,,,,,,,,,,,,,,,,,,,,,,,,,,,,
http://cdo.keu.kz/content/23431/23270/%e2%80%993.files/colorschememapping.xml,http://cdo.keu.kz/content/23431/23270/%e2%80%993.files/filelist.xml,http://cdo.keu.kz/content/23431/23270/%e2%80%993.files/themedata.thmx,http://cdo.keu.kz/content/23431/23270/%e2%80%993.htm,,,,,,,,,,,,,,,,,,,,,,,,,,,,,,,,,,,,,,,,,,,,,,,,,,,,,,,,,,,,,,,,,,,,,,,,,,,,,,,,,,,,,,,,,,,,,,,,,,,,,,,,,,,,,,,,,,,,,,,,,,,,,,,,,,,,,,,,,,,,,,,,,,,,,,,,,,,,,,,,,,,,,,,,,,,,,,,,,,,,
http://cdo.keu.kz/content/23432/23271/2q.htm,,,,,,,,,,,,,,,,,,,,,,,,,,,,,,,,,,,,,,,,,,,,,,,,,,,,,,,,,,,,,,,,,,,,,,,,,,,,,,,,,,,,,,,,,,,,,,,,,,,,,,,,,,,,,,,,,,,,,,,,,,,,,,,,,,,,,,,,,,,,,,,,,,,,,,,,,,,,,,,,,,,,,,,,,,,,,,,,,,,,,,,
http://cdo.keu.kz/content/23433/23272/23272.htm,http://cdo.keu.kz/content/23433/23272/77344/77344.htm,http://cdo.keu.kz/content/23433/23272/77345/77345.htm,http://cdo.keu.kz/content/23433/23272/77346/77346.htm,http://cdo.keu.kz/content/23433/23272/77347/77347.htm,http://cdo.keu.kz/content/23433/23272/77348/77348.htm,http://cdo.keu.kz/content/23433/23272/77349/77349.htm,http://cdo.keu.kz/content/23433/23272/77350/77350.htm,http://cdo.keu.kz/content/23433/23272/77351/77351.htm,http://cdo.keu.kz/content/23433/23272/77352/77352.htm,http://cdo.keu.kz/content/23433/23272/77353/77353.htm,http://cdo.keu.kz/content/23433/23272/77354/77354.htm,http://cdo.keu.kz/content/23433/23272/77355/77355.htm,http://cdo.keu.kz/content/23433/23272/77356/77356.htm,http://cdo.keu.kz/content/23433/23272/77357/77357.htm,http://cdo.keu.kz/content/23433/23272/77358/77358.htm,http://cdo.keu.kz/content/23433/23272/lek.files/image001.jpg,http://cdo.keu.kz/content/23433/23272/lek.files/image002.gif,http://cdo.keu.kz/content/23433/23272/lek.files/image003.gif,http://cdo.keu.kz/content/23433/23272/lek.files/image004.gif,http://cdo.keu.kz/content/23433/23272/lek.files/image005.gif,http://cdo.keu.kz/content/23433/23272/lek.files/image006.gif,http://cdo.keu.kz/content/23433/23272/lek.files/image007.gif,http://cdo.keu.kz/content/23433/23272/lek.files/image008.gif,http://cdo.keu.kz/content/23433/23272/lek.files/image009.gif,http://cdo.keu.kz/content/23433/23272/lek.files/image010.gif,http://cdo.keu.kz/content/23433/23272/lek.files/image011.gif,http://cdo.keu.kz/content/23433/23272/lek.files/image012.gif,http://cdo.keu.kz/content/23433/23272/lek.files/image013.gif,http://cdo.keu.kz/content/23433/23272/lek.files/image014.gif,http://cdo.keu.kz/content/23433/23272/lek.files/image015.gif,http://cdo.keu.kz/content/23433/23272/lek.files/image016.gif,http://cdo.keu.kz/content/23433/23272/lek.files/image017.gif,http://cdo.keu.kz/content/23433/23272/lek.files/image018.gif,http://cdo.keu.kz/content/23433/23272/lek.files/image019.gif,http://cdo.keu.kz/content/23433/23272/lek.files/image020.gif,http://cdo.keu.kz/content/23433/23272/lek.files/image021.gif,http://cdo.keu.kz/content/23433/23272/lek.files/image022.gif,http://cdo.keu.kz/content/23433/23272/lek.files/image023.gif,http://cdo.keu.kz/content/23433/23272/lek.files/image024.gif,http://cdo.keu.kz/content/23433/23272/lek.files/image025.gif,http://cdo.keu.kz/content/23433/23272/lek.files/image026.gif,http://cdo.keu.kz/content/23433/23272/lek.files/image027.jpg,http://cdo.keu.kz/content/23433/23272/lek.files/image028.jpg,http://cdo.keu.kz/content/23433/23272/lek.files/image029.jpg,http://cdo.keu.kz/content/23433/23272/lek.files/image030.jpg,http://cdo.keu.kz/content/23433/23272/lek.files/image031.jpg,http://cdo.keu.kz/content/23433/23272/lek.files/image032.jpg,http://cdo.keu.kz/content/23433/23272/lek.files/image033.jpg,http://cdo.keu.kz/content/23433/23272/lek.files/image034.jpg,http://cdo.keu.kz/content/23433/23272/lek.files/image035.jpg,http://cdo.keu.kz/content/23433/23272/lek.files/image036.jpg,http://cdo.keu.kz/content/23433/23272/lek.files/image037.jpg,http://cdo.keu.kz/content/23433/23272/lek.files/image038.jpg,http://cdo.keu.kz/content/23433/23272/lek.files/image039.jpg,http://cdo.keu.kz/content/23433/23272/lek.files/image040.jpg,http://cdo.keu.kz/content/23433/23272/lek.files/image041.jpg,http://cdo.keu.kz/content/23433/23272/lek.files/image042.gif,http://cdo.keu.kz/content/23433/23272/lek.files/image043.gif,http://cdo.keu.kz/content/23433/23272/lek.files/image044.gif,http://cdo.keu.kz/content/23433/23272/lek.files/image045.gif,http://cdo.keu.kz/content/23433/23272/lek.files/image046.gif,http://cdo.keu.kz/content/23433/23272/lek.files/image047.gif,http://cdo.keu.kz/content/23433/23272/lek.files/image048.gif,http://cdo.keu.kz/content/23433/23272/lek.files/image049.gif,http://cdo.keu.kz/content/23433/23272/lek.files/image050.jpg,http://cdo.keu.kz/content/23433/23272/lek.files/image051.jpg,http://cdo.keu.kz/content/23433/23272/lek.files/image052.gif,http://cdo.keu.kz/content/23433/23272/lek.files/image053.gif,http://cdo.keu.kz/content/23433/23272/lek.files/image054.gif,http://cdo.keu.kz/content/23433/23272/lek.files/image055.gif,http://cdo.keu.kz/content/23433/23272/lek.files/image056.gif,http://cdo.keu.kz/content/23433/23272/lek.files/image057.gif,http://cdo.keu.kz/content/23433/23272/lek.files/image058.gif,http://cdo.keu.kz/content/23433/23272/lek.files/image059.gif,http://cdo.keu.kz/content/23433/23272/lek.files/image060.gif,http://cdo.keu.kz/content/23433/23272/lek.files/image061.gif,http://cdo.keu.kz/content/23433/23272/lek.files/image062.gif,http://cdo.keu.kz/content/23433/23272/lek.files/image063.gif,http://cdo.keu.kz/content/23433/23272/lek.files/image064.gif,http://cdo.keu.kz/content/23433/23272/lek.files/image065.gif,http://cdo.keu.kz/content/23433/23272/lek.files/image066.gif,http://cdo.keu.kz/content/23433/23272/lek.files/image067.gif,http://cdo.keu.kz/content/23433/23272/lek.files/image068.gif,http://cdo.keu.kz/content/23433/23272/lek.files/image069.gif,http://cdo.keu.kz/content/23433/23272/lek.files/image070.gif,http://cdo.keu.kz/content/23433/23272/lek.files/image071.gif,http://cdo.keu.kz/content/23433/23272/lek.files/image072.gif,http://cdo.keu.kz/content/23433/23272/lek.files/image073.gif,http://cdo.keu.kz/content/23433/23272/lek.files/image074.gif,http://cdo.keu.kz/content/23433/23272/lek.files/image075.gif,http://cdo.keu.kz/content/23433/23272/lek.files/image076.gif,http://cdo.keu.kz/content/23433/23272/lek.files/image077.gif,http://cdo.keu.kz/content/23433/23272/lek.files/image078.gif,http://cdo.keu.kz/content/23433/23272/lek.files/image079.gif,http://cdo.keu.kz/content/23433/23272/lek.files/image080.gif,http://cdo.keu.kz/content/23433/23272/lek.files/image081.gif,http://cdo.keu.kz/content/23433/23272/lek.files/image082.gif,http://cdo.keu.kz/content/23433/23272/lek.files/image083.gif,http://cdo.keu.kz/content/23433/23272/lek.files/image084.gif,http://cdo.keu.kz/content/23433/23272/lek.files/image085.gif,http://cdo.keu.kz/content/23433/23272/lek.files/image086.gif,http://cdo.keu.kz/content/23433/23272/lek.files/image087.gif,http://cdo.keu.kz/content/23433/23272/lek.files/image088.gif,http://cdo.keu.kz/content/23433/23272/lek.files/image089.gif,http://cdo.keu.kz/content/23433/23272/lek.files/image090.gif,http://cdo.keu.kz/content/23433/23272/lek.files/image091.gif,http://cdo.keu.kz/content/23433/23272/lek.files/image092.gif,http://cdo.keu.kz/content/23433/23272/lek.files/image093.gif,http://cdo.keu.kz/content/23433/23272/lek.files/image094.gif,http://cdo.keu.kz/content/23433/23272/lek.files/image095.gif,http://cdo.keu.kz/content/23433/23272/lek.files/image096.gif,http://cdo.keu.kz/content/23433/23272/lek.files/image097.gif,http://cdo.keu.kz/content/23433/23272/lek.files/image098.gif,http://cdo.keu.kz/content/23433/23272/lek.files/image099.gif,http://cdo.keu.kz/content/23433/23272/lek.files/image100.gif,http://cdo.keu.kz/content/23433/23272/lek.files/image101.gif,http://cdo.keu.kz/content/23433/23272/lek.files/image102.gif,http://cdo.keu.kz/content/23433/23272/lek.files/image103.gif,http://cdo.keu.kz/content/23433/23272/lek.files/image104.gif,http://cdo.keu.kz/content/23433/23272/lek.files/image105.gif,http://cdo.keu.kz/content/23433/23272/lek.files/image106.gif,http://cdo.keu.kz/content/23433/23272/lek.files/image107.gif,http://cdo.keu.kz/content/23433/23272/lek.files/image108.gif,http://cdo.keu.kz/content/23433/23272/lek.files/image109.gif,http://cdo.keu.kz/content/23433/23272/lek.files/image110.gif,http://cdo.keu.kz/content/23433/23272/lek.files/image111.gif,http://cdo.keu.kz/content/23433/23272/lek.files/image112.gif,http://cdo.keu.kz/content/23433/23272/lek.files/image113.gif,http://cdo.keu.kz/content/23433/23272/lek.files/image114.gif,http://cdo.keu.kz/content/23433/23272/lek.files/image115.gif,http://cdo.keu.kz/content/23433/23272/lek.files/image116.gif,http://cdo.keu.kz/content/23433/23272/lek.files/image117.gif,http://cdo.keu.kz/content/23433/23272/lek.files/image118.gif,http://cdo.keu.kz/content/23433/23272/lek.files/image119.gif,http://cdo.keu.kz/content/23433/23272/lek.files/image120.gif,http://cdo.keu.kz/content/23433/23272/lek.files/image121.gif,http://cdo.keu.kz/content/23433/23272/lek.files/image122.gif,http://cdo.keu.kz/content/23433/23272/lek.files/image123.gif,http://cdo.keu.kz/content/23433/23272/lek.files/image124.gif,http://cdo.keu.kz/content/23433/23272/lek.files/image125.gif,http://cdo.keu.kz/content/23433/23272/lek.files/image126.gif,http://cdo.keu.kz/content/23433/23272/lek.files/image127.gif,http://cdo.keu.kz/content/23433/23272/lek.files/image128.gif,http://cdo.keu.kz/content/23433/23272/lek.files/image129.gif,http://cdo.keu.kz/content/23433/23272/lek.files/image130.gif,http://cdo.keu.kz/content/23433/23272/lek.files/image131.gif,http://cdo.keu.kz/content/23433/23272/lek.files/image132.gif,http://cdo.keu.kz/content/23433/23272/lek.files/image133.gif,http://cdo.keu.kz/content/23433/23272/lek.files/image134.gif,http://cdo.keu.kz/content/23433/23272/lek.files/image135.gif,http://cdo.keu.kz/content/23433/23272/lek.files/image136.gif,http://cdo.keu.kz/content/23433/23272/lek.files/image137.gif,http://cdo.keu.kz/content/23433/23272/lek.files/image138.gif,http://cdo.keu.kz/content/23433/23272/lek.files/image139.gif,http://cdo.keu.kz/content/23433/23272/lek.files/image140.gif,http://cdo.keu.kz/content/23433/23272/lek.files/image141.gif,http://cdo.keu.kz/content/23433/23272/lek.files/image142.gif,http://cdo.keu.kz/content/23433/23272/lek.files/image143.gif,http://cdo.keu.kz/content/23433/23272/lek.files/image144.gif,http://cdo.keu.kz/content/23433/23272/lek.files/image145.gif,http://cdo.keu.kz/content/23433/23272/lek.files/image146.gif,http://cdo.keu.kz/content/23433/23272/lek.files/image147.gif,http://cdo.keu.kz/content/23433/23272/lek.files/image148.gif,http://cdo.keu.kz/content/23433/23272/lek.files/image149.gif,http://cdo.keu.kz/content/23433/23272/lek.files/image150.gif,http://cdo.keu.kz/content/23433/23272/lek.files/image151.gif,http://cdo.keu.kz/content/23433/23272/lek.files/image152.gif,http://cdo.keu.kz/content/23433/23272/lek.files/image153.gif,http://cdo.keu.kz/content/23433/23272/lek.files/image154.gif,http://cdo.keu.kz/content/23433/23272/lek.files/image155.gif,http://cdo.keu.kz/content/23433/23272/lek.files/image156.gif,http://cdo.keu.kz/content/23433/23272/lek.files/image157.gif,http://cdo.keu.kz/content/23433/23272/lek.files/image158.gif,http://cdo.keu.kz/content/23433/23272/lek.files/image159.gif,http://cdo.keu.kz/content/23433/23272/lek.files/image160.gif,http://cdo.keu.kz/content/23433/23272/lek.files/image161.gif,http://cdo.keu.kz/content/23433/23272/lek.files/image162.gif,http://cdo.keu.kz/content/23433/23272/lek.files/image163.gif,http://cdo.keu.kz/content/23433/23272/lek.files/image164.gif,http://cdo.keu.kz/content/23433/23272/lek.files/image165.gif,http://cdo.keu.kz/content/23433/23272/lek.files/image166.gif,http://cdo.keu.kz/content/23433/23272/lek.files/image167.gif,http://cdo.keu.kz/content/23433/23272/lek.files/image168.gif
http://cdo.keu.kz/content/23434/23273/23273.htm,http://cdo.keu.kz/content/23434/23273/lek.files/image001.gif,http://cdo.keu.kz/content/23434/23273/lek.files/image002.gif,http://cdo.keu.kz/content/23434/23273/lek.files/image003.gif,http://cdo.keu.kz/content/23434/23273/lek.htm,,,,,,,,,,,,,,,,,,,,,,,,,,,,,,,,,,,,,,,,,,,,,,,,,,,,,,,,,,,,,,,,,,,,,,,,,,,,,,,,,,,,,,,,,,,,,,,,,,,,,,,,,,,,,,,,,,,,,,,,,,,,,,,,,,,,,,,,,,,,,,,,,,,,,,,,,,,,,,,,,,,,,,,,,,,,,,,,,,,
http://cdo.keu.kz/content/23435/23274/1q.htm,,,,,,,,,,,,,,,,,,,,,,,,,,,,,,,,,,,,,,,,,,,,,,,,,,,,,,,,,,,,,,,,,,,,,,,,,,,,,,,,,,,,,,,,,,,,,,,,,,,,,,,,,,,,,,,,,,,,,,,,,,,,,,,,,,,,,,,,,,,,,,,,,,,,,,,,,,,,,,,,,,,,,,,,,,,,,,,,,,,,,,,
http://cdo.keu.kz/content/23436/23275/2q.htm,,,,,,,,,,,,,,,,,,,,,,,,,,,,,,,,,,,,,,,,,,,,,,,,,,,,,,,,,,,,,,,,,,,,,,,,,,,,,,,,,,,,,,,,,,,,,,,,,,,,,,,,,,,,,,,,,,,,,,,,,,,,,,,,,,,,,,,,,,,,,,,,,,,,,,,,,,,,,,,,,,,,,,,,,,,,,,,,,,,,,,,
http://cdo.keu.kz/content/23437/23276/3q.htm,,,,,,,,,,,,,,,,,,,,,,,,,,,,,,,,,,,,,,,,,,,,,,,,,,,,,,,,,,,,,,,,,,,,,,,,,,,,,,,,,,,,,,,,,,,,,,,,,,,,,,,,,,,,,,,,,,,,,,,,,,,,,,,,,,,,,,,,,,,,,,,,,,,,,,,,,,,,,,,,,,,,,,,,,,,,,,,,,,,,,,,
http://cdo.keu.kz/content/23438/23277/4q.htm,,,,,,,,,,,,,,,,,,,,,,,,,,,,,,,,,,,,,,,,,,,,,,,,,,,,,,,,,,,,,,,,,,,,,,,,,,,,,,,,,,,,,,,,,,,,,,,,,,,,,,,,,,,,,,,,,,,,,,,,,,,,,,,,,,,,,,,,,,,,,,,,,,,,,,,,,,,,,,,,,,,,,,,,,,,,,,,,,,,,,,,
http://cdo.keu.kz/content/23439/23278/3q.htm,,,,,,,,,,,,,,,,,,,,,,,,,,,,,,,,,,,,,,,,,,,,,,,,,,,,,,,,,,,,,,,,,,,,,,,,,,,,,,,,,,,,,,,,,,,,,,,,,,,,,,,,,,,,,,,,,,,,,,,,,,,,,,,,,,,,,,,,,,,,,,,,,,,,,,,,,,,,,,,,,,,,,,,,,,,,,,,,,,,,,,,
http://cdo.keu.kz/content/23440/23279/4q.htm,,,,,,,,,,,,,,,,,,,,,,,,,,,,,,,,,,,,,,,,,,,,,,,,,,,,,,,,,,,,,,,,,,,,,,,,,,,,,,,,,,,,,,,,,,,,,,,,,,,,,,,,,,,,,,,,,,,,,,,,,,,,,,,,,,,,,,,,,,,,,,,,,,,,,,,,,,,,,,,,,,,,,,,,,,,,,,,,,,,,,,,
http://cdo.keu.kz/content/23441/23280/23280.htm,http://cdo.keu.kz/content/23441/23280/77359/77359.htm,http://cdo.keu.kz/content/23441/23280/77360/77360.htm,http://cdo.keu.kz/content/23441/23280/77361/77361.htm,http://cdo.keu.kz/content/23441/23280/77362/77362.htm,http://cdo.keu.kz/content/23441/23280/77363/77363.htm,http://cdo.keu.kz/content/23441/23280/77364/77364.htm,http://cdo.keu.kz/content/23441/23280/77365/77365.htm,http://cdo.keu.kz/content/23441/23280/77366/77366.htm,http://cdo.keu.kz/content/23441/23280/77367/77367.htm,http://cdo.keu.kz/content/23441/23280/lek.files/colorschememapping.xml,http://cdo.keu.kz/content/23441/23280/lek.files/filelist.xml,http://cdo.keu.kz/content/23441/23280/lek.files/header.htm,http://cdo.keu.kz/content/23441/23280/lek.files/themedata.thmx,,,,,,,,,,,,,,,,,,,,,,,,,,,,,,,,,,,,,,,,,,,,,,,,,,,,,,,,,,,,,,,,,,,,,,,,,,,,,,,,,,,,,,,,,,,,,,,,,,,,,,,,,,,,,,,,,,,,,,,,,,,,,,,,,,,,,,,,,,,,,,,,,,,,,,,,,,,,,,,,,,,,,,,,,,
http://cdo.keu.kz/content/23442/23281/23281.htm,http://cdo.keu.kz/content/23442/23281/77368/77368.htm,http://cdo.keu.kz/content/23442/23281/77369/77369.htm,http://cdo.keu.kz/content/23442/23281/77370/77370.htm,http://cdo.keu.kz/content/23442/23281/77371/77371.htm,http://cdo.keu.kz/content/23442/23281/77372/77372.htm,http://cdo.keu.kz/content/23442/23281/77373/77373.htm,http://cdo.keu.kz/content/23442/23281/77374/77374.htm,http://cdo.keu.kz/content/23442/23281/77375/77375.htm,http://cdo.keu.kz/content/23442/23281/77376/77376.htm,,,,,,,,,,,,,,,,,,,,,,,,,,,,,,,,,,,,,,,,,,,,,,,,,,,,,,,,,,,,,,,,,,,,,,,,,,,,,,,,,,,,,,,,,,,,,,,,,,,,,,,,,,,,,,,,,,,,,,,,,,,,,,,,,,,,,,,,,,,,,,,,,,,,,,,,,,,,,,,,,,,,,,,,,,,,,,
http://cdo.keu.kz/content/23443/23282/q.files/image001.gif,http://cdo.keu.kz/content/23443/23282/q.files/image002.gif,http://cdo.keu.kz/content/23443/23282/q.files/image003.gif,http://cdo.keu.kz/content/23443/23282/q.files/image004.gif,http://cdo.keu.kz/content/23443/23282/q.files/image005.gif,http://cdo.keu.kz/content/23443/23282/q.files/image006.gif,http://cdo.keu.kz/content/23443/23282/q.files/image007.gif,http://cdo.keu.kz/content/23443/23282/q.files/image008.gif,http://cdo.keu.kz/content/23443/23282/q.files/image009.gif,http://cdo.keu.kz/content/23443/23282/q.files/image010.gif,http://cdo.keu.kz/content/23443/23282/q.files/image011.gif,http://cdo.keu.kz/content/23443/23282/q.files/image012.gif,http://cdo.keu.kz/content/23443/23282/q.files/image013.gif,http://cdo.keu.kz/content/23443/23282/q.files/image014.gif,http://cdo.keu.kz/content/23443/23282/q.files/image015.gif,http://cdo.keu.kz/content/23443/23282/q.files/image016.gif,http://cdo.keu.kz/content/23443/23282/q.files/image017.gif,http://cdo.keu.kz/content/23443/23282/q.files/image018.gif,http://cdo.keu.kz/content/23443/23282/q.files/image019.gif,http://cdo.keu.kz/content/23443/23282/q.files/image020.gif,http://cdo.keu.kz/content/23443/23282/q.files/image021.gif,http://cdo.keu.kz/content/23443/23282/q.files/image022.gif,http://cdo.keu.kz/content/23443/23282/q.files/image023.gif,http://cdo.keu.kz/content/23443/23282/q.files/image024.gif,http://cdo.keu.kz/content/23443/23282/q.files/image025.gif,http://cdo.keu.kz/content/23443/23282/q.files/image026.gif,http://cdo.keu.kz/content/23443/23282/q.htm,,,,,,,,,,,,,,,,,,,,,,,,,,,,,,,,,,,,,,,,,,,,,,,,,,,,,,,,,,,,,,,,,,,,,,,,,,,,,,,,,,,,,,,,,,,,,,,,,,,,,,,,,,,,,,,,,,,,,,,,,,,,,,,,,,,,,,,,,,,,,,,,,,,,,,,,,,,,,
http://cdo.keu.kz/content/23444/23283/23283.htm,http://cdo.keu.kz/content/23444/23283/77377/77377.htm,http://cdo.keu.kz/content/23444/23283/77378/77378.htm,http://cdo.keu.kz/content/23444/23283/77379/77379.htm,http://cdo.keu.kz/content/23444/23283/77380/77380.htm,http://cdo.keu.kz/content/23444/23283/77381/77381.htm,http://cdo.keu.kz/content/23444/23283/77382/77382.htm,http://cdo.keu.kz/content/23444/23283/77383/77383.htm,http://cdo.keu.kz/content/23444/23283/77384/77384.htm,http://cdo.keu.kz/content/23444/23283/77385/77385.htm,http://cdo.keu.kz/content/23444/23283/lekkk.files/image001.gif,http://cdo.keu.kz/content/23444/23283/lekkk.files/image002.gif,http://cdo.keu.kz/content/23444/23283/lekkk.files/image003.gif,,,,,,,,,,,,,,,,,,,,,,,,,,,,,,,,,,,,,,,,,,,,,,,,,,,,,,,,,,,,,,,,,,,,,,,,,,,,,,,,,,,,,,,,,,,,,,,,,,,,,,,,,,,,,,,,,,,,,,,,,,,,,,,,,,,,,,,,,,,,,,,,,,,,,,,,,,,,,,,,,,,,,,,,,,,
http://cdo.keu.kz/content/23445/23284/itog.htm,,,,,,,,,,,,,,,,,,,,,,,,,,,,,,,,,,,,,,,,,,,,,,,,,,,,,,,,,,,,,,,,,,,,,,,,,,,,,,,,,,,,,,,,,,,,,,,,,,,,,,,,,,,,,,,,,,,,,,,,,,,,,,,,,,,,,,,,,,,,,,,,,,,,,,,,,,,,,,,,,,,,,,,,,,,,,,,,,,,,,,,
http://cdo.keu.kz/content/23446/23285/1q.files/image001.gif,http://cdo.keu.kz/content/23446/23285/1q.files/image002.gif,http://cdo.keu.kz/content/23446/23285/1q.files/image003.gif,http://cdo.keu.kz/content/23446/23285/1q.files/image004.gif,http://cdo.keu.kz/content/23446/23285/1q.files/image005.gif,http://cdo.keu.kz/content/23446/23285/1q.files/image006.gif,http://cdo.keu.kz/content/23446/23285/1q.htm,,,,,,,,,,,,,,,,,,,,,,,,,,,,,,,,,,,,,,,,,,,,,,,,,,,,,,,,,,,,,,,,,,,,,,,,,,,,,,,,,,,,,,,,,,,,,,,,,,,,,,,,,,,,,,,,,,,,,,,,,,,,,,,,,,,,,,,,,,,,,,,,,,,,,,,,,,,,,,,,,,,,,,,,,,,,,,,,,
http://cdo.keu.kz/content/23447/23286/2q.files/image001.gif,http://cdo.keu.kz/content/23447/23286/2q.files/image002.gif,http://cdo.keu.kz/content/23447/23286/2q.files/image003.gif,http://cdo.keu.kz/content/23447/23286/2q.files/image004.gif,http://cdo.keu.kz/content/23447/23286/2q.files/image005.gif,http://cdo.keu.kz/content/23447/23286/2q.files/image006.gif,http://cdo.keu.kz/content/23447/23286/2q.files/image007.gif,http://cdo.keu.kz/content/23447/23286/2q.files/image008.gif,http://cdo.keu.kz/content/23447/23286/2q.files/image009.gif,http://cdo.keu.kz/content/23447/23286/2q.files/image010.gif,http://cdo.keu.kz/content/23447/23286/2q.htm,,,,,,,,,,,,,,,,,,,,,,,,,,,,,,,,,,,,,,,,,,,,,,,,,,,,,,,,,,,,,,,,,,,,,,,,,,,,,,,,,,,,,,,,,,,,,,,,,,,,,,,,,,,,,,,,,,,,,,,,,,,,,,,,,,,,,,,,,,,,,,,,,,,,,,,,,,,,,,,,,,,,,,,,,,,,,
http://cdo.keu.kz/content/23448/23287/q.htm,,,,,,,,,,,,,,,,,,,,,,,,,,,,,,,,,,,,,,,,,,,,,,,,,,,,,,,,,,,,,,,,,,,,,,,,,,,,,,,,,,,,,,,,,,,,,,,,,,,,,,,,,,,,,,,,,,,,,,,,,,,,,,,,,,,,,,,,,,,,,,,,,,,,,,,,,,,,,,,,,,,,,,,,,,,,,,,,,,,,,,,
http://cdo.keu.kz/content/23449/23288/3q.files/image001.gif,http://cdo.keu.kz/content/23449/23288/3q.files/image002.gif,http://cdo.keu.kz/content/23449/23288/3q.files/image003.gif,http://cdo.keu.kz/content/23449/23288/3q.files/image004.gif,http://cdo.keu.kz/content/23449/23288/3q.files/image005.gif,http://cdo.keu.kz/content/23449/23288/3q.files/image006.gif,http://cdo.keu.kz/content/23449/23288/3q.files/image007.gif,http://cdo.keu.kz/content/23449/23288/3q.files/image008.gif,http://cdo.keu.kz/content/23449/23288/3q.files/image009.gif,http://cdo.keu.kz/content/23449/23288/3q.files/image010.gif,http://cdo.keu.kz/content/23449/23288/3q.htm,,,,,,,,,,,,,,,,,,,,,,,,,,,,,,,,,,,,,,,,,,,,,,,,,,,,,,,,,,,,,,,,,,,,,,,,,,,,,,,,,,,,,,,,,,,,,,,,,,,,,,,,,,,,,,,,,,,,,,,,,,,,,,,,,,,,,,,,,,,,,,,,,,,,,,,,,,,,,,,,,,,,,,,,,,,,,
http://cdo.keu.kz/content/23450/23289/t4.htm,,,,,,,,,,,,,,,,,,,,,,,,,,,,,,,,,,,,,,,,,,,,,,,,,,,,,,,,,,,,,,,,,,,,,,,,,,,,,,,,,,,,,,,,,,,,,,,,,,,,,,,,,,,,,,,,,,,,,,,,,,,,,,,,,,,,,,,,,,,,,,,,,,,,,,,,,,,,,,,,,,,,,,,,,,,,,,,,,,,,,,,
http://cdo.keu.kz/content/23451/23290/itog.htm,,,,,,,,,,,,,,,,,,,,,,,,,,,,,,,,,,,,,,,,,,,,,,,,,,,,,,,,,,,,,,,,,,,,,,,,,,,,,,,,,,,,,,,,,,,,,,,,,,,,,,,,,,,,,,,,,,,,,,,,,,,,,,,,,,,,,,,,,,,,,,,,,,,,,,,,,,,,,,,,,,,,,,,,,,,,,,,,,,,,,,,
http://cdo.keu.kz/content/23452/23291/23291.htm,http://cdo.keu.kz/content/23452/23291/77386/77386.htm,http://cdo.keu.kz/content/23452/23291/77387/77387.htm,http://cdo.keu.kz/content/23452/23291/77388/77388.htm,http://cdo.keu.kz/content/23452/23291/77389/77389.htm,http://cdo.keu.kz/content/23452/23291/77390/77390.htm,http://cdo.keu.kz/content/23452/23291/77391/77391.htm,http://cdo.keu.kz/content/23452/23291/lek.files/colorschememapping.xml,http://cdo.keu.kz/content/23452/23291/lek.files/filelist.xml,http://cdo.keu.kz/content/23452/23291/lek.files/themedata.thmx,,,,,,,,,,,,,,,,,,,,,,,,,,,,,,,,,,,,,,,,,,,,,,,,,,,,,,,,,,,,,,,,,,,,,,,,,,,,,,,,,,,,,,,,,,,,,,,,,,,,,,,,,,,,,,,,,,,,,,,,,,,,,,,,,,,,,,,,,,,,,,,,,,,,,,,,,,,,,,,,,,,,,,,,,,,,,,
http://cdo.keu.kz/content/23453/23292/q.htm,,,,,,,,,,,,,,,,,,,,,,,,,,,,,,,,,,,,,,,,,,,,,,,,,,,,,,,,,,,,,,,,,,,,,,,,,,,,,,,,,,,,,,,,,,,,,,,,,,,,,,,,,,,,,,,,,,,,,,,,,,,,,,,,,,,,,,,,,,,,,,,,,,,,,,,,,,,,,,,,,,,,,,,,,,,,,,,,,,,,,,,
http://cdo.keu.kz/content/23454/23293/ggg.htm,,,,,,,,,,,,,,,,,,,,,,,,,,,,,,,,,,,,,,,,,,,,,,,,,,,,,,,,,,,,,,,,,,,,,,,,,,,,,,,,,,,,,,,,,,,,,,,,,,,,,,,,,,,,,,,,,,,,,,,,,,,,,,,,,,,,,,,,,,,,,,,,,,,,,,,,,,,,,,,,,,,,,,,,,,,,,,,,,,,,,,,
http://cdo.keu.kz/content/23455/23294/dddd.htm,,,,,,,,,,,,,,,,,,,,,,,,,,,,,,,,,,,,,,,,,,,,,,,,,,,,,,,,,,,,,,,,,,,,,,,,,,,,,,,,,,,,,,,,,,,,,,,,,,,,,,,,,,,,,,,,,,,,,,,,,,,,,,,,,,,,,,,,,,,,,,,,,,,,,,,,,,,,,,,,,,,,,,,,,,,,,,,,,,,,,,,
http://cdo.keu.kz/content/23456/23295/l4.htm,,,,,,,,,,,,,,,,,,,,,,,,,,,,,,,,,,,,,,,,,,,,,,,,,,,,,,,,,,,,,,,,,,,,,,,,,,,,,,,,,,,,,,,,,,,,,,,,,,,,,,,,,,,,,,,,,,,,,,,,,,,,,,,,,,,,,,,,,,,,,,,,,,,,,,,,,,,,,,,,,,,,,,,,,,,,,,,,,,,,,,,
http://cdo.keu.kz/content/23457/23296/%e2%80%991.files/colorschememapping.xml,http://cdo.keu.kz/content/23457/23296/%e2%80%991.files/filelist.xml,http://cdo.keu.kz/content/23457/23296/%e2%80%991.files/themedata.thmx,http://cdo.keu.kz/content/23457/23296/%e2%80%991.htm,,,,,,,,,,,,,,,,,,,,,,,,,,,,,,,,,,,,,,,,,,,,,,,,,,,,,,,,,,,,,,,,,,,,,,,,,,,,,,,,,,,,,,,,,,,,,,,,,,,,,,,,,,,,,,,,,,,,,,,,,,,,,,,,,,,,,,,,,,,,,,,,,,,,,,,,,,,,,,,,,,,,,,,,,,,,,,,,,,,,
http://cdo.keu.kz/content/23458/23297/%e2%80%992.files/colorschememapping.xml,http://cdo.keu.kz/content/23458/23297/%e2%80%992.files/filelist.xml,http://cdo.keu.kz/content/23458/23297/%e2%80%992.files/themedata.thmx,http://cdo.keu.kz/content/23458/23297/%e2%80%992.htm,,,,,,,,,,,,,,,,,,,,,,,,,,,,,,,,,,,,,,,,,,,,,,,,,,,,,,,,,,,,,,,,,,,,,,,,,,,,,,,,,,,,,,,,,,,,,,,,,,,,,,,,,,,,,,,,,,,,,,,,,,,,,,,,,,,,,,,,,,,,,,,,,,,,,,,,,,,,,,,,,,,,,,,,,,,,,,,,,,,,
http://cdo.keu.kz/content/23459/23298/it.htm,,,,,,,,,,,,,,,,,,,,,,,,,,,,,,,,,,,,,,,,,,,,,,,,,,,,,,,,,,,,,,,,,,,,,,,,,,,,,,,,,,,,,,,,,,,,,,,,,,,,,,,,,,,,,,,,,,,,,,,,,,,,,,,,,,,,,,,,,,,,,,,,,,,,,,,,,,,,,,,,,,,,,,,,,,,,,,,,,,,,,,,
http://cdo.keu.kz/content/23460/23299/q.htm,,,,,,,,,,,,,,,,,,,,,,,,,,,,,,,,,,,,,,,,,,,,,,,,,,,,,,,,,,,,,,,,,,,,,,,,,,,,,,,,,,,,,,,,,,,,,,,,,,,,,,,,,,,,,,,,,,,,,,,,,,,,,,,,,,,,,,,,,,,,,,,,,,,,,,,,,,,,,,,,,,,,,,,,,,,,,,,,,,,,,,,
http://cdo.keu.kz/content/23461/23300/%e2%80%993.files/colorschememapping.xml,http://cdo.keu.kz/content/23461/23300/%e2%80%993.files/filelist.xml,http://cdo.keu.kz/content/23461/23300/%e2%80%993.files/themedata.thmx,http://cdo.keu.kz/content/23461/23300/%e2%80%993.htm,,,,,,,,,,,,,,,,,,,,,,,,,,,,,,,,,,,,,,,,,,,,,,,,,,,,,,,,,,,,,,,,,,,,,,,,,,,,,,,,,,,,,,,,,,,,,,,,,,,,,,,,,,,,,,,,,,,,,,,,,,,,,,,,,,,,,,,,,,,,,,,,,,,,,,,,,,,,,,,,,,,,,,,,,,,,,,,,,,,,
http://cdo.keu.kz/content/23462/23301/%e2%80%994.files/colorschememapping.xml,http://cdo.keu.kz/content/23462/23301/%e2%80%994.files/filelist.xml,http://cdo.keu.kz/content/23462/23301/%e2%80%994.files/themedata.thmx,http://cdo.keu.kz/content/23462/23301/%e2%80%994.htm,,,,,,,,,,,,,,,,,,,,,,,,,,,,,,,,,,,,,,,,,,,,,,,,,,,,,,,,,,,,,,,,,,,,,,,,,,,,,,,,,,,,,,,,,,,,,,,,,,,,,,,,,,,,,,,,,,,,,,,,,,,,,,,,,,,,,,,,,,,,,,,,,,,,,,,,,,,,,,,,,,,,,,,,,,,,,,,,,,,,
http://cdo.keu.kz/content/23463/23302/itog.files/colorschememapping.xml,http://cdo.keu.kz/content/23463/23302/itog.files/filelist.xml,http://cdo.keu.kz/content/23463/23302/itog.files/item0001.xml,http://cdo.keu.kz/content/23463/23302/itog.files/props0002.xml,http://cdo.keu.kz/content/23463/23302/itog.files/themedata.thmx,http://cdo.keu.kz/content/23463/23302/itog.htm,,,,,,,,,,,,,,,,,,,,,,,,,,,,,,,,,,,,,,,,,,,,,,,,,,,,,,,,,,,,,,,,,,,,,,,,,,,,,,,,,,,,,,,,,,,,,,,,,,,,,,,,,,,,,,,,,,,,,,,,,,,,,,,,,,,,,,,,,,,,,,,,,,,,,,,,,,,,,,,,,,,,,,,,,,,,,,,,,,
http://cdo.keu.kz/content/23464/23303/1q.htm,,,,,,,,,,,,,,,,,,,,,,,,,,,,,,,,,,,,,,,,,,,,,,,,,,,,,,,,,,,,,,,,,,,,,,,,,,,,,,,,,,,,,,,,,,,,,,,,,,,,,,,,,,,,,,,,,,,,,,,,,,,,,,,,,,,,,,,,,,,,,,,,,,,,,,,,,,,,,,,,,,,,,,,,,,,,,,,,,,,,,,,
http://cdo.keu.kz/content/23465/23304/2q.htm,,,,,,,,,,,,,,,,,,,,,,,,,,,,,,,,,,,,,,,,,,,,,,,,,,,,,,,,,,,,,,,,,,,,,,,,,,,,,,,,,,,,,,,,,,,,,,,,,,,,,,,,,,,,,,,,,,,,,,,,,,,,,,,,,,,,,,,,,,,,,,,,,,,,,,,,,,,,,,,,,,,,,,,,,,,,,,,,,,,,,,,
http://cdo.keu.kz/content/23466/23305/3q.htm,,,,,,,,,,,,,,,,,,,,,,,,,,,,,,,,,,,,,,,,,,,,,,,,,,,,,,,,,,,,,,,,,,,,,,,,,,,,,,,,,,,,,,,,,,,,,,,,,,,,,,,,,,,,,,,,,,,,,,,,,,,,,,,,,,,,,,,,,,,,,,,,,,,,,,,,,,,,,,,,,,,,,,,,,,,,,,,,,,,,,,,
http://cdo.keu.kz/content/23467/23306/4q.htm,,,,,,,,,,,,,,,,,,,,,,,,,,,,,,,,,,,,,,,,,,,,,,,,,,,,,,,,,,,,,,,,,,,,,,,,,,,,,,,,,,,,,,,,,,,,,,,,,,,,,,,,,,,,,,,,,,,,,,,,,,,,,,,,,,,,,,,,,,,,,,,,,,,,,,,,,,,,,,,,,,,,,,,,,,,,,,,,,,,,,,,
http://cdo.keu.kz/content/23468/23307/T1.htm,,,,,,,,,,,,,,,,,,,,,,,,,,,,,,,,,,,,,,,,,,,,,,,,,,,,,,,,,,,,,,,,,,,,,,,,,,,,,,,,,,,,,,,,,,,,,,,,,,,,,,,,,,,,,,,,,,,,,,,,,,,,,,,,,,,,,,,,,,,,,,,,,,,,,,,,,,,,,,,,,,,,,,,,,,,,,,,,,,,,,,,
http://cdo.keu.kz/content/23469/23308/T2.htm,,,,,,,,,,,,,,,,,,,,,,,,,,,,,,,,,,,,,,,,,,,,,,,,,,,,,,,,,,,,,,,,,,,,,,,,,,,,,,,,,,,,,,,,,,,,,,,,,,,,,,,,,,,,,,,,,,,,,,,,,,,,,,,,,,,,,,,,,,,,,,,,,,,,,,,,,,,,,,,,,,,,,,,,,,,,,,,,,,,,,,,
http://cdo.keu.kz/content/23470/23309/T3.htm,,,,,,,,,,,,,,,,,,,,,,,,,,,,,,,,,,,,,,,,,,,,,,,,,,,,,,,,,,,,,,,,,,,,,,,,,,,,,,,,,,,,,,,,,,,,,,,,,,,,,,,,,,,,,,,,,,,,,,,,,,,,,,,,,,,,,,,,,,,,,,,,,,,,,,,,,,,,,,,,,,,,,,,,,,,,,,,,,,,,,,,
http://cdo.keu.kz/content/23471/23310/T4.htm,,,,,,,,,,,,,,,,,,,,,,,,,,,,,,,,,,,,,,,,,,,,,,,,,,,,,,,,,,,,,,,,,,,,,,,,,,,,,,,,,,,,,,,,,,,,,,,,,,,,,,,,,,,,,,,,,,,,,,,,,,,,,,,,,,,,,,,,,,,,,,,,,,,,,,,,,,,,,,,,,,,,,,,,,,,,,,,,,,,,,,,
http://cdo.keu.kz/content/23472/23311/23311.htm,http://cdo.keu.kz/content/23472/23311/77392/77392.htm,http://cdo.keu.kz/content/23472/23311/77393/77393.htm,http://cdo.keu.kz/content/23472/23311/77394/77394.htm,http://cdo.keu.kz/content/23472/23311/77395/77395.htm,http://cdo.keu.kz/content/23472/23311/77396/77396.htm,http://cdo.keu.kz/content/23472/23311/77397/77397.htm,http://cdo.keu.kz/content/23472/23311/77398/77398.htm,http://cdo.keu.kz/content/23472/23311/77399/77399.htm,http://cdo.keu.kz/content/23472/23311/77400/77400.htm,http://cdo.keu.kz/content/23472/23311/lek.files/image001.gif,http://cdo.keu.kz/content/23472/23311/lek.files/image002.gif,http://cdo.keu.kz/content/23472/23311/lek.files/image003.gif,http://cdo.keu.kz/content/23472/23311/lek.files/image004.gif,http://cdo.keu.kz/content/23472/23311/lek.files/image005.gif,http://cdo.keu.kz/content/23472/23311/lek.files/image006.gif,http://cdo.keu.kz/content/23472/23311/lek.files/image007.gif,http://cdo.keu.kz/content/23472/23311/lek.files/image008.gif,,,,,,,,,,,,,,,,,,,,,,,,,,,,,,,,,,,,,,,,,,,,,,,,,,,,,,,,,,,,,,,,,,,,,,,,,,,,,,,,,,,,,,,,,,,,,,,,,,,,,,,,,,,,,,,,,,,,,,,,,,,,,,,,,,,,,,,,,,,,,,,,,,,,,,,,,,,,,,,,,,,,,,
http://cdo.keu.kz/content/23473/23312/1q.htm,,,,,,,,,,,,,,,,,,,,,,,,,,,,,,,,,,,,,,,,,,,,,,,,,,,,,,,,,,,,,,,,,,,,,,,,,,,,,,,,,,,,,,,,,,,,,,,,,,,,,,,,,,,,,,,,,,,,,,,,,,,,,,,,,,,,,,,,,,,,,,,,,,,,,,,,,,,,,,,,,,,,,,,,,,,,,,,,,,,,,,,
http://cdo.keu.kz/content/23474/23313/2q.htm,,,,,,,,,,,,,,,,,,,,,,,,,,,,,,,,,,,,,,,,,,,,,,,,,,,,,,,,,,,,,,,,,,,,,,,,,,,,,,,,,,,,,,,,,,,,,,,,,,,,,,,,,,,,,,,,,,,,,,,,,,,,,,,,,,,,,,,,,,,,,,,,,,,,,,,,,,,,,,,,,,,,,,,,,,,,,,,,,,,,,,,
http://cdo.keu.kz/content/23475/23314/3q.htm,,,,,,,,,,,,,,,,,,,,,,,,,,,,,,,,,,,,,,,,,,,,,,,,,,,,,,,,,,,,,,,,,,,,,,,,,,,,,,,,,,,,,,,,,,,,,,,,,,,,,,,,,,,,,,,,,,,,,,,,,,,,,,,,,,,,,,,,,,,,,,,,,,,,,,,,,,,,,,,,,,,,,,,,,,,,,,,,,,,,,,,
http://cdo.keu.kz/content/23476/23315/4q.htm,,,,,,,,,,,,,,,,,,,,,,,,,,,,,,,,,,,,,,,,,,,,,,,,,,,,,,,,,,,,,,,,,,,,,,,,,,,,,,,,,,,,,,,,,,,,,,,,,,,,,,,,,,,,,,,,,,,,,,,,,,,,,,,,,,,,,,,,,,,,,,,,,,,,,,,,,,,,,,,,,,,,,,,,,,,,,,,,,,,,,,,
http://cdo.keu.kz/content/23477/23316/1q.htm,,,,,,,,,,,,,,,,,,,,,,,,,,,,,,,,,,,,,,,,,,,,,,,,,,,,,,,,,,,,,,,,,,,,,,,,,,,,,,,,,,,,,,,,,,,,,,,,,,,,,,,,,,,,,,,,,,,,,,,,,,,,,,,,,,,,,,,,,,,,,,,,,,,,,,,,,,,,,,,,,,,,,,,,,,,,,,,,,,,,,,,
http://cdo.keu.kz/content/23478/23317/2q.htm,,,,,,,,,,,,,,,,,,,,,,,,,,,,,,,,,,,,,,,,,,,,,,,,,,,,,,,,,,,,,,,,,,,,,,,,,,,,,,,,,,,,,,,,,,,,,,,,,,,,,,,,,,,,,,,,,,,,,,,,,,,,,,,,,,,,,,,,,,,,,,,,,,,,,,,,,,,,,,,,,,,,,,,,,,,,,,,,,,,,,,,
http://cdo.keu.kz/content/23479/23318/3q.htm,,,,,,,,,,,,,,,,,,,,,,,,,,,,,,,,,,,,,,,,,,,,,,,,,,,,,,,,,,,,,,,,,,,,,,,,,,,,,,,,,,,,,,,,,,,,,,,,,,,,,,,,,,,,,,,,,,,,,,,,,,,,,,,,,,,,,,,,,,,,,,,,,,,,,,,,,,,,,,,,,,,,,,,,,,,,,,,,,,,,,,,
http://cdo.keu.kz/content/23480/23319/4q.htm,,,,,,,,,,,,,,,,,,,,,,,,,,,,,,,,,,,,,,,,,,,,,,,,,,,,,,,,,,,,,,,,,,,,,,,,,,,,,,,,,,,,,,,,,,,,,,,,,,,,,,,,,,,,,,,,,,,,,,,,,,,,,,,,,,,,,,,,,,,,,,,,,,,,,,,,,,,,,,,,,,,,,,,,,,,,,,,,,,,,,,,
http://cdo.keu.kz/content/23481/23320/q.htm,,,,,,,,,,,,,,,,,,,,,,,,,,,,,,,,,,,,,,,,,,,,,,,,,,,,,,,,,,,,,,,,,,,,,,,,,,,,,,,,,,,,,,,,,,,,,,,,,,,,,,,,,,,,,,,,,,,,,,,,,,,,,,,,,,,,,,,,,,,,,,,,,,,,,,,,,,,,,,,,,,,,,,,,,,,,,,,,,,,,,,,
http://cdo.keu.kz/content/23482/23321/23321.htm,http://cdo.keu.kz/content/23482/23321/77401/77401.htm,http://cdo.keu.kz/content/23482/23321/77402/77402.htm,http://cdo.keu.kz/content/23482/23321/77403/77403.htm,http://cdo.keu.kz/content/23482/23321/77404/77404.htm,http://cdo.keu.kz/content/23482/23321/77405/77405.htm,http://cdo.keu.kz/content/23482/23321/77406/77406.htm,http://cdo.keu.kz/content/23482/23321/77407/77407.htm,http://cdo.keu.kz/content/23482/23321/77408/77408.htm,http://cdo.keu.kz/content/23482/23321/77409/77409.htm,http://cdo.keu.kz/content/23482/23321/77410/77410.htm,http://cdo.keu.kz/content/23482/23321/77411/77411.htm,http://cdo.keu.kz/content/23482/23321/77412/77412.htm,http://cdo.keu.kz/content/23482/23321/77413/77413.htm,http://cdo.keu.kz/content/23482/23321/77414/77414.htm,http://cdo.keu.kz/content/23482/23321/77415/77415.htm,,,,,,,,,,,,,,,,,,,,,,,,,,,,,,,,,,,,,,,,,,,,,,,,,,,,,,,,,,,,,,,,,,,,,,,,,,,,,,,,,,,,,,,,,,,,,,,,,,,,,,,,,,,,,,,,,,,,,,,,,,,,,,,,,,,,,,,,,,,,,,,,,,,,,,,,,,,,,,,,,,,,,,,,
http://cdo.keu.kz/content/23483/23322/1q.htm,,,,,,,,,,,,,,,,,,,,,,,,,,,,,,,,,,,,,,,,,,,,,,,,,,,,,,,,,,,,,,,,,,,,,,,,,,,,,,,,,,,,,,,,,,,,,,,,,,,,,,,,,,,,,,,,,,,,,,,,,,,,,,,,,,,,,,,,,,,,,,,,,,,,,,,,,,,,,,,,,,,,,,,,,,,,,,,,,,,,,,,
http://cdo.keu.kz/content/23484/23323/2q.htm,,,,,,,,,,,,,,,,,,,,,,,,,,,,,,,,,,,,,,,,,,,,,,,,,,,,,,,,,,,,,,,,,,,,,,,,,,,,,,,,,,,,,,,,,,,,,,,,,,,,,,,,,,,,,,,,,,,,,,,,,,,,,,,,,,,,,,,,,,,,,,,,,,,,,,,,,,,,,,,,,,,,,,,,,,,,,,,,,,,,,,,
http://cdo.keu.kz/content/23485/23324/3q.htm,,,,,,,,,,,,,,,,,,,,,,,,,,,,,,,,,,,,,,,,,,,,,,,,,,,,,,,,,,,,,,,,,,,,,,,,,,,,,,,,,,,,,,,,,,,,,,,,,,,,,,,,,,,,,,,,,,,,,,,,,,,,,,,,,,,,,,,,,,,,,,,,,,,,,,,,,,,,,,,,,,,,,,,,,,,,,,,,,,,,,,,
http://cdo.keu.kz/content/23486/23325/T1.htm,,,,,,,,,,,,,,,,,,,,,,,,,,,,,,,,,,,,,,,,,,,,,,,,,,,,,,,,,,,,,,,,,,,,,,,,,,,,,,,,,,,,,,,,,,,,,,,,,,,,,,,,,,,,,,,,,,,,,,,,,,,,,,,,,,,,,,,,,,,,,,,,,,,,,,,,,,,,,,,,,,,,,,,,,,,,,,,,,,,,,,,
http://cdo.keu.kz/content/23487/23326/4q.htm,,,,,,,,,,,,,,,,,,,,,,,,,,,,,,,,,,,,,,,,,,,,,,,,,,,,,,,,,,,,,,,,,,,,,,,,,,,,,,,,,,,,,,,,,,,,,,,,,,,,,,,,,,,,,,,,,,,,,,,,,,,,,,,,,,,,,,,,,,,,,,,,,,,,,,,,,,,,,,,,,,,,,,,,,,,,,,,,,,,,,,,
http://cdo.keu.kz/content/23488/23327/T2.htm,,,,,,,,,,,,,,,,,,,,,,,,,,,,,,,,,,,,,,,,,,,,,,,,,,,,,,,,,,,,,,,,,,,,,,,,,,,,,,,,,,,,,,,,,,,,,,,,,,,,,,,,,,,,,,,,,,,,,,,,,,,,,,,,,,,,,,,,,,,,,,,,,,,,,,,,,,,,,,,,,,,,,,,,,,,,,,,,,,,,,,,
http://cdo.keu.kz/content/23489/23328/T3.htm,,,,,,,,,,,,,,,,,,,,,,,,,,,,,,,,,,,,,,,,,,,,,,,,,,,,,,,,,,,,,,,,,,,,,,,,,,,,,,,,,,,,,,,,,,,,,,,,,,,,,,,,,,,,,,,,,,,,,,,,,,,,,,,,,,,,,,,,,,,,,,,,,,,,,,,,,,,,,,,,,,,,,,,,,,,,,,,,,,,,,,,
http://cdo.keu.kz/content/23490/23329/T4.htm,,,,,,,,,,,,,,,,,,,,,,,,,,,,,,,,,,,,,,,,,,,,,,,,,,,,,,,,,,,,,,,,,,,,,,,,,,,,,,,,,,,,,,,,,,,,,,,,,,,,,,,,,,,,,,,,,,,,,,,,,,,,,,,,,,,,,,,,,,,,,,,,,,,,,,,,,,,,,,,,,,,,,,,,,,,,,,,,,,,,,,,
http://cdo.keu.kz/content/23491/23330/itog.htm,,,,,,,,,,,,,,,,,,,,,,,,,,,,,,,,,,,,,,,,,,,,,,,,,,,,,,,,,,,,,,,,,,,,,,,,,,,,,,,,,,,,,,,,,,,,,,,,,,,,,,,,,,,,,,,,,,,,,,,,,,,,,,,,,,,,,,,,,,,,,,,,,,,,,,,,,,,,,,,,,,,,,,,,,,,,,,,,,,,,,,,
http://cdo.keu.kz/content/23492/23331/q.htm,,,,,,,,,,,,,,,,,,,,,,,,,,,,,,,,,,,,,,,,,,,,,,,,,,,,,,,,,,,,,,,,,,,,,,,,,,,,,,,,,,,,,,,,,,,,,,,,,,,,,,,,,,,,,,,,,,,,,,,,,,,,,,,,,,,,,,,,,,,,,,,,,,,,,,,,,,,,,,,,,,,,,,,,,,,,,,,,,,,,,,,
http://cdo.keu.kz/content/23493/23332/23332.htm,http://cdo.keu.kz/content/23493/23332/77416/77416.htm,http://cdo.keu.kz/content/23493/23332/77417/77417.htm,http://cdo.keu.kz/content/23493/23332/77418/77418.htm,http://cdo.keu.kz/content/23493/23332/77419/77419.htm,http://cdo.keu.kz/content/23493/23332/77420/77420.htm,http://cdo.keu.kz/content/23493/23332/77421/77421.htm,http://cdo.keu.kz/content/23493/23332/77422/77422.htm,http://cdo.keu.kz/content/23493/23332/77423/77423.htm,http://cdo.keu.kz/content/23493/23332/77424/77424.htm,http://cdo.keu.kz/content/23493/23332/77425/77425.htm,http://cdo.keu.kz/content/23493/23332/77426/77426.htm,http://cdo.keu.kz/content/23493/23332/77427/77427.htm,http://cdo.keu.kz/content/23493/23332/77428/77428.htm,http://cdo.keu.kz/content/23493/23332/77429/77429.htm,http://cdo.keu.kz/content/23493/23332/77430/77430.htm,http://cdo.keu.kz/content/23493/23332/Lek2019.files/image001.jpg,http://cdo.keu.kz/content/23493/23332/Lek2019.files/image002.jpg,http://cdo.keu.kz/content/23493/23332/Lek2019.files/image003.jpg,http://cdo.keu.kz/content/23493/23332/Lek2019.files/image004.jpg,http://cdo.keu.kz/content/23493/23332/Lek2019.files/image005.jpg,http://cdo.keu.kz/content/23493/23332/Lek2019.files/image006.jpg,http://cdo.keu.kz/content/23493/23332/Lek2019.files/image007.jpg,http://cdo.keu.kz/content/23493/23332/Lek2019.files/image008.jpg,http://cdo.keu.kz/content/23493/23332/Lek2019.files/image009.jpg,http://cdo.keu.kz/content/23493/23332/Lek2019.files/image010.jpg,http://cdo.keu.kz/content/23493/23332/Lek2019.files/image011.jpg,http://cdo.keu.kz/content/23493/23332/Lek2019.files/image012.jpg,http://cdo.keu.kz/content/23493/23332/Lek2019.files/image013.jpg,http://cdo.keu.kz/content/23493/23332/Lek2019.files/image014.jpg,http://cdo.keu.kz/content/23493/23332/Lek2019.files/image015.jpg,http://cdo.keu.kz/content/23493/23332/Lek2019.files/image016.gif,http://cdo.keu.kz/content/23493/23332/Lek2019.files/image017.gif,http://cdo.keu.kz/content/23493/23332/Lek2019.files/image018.jpg,http://cdo.keu.kz/content/23493/23332/Lek2019.files/image019.jpg,http://cdo.keu.kz/content/23493/23332/Lek2019.files/image020.jpg,http://cdo.keu.kz/content/23493/23332/Lek2019.files/image021.jpg,http://cdo.keu.kz/content/23493/23332/Lek2019.files/image022.jpg,http://cdo.keu.kz/content/23493/23332/Lek2019.files/image023.jpg,http://cdo.keu.kz/content/23493/23332/Lek2019.files/image024.gif,http://cdo.keu.kz/content/23493/23332/Lek2019.files/image025.gif,http://cdo.keu.kz/content/23493/23332/Lek2019.files/image026.gif,http://cdo.keu.kz/content/23493/23332/Lek2019.files/image027.gif,http://cdo.keu.kz/content/23493/23332/Lek2019.files/image028.gif,http://cdo.keu.kz/content/23493/23332/Lek2019.files/image029.gif,http://cdo.keu.kz/content/23493/23332/Lek2019.files/image030.gif,http://cdo.keu.kz/content/23493/23332/Lek2019.files/image031.gif,http://cdo.keu.kz/content/23493/23332/Lek2019.files/image032.gif,http://cdo.keu.kz/content/23493/23332/Lek2019.files/image033.gif,http://cdo.keu.kz/content/23493/23332/Lek2019.files/image034.jpg,http://cdo.keu.kz/content/23493/23332/Lek2019.files/image035.jpg,http://cdo.keu.kz/content/23493/23332/Lek2019.files/image036.jpg,http://cdo.keu.kz/content/23493/23332/Lek2019.files/image037.gif,http://cdo.keu.kz/content/23493/23332/Lek2019.files/image038.gif,http://cdo.keu.kz/content/23493/23332/Lek2019.files/image039.gif,http://cdo.keu.kz/content/23493/23332/Lek2019.files/image040.gif,http://cdo.keu.kz/content/23493/23332/Lek2019.files/image041.gif,http://cdo.keu.kz/content/23493/23332/Lek2019.files/image042.gif,http://cdo.keu.kz/content/23493/23332/Lek2019.files/image043.jpg,http://cdo.keu.kz/content/23493/23332/Lek2019.files/image044.jpg,http://cdo.keu.kz/content/23493/23332/Lek2019.files/image045.jpg,http://cdo.keu.kz/content/23493/23332/Lek2019.files/image046.gif,http://cdo.keu.kz/content/23493/23332/Lek2019.files/image047.gif,http://cdo.keu.kz/content/23493/23332/Lek2019.files/image048.gif,http://cdo.keu.kz/content/23493/23332/Lek2019.files/image049.gif,http://cdo.keu.kz/content/23493/23332/Lek2019.files/image050.jpg,http://cdo.keu.kz/content/23493/23332/Lek2019.files/image051.jpg,http://cdo.keu.kz/content/23493/23332/Lek2019.files/image052.jpg,http://cdo.keu.kz/content/23493/23332/Lek2019.files/image053.gif,http://cdo.keu.kz/content/23493/23332/Lek2019.files/image054.jpg,http://cdo.keu.kz/content/23493/23332/Lek2019.files/image055.jpg,http://cdo.keu.kz/content/23493/23332/Lek2019.files/image056.jpg,http://cdo.keu.kz/content/23493/23332/Lek2019.files/image057.jpg,http://cdo.keu.kz/content/23493/23332/Lek2019.files/image058.jpg,,,,,,,,,,,,,,,,,,,,,,,,,,,,,,,,,,,,,,,,,,,,,,,,,,,,,,,,,,,,,,,,,,,,,,,,,,,,,,,,,,,,,,,,,,,,,,,,,,,,,,,,,,,,,,
http://cdo.keu.kz/content/23494/23333/1q.htm,,,,,,,,,,,,,,,,,,,,,,,,,,,,,,,,,,,,,,,,,,,,,,,,,,,,,,,,,,,,,,,,,,,,,,,,,,,,,,,,,,,,,,,,,,,,,,,,,,,,,,,,,,,,,,,,,,,,,,,,,,,,,,,,,,,,,,,,,,,,,,,,,,,,,,,,,,,,,,,,,,,,,,,,,,,,,,,,,,,,,,,
http://cdo.keu.kz/content/23495/23334/2q.htm,,,,,,,,,,,,,,,,,,,,,,,,,,,,,,,,,,,,,,,,,,,,,,,,,,,,,,,,,,,,,,,,,,,,,,,,,,,,,,,,,,,,,,,,,,,,,,,,,,,,,,,,,,,,,,,,,,,,,,,,,,,,,,,,,,,,,,,,,,,,,,,,,,,,,,,,,,,,,,,,,,,,,,,,,,,,,,,,,,,,,,,
http://cdo.keu.kz/content/23497/23336/3q.htm,,,,,,,,,,,,,,,,,,,,,,,,,,,,,,,,,,,,,,,,,,,,,,,,,,,,,,,,,,,,,,,,,,,,,,,,,,,,,,,,,,,,,,,,,,,,,,,,,,,,,,,,,,,,,,,,,,,,,,,,,,,,,,,,,,,,,,,,,,,,,,,,,,,,,,,,,,,,,,,,,,,,,,,,,,,,,,,,,,,,,,,
http://cdo.keu.kz/content/23498/23337/4q.htm,,,,,,,,,,,,,,,,,,,,,,,,,,,,,,,,,,,,,,,,,,,,,,,,,,,,,,,,,,,,,,,,,,,,,,,,,,,,,,,,,,,,,,,,,,,,,,,,,,,,,,,,,,,,,,,,,,,,,,,,,,,,,,,,,,,,,,,,,,,,,,,,,,,,,,,,,,,,,,,,,,,,,,,,,,,,,,,,,,,,,,,
http://cdo.keu.kz/content/23499/23338/q.htm,,,,,,,,,,,,,,,,,,,,,,,,,,,,,,,,,,,,,,,,,,,,,,,,,,,,,,,,,,,,,,,,,,,,,,,,,,,,,,,,,,,,,,,,,,,,,,,,,,,,,,,,,,,,,,,,,,,,,,,,,,,,,,,,,,,,,,,,,,,,,,,,,,,,,,,,,,,,,,,,,,,,,,,,,,,,,,,,,,,,,,,
http://cdo.keu.kz/content/23500/23339/%e2%80%991.files/colorschememapping.xml,http://cdo.keu.kz/content/23500/23339/%e2%80%991.files/filelist.xml,http://cdo.keu.kz/content/23500/23339/%e2%80%991.files/themedata.thmx,http://cdo.keu.kz/content/23500/23339/%e2%80%991.htm,,,,,,,,,,,,,,,,,,,,,,,,,,,,,,,,,,,,,,,,,,,,,,,,,,,,,,,,,,,,,,,,,,,,,,,,,,,,,,,,,,,,,,,,,,,,,,,,,,,,,,,,,,,,,,,,,,,,,,,,,,,,,,,,,,,,,,,,,,,,,,,,,,,,,,,,,,,,,,,,,,,,,,,,,,,,,,,,,,,,
