0,1,2,3,4,5,6,7,8,9,10,11,12,13,14,15,16,17,18,19,20,21,22,23,24,25,26,27,28,29,30,31,32,33,34,35,36,37,38,39,40,41,42,43,44,45,46,47,48,49
http://cdo.keu.kz/content/22801/22640/q.htm,,,,,,,,,,,,,,,,,,,,,,,,,,,,,,,,,,,,,,,,,,,,,,,,,
http://cdo.keu.kz/content/22802/22641/q.htm,,,,,,,,,,,,,,,,,,,,,,,,,,,,,,,,,,,,,,,,,,,,,,,,,
http://cdo.keu.kz/content/22803/22642/q.htm,,,,,,,,,,,,,,,,,,,,,,,,,,,,,,,,,,,,,,,,,,,,,,,,,
http://cdo.keu.kz/content/22804/22643/T1.htm,,,,,,,,,,,,,,,,,,,,,,,,,,,,,,,,,,,,,,,,,,,,,,,,,
http://cdo.keu.kz/content/22805/22644/T2.htm,,,,,,,,,,,,,,,,,,,,,,,,,,,,,,,,,,,,,,,,,,,,,,,,,
http://cdo.keu.kz/content/22806/22645/T3.htm,,,,,,,,,,,,,,,,,,,,,,,,,,,,,,,,,,,,,,,,,,,,,,,,,
http://cdo.keu.kz/content/22807/22646/T4.htm,,,,,,,,,,,,,,,,,,,,,,,,,,,,,,,,,,,,,,,,,,,,,,,,,
http://cdo.keu.kz/content/22808/22647/Itog.htm,,,,,,,,,,,,,,,,,,,,,,,,,,,,,,,,,,,,,,,,,,,,,,,,,
http://cdo.keu.kz/content/22809/22648/1q.htm,,,,,,,,,,,,,,,,,,,,,,,,,,,,,,,,,,,,,,,,,,,,,,,,,
http://cdo.keu.kz/content/22810/22649/2q.htm,,,,,,,,,,,,,,,,,,,,,,,,,,,,,,,,,,,,,,,,,,,,,,,,,
http://cdo.keu.kz/content/22811/22650/3q.htm,,,,,,,,,,,,,,,,,,,,,,,,,,,,,,,,,,,,,,,,,,,,,,,,,
http://cdo.keu.kz/content/22812/22651/4q.htm,,,,,,,,,,,,,,,,,,,,,,,,,,,,,,,,,,,,,,,,,,,,,,,,,
http://cdo.keu.kz/content/22813/22652/22652.htm,http://cdo.keu.kz/content/22813/22652/76707/76707.htm,http://cdo.keu.kz/content/22813/22652/76708/76708.htm,http://cdo.keu.kz/content/22813/22652/76709/76709.htm,http://cdo.keu.kz/content/22813/22652/76710/76710.htm,http://cdo.keu.kz/content/22813/22652/76711/76711.htm,http://cdo.keu.kz/content/22813/22652/76712/76712.htm,http://cdo.keu.kz/content/22813/22652/76713/76713.htm,http://cdo.keu.kz/content/22813/22652/76714/76714.htm,http://cdo.keu.kz/content/22813/22652/76715/76715.htm,http://cdo.keu.kz/content/22813/22652/76716/76716.htm,http://cdo.keu.kz/content/22813/22652/76717/76717.htm,http://cdo.keu.kz/content/22813/22652/76718/76718.htm,http://cdo.keu.kz/content/22813/22652/76719/76719.htm,http://cdo.keu.kz/content/22813/22652/76720/76720.htm,http://cdo.keu.kz/content/22813/22652/76721/76721.htm,http://cdo.keu.kz/content/22813/22652/Leek.files/image001.jpg,http://cdo.keu.kz/content/22813/22652/Leek.files/image002.gif,http://cdo.keu.kz/content/22813/22652/Leek.files/image003.gif,http://cdo.keu.kz/content/22813/22652/Leek.files/image004.gif,http://cdo.keu.kz/content/22813/22652/Leek.files/image005.gif,http://cdo.keu.kz/content/22813/22652/Leek.files/image006.jpg,http://cdo.keu.kz/content/22813/22652/Leek.files/image007.jpg,http://cdo.keu.kz/content/22813/22652/Leek.files/image008.jpg,http://cdo.keu.kz/content/22813/22652/Leek.files/image009.jpg,http://cdo.keu.kz/content/22813/22652/Leek.files/image010.jpg,http://cdo.keu.kz/content/22813/22652/Leek.files/image011.jpg,http://cdo.keu.kz/content/22813/22652/Leek.files/image012.jpg,http://cdo.keu.kz/content/22813/22652/Leek.files/image013.jpg,http://cdo.keu.kz/content/22813/22652/Leek.files/image014.jpg,http://cdo.keu.kz/content/22813/22652/Leek.files/image015.jpg,http://cdo.keu.kz/content/22813/22652/Leek.files/image016.jpg,http://cdo.keu.kz/content/22813/22652/Leek.files/image017.jpg,http://cdo.keu.kz/content/22813/22652/Leek.files/image018.jpg,http://cdo.keu.kz/content/22813/22652/Leek.files/image019.jpg,http://cdo.keu.kz/content/22813/22652/Leek.files/image020.jpg,http://cdo.keu.kz/content/22813/22652/Leek.files/image021.jpg,http://cdo.keu.kz/content/22813/22652/Leek.files/image022.jpg,http://cdo.keu.kz/content/22813/22652/Leek.files/image023.jpg,http://cdo.keu.kz/content/22813/22652/Leek.files/image024.jpg,http://cdo.keu.kz/content/22813/22652/Leek.files/image025.jpg,http://cdo.keu.kz/content/22813/22652/Leek.files/image026.jpg,http://cdo.keu.kz/content/22813/22652/Leek.files/image027.jpg,http://cdo.keu.kz/content/22813/22652/Leek.files/image028.jpg,http://cdo.keu.kz/content/22813/22652/Leek.files/image029.jpg,http://cdo.keu.kz/content/22813/22652/Leek.files/image030.jpg,http://cdo.keu.kz/content/22813/22652/Leek.files/image031.jpg,http://cdo.keu.kz/content/22813/22652/Leek.files/image032.jpg,http://cdo.keu.kz/content/22813/22652/Leek.files/image033.jpg,http://cdo.keu.kz/content/22813/22652/Leek.files/image034.jpg
http://cdo.keu.kz/content/22814/22653/qq.htm,,,,,,,,,,,,,,,,,,,,,,,,,,,,,,,,,,,,,,,,,,,,,,,,,
http://cdo.keu.kz/content/22815/22654/Itog.files/image001.png,http://cdo.keu.kz/content/22815/22654/Itog.files/image002.png,http://cdo.keu.kz/content/22815/22654/Itog.files/image003.png,http://cdo.keu.kz/content/22815/22654/Itog.files/image004.png,http://cdo.keu.kz/content/22815/22654/Itog.files/image005.png,http://cdo.keu.kz/content/22815/22654/Itog.files/image006.png,http://cdo.keu.kz/content/22815/22654/Itog.files/image007.png,http://cdo.keu.kz/content/22815/22654/Itog.files/image008.png,http://cdo.keu.kz/content/22815/22654/Itog.files/image009.png,http://cdo.keu.kz/content/22815/22654/Itog.files/image010.png,http://cdo.keu.kz/content/22815/22654/Itog.files/image011.png,http://cdo.keu.kz/content/22815/22654/Itog.files/image012.png,http://cdo.keu.kz/content/22815/22654/Itog.files/image013.png,http://cdo.keu.kz/content/22815/22654/Itog.files/image014.png,http://cdo.keu.kz/content/22815/22654/Itog.files/image015.png,http://cdo.keu.kz/content/22815/22654/Itog.htm,,,,,,,,,,,,,,,,,,,,,,,,,,,,,,,,,,
http://cdo.keu.kz/content/22816/22655/t1.files/colorschememapping.xml,http://cdo.keu.kz/content/22816/22655/t1.files/filelist.xml,http://cdo.keu.kz/content/22816/22655/t1.files/themedata.thmx,http://cdo.keu.kz/content/22816/22655/t1.htm,,,,,,,,,,,,,,,,,,,,,,,,,,,,,,,,,,,,,,,,,,,,,,
http://cdo.keu.kz/content/22817/22656/test1.files/colorschememapping.xml,http://cdo.keu.kz/content/22817/22656/test1.files/filelist.xml,http://cdo.keu.kz/content/22817/22656/test1.files/themedata.thmx,http://cdo.keu.kz/content/22817/22656/test1.htm,,,,,,,,,,,,,,,,,,,,,,,,,,,,,,,,,,,,,,,,,,,,,,
http://cdo.keu.kz/content/22818/22657/T1.htm,,,,,,,,,,,,,,,,,,,,,,,,,,,,,,,,,,,,,,,,,,,,,,,,,
http://cdo.keu.kz/content/22819/22658/t2.files/colorschememapping.xml,http://cdo.keu.kz/content/22819/22658/t2.files/filelist.xml,http://cdo.keu.kz/content/22819/22658/t2.files/themedata.thmx,http://cdo.keu.kz/content/22819/22658/t2.htm,,,,,,,,,,,,,,,,,,,,,,,,,,,,,,,,,,,,,,,,,,,,,,
http://cdo.keu.kz/content/22820/22659/test1.files/colorschememapping.xml,http://cdo.keu.kz/content/22820/22659/test1.files/filelist.xml,http://cdo.keu.kz/content/22820/22659/test1.files/themedata.thmx,http://cdo.keu.kz/content/22820/22659/test1.htm,,,,,,,,,,,,,,,,,,,,,,,,,,,,,,,,,,,,,,,,,,,,,,
http://cdo.keu.kz/content/22821/22660/T11.htm,,,,,,,,,,,,,,,,,,,,,,,,,,,,,,,,,,,,,,,,,,,,,,,,,
http://cdo.keu.kz/content/22822/22661/t3.files/colorschememapping.xml,http://cdo.keu.kz/content/22822/22661/t3.files/filelist.xml,http://cdo.keu.kz/content/22822/22661/t3.files/themedata.thmx,http://cdo.keu.kz/content/22822/22661/t3.htm,,,,,,,,,,,,,,,,,,,,,,,,,,,,,,,,,,,,,,,,,,,,,,
http://cdo.keu.kz/content/22823/22662/T111.htm,,,,,,,,,,,,,,,,,,,,,,,,,,,,,,,,,,,,,,,,,,,,,,,,,
http://cdo.keu.kz/content/22824/22663/t4.files/colorschememapping.xml,http://cdo.keu.kz/content/22824/22663/t4.files/filelist.xml,http://cdo.keu.kz/content/22824/22663/t4.files/themedata.thmx,http://cdo.keu.kz/content/22824/22663/t4.htm,,,,,,,,,,,,,,,,,,,,,,,,,,,,,,,,,,,,,,,,,,,,,,
http://cdo.keu.kz/content/22825/22664/T2.htm,,,,,,,,,,,,,,,,,,,,,,,,,,,,,,,,,,,,,,,,,,,,,,,,,
http://cdo.keu.kz/content/22826/22665/itog.files/colorschememapping.xml,http://cdo.keu.kz/content/22826/22665/itog.files/filelist.xml,http://cdo.keu.kz/content/22826/22665/itog.files/themedata.thmx,http://cdo.keu.kz/content/22826/22665/itog.htm,,,,,,,,,,,,,,,,,,,,,,,,,,,,,,,,,,,,,,,,,,,,,,
http://cdo.keu.kz/content/22827/22666/test2.files/colorschememapping.xml,http://cdo.keu.kz/content/22827/22666/test2.files/filelist.xml,http://cdo.keu.kz/content/22827/22666/test2.files/themedata.thmx,http://cdo.keu.kz/content/22827/22666/test2.htm,,,,,,,,,,,,,,,,,,,,,,,,,,,,,,,,,,,,,,,,,,,,,,
http://cdo.keu.kz/content/22828/22667/T2.htm,,,,,,,,,,,,,,,,,,,,,,,,,,,,,,,,,,,,,,,,,,,,,,,,,
http://cdo.keu.kz/content/22829/22668/Itog.htm,,,,,,,,,,,,,,,,,,,,,,,,,,,,,,,,,,,,,,,,,,,,,,,,,
http://cdo.keu.kz/content/22830/22669/test3.files/colorschememapping.xml,http://cdo.keu.kz/content/22830/22669/test3.files/filelist.xml,http://cdo.keu.kz/content/22830/22669/test3.files/themedata.thmx,http://cdo.keu.kz/content/22830/22669/test3.htm,,,,,,,,,,,,,,,,,,,,,,,,,,,,,,,,,,,,,,,,,,,,,,
http://cdo.keu.kz/content/22831/22670/T1.htm,,,,,,,,,,,,,,,,,,,,,,,,,,,,,,,,,,,,,,,,,,,,,,,,,
http://cdo.keu.kz/content/22832/22671/1q.htm,,,,,,,,,,,,,,,,,,,,,,,,,,,,,,,,,,,,,,,,,,,,,,,,,
http://cdo.keu.kz/content/22833/22672/T2.htm,,,,,,,,,,,,,,,,,,,,,,,,,,,,,,,,,,,,,,,,,,,,,,,,,
http://cdo.keu.kz/content/22834/22673/T3.htm,,,,,,,,,,,,,,,,,,,,,,,,,,,,,,,,,,,,,,,,,,,,,,,,,
http://cdo.keu.kz/content/22835/22674/T4.htm,,,,,,,,,,,,,,,,,,,,,,,,,,,,,,,,,,,,,,,,,,,,,,,,,
http://cdo.keu.kz/content/22836/22675/t1.files/colorschememapping.xml,http://cdo.keu.kz/content/22836/22675/t1.files/filelist.xml,http://cdo.keu.kz/content/22836/22675/t1.files/themedata.thmx,http://cdo.keu.kz/content/22836/22675/t1.htm,,,,,,,,,,,,,,,,,,,,,,,,,,,,,,,,,,,,,,,,,,,,,,
http://cdo.keu.kz/content/22837/22676/t2.files/colorschememapping.xml,http://cdo.keu.kz/content/22837/22676/t2.files/filelist.xml,http://cdo.keu.kz/content/22837/22676/t2.files/themedata.thmx,http://cdo.keu.kz/content/22837/22676/t2.htm,,,,,,,,,,,,,,,,,,,,,,,,,,,,,,,,,,,,,,,,,,,,,,
http://cdo.keu.kz/content/22838/22677/t2.files/colorschememapping.xml,http://cdo.keu.kz/content/22838/22677/t2.files/filelist.xml,http://cdo.keu.kz/content/22838/22677/t2.files/themedata.thmx,http://cdo.keu.kz/content/22838/22677/t2.htm,,,,,,,,,,,,,,,,,,,,,,,,,,,,,,,,,,,,,,,,,,,,,,
http://cdo.keu.kz/content/22839/22678/itog.files/colorschememapping.xml,http://cdo.keu.kz/content/22839/22678/itog.files/filelist.xml,http://cdo.keu.kz/content/22839/22678/itog.files/themedata.thmx,http://cdo.keu.kz/content/22839/22678/itog.htm,,,,,,,,,,,,,,,,,,,,,,,,,,,,,,,,,,,,,,,,,,,,,,
http://cdo.keu.kz/content/22840/22679/test4.files/colorschememapping.xml,http://cdo.keu.kz/content/22840/22679/test4.files/filelist.xml,http://cdo.keu.kz/content/22840/22679/test4.files/themedata.thmx,http://cdo.keu.kz/content/22840/22679/test4.htm,,,,,,,,,,,,,,,,,,,,,,,,,,,,,,,,,,,,,,,,,,,,,,
http://cdo.keu.kz/content/22841/22680/t3.files/colorschememapping.xml,http://cdo.keu.kz/content/22841/22680/t3.files/filelist.xml,http://cdo.keu.kz/content/22841/22680/t3.files/themedata.thmx,http://cdo.keu.kz/content/22841/22680/t3.htm,,,,,,,,,,,,,,,,,,,,,,,,,,,,,,,,,,,,,,,,,,,,,,
http://cdo.keu.kz/content/22842/22681/T1.htm,,,,,,,,,,,,,,,,,,,,,,,,,,,,,,,,,,,,,,,,,,,,,,,,,
http://cdo.keu.kz/content/22843/22682/t4.files/colorschememapping.xml,http://cdo.keu.kz/content/22843/22682/t4.files/filelist.xml,http://cdo.keu.kz/content/22843/22682/t4.files/themedata.thmx,http://cdo.keu.kz/content/22843/22682/t4.htm,,,,,,,,,,,,,,,,,,,,,,,,,,,,,,,,,,,,,,,,,,,,,,
http://cdo.keu.kz/content/22844/22683/T1.htm,,,,,,,,,,,,,,,,,,,,,,,,,,,,,,,,,,,,,,,,,,,,,,,,,
http://cdo.keu.kz/content/22845/22684/itog.files/colorschememapping.xml,http://cdo.keu.kz/content/22845/22684/itog.files/filelist.xml,http://cdo.keu.kz/content/22845/22684/itog.files/header.htm,http://cdo.keu.kz/content/22845/22684/itog.files/themedata.thmx,http://cdo.keu.kz/content/22845/22684/itog.htm,http://cdo.keu.kz/content/22845/22684/%d0%8f%c2%ae%c2%ab%d0%81%d0%b2%20%c2%ab%d0%81%c2%a4%d2%90%d0%b0%d0%b1%d0%b2%d1%9e%c2%ae.%202019.docx,,,,,,,,,,,,,,,,,,,,,,,,,,,,,,,,,,,,,,,,,,,,
http://cdo.keu.kz/content/22846/22685/q.htm,,,,,,,,,,,,,,,,,,,,,,,,,,,,,,,,,,,,,,,,,,,,,,,,,
http://cdo.keu.kz/content/22847/22686/itog.files/colorschememapping.xml,http://cdo.keu.kz/content/22847/22686/itog.files/filelist.xml,http://cdo.keu.kz/content/22847/22686/itog.files/themedata.thmx,http://cdo.keu.kz/content/22847/22686/itog.htm,,,,,,,,,,,,,,,,,,,,,,,,,,,,,,,,,,,,,,,,,,,,,,
http://cdo.keu.kz/content/22848/22687/q.htm,,,,,,,,,,,,,,,,,,,,,,,,,,,,,,,,,,,,,,,,,,,,,,,,,
http://cdo.keu.kz/content/22849/22688/T1.htm,,,,,,,,,,,,,,,,,,,,,,,,,,,,,,,,,,,,,,,,,,,,,,,,,
http://cdo.keu.kz/content/22850/22689/q.htm,,,,,,,,,,,,,,,,,,,,,,,,,,,,,,,,,,,,,,,,,,,,,,,,,
http://cdo.keu.kz/content/22851/22690/T2.htm,,,,,,,,,,,,,,,,,,,,,,,,,,,,,,,,,,,,,,,,,,,,,,,,,
http://cdo.keu.kz/content/22852/22691/q.htm,,,,,,,,,,,,,,,,,,,,,,,,,,,,,,,,,,,,,,,,,,,,,,,,,
http://cdo.keu.kz/content/22853/22692/T3.htm,,,,,,,,,,,,,,,,,,,,,,,,,,,,,,,,,,,,,,,,,,,,,,,,,
http://cdo.keu.kz/content/22854/22693/1q.htm,,,,,,,,,,,,,,,,,,,,,,,,,,,,,,,,,,,,,,,,,,,,,,,,,
http://cdo.keu.kz/content/22855/22694/2q.htm,,,,,,,,,,,,,,,,,,,,,,,,,,,,,,,,,,,,,,,,,,,,,,,,,
http://cdo.keu.kz/content/22856/22695/T4.htm,,,,,,,,,,,,,,,,,,,,,,,,,,,,,,,,,,,,,,,,,,,,,,,,,
http://cdo.keu.kz/content/22857/22696/3q.htm,,,,,,,,,,,,,,,,,,,,,,,,,,,,,,,,,,,,,,,,,,,,,,,,,
http://cdo.keu.kz/content/22858/22697/q.htm,,,,,,,,,,,,,,,,,,,,,,,,,,,,,,,,,,,,,,,,,,,,,,,,,
http://cdo.keu.kz/content/22859/22698/itog.files/colorschememapping.xml,http://cdo.keu.kz/content/22859/22698/itog.files/filelist.xml,http://cdo.keu.kz/content/22859/22698/itog.files/themedata.thmx,http://cdo.keu.kz/content/22859/22698/itog.htm,,,,,,,,,,,,,,,,,,,,,,,,,,,,,,,,,,,,,,,,,,,,,,
http://cdo.keu.kz/content/22860/22699/4q.htm,,,,,,,,,,,,,,,,,,,,,,,,,,,,,,,,,,,,,,,,,,,,,,,,,
http://cdo.keu.kz/content/22861/22700/itog.files/colorschememapping.xml,http://cdo.keu.kz/content/22861/22700/itog.files/filelist.xml,http://cdo.keu.kz/content/22861/22700/itog.files/themedata.thmx,http://cdo.keu.kz/content/22861/22700/itog.htm,,,,,,,,,,,,,,,,,,,,,,,,,,,,,,,,,,,,,,,,,,,,,,
http://cdo.keu.kz/content/22862/22701/q.htm,,,,,,,,,,,,,,,,,,,,,,,,,,,,,,,,,,,,,,,,,,,,,,,,,
http://cdo.keu.kz/content/22863/22702/itog.files/colorschememapping.xml,http://cdo.keu.kz/content/22863/22702/itog.files/filelist.xml,http://cdo.keu.kz/content/22863/22702/itog.files/themedata.thmx,http://cdo.keu.kz/content/22863/22702/itog.htm,,,,,,,,,,,,,,,,,,,,,,,,,,,,,,,,,,,,,,,,,,,,,,
http://cdo.keu.kz/content/22864/22703/itog.files/colorschememapping.xml,http://cdo.keu.kz/content/22864/22703/itog.files/filelist.xml,http://cdo.keu.kz/content/22864/22703/itog.files/header.htm,http://cdo.keu.kz/content/22864/22703/itog.files/themedata.thmx,http://cdo.keu.kz/content/22864/22703/itog.htm,,,,,,,,,,,,,,,,,,,,,,,,,,,,,,,,,,,,,,,,,,,,,
http://cdo.keu.kz/content/22865/22704/q.htm,,,,,,,,,,,,,,,,,,,,,,,,,,,,,,,,,,,,,,,,,,,,,,,,,
http://cdo.keu.kz/content/22866/22705/1q.htm,,,,,,,,,,,,,,,,,,,,,,,,,,,,,,,,,,,,,,,,,,,,,,,,,
http://cdo.keu.kz/content/22867/22706/2q.htm,,,,,,,,,,,,,,,,,,,,,,,,,,,,,,,,,,,,,,,,,,,,,,,,,
http://cdo.keu.kz/content/22868/22707/3q.htm,,,,,,,,,,,,,,,,,,,,,,,,,,,,,,,,,,,,,,,,,,,,,,,,,
http://cdo.keu.kz/content/22869/22708/Itog.htm,,,,,,,,,,,,,,,,,,,,,,,,,,,,,,,,,,,,,,,,,,,,,,,,,
http://cdo.keu.kz/content/22870/22709/4q.htm,,,,,,,,,,,,,,,,,,,,,,,,,,,,,,,,,,,,,,,,,,,,,,,,,
http://cdo.keu.kz/content/22871/22710/Itoggg.htm,,,,,,,,,,,,,,,,,,,,,,,,,,,,,,,,,,,,,,,,,,,,,,,,,
http://cdo.keu.kz/content/22872/22711/Itoggg.htm,,,,,,,,,,,,,,,,,,,,,,,,,,,,,,,,,,,,,,,,,,,,,,,,,
http://cdo.keu.kz/content/22873/22712/T1.htm,,,,,,,,,,,,,,,,,,,,,,,,,,,,,,,,,,,,,,,,,,,,,,,,,
http://cdo.keu.kz/content/22874/22713/T2.htm,,,,,,,,,,,,,,,,,,,,,,,,,,,,,,,,,,,,,,,,,,,,,,,,,
http://cdo.keu.kz/content/22875/22714/T3.htm,,,,,,,,,,,,,,,,,,,,,,,,,,,,,,,,,,,,,,,,,,,,,,,,,
http://cdo.keu.kz/content/22876/22715/T4.htm,,,,,,,,,,,,,,,,,,,,,,,,,,,,,,,,,,,,,,,,,,,,,,,,,
http://cdo.keu.kz/content/22877/22716/22716.htm,http://cdo.keu.kz/content/22877/22716/lek.htm,,,,,,,,,,,,,,,,,,,,,,,,,,,,,,,,,,,,,,,,,,,,,,,,
http://cdo.keu.kz/content/22878/22717/22717.htm,http://cdo.keu.kz/content/22878/22717/lek.htm,,,,,,,,,,,,,,,,,,,,,,,,,,,,,,,,,,,,,,,,,,,,,,,,
http://cdo.keu.kz/content/22879/22718/22718.htm,http://cdo.keu.kz/content/22879/22718/lek.htm,,,,,,,,,,,,,,,,,,,,,,,,,,,,,,,,,,,,,,,,,,,,,,,,
http://cdo.keu.kz/content/22880/22719/Itog.files/image001.gif,http://cdo.keu.kz/content/22880/22719/Itog.files/image002.gif,http://cdo.keu.kz/content/22880/22719/Itog.htm,,,,,,,,,,,,,,,,,,,,,,,,,,,,,,,,,,,,,,,,,,,,,,,
http://cdo.keu.kz/content/22881/22720/Itog.files/image001.gif,http://cdo.keu.kz/content/22881/22720/Itog.files/image002.gif,http://cdo.keu.kz/content/22881/22720/Itog.htm,,,,,,,,,,,,,,,,,,,,,,,,,,,,,,,,,,,,,,,,,,,,,,,
http://cdo.keu.kz/content/22882/22721/22721.htm,http://cdo.keu.kz/content/22882/22721/76722/76722.htm,http://cdo.keu.kz/content/22882/22721/76723/76723.htm,http://cdo.keu.kz/content/22882/22721/76724/76724.htm,http://cdo.keu.kz/content/22882/22721/76725/76725.htm,http://cdo.keu.kz/content/22882/22721/lek.files/colorschememapping.xml,http://cdo.keu.kz/content/22882/22721/lek.files/filelist.xml,http://cdo.keu.kz/content/22882/22721/lek.files/themedata.thmx,,,,,,,,,,,,,,,,,,,,,,,,,,,,,,,,,,,,,,,,,,
http://cdo.keu.kz/content/22883/22722/22722.htm,http://cdo.keu.kz/content/22883/22722/76726/76726.htm,http://cdo.keu.kz/content/22883/22722/76727/76727.htm,http://cdo.keu.kz/content/22883/22722/76728/76728.htm,http://cdo.keu.kz/content/22883/22722/76729/76729.htm,http://cdo.keu.kz/content/22883/22722/76730/76730.htm,http://cdo.keu.kz/content/22883/22722/76731/76731.htm,http://cdo.keu.kz/content/22883/22722/76732/76732.htm,http://cdo.keu.kz/content/22883/22722/lekciya.files/colorschememapping.xml,http://cdo.keu.kz/content/22883/22722/lekciya.files/filelist.xml,http://cdo.keu.kz/content/22883/22722/lekciya.files/themedata.thmx,,,,,,,,,,,,,,,,,,,,,,,,,,,,,,,,,,,,,,,
http://cdo.keu.kz/content/22884/22723/22723.htm,http://cdo.keu.kz/content/22884/22723/76733/76733.htm,http://cdo.keu.kz/content/22884/22723/76734/76734.htm,http://cdo.keu.kz/content/22884/22723/76735/76735.htm,http://cdo.keu.kz/content/22884/22723/76736/76736.htm,http://cdo.keu.kz/content/22884/22723/76737/76737.htm,http://cdo.keu.kz/content/22884/22723/lek.files/colorschememapping.xml,http://cdo.keu.kz/content/22884/22723/lek.files/filelist.xml,http://cdo.keu.kz/content/22884/22723/lek.files/themedata.thmx,,,,,,,,,,,,,,,,,,,,,,,,,,,,,,,,,,,,,,,,,
http://cdo.keu.kz/content/22885/22724/1q.htm,,,,,,,,,,,,,,,,,,,,,,,,,,,,,,,,,,,,,,,,,,,,,,,,,
http://cdo.keu.kz/content/22886/22725/2q.htm,,,,,,,,,,,,,,,,,,,,,,,,,,,,,,,,,,,,,,,,,,,,,,,,,
http://cdo.keu.kz/content/22887/22726/3q.htm,,,,,,,,,,,,,,,,,,,,,,,,,,,,,,,,,,,,,,,,,,,,,,,,,
http://cdo.keu.kz/content/22888/22727/4q.htm,,,,,,,,,,,,,,,,,,,,,,,,,,,,,,,,,,,,,,,,,,,,,,,,,
http://cdo.keu.kz/content/22889/22728/22728.htm,http://cdo.keu.kz/content/22889/22728/76738/76738.htm,http://cdo.keu.kz/content/22889/22728/76739/76739.htm,http://cdo.keu.kz/content/22889/22728/76740/76740.htm,http://cdo.keu.kz/content/22889/22728/76741/76741.htm,http://cdo.keu.kz/content/22889/22728/76742/76742.htm,http://cdo.keu.kz/content/22889/22728/76743/76743.htm,http://cdo.keu.kz/content/22889/22728/76744/76744.htm,http://cdo.keu.kz/content/22889/22728/76745/76745.htm,http://cdo.keu.kz/content/22889/22728/76746/76746.htm,http://cdo.keu.kz/content/22889/22728/76747/76747.htm,http://cdo.keu.kz/content/22889/22728/76748/76748.htm,http://cdo.keu.kz/content/22889/22728/76749/76749.htm,http://cdo.keu.kz/content/22889/22728/Lek.files/image001.gif,http://cdo.keu.kz/content/22889/22728/Lek.files/image002.gif,http://cdo.keu.kz/content/22889/22728/Lek.files/image003.gif,http://cdo.keu.kz/content/22889/22728/Lek.files/image004.gif,http://cdo.keu.kz/content/22889/22728/Lek.files/image005.jpg,http://cdo.keu.kz/content/22889/22728/Lek.files/image006.gif,http://cdo.keu.kz/content/22889/22728/Lek.files/image007.gif,http://cdo.keu.kz/content/22889/22728/Lek.files/image008.gif,http://cdo.keu.kz/content/22889/22728/Lek.files/image009.gif,http://cdo.keu.kz/content/22889/22728/Lek.files/image010.gif,http://cdo.keu.kz/content/22889/22728/Lek.files/image011.gif,http://cdo.keu.kz/content/22889/22728/Lek.files/image012.gif,http://cdo.keu.kz/content/22889/22728/Lek.files/image013.gif,http://cdo.keu.kz/content/22889/22728/Lek.files/image014.gif,http://cdo.keu.kz/content/22889/22728/Lek.files/image015.gif,http://cdo.keu.kz/content/22889/22728/Lek.files/image016.gif,http://cdo.keu.kz/content/22889/22728/Lek.files/image017.jpg,,,,,,,,,,,,,,,,,,,,
http://cdo.keu.kz/content/22890/22729/1q.htm,,,,,,,,,,,,,,,,,,,,,,,,,,,,,,,,,,,,,,,,,,,,,,,,,
http://cdo.keu.kz/content/22891/22730/2q.htm,,,,,,,,,,,,,,,,,,,,,,,,,,,,,,,,,,,,,,,,,,,,,,,,,
http://cdo.keu.kz/content/22892/22731/3q.htm,,,,,,,,,,,,,,,,,,,,,,,,,,,,,,,,,,,,,,,,,,,,,,,,,
http://cdo.keu.kz/content/22893/22732/4q.htm,,,,,,,,,,,,,,,,,,,,,,,,,,,,,,,,,,,,,,,,,,,,,,,,,
http://cdo.keu.kz/content/22894/22733/qqqqqq.htm,,,,,,,,,,,,,,,,,,,,,,,,,,,,,,,,,,,,,,,,,,,,,,,,,
http://cdo.keu.kz/content/22895/22734/q.htm,,,,,,,,,,,,,,,,,,,,,,,,,,,,,,,,,,,,,,,,,,,,,,,,,
http://cdo.keu.kz/content/22896/22735/1q.htm,,,,,,,,,,,,,,,,,,,,,,,,,,,,,,,,,,,,,,,,,,,,,,,,,
http://cdo.keu.kz/content/22897/22736/2q.htm,,,,,,,,,,,,,,,,,,,,,,,,,,,,,,,,,,,,,,,,,,,,,,,,,
http://cdo.keu.kz/content/22898/22737/3q.htm,,,,,,,,,,,,,,,,,,,,,,,,,,,,,,,,,,,,,,,,,,,,,,,,,
http://cdo.keu.kz/content/22899/22738/4q.htm,,,,,,,,,,,,,,,,,,,,,,,,,,,,,,,,,,,,,,,,,,,,,,,,,
http://cdo.keu.kz/content/22900/22739/q.htm,,,,,,,,,,,,,,,,,,,,,,,,,,,,,,,,,,,,,,,,,,,,,,,,,
