0,1,2,3,4,5,6,7,8,9,10,11,12,13,14,15,16,17,18,19,20,21,22,23
http://cdo.keu.kz/content/22301/22140/3q.htm,,,,,,,,,,,,,,,,,,,,,,,
http://cdo.keu.kz/content/22302/22141/4q.htm,,,,,,,,,,,,,,,,,,,,,,,
http://cdo.keu.kz/content/22303/22142/test1.files/colorschememapping.xml,http://cdo.keu.kz/content/22303/22142/test1.files/filelist.xml,http://cdo.keu.kz/content/22303/22142/test1.files/themedata.thmx,http://cdo.keu.kz/content/22303/22142/test1.htm,,,,,,,,,,,,,,,,,,,,
http://cdo.keu.kz/content/22304/22143/test2.files/colorschememapping.xml,http://cdo.keu.kz/content/22304/22143/test2.files/filelist.xml,http://cdo.keu.kz/content/22304/22143/test2.files/themedata.thmx,http://cdo.keu.kz/content/22304/22143/test2.htm,,,,,,,,,,,,,,,,,,,,
http://cdo.keu.kz/content/22305/22144/q.htm,,,,,,,,,,,,,,,,,,,,,,,
http://cdo.keu.kz/content/22306/22145/4q.htm,,,,,,,,,,,,,,,,,,,,,,,
http://cdo.keu.kz/content/22307/22146/22146.htm,,,,,,,,,,,,,,,,,,,,,,,
http://cdo.keu.kz/content/22308/22147/q.htm,,,,,,,,,,,,,,,,,,,,,,,
http://cdo.keu.kz/content/22309/22148/22148.htm,,,,,,,,,,,,,,,,,,,,,,,
http://cdo.keu.kz/content/22310/22149/1q.htm,,,,,,,,,,,,,,,,,,,,,,,
http://cdo.keu.kz/content/22311/22150/2q.htm,,,,,,,,,,,,,,,,,,,,,,,
http://cdo.keu.kz/content/22312/22151/3q.htm,,,,,,,,,,,,,,,,,,,,,,,
http://cdo.keu.kz/content/22313/22152/4q.htm,,,,,,,,,,,,,,,,,,,,,,,
http://cdo.keu.kz/content/22314/22153/q.htm,,,,,,,,,,,,,,,,,,,,,,,
http://cdo.keu.kz/content/22315/22154/22154.htm,http://cdo.keu.kz/content/22315/22154/Lek.htm,,,,,,,,,,,,,,,,,,,,,,
http://cdo.keu.kz/content/22316/22155/test2.files/colorschememapping.xml,http://cdo.keu.kz/content/22316/22155/test2.files/filelist.xml,http://cdo.keu.kz/content/22316/22155/test2.files/themedata.thmx,http://cdo.keu.kz/content/22316/22155/test2.htm,,,,,,,,,,,,,,,,,,,,
http://cdo.keu.kz/content/22317/22156/test3.files/colorschememapping.xml,http://cdo.keu.kz/content/22317/22156/test3.files/filelist.xml,http://cdo.keu.kz/content/22317/22156/test3.files/themedata.thmx,http://cdo.keu.kz/content/22317/22156/test3.htm,,,,,,,,,,,,,,,,,,,,
http://cdo.keu.kz/content/22318/22157/22157.htm,http://cdo.keu.kz/content/22318/22157/76371/76371.htm,http://cdo.keu.kz/content/22318/22157/76372/76372.htm,http://cdo.keu.kz/content/22318/22157/76373/76373.htm,http://cdo.keu.kz/content/22318/22157/76374/76374.htm,http://cdo.keu.kz/content/22318/22157/76375/76375.htm,http://cdo.keu.kz/content/22318/22157/76376/76376.htm,http://cdo.keu.kz/content/22318/22157/76377/76377.htm,http://cdo.keu.kz/content/22318/22157/76378/76378.htm,http://cdo.keu.kz/content/22318/22157/76379/76379.htm,http://cdo.keu.kz/content/22318/22157/76380/76380.htm,http://cdo.keu.kz/content/22318/22157/76381/76381.htm,http://cdo.keu.kz/content/22318/22157/76382/76382.htm,http://cdo.keu.kz/content/22318/22157/76383/76383.htm,http://cdo.keu.kz/content/22318/22157/76384/76384.htm,http://cdo.keu.kz/content/22318/22157/76385/76385.htm,http://cdo.keu.kz/content/22318/22157/76386/76386.htm,http://cdo.keu.kz/content/22318/22157/76387/76387.htm,http://cdo.keu.kz/content/22318/22157/76388/76388.htm,http://cdo.keu.kz/content/22318/22157/76389/76389.htm,http://cdo.keu.kz/content/22318/22157/76390/76390.htm,http://cdo.keu.kz/content/22318/22157/76391/76391.htm,http://cdo.keu.kz/content/22318/22157/76392/76392.htm,http://cdo.keu.kz/content/22318/22157/76393/76393.htm
http://cdo.keu.kz/content/22319/22158/test3.files/colorschememapping.xml,http://cdo.keu.kz/content/22319/22158/test3.files/filelist.xml,http://cdo.keu.kz/content/22319/22158/test3.files/themedata.thmx,http://cdo.keu.kz/content/22319/22158/test3.htm,,,,,,,,,,,,,,,,,,,,
http://cdo.keu.kz/content/22320/22159/1q.htm,,,,,,,,,,,,,,,,,,,,,,,
http://cdo.keu.kz/content/22321/22160/3q.files/image001.gif,http://cdo.keu.kz/content/22321/22160/3q.htm,,,,,,,,,,,,,,,,,,,,,,
http://cdo.keu.kz/content/22322/22161/4q.htm,,,,,,,,,,,,,,,,,,,,,,,
http://cdo.keu.kz/content/22323/22162/itog.files/image001.png,http://cdo.keu.kz/content/22323/22162/itog.htm,,,,,,,,,,,,,,,,,,,,,,
http://cdo.keu.kz/content/22324/22163/itog.files/image001.png,http://cdo.keu.kz/content/22324/22163/itog.htm,,,,,,,,,,,,,,,,,,,,,,
http://cdo.keu.kz/content/22325/22164/3q.files/image001.gif,http://cdo.keu.kz/content/22325/22164/3q.htm,,,,,,,,,,,,,,,,,,,,,,
http://cdo.keu.kz/content/22326/22165/4q.htm,,,,,,,,,,,,,,,,,,,,,,,
http://cdo.keu.kz/content/22327/22166/itog.files/image001.png,http://cdo.keu.kz/content/22327/22166/itog.htm,,,,,,,,,,,,,,,,,,,,,,
http://cdo.keu.kz/content/22328/22167/itog.files/image001.png,http://cdo.keu.kz/content/22328/22167/itog.htm,,,,,,,,,,,,,,,,,,,,,,
"http://cdo.keu.kz/content/22329/22168/test3bgdmfhk,fhkm.files/colorschememapping.xml","http://cdo.keu.kz/content/22329/22168/test3bgdmfhk,fhkm.files/filelist.xml","http://cdo.keu.kz/content/22329/22168/test3bgdmfhk,fhkm.files/themedata.thmx",,,,,,,,,,,,,,,,,,,,,
http://cdo.keu.kz/content/22330/22169/test3..files/colorschememapping.xml,http://cdo.keu.kz/content/22330/22169/test3..files/filelist.xml,http://cdo.keu.kz/content/22330/22169/test3..files/themedata.thmx,http://cdo.keu.kz/content/22330/22169/test3..htm,,,,,,,,,,,,,,,,,,,,
http://cdo.keu.kz/content/22331/22170/test4.files/colorschememapping.xml,http://cdo.keu.kz/content/22331/22170/test4.files/filelist.xml,http://cdo.keu.kz/content/22331/22170/test4.files/themedata.thmx,http://cdo.keu.kz/content/22331/22170/test4.htm,,,,,,,,,,,,,,,,,,,,
http://cdo.keu.kz/content/22332/22171/test4...files/colorschememapping.xml,http://cdo.keu.kz/content/22332/22171/test4...files/filelist.xml,http://cdo.keu.kz/content/22332/22171/test4...files/themedata.thmx,http://cdo.keu.kz/content/22332/22171/test4...htm,,,,,,,,,,,,,,,,,,,,
http://cdo.keu.kz/content/22333/22172/itog.files/colorschememapping.xml,http://cdo.keu.kz/content/22333/22172/itog.files/filelist.xml,http://cdo.keu.kz/content/22333/22172/itog.files/themedata.thmx,http://cdo.keu.kz/content/22333/22172/itog.htm,,,,,,,,,,,,,,,,,,,,
http://cdo.keu.kz/content/22334/22173/1q.htm,,,,,,,,,,,,,,,,,,,,,,,
http://cdo.keu.kz/content/22335/22174/2q.htm,,,,,,,,,,,,,,,,,,,,,,,
http://cdo.keu.kz/content/22336/22175/3q.htm,,,,,,,,,,,,,,,,,,,,,,,
http://cdo.keu.kz/content/22337/22176/%e2%80%991.files/colorschememapping.xml,http://cdo.keu.kz/content/22337/22176/%e2%80%991.files/filelist.xml,http://cdo.keu.kz/content/22337/22176/%e2%80%991.files/themedata.thmx,http://cdo.keu.kz/content/22337/22176/%e2%80%991.htm,,,,,,,,,,,,,,,,,,,,
http://cdo.keu.kz/content/22338/22177/%e2%80%992.files/colorschememapping.xml,http://cdo.keu.kz/content/22338/22177/%e2%80%992.files/filelist.xml,http://cdo.keu.kz/content/22338/22177/%e2%80%992.files/themedata.thmx,http://cdo.keu.kz/content/22338/22177/%e2%80%992.htm,,,,,,,,,,,,,,,,,,,,
http://cdo.keu.kz/content/22339/22178/%e2%80%993.files/colorschememapping.xml,http://cdo.keu.kz/content/22339/22178/%e2%80%993.files/filelist.xml,http://cdo.keu.kz/content/22339/22178/%e2%80%993.files/themedata.thmx,http://cdo.keu.kz/content/22339/22178/%e2%80%993.htm,,,,,,,,,,,,,,,,,,,,
http://cdo.keu.kz/content/22340/22179/%e2%80%994.files/colorschememapping.xml,http://cdo.keu.kz/content/22340/22179/%e2%80%994.files/filelist.xml,http://cdo.keu.kz/content/22340/22179/%e2%80%994.files/themedata.thmx,http://cdo.keu.kz/content/22340/22179/%e2%80%994.htm,,,,,,,,,,,,,,,,,,,,
http://cdo.keu.kz/content/22341/22180/itog.files/colorschememapping.xml,http://cdo.keu.kz/content/22341/22180/itog.files/filelist.xml,http://cdo.keu.kz/content/22341/22180/itog.files/item0001.xml,http://cdo.keu.kz/content/22341/22180/itog.files/props0002.xml,http://cdo.keu.kz/content/22341/22180/itog.files/themedata.thmx,http://cdo.keu.kz/content/22341/22180/itog.htm,,,,,,,,,,,,,,,,,,
http://cdo.keu.kz/content/22342/22181/22181.htm,http://cdo.keu.kz/content/22342/22181/76394/76394.htm,http://cdo.keu.kz/content/22342/22181/76395/76395.htm,http://cdo.keu.kz/content/22342/22181/76396/76396.htm,http://cdo.keu.kz/content/22342/22181/76397/76397.htm,http://cdo.keu.kz/content/22342/22181/76398/76398.htm,http://cdo.keu.kz/content/22342/22181/76399/76399.htm,,,,,,,,,,,,,,,,,
http://cdo.keu.kz/content/22343/22182/t1.htm,,,,,,,,,,,,,,,,,,,,,,,
http://cdo.keu.kz/content/22344/22183/q.htm,,,,,,,,,,,,,,,,,,,,,,,
http://cdo.keu.kz/content/22345/22184/t11.htm,,,,,,,,,,,,,,,,,,,,,,,
http://cdo.keu.kz/content/22346/22185/1q.htm,,,,,,,,,,,,,,,,,,,,,,,
http://cdo.keu.kz/content/22347/22186/2q.htm,,,,,,,,,,,,,,,,,,,,,,,
http://cdo.keu.kz/content/22348/22187/3q.htm,,,,,,,,,,,,,,,,,,,,,,,
http://cdo.keu.kz/content/22349/22188/t22.htm,,,,,,,,,,,,,,,,,,,,,,,
http://cdo.keu.kz/content/22350/22189/4q.htm,,,,,,,,,,,,,,,,,,,,,,,
http://cdo.keu.kz/content/22351/22190/itog.files/colorschememapping.xml,http://cdo.keu.kz/content/22351/22190/itog.files/filelist.xml,http://cdo.keu.kz/content/22351/22190/itog.files/header.htm,http://cdo.keu.kz/content/22351/22190/itog.files/themedata.thmx,http://cdo.keu.kz/content/22351/22190/itog.htm,,,,,,,,,,,,,,,,,,,
http://cdo.keu.kz/content/22352/22191/test1.files/colorschememapping.xml,http://cdo.keu.kz/content/22352/22191/test1.files/filelist.xml,http://cdo.keu.kz/content/22352/22191/test1.files/themedata.thmx,http://cdo.keu.kz/content/22352/22191/test1.htm,,,,,,,,,,,,,,,,,,,,
http://cdo.keu.kz/content/22353/22192/t33.htm,,,,,,,,,,,,,,,,,,,,,,,
http://cdo.keu.kz/content/22354/22193/itog.files/colorschememapping.xml,http://cdo.keu.kz/content/22354/22193/itog.files/filelist.xml,http://cdo.keu.kz/content/22354/22193/itog.files/header.htm,http://cdo.keu.kz/content/22354/22193/itog.files/themedata.thmx,http://cdo.keu.kz/content/22354/22193/itog.htm,,,,,,,,,,,,,,,,,,,
http://cdo.keu.kz/content/22355/22194/t44.htm,,,,,,,,,,,,,,,,,,,,,,,
http://cdo.keu.kz/content/22356/22195/itog.htm,,,,,,,,,,,,,,,,,,,,,,,
http://cdo.keu.kz/content/22357/22196/%e2%80%991.files/colorschememapping.xml,http://cdo.keu.kz/content/22357/22196/%e2%80%991.files/filelist.xml,http://cdo.keu.kz/content/22357/22196/%e2%80%991.files/themedata.thmx,http://cdo.keu.kz/content/22357/22196/%e2%80%991.htm,,,,,,,,,,,,,,,,,,,,
http://cdo.keu.kz/content/22358/22197/%e2%80%992.files/colorschememapping.xml,http://cdo.keu.kz/content/22358/22197/%e2%80%992.files/filelist.xml,http://cdo.keu.kz/content/22358/22197/%e2%80%992.files/themedata.thmx,http://cdo.keu.kz/content/22358/22197/%e2%80%992.htm,,,,,,,,,,,,,,,,,,,,
http://cdo.keu.kz/content/22359/22198/%e2%80%993.files/colorschememapping.xml,http://cdo.keu.kz/content/22359/22198/%e2%80%993.files/filelist.xml,http://cdo.keu.kz/content/22359/22198/%e2%80%993.files/themedata.thmx,http://cdo.keu.kz/content/22359/22198/%e2%80%993.htm,,,,,,,,,,,,,,,,,,,,
http://cdo.keu.kz/content/22360/22199/%e2%80%994.files/colorschememapping.xml,http://cdo.keu.kz/content/22360/22199/%e2%80%994.files/filelist.xml,http://cdo.keu.kz/content/22360/22199/%e2%80%994.files/themedata.thmx,http://cdo.keu.kz/content/22360/22199/%e2%80%994.htm,,,,,,,,,,,,,,,,,,,,
http://cdo.keu.kz/content/22361/22200/22200.htm,http://cdo.keu.kz/content/22361/22200/76400/76400.htm,http://cdo.keu.kz/content/22361/22200/76401/76401.htm,http://cdo.keu.kz/content/22361/22200/76402/76402.htm,http://cdo.keu.kz/content/22361/22200/76403/76403.htm,http://cdo.keu.kz/content/22361/22200/76404/76404.htm,http://cdo.keu.kz/content/22361/22200/76405/76405.htm,http://cdo.keu.kz/content/22361/22200/76406/76406.htm,http://cdo.keu.kz/content/22361/22200/lek1.files/image001.jpg,,,,,,,,,,,,,,,
http://cdo.keu.kz/content/22362/22201/test2.files/colorschememapping.xml,http://cdo.keu.kz/content/22362/22201/test2.files/filelist.xml,http://cdo.keu.kz/content/22362/22201/test2.files/themedata.thmx,http://cdo.keu.kz/content/22362/22201/test2.htm,,,,,,,,,,,,,,,,,,,,
http://cdo.keu.kz/content/22363/22202/itog.files/colorschememapping.xml,http://cdo.keu.kz/content/22363/22202/itog.files/filelist.xml,http://cdo.keu.kz/content/22363/22202/itog.files/themedata.thmx,http://cdo.keu.kz/content/22363/22202/itog.htm,,,,,,,,,,,,,,,,,,,,
http://cdo.keu.kz/content/22364/22203/itog.files/colorschememapping.xml,http://cdo.keu.kz/content/22364/22203/itog.files/filelist.xml,http://cdo.keu.kz/content/22364/22203/itog.files/themedata.thmx,http://cdo.keu.kz/content/22364/22203/itog.htm,,,,,,,,,,,,,,,,,,,,
http://cdo.keu.kz/content/22365/22204/%e2%80%991.files/colorschememapping.xml,http://cdo.keu.kz/content/22365/22204/%e2%80%991.files/filelist.xml,http://cdo.keu.kz/content/22365/22204/%e2%80%991.files/themedata.thmx,http://cdo.keu.kz/content/22365/22204/%e2%80%991.htm,,,,,,,,,,,,,,,,,,,,
http://cdo.keu.kz/content/22366/22205/%e2%80%99%e2%80%991.files/colorschememapping.xml,http://cdo.keu.kz/content/22366/22205/%e2%80%99%e2%80%991.files/filelist.xml,http://cdo.keu.kz/content/22366/22205/%e2%80%99%e2%80%991.files/themedata.thmx,http://cdo.keu.kz/content/22366/22205/%e2%80%99%e2%80%991.htm,,,,,,,,,,,,,,,,,,,,
http://cdo.keu.kz/content/22367/22206/%e2%80%992.files/colorschememapping.xml,http://cdo.keu.kz/content/22367/22206/%e2%80%992.files/filelist.xml,http://cdo.keu.kz/content/22367/22206/%e2%80%992.files/themedata.thmx,http://cdo.keu.kz/content/22367/22206/%e2%80%992.htm,,,,,,,,,,,,,,,,,,,,
http://cdo.keu.kz/content/22368/22207/22207.htm,http://cdo.keu.kz/content/22368/22207/76407/76407.htm,http://cdo.keu.kz/content/22368/22207/76408/76408.htm,http://cdo.keu.kz/content/22368/22207/76409/76409.htm,http://cdo.keu.kz/content/22368/22207/76410/76410.htm,http://cdo.keu.kz/content/22368/22207/76411/76411.htm,http://cdo.keu.kz/content/22368/22207/76412/76412.htm,http://cdo.keu.kz/content/22368/22207/76413/76413.htm,http://cdo.keu.kz/content/22368/22207/76414/76414.htm,http://cdo.keu.kz/content/22368/22207/76415/76415.htm,http://cdo.keu.kz/content/22368/22207/76416/76416.htm,,,,,,,,,,,,,
http://cdo.keu.kz/content/22369/22208/q.htm,,,,,,,,,,,,,,,,,,,,,,,
http://cdo.keu.kz/content/22370/22209/%e2%80%993.files/colorschememapping.xml,http://cdo.keu.kz/content/22370/22209/%e2%80%993.files/filelist.xml,http://cdo.keu.kz/content/22370/22209/%e2%80%993.files/themedata.thmx,http://cdo.keu.kz/content/22370/22209/%e2%80%993.htm,,,,,,,,,,,,,,,,,,,,
http://cdo.keu.kz/content/22371/22210/%e2%80%994.files/colorschememapping.xml,http://cdo.keu.kz/content/22371/22210/%e2%80%994.files/filelist.xml,http://cdo.keu.kz/content/22371/22210/%e2%80%994.files/themedata.thmx,http://cdo.keu.kz/content/22371/22210/%e2%80%994.htm,,,,,,,,,,,,,,,,,,,,
http://cdo.keu.kz/content/22372/22211/%e2%80%994.files/colorschememapping.xml,http://cdo.keu.kz/content/22372/22211/%e2%80%994.files/filelist.xml,http://cdo.keu.kz/content/22372/22211/%e2%80%994.files/themedata.thmx,http://cdo.keu.kz/content/22372/22211/%e2%80%994.htm,,,,,,,,,,,,,,,,,,,,
http://cdo.keu.kz/content/22373/22212/1q.htm,,,,,,,,,,,,,,,,,,,,,,,
http://cdo.keu.kz/content/22374/22213/2q.htm,,,,,,,,,,,,,,,,,,,,,,,
http://cdo.keu.kz/content/22375/22214/3q.htm,,,,,,,,,,,,,,,,,,,,,,,
http://cdo.keu.kz/content/22376/22215/4q.htm,,,,,,,,,,,,,,,,,,,,,,,
http://cdo.keu.kz/content/22377/22216/t1.htm,,,,,,,,,,,,,,,,,,,,,,,
http://cdo.keu.kz/content/22378/22217/itog.files/colorschememapping.xml,http://cdo.keu.kz/content/22378/22217/itog.files/filelist.xml,http://cdo.keu.kz/content/22378/22217/itog.files/themedata.thmx,http://cdo.keu.kz/content/22378/22217/itog.htm,,,,,,,,,,,,,,,,,,,,
http://cdo.keu.kz/content/22379/22218/%e2%80%991.files/colorschememapping.xml,http://cdo.keu.kz/content/22379/22218/%e2%80%991.files/filelist.xml,http://cdo.keu.kz/content/22379/22218/%e2%80%991.files/themedata.thmx,http://cdo.keu.kz/content/22379/22218/%e2%80%991.htm,,,,,,,,,,,,,,,,,,,,
http://cdo.keu.kz/content/22380/22219/t1.htm,,,,,,,,,,,,,,,,,,,,,,,
http://cdo.keu.kz/content/22381/22220/%e2%80%992.files/colorschememapping.xml,http://cdo.keu.kz/content/22381/22220/%e2%80%992.files/filelist.xml,http://cdo.keu.kz/content/22381/22220/%e2%80%992.files/themedata.thmx,http://cdo.keu.kz/content/22381/22220/%e2%80%992.htm,,,,,,,,,,,,,,,,,,,,
http://cdo.keu.kz/content/22382/22221/%e2%80%993.files/colorschememapping.xml,http://cdo.keu.kz/content/22382/22221/%e2%80%993.files/filelist.xml,http://cdo.keu.kz/content/22382/22221/%e2%80%993.files/themedata.thmx,http://cdo.keu.kz/content/22382/22221/%e2%80%993.htm,,,,,,,,,,,,,,,,,,,,
http://cdo.keu.kz/content/22383/22222/%e2%80%994.files/colorschememapping.xml,http://cdo.keu.kz/content/22383/22222/%e2%80%994.files/filelist.xml,http://cdo.keu.kz/content/22383/22222/%e2%80%994.files/themedata.thmx,http://cdo.keu.kz/content/22383/22222/%e2%80%994.htm,,,,,,,,,,,,,,,,,,,,
http://cdo.keu.kz/content/22384/22223/t1.htm,,,,,,,,,,,,,,,,,,,,,,,
http://cdo.keu.kz/content/22385/22224/t1.htm,,,,,,,,,,,,,,,,,,,,,,,
http://cdo.keu.kz/content/22386/22225/itog.files/colorschememapping.xml,http://cdo.keu.kz/content/22386/22225/itog.files/filelist.xml,http://cdo.keu.kz/content/22386/22225/itog.files/themedata.thmx,http://cdo.keu.kz/content/22386/22225/itog.htm,,,,,,,,,,,,,,,,,,,,
http://cdo.keu.kz/content/22387/22226/tt22.htm,,,,,,,,,,,,,,,,,,,,,,,
http://cdo.keu.kz/content/22388/22227/%e2%80%991.files/colorschememapping.xml,http://cdo.keu.kz/content/22388/22227/%e2%80%991.files/filelist.xml,http://cdo.keu.kz/content/22388/22227/%e2%80%991.files/themedata.thmx,http://cdo.keu.kz/content/22388/22227/%e2%80%991.htm,,,,,,,,,,,,,,,,,,,,
http://cdo.keu.kz/content/22389/22228/%e2%80%992.files/colorschememapping.xml,http://cdo.keu.kz/content/22389/22228/%e2%80%992.files/filelist.xml,http://cdo.keu.kz/content/22389/22228/%e2%80%992.files/themedata.thmx,http://cdo.keu.kz/content/22389/22228/%e2%80%992.htm,,,,,,,,,,,,,,,,,,,,
http://cdo.keu.kz/content/22390/22229/%e2%80%993.files/colorschememapping.xml,http://cdo.keu.kz/content/22390/22229/%e2%80%993.files/filelist.xml,http://cdo.keu.kz/content/22390/22229/%e2%80%993.files/themedata.thmx,http://cdo.keu.kz/content/22390/22229/%e2%80%993.htm,,,,,,,,,,,,,,,,,,,,
http://cdo.keu.kz/content/22391/22230/%e2%80%994.files/colorschememapping.xml,http://cdo.keu.kz/content/22391/22230/%e2%80%994.files/filelist.xml,http://cdo.keu.kz/content/22391/22230/%e2%80%994.files/themedata.thmx,http://cdo.keu.kz/content/22391/22230/%e2%80%994.htm,,,,,,,,,,,,,,,,,,,,
http://cdo.keu.kz/content/22392/22231/q.htm,,,,,,,,,,,,,,,,,,,,,,,
http://cdo.keu.kz/content/22393/22232/1q.htm,,,,,,,,,,,,,,,,,,,,,,,
http://cdo.keu.kz/content/22394/22233/2q.htm,,,,,,,,,,,,,,,,,,,,,,,
http://cdo.keu.kz/content/22395/22234/q1.htm,,,,,,,,,,,,,,,,,,,,,,,
http://cdo.keu.kz/content/22396/22235/3q.htm,,,,,,,,,,,,,,,,,,,,,,,
http://cdo.keu.kz/content/22397/22236/q2.htm,,,,,,,,,,,,,,,,,,,,,,,
http://cdo.keu.kz/content/22398/22237/4q.htm,,,,,,,,,,,,,,,,,,,,,,,
http://cdo.keu.kz/content/22399/22238/3q.htm,,,,,,,,,,,,,,,,,,,,,,,
http://cdo.keu.kz/content/22400/22239/4q.htm,,,,,,,,,,,,,,,,,,,,,,,
