0,1,2,3,4,5,6,7,8,9,10,11,12,13,14,15,16,17,18,19,20,21,22,23,24,25,26,27,28,29,30,31,32,33,34,35,36,37,38,39,40,41,42,43,44,45,46,47,48,49,50,51,52,53,54,55,56,57,58,59,60,61,62,63,64,65,66,67,68,69,70,71,72,73,74,75,76,77,78,79,80,81,82,83,84,85,86,87,88,89,90,91,92,93,94,95,96,97,98,99,100,101,102,103,104,105,106
http://cdo.keu.kz/content/6801/6884/2.htm,,,,,,,,,,,,,,,,,,,,,,,,,,,,,,,,,,,,,,,,,,,,,,,,,,,,,,,,,,,,,,,,,,,,,,,,,,,,,,,,,,,,,,,,,,,,,,,,,,,,,,,,,,
http://cdo.keu.kz/content/6802/6885/2.htm,,,,,,,,,,,,,,,,,,,,,,,,,,,,,,,,,,,,,,,,,,,,,,,,,,,,,,,,,,,,,,,,,,,,,,,,,,,,,,,,,,,,,,,,,,,,,,,,,,,,,,,,,,
http://cdo.keu.kz/content/6803/6886/1rub16.09.2010.files/colorschememapping.xml,http://cdo.keu.kz/content/6803/6886/1rub16.09.2010.files/filelist.xml,http://cdo.keu.kz/content/6803/6886/1rub16.09.2010.files/themedata.thmx,http://cdo.keu.kz/content/6803/6886/1rub16.09.2010.htm,,,,,,,,,,,,,,,,,,,,,,,,,,,,,,,,,,,,,,,,,,,,,,,,,,,,,,,,,,,,,,,,,,,,,,,,,,,,,,,,,,,,,,,,,,,,,,,,,,,,,,,
http://cdo.keu.kz/content/6804/6887/2rub16.09.2010.files/colorschememapping.xml,http://cdo.keu.kz/content/6804/6887/2rub16.09.2010.files/filelist.xml,http://cdo.keu.kz/content/6804/6887/2rub16.09.2010.files/themedata.thmx,http://cdo.keu.kz/content/6804/6887/2rub16.09.2010.htm,,,,,,,,,,,,,,,,,,,,,,,,,,,,,,,,,,,,,,,,,,,,,,,,,,,,,,,,,,,,,,,,,,,,,,,,,,,,,,,,,,,,,,,,,,,,,,,,,,,,,,,
http://cdo.keu.kz/content/6805/6888/itog16.09.2010.files/colorschememapping.xml,http://cdo.keu.kz/content/6805/6888/itog16.09.2010.files/filelist.xml,http://cdo.keu.kz/content/6805/6888/itog16.09.2010.files/themedata.thmx,http://cdo.keu.kz/content/6805/6888/itog16.09.2010.htm,,,,,,,,,,,,,,,,,,,,,,,,,,,,,,,,,,,,,,,,,,,,,,,,,,,,,,,,,,,,,,,,,,,,,,,,,,,,,,,,,,,,,,,,,,,,,,,,,,,,,,,
http://cdo.keu.kz/content/6806/6889/20523/20523.htm,http://cdo.keu.kz/content/6806/6889/20524/20524.htm,http://cdo.keu.kz/content/6806/6889/20525/20525.htm,http://cdo.keu.kz/content/6806/6889/20526/20526.htm,http://cdo.keu.kz/content/6806/6889/20527/20527.htm,http://cdo.keu.kz/content/6806/6889/20528/20528.htm,http://cdo.keu.kz/content/6806/6889/20529/20529.htm,http://cdo.keu.kz/content/6806/6889/20530/20530.htm,http://cdo.keu.kz/content/6806/6889/20531/20531.htm,http://cdo.keu.kz/content/6806/6889/20532/20532.htm,http://cdo.keu.kz/content/6806/6889/20533/20533.htm,http://cdo.keu.kz/content/6806/6889/20534/20534.htm,http://cdo.keu.kz/content/6806/6889/20535/20535.htm,http://cdo.keu.kz/content/6806/6889/6889.htm,http://cdo.keu.kz/content/6806/6889/lek16.09.2010.files/image001.gif,http://cdo.keu.kz/content/6806/6889/lek16.09.2010.files/image002.gif,http://cdo.keu.kz/content/6806/6889/lek16.09.2010.files/image003.gif,http://cdo.keu.kz/content/6806/6889/lek16.09.2010.files/image004.gif,http://cdo.keu.kz/content/6806/6889/lek16.09.2010.files/image005.gif,http://cdo.keu.kz/content/6806/6889/lek16.09.2010.files/image006.gif,http://cdo.keu.kz/content/6806/6889/lek16.09.2010.files/image007.gif,http://cdo.keu.kz/content/6806/6889/lek16.09.2010.files/image008.gif,http://cdo.keu.kz/content/6806/6889/lek16.09.2010.files/image009.gif,http://cdo.keu.kz/content/6806/6889/lek16.09.2010.files/image010.gif,http://cdo.keu.kz/content/6806/6889/lek16.09.2010.files/image011.gif,http://cdo.keu.kz/content/6806/6889/lek16.09.2010.files/image012.gif,http://cdo.keu.kz/content/6806/6889/lek16.09.2010.files/image013.gif,http://cdo.keu.kz/content/6806/6889/lek16.09.2010.files/image014.gif,http://cdo.keu.kz/content/6806/6889/lek16.09.2010.files/image015.gif,http://cdo.keu.kz/content/6806/6889/lek16.09.2010.files/image016.gif,http://cdo.keu.kz/content/6806/6889/lek16.09.2010.files/image017.gif,http://cdo.keu.kz/content/6806/6889/lek16.09.2010.files/image018.gif,http://cdo.keu.kz/content/6806/6889/lek16.09.2010.files/image019.gif,http://cdo.keu.kz/content/6806/6889/lek16.09.2010.files/image020.gif,http://cdo.keu.kz/content/6806/6889/lek16.09.2010.files/image021.gif,http://cdo.keu.kz/content/6806/6889/lek16.09.2010.files/image022.gif,http://cdo.keu.kz/content/6806/6889/lek16.09.2010.files/image023.gif,http://cdo.keu.kz/content/6806/6889/lek16.09.2010.files/image024.gif,http://cdo.keu.kz/content/6806/6889/lek16.09.2010.files/image025.gif,http://cdo.keu.kz/content/6806/6889/lek16.09.2010.files/image026.gif,http://cdo.keu.kz/content/6806/6889/lek16.09.2010.files/image027.gif,http://cdo.keu.kz/content/6806/6889/lek16.09.2010.files/image028.gif,http://cdo.keu.kz/content/6806/6889/lek16.09.2010.files/image029.gif,http://cdo.keu.kz/content/6806/6889/lek16.09.2010.files/image030.gif,http://cdo.keu.kz/content/6806/6889/lek16.09.2010.files/image031.gif,http://cdo.keu.kz/content/6806/6889/lek16.09.2010.files/image032.gif,http://cdo.keu.kz/content/6806/6889/lek16.09.2010.files/image033.gif,http://cdo.keu.kz/content/6806/6889/lek16.09.2010.files/image034.gif,http://cdo.keu.kz/content/6806/6889/lek16.09.2010.files/image035.gif,http://cdo.keu.kz/content/6806/6889/lek16.09.2010.files/image036.gif,http://cdo.keu.kz/content/6806/6889/lek16.09.2010.files/image037.gif,http://cdo.keu.kz/content/6806/6889/lek16.09.2010.files/image038.gif,http://cdo.keu.kz/content/6806/6889/lek16.09.2010.files/image039.gif,http://cdo.keu.kz/content/6806/6889/lek16.09.2010.files/image040.gif,http://cdo.keu.kz/content/6806/6889/lek16.09.2010.files/image041.gif,http://cdo.keu.kz/content/6806/6889/lek16.09.2010.files/image042.gif,http://cdo.keu.kz/content/6806/6889/lek16.09.2010.files/image043.gif,http://cdo.keu.kz/content/6806/6889/lek16.09.2010.files/image044.gif,http://cdo.keu.kz/content/6806/6889/lek16.09.2010.files/image045.jpg,http://cdo.keu.kz/content/6806/6889/lek16.09.2010.files/image046.gif,http://cdo.keu.kz/content/6806/6889/lek16.09.2010.files/image047.gif,http://cdo.keu.kz/content/6806/6889/lek16.09.2010.files/image048.gif,http://cdo.keu.kz/content/6806/6889/lek16.09.2010.files/image049.gif,http://cdo.keu.kz/content/6806/6889/lek16.09.2010.files/image050.gif,http://cdo.keu.kz/content/6806/6889/lek16.09.2010.files/image051.gif,http://cdo.keu.kz/content/6806/6889/lek16.09.2010.files/image052.gif,http://cdo.keu.kz/content/6806/6889/lek16.09.2010.files/image053.gif,http://cdo.keu.kz/content/6806/6889/lek16.09.2010.files/image054.gif,http://cdo.keu.kz/content/6806/6889/lek16.09.2010.files/image055.gif,http://cdo.keu.kz/content/6806/6889/lek16.09.2010.files/image056.gif,http://cdo.keu.kz/content/6806/6889/lek16.09.2010.files/image057.gif,http://cdo.keu.kz/content/6806/6889/lek16.09.2010.files/image058.gif,http://cdo.keu.kz/content/6806/6889/lek16.09.2010.files/image059.gif,,,,,,,,,,,,,,,,,,,,,,,,,,,,,,,,,,
http://cdo.keu.kz/content/6807/6890/1rub.htm,,,,,,,,,,,,,,,,,,,,,,,,,,,,,,,,,,,,,,,,,,,,,,,,,,,,,,,,,,,,,,,,,,,,,,,,,,,,,,,,,,,,,,,,,,,,,,,,,,,,,,,,,,
http://cdo.keu.kz/content/6808/6891/q.htm,,,,,,,,,,,,,,,,,,,,,,,,,,,,,,,,,,,,,,,,,,,,,,,,,,,,,,,,,,,,,,,,,,,,,,,,,,,,,,,,,,,,,,,,,,,,,,,,,,,,,,,,,,
http://cdo.keu.kz/content/6809/6892/1rub16.09.2010.files/colorschememapping.xml,http://cdo.keu.kz/content/6809/6892/1rub16.09.2010.files/filelist.xml,http://cdo.keu.kz/content/6809/6892/1rub16.09.2010.files/themedata.thmx,http://cdo.keu.kz/content/6809/6892/1rub16.09.2010.htm,,,,,,,,,,,,,,,,,,,,,,,,,,,,,,,,,,,,,,,,,,,,,,,,,,,,,,,,,,,,,,,,,,,,,,,,,,,,,,,,,,,,,,,,,,,,,,,,,,,,,,,
http://cdo.keu.kz/content/6810/6893/2rub16.09.2010.files/colorschememapping.xml,http://cdo.keu.kz/content/6810/6893/2rub16.09.2010.files/filelist.xml,http://cdo.keu.kz/content/6810/6893/2rub16.09.2010.files/themedata.thmx,http://cdo.keu.kz/content/6810/6893/2rub16.09.2010.htm,,,,,,,,,,,,,,,,,,,,,,,,,,,,,,,,,,,,,,,,,,,,,,,,,,,,,,,,,,,,,,,,,,,,,,,,,,,,,,,,,,,,,,,,,,,,,,,,,,,,,,,
http://cdo.keu.kz/content/6811/6894/itog16.09.2010.files/colorschememapping.xml,http://cdo.keu.kz/content/6811/6894/itog16.09.2010.files/filelist.xml,http://cdo.keu.kz/content/6811/6894/itog16.09.2010.files/item0001.xml,http://cdo.keu.kz/content/6811/6894/itog16.09.2010.files/props0002.xml,http://cdo.keu.kz/content/6811/6894/itog16.09.2010.files/themedata.thmx,http://cdo.keu.kz/content/6811/6894/itog16.09.2010.htm,,,,,,,,,,,,,,,,,,,,,,,,,,,,,,,,,,,,,,,,,,,,,,,,,,,,,,,,,,,,,,,,,,,,,,,,,,,,,,,,,,,,,,,,,,,,,,,,,,,,,
http://cdo.keu.kz/content/6812/6895/2rub.htm,,,,,,,,,,,,,,,,,,,,,,,,,,,,,,,,,,,,,,,,,,,,,,,,,,,,,,,,,,,,,,,,,,,,,,,,,,,,,,,,,,,,,,,,,,,,,,,,,,,,,,,,,,
http://cdo.keu.kz/content/6813/6896/itog.htm,,,,,,,,,,,,,,,,,,,,,,,,,,,,,,,,,,,,,,,,,,,,,,,,,,,,,,,,,,,,,,,,,,,,,,,,,,,,,,,,,,,,,,,,,,,,,,,,,,,,,,,,,,
http://cdo.keu.kz/content/6814/6897/20536/20536.htm,http://cdo.keu.kz/content/6814/6897/20537/20537.htm,http://cdo.keu.kz/content/6814/6897/20538/20538.htm,http://cdo.keu.kz/content/6814/6897/20539/20539.htm,http://cdo.keu.kz/content/6814/6897/20540/20540.htm,http://cdo.keu.kz/content/6814/6897/20541/20541.htm,http://cdo.keu.kz/content/6814/6897/20542/20542.htm,http://cdo.keu.kz/content/6814/6897/20543/20543.htm,http://cdo.keu.kz/content/6814/6897/20544/20544.htm,http://cdo.keu.kz/content/6814/6897/20545/20545.htm,http://cdo.keu.kz/content/6814/6897/20549/8.htm,http://cdo.keu.kz/content/6814/6897/6897.htm,http://cdo.keu.kz/content/6814/6897/lek.files/image001.gif,http://cdo.keu.kz/content/6814/6897/lek.files/image002.gif,http://cdo.keu.kz/content/6814/6897/lek.files/image003.gif,http://cdo.keu.kz/content/6814/6897/lek.files/image004.gif,http://cdo.keu.kz/content/6814/6897/lek.files/image005.gif,http://cdo.keu.kz/content/6814/6897/lek.files/image006.gif,http://cdo.keu.kz/content/6814/6897/lek.files/image007.gif,http://cdo.keu.kz/content/6814/6897/lek.files/image008.gif,http://cdo.keu.kz/content/6814/6897/lek.files/image009.gif,http://cdo.keu.kz/content/6814/6897/lek.files/image010.gif,http://cdo.keu.kz/content/6814/6897/lek.files/image011.gif,http://cdo.keu.kz/content/6814/6897/lek.files/image012.gif,http://cdo.keu.kz/content/6814/6897/lek.files/image013.jpg,,,,,,,,,,,,,,,,,,,,,,,,,,,,,,,,,,,,,,,,,,,,,,,,,,,,,,,,,,,,,,,,,,,,,,,,,,,,,,,,,,
http://cdo.keu.kz/content/6815/6898/20546/20546.htm,http://cdo.keu.kz/content/6815/6898/20547/20547.htm,http://cdo.keu.kz/content/6815/6898/20548/20548.htm,http://cdo.keu.kz/content/6815/6898/20550/20550.htm,http://cdo.keu.kz/content/6815/6898/20551/20551.htm,http://cdo.keu.kz/content/6815/6898/20552/20552.htm,http://cdo.keu.kz/content/6815/6898/20553/20553.htm,http://cdo.keu.kz/content/6815/6898/20554/20554.htm,http://cdo.keu.kz/content/6815/6898/20555/20555.htm,http://cdo.keu.kz/content/6815/6898/6898.htm,http://cdo.keu.kz/content/6815/6898/lek.files/image001.gif,http://cdo.keu.kz/content/6815/6898/lek.files/image002.gif,http://cdo.keu.kz/content/6815/6898/lek.files/image003.gif,http://cdo.keu.kz/content/6815/6898/lek.files/image004.gif,http://cdo.keu.kz/content/6815/6898/lek.files/image005.gif,http://cdo.keu.kz/content/6815/6898/lek.files/image006.gif,http://cdo.keu.kz/content/6815/6898/lek.files/image007.gif,http://cdo.keu.kz/content/6815/6898/lek.files/image008.gif,http://cdo.keu.kz/content/6815/6898/lek.files/image009.gif,http://cdo.keu.kz/content/6815/6898/lek.files/image010.gif,http://cdo.keu.kz/content/6815/6898/lek.files/image011.gif,http://cdo.keu.kz/content/6815/6898/lek.files/image012.gif,http://cdo.keu.kz/content/6815/6898/lek.files/image013.gif,http://cdo.keu.kz/content/6815/6898/lek.files/image014.gif,http://cdo.keu.kz/content/6815/6898/lek.files/image015.jpg,http://cdo.keu.kz/content/6815/6898/lek.files/image016.gif,http://cdo.keu.kz/content/6815/6898/lek.files/image017.gif,http://cdo.keu.kz/content/6815/6898/lek.files/image018.gif,http://cdo.keu.kz/content/6815/6898/lek.files/image019.gif,http://cdo.keu.kz/content/6815/6898/lek.files/image020.gif,http://cdo.keu.kz/content/6815/6898/lek.files/image021.gif,http://cdo.keu.kz/content/6815/6898/lek.files/image022.gif,http://cdo.keu.kz/content/6815/6898/lek.files/image023.jpg,http://cdo.keu.kz/content/6815/6898/lek.files/image024.jpg,http://cdo.keu.kz/content/6815/6898/lek.files/image025.jpg,http://cdo.keu.kz/content/6815/6898/lek.files/image026.jpg,http://cdo.keu.kz/content/6815/6898/lek.files/image027.jpg,http://cdo.keu.kz/content/6815/6898/lek.files/image028.jpg,http://cdo.keu.kz/content/6815/6898/lek.files/image029.jpg,http://cdo.keu.kz/content/6815/6898/lek.files/image030.jpg,http://cdo.keu.kz/content/6815/6898/lek.files/image031.jpg,http://cdo.keu.kz/content/6815/6898/lek.files/image032.jpg,http://cdo.keu.kz/content/6815/6898/lek.files/image033.gif,http://cdo.keu.kz/content/6815/6898/lek.files/image034.gif,http://cdo.keu.kz/content/6815/6898/lek.files/image035.gif,http://cdo.keu.kz/content/6815/6898/lek.files/image036.jpg,http://cdo.keu.kz/content/6815/6898/lek.files/image037.gif,http://cdo.keu.kz/content/6815/6898/lek.files/image038.gif,http://cdo.keu.kz/content/6815/6898/lek.files/image039.gif,http://cdo.keu.kz/content/6815/6898/lek.files/image040.gif,http://cdo.keu.kz/content/6815/6898/lek.files/image041.gif,http://cdo.keu.kz/content/6815/6898/lek.files/image042.gif,http://cdo.keu.kz/content/6815/6898/lek.files/image043.gif,http://cdo.keu.kz/content/6815/6898/lek.files/image044.gif,http://cdo.keu.kz/content/6815/6898/lek.files/image045.gif,http://cdo.keu.kz/content/6815/6898/lek.files/image046.gif,http://cdo.keu.kz/content/6815/6898/lek.files/image047.gif,http://cdo.keu.kz/content/6815/6898/lek.files/image048.jpg,http://cdo.keu.kz/content/6815/6898/lek.files/image049.jpg,http://cdo.keu.kz/content/6815/6898/lek.files/image050.jpg,http://cdo.keu.kz/content/6815/6898/lek.files/image051.jpg,http://cdo.keu.kz/content/6815/6898/lek.files/image052.jpg,http://cdo.keu.kz/content/6815/6898/lek.files/image053.jpg,http://cdo.keu.kz/content/6815/6898/lek.files/image054.jpg,http://cdo.keu.kz/content/6815/6898/lek.files/image055.jpg,http://cdo.keu.kz/content/6815/6898/lek.files/image056.jpg,http://cdo.keu.kz/content/6815/6898/lek.files/image057.gif,http://cdo.keu.kz/content/6815/6898/lek.files/image058.gif,http://cdo.keu.kz/content/6815/6898/lek.files/image059.jpg,http://cdo.keu.kz/content/6815/6898/lek.files/image060.gif,http://cdo.keu.kz/content/6815/6898/lek.files/image061.gif,http://cdo.keu.kz/content/6815/6898/lek.files/image062.gif,http://cdo.keu.kz/content/6815/6898/lek.files/image063.gif,http://cdo.keu.kz/content/6815/6898/lek.files/image064.gif,http://cdo.keu.kz/content/6815/6898/lek.files/image065.gif,http://cdo.keu.kz/content/6815/6898/lek.files/image066.gif,http://cdo.keu.kz/content/6815/6898/lek.files/image067.gif,http://cdo.keu.kz/content/6815/6898/lek.files/image068.gif,http://cdo.keu.kz/content/6815/6898/lek.files/image069.gif,http://cdo.keu.kz/content/6815/6898/lek.files/image070.gif,http://cdo.keu.kz/content/6815/6898/lek.files/image071.gif,http://cdo.keu.kz/content/6815/6898/lek.files/image072.gif,http://cdo.keu.kz/content/6815/6898/lek.files/image073.gif,http://cdo.keu.kz/content/6815/6898/lek.files/image074.gif,http://cdo.keu.kz/content/6815/6898/lek.files/image075.gif,http://cdo.keu.kz/content/6815/6898/lek.files/image076.gif,http://cdo.keu.kz/content/6815/6898/lek.files/image077.gif,http://cdo.keu.kz/content/6815/6898/lek.files/image078.gif,http://cdo.keu.kz/content/6815/6898/lek.files/image079.gif,http://cdo.keu.kz/content/6815/6898/lek.files/image080.gif,http://cdo.keu.kz/content/6815/6898/lek.files/image081.gif,http://cdo.keu.kz/content/6815/6898/lek.files/image082.gif,http://cdo.keu.kz/content/6815/6898/lek.files/image083.gif,http://cdo.keu.kz/content/6815/6898/lek.files/image084.gif,http://cdo.keu.kz/content/6815/6898/lek.files/image085.gif,http://cdo.keu.kz/content/6815/6898/lek.files/image086.gif,http://cdo.keu.kz/content/6815/6898/lek.files/image087.gif,http://cdo.keu.kz/content/6815/6898/lek.files/image088.gif,http://cdo.keu.kz/content/6815/6898/lek.files/image089.gif,http://cdo.keu.kz/content/6815/6898/lek.files/image090.gif,http://cdo.keu.kz/content/6815/6898/lek.files/image091.gif,http://cdo.keu.kz/content/6815/6898/lek.files/image092.gif,http://cdo.keu.kz/content/6815/6898/lek.files/image093.gif,http://cdo.keu.kz/content/6815/6898/lek.files/image094.gif,http://cdo.keu.kz/content/6815/6898/lek.files/image095.gif,http://cdo.keu.kz/content/6815/6898/lek.files/image096.jpg,http://cdo.keu.kz/content/6815/6898/lek.files/image097.jpg
http://cdo.keu.kz/content/6816/6899/20556/20556.htm,http://cdo.keu.kz/content/6816/6899/20557/20557.htm,http://cdo.keu.kz/content/6816/6899/20558/20558.htm,http://cdo.keu.kz/content/6816/6899/20559/20559.htm,http://cdo.keu.kz/content/6816/6899/20560/20560.htm,http://cdo.keu.kz/content/6816/6899/20561/20561.htm,http://cdo.keu.kz/content/6816/6899/20562/20562.htm,http://cdo.keu.kz/content/6816/6899/20563/20563.htm,http://cdo.keu.kz/content/6816/6899/20564/20564.htm,http://cdo.keu.kz/content/6816/6899/20565/20565.htm,http://cdo.keu.kz/content/6816/6899/6899.htm,http://cdo.keu.kz/content/6816/6899/lek.files/image001.gif,http://cdo.keu.kz/content/6816/6899/lek.files/image002.gif,http://cdo.keu.kz/content/6816/6899/lek.files/image003.gif,http://cdo.keu.kz/content/6816/6899/lek.files/image004.gif,http://cdo.keu.kz/content/6816/6899/lek.files/image005.gif,http://cdo.keu.kz/content/6816/6899/lek.files/image006.gif,http://cdo.keu.kz/content/6816/6899/lek.files/image007.gif,http://cdo.keu.kz/content/6816/6899/lek.files/image008.gif,http://cdo.keu.kz/content/6816/6899/lek.files/image009.gif,http://cdo.keu.kz/content/6816/6899/lek.files/image010.gif,http://cdo.keu.kz/content/6816/6899/lek.files/image011.gif,http://cdo.keu.kz/content/6816/6899/lek.files/image012.gif,http://cdo.keu.kz/content/6816/6899/lek.files/image013.jpg,,,,,,,,,,,,,,,,,,,,,,,,,,,,,,,,,,,,,,,,,,,,,,,,,,,,,,,,,,,,,,,,,,,,,,,,,,,,,,,,,,,
http://cdo.keu.kz/content/6817/6900/20566/20566.htm,http://cdo.keu.kz/content/6817/6900/20567/20567.htm,http://cdo.keu.kz/content/6817/6900/20568/20568.htm,http://cdo.keu.kz/content/6817/6900/20569/20569.htm,http://cdo.keu.kz/content/6817/6900/20570/20570.htm,http://cdo.keu.kz/content/6817/6900/20571/20571.htm,http://cdo.keu.kz/content/6817/6900/20572/20572.htm,http://cdo.keu.kz/content/6817/6900/20573/20573.htm,http://cdo.keu.kz/content/6817/6900/20574/20574.htm,http://cdo.keu.kz/content/6817/6900/6900.htm,http://cdo.keu.kz/content/6817/6900/lek.files/image001.gif,http://cdo.keu.kz/content/6817/6900/lek.files/image002.gif,http://cdo.keu.kz/content/6817/6900/lek.files/image003.gif,http://cdo.keu.kz/content/6817/6900/lek.files/image004.gif,http://cdo.keu.kz/content/6817/6900/lek.files/image005.gif,http://cdo.keu.kz/content/6817/6900/lek.files/image006.gif,http://cdo.keu.kz/content/6817/6900/lek.files/image007.gif,http://cdo.keu.kz/content/6817/6900/lek.files/image008.gif,http://cdo.keu.kz/content/6817/6900/lek.files/image009.gif,http://cdo.keu.kz/content/6817/6900/lek.files/image010.gif,http://cdo.keu.kz/content/6817/6900/lek.files/image011.gif,http://cdo.keu.kz/content/6817/6900/lek.files/image012.gif,http://cdo.keu.kz/content/6817/6900/lek.files/image013.gif,http://cdo.keu.kz/content/6817/6900/lek.files/image014.gif,http://cdo.keu.kz/content/6817/6900/lek.files/image015.jpg,http://cdo.keu.kz/content/6817/6900/lek.files/image016.gif,http://cdo.keu.kz/content/6817/6900/lek.files/image017.gif,http://cdo.keu.kz/content/6817/6900/lek.files/image018.gif,http://cdo.keu.kz/content/6817/6900/lek.files/image019.gif,http://cdo.keu.kz/content/6817/6900/lek.files/image020.gif,http://cdo.keu.kz/content/6817/6900/lek.files/image021.gif,http://cdo.keu.kz/content/6817/6900/lek.files/image022.gif,http://cdo.keu.kz/content/6817/6900/lek.files/image023.jpg,http://cdo.keu.kz/content/6817/6900/lek.files/image024.jpg,http://cdo.keu.kz/content/6817/6900/lek.files/image025.jpg,http://cdo.keu.kz/content/6817/6900/lek.files/image026.jpg,http://cdo.keu.kz/content/6817/6900/lek.files/image027.jpg,http://cdo.keu.kz/content/6817/6900/lek.files/image028.jpg,http://cdo.keu.kz/content/6817/6900/lek.files/image029.jpg,http://cdo.keu.kz/content/6817/6900/lek.files/image030.jpg,http://cdo.keu.kz/content/6817/6900/lek.files/image031.jpg,http://cdo.keu.kz/content/6817/6900/lek.files/image032.jpg,http://cdo.keu.kz/content/6817/6900/lek.files/image033.gif,http://cdo.keu.kz/content/6817/6900/lek.files/image034.gif,http://cdo.keu.kz/content/6817/6900/lek.files/image035.gif,http://cdo.keu.kz/content/6817/6900/lek.files/image036.jpg,http://cdo.keu.kz/content/6817/6900/lek.files/image037.gif,http://cdo.keu.kz/content/6817/6900/lek.files/image038.gif,http://cdo.keu.kz/content/6817/6900/lek.files/image039.gif,http://cdo.keu.kz/content/6817/6900/lek.files/image040.gif,http://cdo.keu.kz/content/6817/6900/lek.files/image041.gif,http://cdo.keu.kz/content/6817/6900/lek.files/image042.gif,http://cdo.keu.kz/content/6817/6900/lek.files/image043.gif,http://cdo.keu.kz/content/6817/6900/lek.files/image044.gif,http://cdo.keu.kz/content/6817/6900/lek.files/image045.gif,http://cdo.keu.kz/content/6817/6900/lek.files/image046.gif,http://cdo.keu.kz/content/6817/6900/lek.files/image047.gif,http://cdo.keu.kz/content/6817/6900/lek.files/image048.jpg,http://cdo.keu.kz/content/6817/6900/lek.files/image049.jpg,http://cdo.keu.kz/content/6817/6900/lek.files/image050.jpg,http://cdo.keu.kz/content/6817/6900/lek.files/image051.jpg,http://cdo.keu.kz/content/6817/6900/lek.files/image052.jpg,http://cdo.keu.kz/content/6817/6900/lek.files/image053.jpg,http://cdo.keu.kz/content/6817/6900/lek.files/image054.jpg,http://cdo.keu.kz/content/6817/6900/lek.files/image055.jpg,http://cdo.keu.kz/content/6817/6900/lek.files/image056.jpg,http://cdo.keu.kz/content/6817/6900/lek.files/image057.gif,http://cdo.keu.kz/content/6817/6900/lek.files/image058.gif,http://cdo.keu.kz/content/6817/6900/lek.files/image059.jpg,http://cdo.keu.kz/content/6817/6900/lek.files/image060.gif,http://cdo.keu.kz/content/6817/6900/lek.files/image061.gif,http://cdo.keu.kz/content/6817/6900/lek.files/image062.gif,http://cdo.keu.kz/content/6817/6900/lek.files/image063.gif,http://cdo.keu.kz/content/6817/6900/lek.files/image064.gif,http://cdo.keu.kz/content/6817/6900/lek.files/image065.gif,http://cdo.keu.kz/content/6817/6900/lek.files/image066.gif,http://cdo.keu.kz/content/6817/6900/lek.files/image067.gif,http://cdo.keu.kz/content/6817/6900/lek.files/image068.gif,http://cdo.keu.kz/content/6817/6900/lek.files/image069.gif,http://cdo.keu.kz/content/6817/6900/lek.files/image070.gif,http://cdo.keu.kz/content/6817/6900/lek.files/image071.gif,http://cdo.keu.kz/content/6817/6900/lek.files/image072.gif,http://cdo.keu.kz/content/6817/6900/lek.files/image073.gif,http://cdo.keu.kz/content/6817/6900/lek.files/image074.gif,http://cdo.keu.kz/content/6817/6900/lek.files/image075.gif,http://cdo.keu.kz/content/6817/6900/lek.files/image076.gif,http://cdo.keu.kz/content/6817/6900/lek.files/image077.gif,http://cdo.keu.kz/content/6817/6900/lek.files/image078.gif,http://cdo.keu.kz/content/6817/6900/lek.files/image079.gif,http://cdo.keu.kz/content/6817/6900/lek.files/image080.gif,http://cdo.keu.kz/content/6817/6900/lek.files/image081.gif,http://cdo.keu.kz/content/6817/6900/lek.files/image082.gif,http://cdo.keu.kz/content/6817/6900/lek.files/image083.gif,http://cdo.keu.kz/content/6817/6900/lek.files/image084.gif,http://cdo.keu.kz/content/6817/6900/lek.files/image085.gif,http://cdo.keu.kz/content/6817/6900/lek.files/image086.gif,http://cdo.keu.kz/content/6817/6900/lek.files/image087.gif,http://cdo.keu.kz/content/6817/6900/lek.files/image088.gif,http://cdo.keu.kz/content/6817/6900/lek.files/image089.gif,http://cdo.keu.kz/content/6817/6900/lek.files/image090.gif,http://cdo.keu.kz/content/6817/6900/lek.files/image091.gif,http://cdo.keu.kz/content/6817/6900/lek.files/image092.gif,http://cdo.keu.kz/content/6817/6900/lek.files/image093.gif,http://cdo.keu.kz/content/6817/6900/lek.files/image094.gif,http://cdo.keu.kz/content/6817/6900/lek.files/image095.gif,http://cdo.keu.kz/content/6817/6900/lek.files/image096.jpg,http://cdo.keu.kz/content/6817/6900/lek.files/image097.jpg
http://cdo.keu.kz/content/6818/6901/6901.htm,http://cdo.keu.kz/content/6818/6901/lek.files/image001.jpg,http://cdo.keu.kz/content/6818/6901/lek.files/image002.jpg,http://cdo.keu.kz/content/6818/6901/lek.files/image003.gif,http://cdo.keu.kz/content/6818/6901/lek.files/image004.gif,http://cdo.keu.kz/content/6818/6901/lek.files/image005.gif,http://cdo.keu.kz/content/6818/6901/lek.files/image006.gif,http://cdo.keu.kz/content/6818/6901/lek.files/image007.gif,http://cdo.keu.kz/content/6818/6901/lek.files/image008.gif,http://cdo.keu.kz/content/6818/6901/lek.files/image009.gif,http://cdo.keu.kz/content/6818/6901/lek.files/image010.gif,http://cdo.keu.kz/content/6818/6901/lek.files/image011.gif,http://cdo.keu.kz/content/6818/6901/lek.htm,,,,,,,,,,,,,,,,,,,,,,,,,,,,,,,,,,,,,,,,,,,,,,,,,,,,,,,,,,,,,,,,,,,,,,,,,,,,,,,,,,,,,,,,,,,,,,
http://cdo.keu.kz/content/6819/6902/20575/20575.htm,http://cdo.keu.kz/content/6819/6902/20576/20576.htm,http://cdo.keu.kz/content/6819/6902/20577/20577.htm,http://cdo.keu.kz/content/6819/6902/20578/20578.htm,http://cdo.keu.kz/content/6819/6902/20579/20579.htm,http://cdo.keu.kz/content/6819/6902/20580/20580.htm,http://cdo.keu.kz/content/6819/6902/20581/20581.htm,http://cdo.keu.kz/content/6819/6902/6902.htm,http://cdo.keu.kz/content/6819/6902/lek16.09.2010.files/image001.gif,http://cdo.keu.kz/content/6819/6902/lek16.09.2010.files/image002.gif,http://cdo.keu.kz/content/6819/6902/lek16.09.2010.files/image003.gif,,,,,,,,,,,,,,,,,,,,,,,,,,,,,,,,,,,,,,,,,,,,,,,,,,,,,,,,,,,,,,,,,,,,,,,,,,,,,,,,,,,,,,,,,,,,,,,,
http://cdo.keu.kz/content/6820/6903/6903.htm,http://cdo.keu.kz/content/6820/6903/lek.files/filelist.xml,http://cdo.keu.kz/content/6820/6903/lek.files/image001.png,http://cdo.keu.kz/content/6820/6903/lek.files/image002.jpg,http://cdo.keu.kz/content/6820/6903/lek.files/image003.png,http://cdo.keu.kz/content/6820/6903/lek.files/image004.jpg,http://cdo.keu.kz/content/6820/6903/lek.files/image005.gif,http://cdo.keu.kz/content/6820/6903/lek.files/image006.gif,http://cdo.keu.kz/content/6820/6903/lek.files/image007.gif,http://cdo.keu.kz/content/6820/6903/lek.files/image008.gif,http://cdo.keu.kz/content/6820/6903/lek.files/image009.wmz,http://cdo.keu.kz/content/6820/6903/lek.files/image010.gif,http://cdo.keu.kz/content/6820/6903/lek.files/image011.wmz,http://cdo.keu.kz/content/6820/6903/lek.files/image012.gif,http://cdo.keu.kz/content/6820/6903/lek.files/image013.wmz,http://cdo.keu.kz/content/6820/6903/lek.files/image014.gif,http://cdo.keu.kz/content/6820/6903/lek.files/image015.wmz,http://cdo.keu.kz/content/6820/6903/lek.files/image016.gif,http://cdo.keu.kz/content/6820/6903/lek.files/image017.wmz,http://cdo.keu.kz/content/6820/6903/lek.files/image018.gif,http://cdo.keu.kz/content/6820/6903/lek.files/oledata.mso,http://cdo.keu.kz/content/6820/6903/lek.htm,,,,,,,,,,,,,,,,,,,,,,,,,,,,,,,,,,,,,,,,,,,,,,,,,,,,,,,,,,,,,,,,,,,,,,,,,,,,,,,,,,,,,
http://cdo.keu.kz/content/6821/6904/1.htm,,,,,,,,,,,,,,,,,,,,,,,,,,,,,,,,,,,,,,,,,,,,,,,,,,,,,,,,,,,,,,,,,,,,,,,,,,,,,,,,,,,,,,,,,,,,,,,,,,,,,,,,,,
http://cdo.keu.kz/content/6822/6905/R1.htm,,,,,,,,,,,,,,,,,,,,,,,,,,,,,,,,,,,,,,,,,,,,,,,,,,,,,,,,,,,,,,,,,,,,,,,,,,,,,,,,,,,,,,,,,,,,,,,,,,,,,,,,,,
http://cdo.keu.kz/content/6823/6906/R2.htm,,,,,,,,,,,,,,,,,,,,,,,,,,,,,,,,,,,,,,,,,,,,,,,,,,,,,,,,,,,,,,,,,,,,,,,,,,,,,,,,,,,,,,,,,,,,,,,,,,,,,,,,,,
http://cdo.keu.kz/content/6824/6907/itog.htm,,,,,,,,,,,,,,,,,,,,,,,,,,,,,,,,,,,,,,,,,,,,,,,,,,,,,,,,,,,,,,,,,,,,,,,,,,,,,,,,,,,,,,,,,,,,,,,,,,,,,,,,,,
http://cdo.keu.kz/content/6825/6908/2.htm,,,,,,,,,,,,,,,,,,,,,,,,,,,,,,,,,,,,,,,,,,,,,,,,,,,,,,,,,,,,,,,,,,,,,,,,,,,,,,,,,,,,,,,,,,,,,,,,,,,,,,,,,,
http://cdo.keu.kz/content/6826/6909/20582/20582.htm,http://cdo.keu.kz/content/6826/6909/20583/20583.htm,http://cdo.keu.kz/content/6826/6909/20584/20584.htm,http://cdo.keu.kz/content/6826/6909/20585/20585.htm,http://cdo.keu.kz/content/6826/6909/20586/20586.htm,http://cdo.keu.kz/content/6826/6909/20587/20587.htm,http://cdo.keu.kz/content/6826/6909/20588/20588.htm,http://cdo.keu.kz/content/6826/6909/20589/20589.htm,http://cdo.keu.kz/content/6826/6909/20590/20590.htm,http://cdo.keu.kz/content/6826/6909/20591/20591.htm,http://cdo.keu.kz/content/6826/6909/20592/20592.htm,http://cdo.keu.kz/content/6826/6909/20593/20593.htm,http://cdo.keu.kz/content/6826/6909/20594/20594.htm,http://cdo.keu.kz/content/6826/6909/20595/20595.htm,http://cdo.keu.kz/content/6826/6909/20596/20596.htm,http://cdo.keu.kz/content/6826/6909/6909.htm,http://cdo.keu.kz/content/6826/6909/lek.files/image001.jpg,http://cdo.keu.kz/content/6826/6909/lek.files/image002.jpg,http://cdo.keu.kz/content/6826/6909/lek.files/image003.gif,http://cdo.keu.kz/content/6826/6909/lek.files/image004.gif,http://cdo.keu.kz/content/6826/6909/lek.files/image005.gif,http://cdo.keu.kz/content/6826/6909/lek.files/image006.gif,http://cdo.keu.kz/content/6826/6909/lek.files/image007.gif,http://cdo.keu.kz/content/6826/6909/lek.files/image008.gif,http://cdo.keu.kz/content/6826/6909/lek.files/image009.gif,http://cdo.keu.kz/content/6826/6909/lek.files/image010.gif,http://cdo.keu.kz/content/6826/6909/lek.files/image011.gif,,,,,,,,,,,,,,,,,,,,,,,,,,,,,,,,,,,,,,,,,,,,,,,,,,,,,,,,,,,,,,,,,,,,,,,,,,,,,,,,
http://cdo.keu.kz/content/6827/6910/1rub16.09.2010.files/colorschememapping.xml,http://cdo.keu.kz/content/6827/6910/1rub16.09.2010.files/filelist.xml,http://cdo.keu.kz/content/6827/6910/1rub16.09.2010.files/themedata.thmx,http://cdo.keu.kz/content/6827/6910/1rub16.09.2010.htm,,,,,,,,,,,,,,,,,,,,,,,,,,,,,,,,,,,,,,,,,,,,,,,,,,,,,,,,,,,,,,,,,,,,,,,,,,,,,,,,,,,,,,,,,,,,,,,,,,,,,,,
http://cdo.keu.kz/content/6828/6911/2rub16.09.2010.files/colorschememapping.xml,http://cdo.keu.kz/content/6828/6911/2rub16.09.2010.files/filelist.xml,http://cdo.keu.kz/content/6828/6911/2rub16.09.2010.files/themedata.thmx,http://cdo.keu.kz/content/6828/6911/2rub16.09.2010.htm,,,,,,,,,,,,,,,,,,,,,,,,,,,,,,,,,,,,,,,,,,,,,,,,,,,,,,,,,,,,,,,,,,,,,,,,,,,,,,,,,,,,,,,,,,,,,,,,,,,,,,,
http://cdo.keu.kz/content/6829/6912/itog16.09.2010.files/colorschememapping.xml,http://cdo.keu.kz/content/6829/6912/itog16.09.2010.files/filelist.xml,http://cdo.keu.kz/content/6829/6912/itog16.09.2010.files/themedata.thmx,http://cdo.keu.kz/content/6829/6912/itog16.09.2010.htm,,,,,,,,,,,,,,,,,,,,,,,,,,,,,,,,,,,,,,,,,,,,,,,,,,,,,,,,,,,,,,,,,,,,,,,,,,,,,,,,,,,,,,,,,,,,,,,,,,,,,,,
http://cdo.keu.kz/content/6830/6913/q.htm,,,,,,,,,,,,,,,,,,,,,,,,,,,,,,,,,,,,,,,,,,,,,,,,,,,,,,,,,,,,,,,,,,,,,,,,,,,,,,,,,,,,,,,,,,,,,,,,,,,,,,,,,,
http://cdo.keu.kz/content/6831/6914/1rub.htm,,,,,,,,,,,,,,,,,,,,,,,,,,,,,,,,,,,,,,,,,,,,,,,,,,,,,,,,,,,,,,,,,,,,,,,,,,,,,,,,,,,,,,,,,,,,,,,,,,,,,,,,,,
http://cdo.keu.kz/content/6832/6915/2rub.htm,,,,,,,,,,,,,,,,,,,,,,,,,,,,,,,,,,,,,,,,,,,,,,,,,,,,,,,,,,,,,,,,,,,,,,,,,,,,,,,,,,,,,,,,,,,,,,,,,,,,,,,,,,
http://cdo.keu.kz/content/6833/6916/1rub16.09.2010.files/colorschememapping.xml,http://cdo.keu.kz/content/6833/6916/1rub16.09.2010.files/filelist.xml,http://cdo.keu.kz/content/6833/6916/1rub16.09.2010.files/themedata.thmx,http://cdo.keu.kz/content/6833/6916/1rub16.09.2010.htm,,,,,,,,,,,,,,,,,,,,,,,,,,,,,,,,,,,,,,,,,,,,,,,,,,,,,,,,,,,,,,,,,,,,,,,,,,,,,,,,,,,,,,,,,,,,,,,,,,,,,,,
http://cdo.keu.kz/content/6834/6917/2rub16.09.2010.files/colorschememapping.xml,http://cdo.keu.kz/content/6834/6917/2rub16.09.2010.files/filelist.xml,http://cdo.keu.kz/content/6834/6917/2rub16.09.2010.files/themedata.thmx,http://cdo.keu.kz/content/6834/6917/2rub16.09.2010.htm,,,,,,,,,,,,,,,,,,,,,,,,,,,,,,,,,,,,,,,,,,,,,,,,,,,,,,,,,,,,,,,,,,,,,,,,,,,,,,,,,,,,,,,,,,,,,,,,,,,,,,,
http://cdo.keu.kz/content/6835/6918/itog16.09.2010.files/colorschememapping.xml,http://cdo.keu.kz/content/6835/6918/itog16.09.2010.files/filelist.xml,http://cdo.keu.kz/content/6835/6918/itog16.09.2010.files/themedata.thmx,http://cdo.keu.kz/content/6835/6918/itog16.09.2010.htm,,,,,,,,,,,,,,,,,,,,,,,,,,,,,,,,,,,,,,,,,,,,,,,,,,,,,,,,,,,,,,,,,,,,,,,,,,,,,,,,,,,,,,,,,,,,,,,,,,,,,,,
http://cdo.keu.kz/content/6836/6919/itog.htm,,,,,,,,,,,,,,,,,,,,,,,,,,,,,,,,,,,,,,,,,,,,,,,,,,,,,,,,,,,,,,,,,,,,,,,,,,,,,,,,,,,,,,,,,,,,,,,,,,,,,,,,,,
http://cdo.keu.kz/content/6837/6920/1rub.htm,,,,,,,,,,,,,,,,,,,,,,,,,,,,,,,,,,,,,,,,,,,,,,,,,,,,,,,,,,,,,,,,,,,,,,,,,,,,,,,,,,,,,,,,,,,,,,,,,,,,,,,,,,
http://cdo.keu.kz/content/6838/6921/20597/20597.htm,http://cdo.keu.kz/content/6838/6921/20598/20598.htm,http://cdo.keu.kz/content/6838/6921/20599/20599.htm,http://cdo.keu.kz/content/6838/6921/20600/20600.htm,http://cdo.keu.kz/content/6838/6921/20601/20601.htm,http://cdo.keu.kz/content/6838/6921/20602/20602.htm,http://cdo.keu.kz/content/6838/6921/20603/20603.htm,http://cdo.keu.kz/content/6838/6921/20604/20604.htm,http://cdo.keu.kz/content/6838/6921/20605/20605.htm,http://cdo.keu.kz/content/6838/6921/20606/20606.htm,http://cdo.keu.kz/content/6838/6921/20607/20607.htm,http://cdo.keu.kz/content/6838/6921/20608/20608.htm,http://cdo.keu.kz/content/6838/6921/20609/20609.htm,http://cdo.keu.kz/content/6838/6921/20610/20610.htm,http://cdo.keu.kz/content/6838/6921/20611/20611.htm,http://cdo.keu.kz/content/6838/6921/6921.htm,http://cdo.keu.kz/content/6838/6921/Lek16.09.10.files/image001.gif,http://cdo.keu.kz/content/6838/6921/Lek16.09.10.files/image002.gif,http://cdo.keu.kz/content/6838/6921/Lek16.09.10.files/image003.gif,http://cdo.keu.kz/content/6838/6921/Lek16.09.10.files/image004.gif,http://cdo.keu.kz/content/6838/6921/Lek16.09.10.files/image005.gif,http://cdo.keu.kz/content/6838/6921/Lek16.09.10.files/image006.gif,http://cdo.keu.kz/content/6838/6921/Lek16.09.10.files/image007.gif,http://cdo.keu.kz/content/6838/6921/Lek16.09.10.files/image008.gif,http://cdo.keu.kz/content/6838/6921/Lek16.09.10.files/image009.gif,http://cdo.keu.kz/content/6838/6921/Lek16.09.10.files/image010.gif,http://cdo.keu.kz/content/6838/6921/Lek16.09.10.files/image011.gif,http://cdo.keu.kz/content/6838/6921/Lek16.09.10.files/image012.gif,http://cdo.keu.kz/content/6838/6921/Lek16.09.10.files/image013.gif,http://cdo.keu.kz/content/6838/6921/Lek16.09.10.files/image014.gif,http://cdo.keu.kz/content/6838/6921/Lek16.09.10.files/image015.gif,http://cdo.keu.kz/content/6838/6921/Lek16.09.10.files/image016.gif,http://cdo.keu.kz/content/6838/6921/Lek16.09.10.files/image017.gif,http://cdo.keu.kz/content/6838/6921/Lek16.09.10.files/image018.gif,http://cdo.keu.kz/content/6838/6921/Lek16.09.10.files/image019.gif,http://cdo.keu.kz/content/6838/6921/Lek16.09.10.files/image020.gif,http://cdo.keu.kz/content/6838/6921/Lek16.09.10.files/image021.gif,http://cdo.keu.kz/content/6838/6921/Lek16.09.10.files/image022.gif,http://cdo.keu.kz/content/6838/6921/Lek16.09.10.files/image023.gif,http://cdo.keu.kz/content/6838/6921/Lek16.09.10.files/image024.gif,http://cdo.keu.kz/content/6838/6921/Lek16.09.10.files/image025.gif,http://cdo.keu.kz/content/6838/6921/Lek16.09.10.files/image026.gif,http://cdo.keu.kz/content/6838/6921/Lek16.09.10.files/image027.gif,http://cdo.keu.kz/content/6838/6921/Lek16.09.10.files/image028.gif,http://cdo.keu.kz/content/6838/6921/Lek16.09.10.files/image029.gif,http://cdo.keu.kz/content/6838/6921/Lek16.09.10.files/image030.gif,http://cdo.keu.kz/content/6838/6921/Lek16.09.10.files/image031.gif,http://cdo.keu.kz/content/6838/6921/Lek16.09.10.files/image032.gif,http://cdo.keu.kz/content/6838/6921/Lek16.09.10.files/image033.gif,http://cdo.keu.kz/content/6838/6921/Lek16.09.10.files/image034.gif,http://cdo.keu.kz/content/6838/6921/Lek16.09.10.files/image035.gif,,,,,,,,,,,,,,,,,,,,,,,,,,,,,,,,,,,,,,,,,,,,,,,,,,,,,,,,
http://cdo.keu.kz/content/6839/6922/6922.htm,http://cdo.keu.kz/content/6839/6922/lek.files/image001.jpg,http://cdo.keu.kz/content/6839/6922/lek.files/image002.jpg,http://cdo.keu.kz/content/6839/6922/lek.files/image003.jpg,http://cdo.keu.kz/content/6839/6922/lek.files/image004.gif,http://cdo.keu.kz/content/6839/6922/lek.files/image005.gif,http://cdo.keu.kz/content/6839/6922/lek.files/image006.gif,http://cdo.keu.kz/content/6839/6922/lek.htm,,,,,,,,,,,,,,,,,,,,,,,,,,,,,,,,,,,,,,,,,,,,,,,,,,,,,,,,,,,,,,,,,,,,,,,,,,,,,,,,,,,,,,,,,,,,,,,,,,,
http://cdo.keu.kz/content/6840/6923/1.htm,,,,,,,,,,,,,,,,,,,,,,,,,,,,,,,,,,,,,,,,,,,,,,,,,,,,,,,,,,,,,,,,,,,,,,,,,,,,,,,,,,,,,,,,,,,,,,,,,,,,,,,,,,
http://cdo.keu.kz/content/6841/6924/20612/20612.htm,http://cdo.keu.kz/content/6841/6924/20613/20613.htm,http://cdo.keu.kz/content/6841/6924/20614/20614.htm,http://cdo.keu.kz/content/6841/6924/20615/20615.htm,http://cdo.keu.kz/content/6841/6924/20616/20616.htm,http://cdo.keu.kz/content/6841/6924/20617/20617.htm,http://cdo.keu.kz/content/6841/6924/20618/20618.htm,http://cdo.keu.kz/content/6841/6924/20619/20619.htm,http://cdo.keu.kz/content/6841/6924/20620/20620.htm,http://cdo.keu.kz/content/6841/6924/20621/20621.htm,http://cdo.keu.kz/content/6841/6924/20622/20622.htm,http://cdo.keu.kz/content/6841/6924/20623/20623.htm,http://cdo.keu.kz/content/6841/6924/20624/20624.htm,http://cdo.keu.kz/content/6841/6924/20625/20625.htm,http://cdo.keu.kz/content/6841/6924/6924.htm,http://cdo.keu.kz/content/6841/6924/lek.files/image001.jpg,http://cdo.keu.kz/content/6841/6924/lek.files/image002.jpg,http://cdo.keu.kz/content/6841/6924/lek.files/image003.jpg,http://cdo.keu.kz/content/6841/6924/lek.files/image004.gif,http://cdo.keu.kz/content/6841/6924/lek.files/image005.gif,http://cdo.keu.kz/content/6841/6924/lek.files/image006.gif,,,,,,,,,,,,,,,,,,,,,,,,,,,,,,,,,,,,,,,,,,,,,,,,,,,,,,,,,,,,,,,,,,,,,,,,,,,,,,,,,,,,,,
http://cdo.keu.kz/content/6842/6925/2.htm,,,,,,,,,,,,,,,,,,,,,,,,,,,,,,,,,,,,,,,,,,,,,,,,,,,,,,,,,,,,,,,,,,,,,,,,,,,,,,,,,,,,,,,,,,,,,,,,,,,,,,,,,,
http://cdo.keu.kz/content/6843/6926/20626/20626.htm,http://cdo.keu.kz/content/6843/6926/20627/20627.htm,http://cdo.keu.kz/content/6843/6926/20628/20628.htm,http://cdo.keu.kz/content/6843/6926/20629/20629.htm,http://cdo.keu.kz/content/6843/6926/20630/20630.htm,http://cdo.keu.kz/content/6843/6926/20631/20631.htm,http://cdo.keu.kz/content/6843/6926/20632/20632.htm,http://cdo.keu.kz/content/6843/6926/20633/20633.htm,http://cdo.keu.kz/content/6843/6926/20634/20634.htm,http://cdo.keu.kz/content/6843/6926/20635/20635.htm,http://cdo.keu.kz/content/6843/6926/20636/20636.htm,http://cdo.keu.kz/content/6843/6926/20637/20637.htm,http://cdo.keu.kz/content/6843/6926/20638/20638.htm,http://cdo.keu.kz/content/6843/6926/20639/20639.htm,http://cdo.keu.kz/content/6843/6926/6926.htm,http://cdo.keu.kz/content/6843/6926/lek16.09.2010.files/colorschememapping.xml,http://cdo.keu.kz/content/6843/6926/lek16.09.2010.files/filelist.xml,http://cdo.keu.kz/content/6843/6926/lek16.09.2010.files/header.htm,http://cdo.keu.kz/content/6843/6926/lek16.09.2010.files/image001.gif,http://cdo.keu.kz/content/6843/6926/lek16.09.2010.files/image002.gif,http://cdo.keu.kz/content/6843/6926/lek16.09.2010.files/image003.jpg,http://cdo.keu.kz/content/6843/6926/lek16.09.2010.files/image004.jpg,http://cdo.keu.kz/content/6843/6926/lek16.09.2010.files/image005.jpg,http://cdo.keu.kz/content/6843/6926/lek16.09.2010.files/image006.jpg,http://cdo.keu.kz/content/6843/6926/lek16.09.2010.files/image007.gif,http://cdo.keu.kz/content/6843/6926/lek16.09.2010.files/image008.gif,http://cdo.keu.kz/content/6843/6926/lek16.09.2010.files/image009.gif,http://cdo.keu.kz/content/6843/6926/lek16.09.2010.files/image010.gif,http://cdo.keu.kz/content/6843/6926/lek16.09.2010.files/image011.gif,http://cdo.keu.kz/content/6843/6926/lek16.09.2010.files/image012.gif,http://cdo.keu.kz/content/6843/6926/lek16.09.2010.files/image013.jpg,http://cdo.keu.kz/content/6843/6926/lek16.09.2010.files/image014.jpg,http://cdo.keu.kz/content/6843/6926/lek16.09.2010.files/image015.jpg,http://cdo.keu.kz/content/6843/6926/lek16.09.2010.files/image016.jpg,http://cdo.keu.kz/content/6843/6926/lek16.09.2010.files/image017.jpg,http://cdo.keu.kz/content/6843/6926/lek16.09.2010.files/image018.jpg,http://cdo.keu.kz/content/6843/6926/lek16.09.2010.files/image019.jpg,http://cdo.keu.kz/content/6843/6926/lek16.09.2010.files/image020.jpg,http://cdo.keu.kz/content/6843/6926/lek16.09.2010.files/image021.jpg,http://cdo.keu.kz/content/6843/6926/lek16.09.2010.files/image022.jpg,http://cdo.keu.kz/content/6843/6926/lek16.09.2010.files/image023.jpg,http://cdo.keu.kz/content/6843/6926/lek16.09.2010.files/image024.jpg,http://cdo.keu.kz/content/6843/6926/lek16.09.2010.files/image025.jpg,http://cdo.keu.kz/content/6843/6926/lek16.09.2010.files/image026.jpg,http://cdo.keu.kz/content/6843/6926/lek16.09.2010.files/image027.jpg,http://cdo.keu.kz/content/6843/6926/lek16.09.2010.files/image028.wmz,http://cdo.keu.kz/content/6843/6926/lek16.09.2010.files/image029.gif,http://cdo.keu.kz/content/6843/6926/lek16.09.2010.files/image030.wmz,http://cdo.keu.kz/content/6843/6926/lek16.09.2010.files/image031.gif,http://cdo.keu.kz/content/6843/6926/lek16.09.2010.files/image032.wmz,http://cdo.keu.kz/content/6843/6926/lek16.09.2010.files/image033.gif,http://cdo.keu.kz/content/6843/6926/lek16.09.2010.files/image034.wmz,http://cdo.keu.kz/content/6843/6926/lek16.09.2010.files/image035.gif,http://cdo.keu.kz/content/6843/6926/lek16.09.2010.files/image036.wmz,http://cdo.keu.kz/content/6843/6926/lek16.09.2010.files/image037.gif,http://cdo.keu.kz/content/6843/6926/lek16.09.2010.files/image038.wmz,http://cdo.keu.kz/content/6843/6926/lek16.09.2010.files/image039.gif,http://cdo.keu.kz/content/6843/6926/lek16.09.2010.files/image040.wmz,http://cdo.keu.kz/content/6843/6926/lek16.09.2010.files/image041.gif,http://cdo.keu.kz/content/6843/6926/lek16.09.2010.files/image042.wmz,http://cdo.keu.kz/content/6843/6926/lek16.09.2010.files/image043.gif,http://cdo.keu.kz/content/6843/6926/lek16.09.2010.files/image044.wmz,http://cdo.keu.kz/content/6843/6926/lek16.09.2010.files/image045.gif,http://cdo.keu.kz/content/6843/6926/lek16.09.2010.files/image046.wmz,http://cdo.keu.kz/content/6843/6926/lek16.09.2010.files/image047.gif,http://cdo.keu.kz/content/6843/6926/lek16.09.2010.files/image048.wmz,http://cdo.keu.kz/content/6843/6926/lek16.09.2010.files/image049.gif,http://cdo.keu.kz/content/6843/6926/lek16.09.2010.files/image050.jpg,http://cdo.keu.kz/content/6843/6926/lek16.09.2010.files/image051.jpg,http://cdo.keu.kz/content/6843/6926/lek16.09.2010.files/image052.jpg,http://cdo.keu.kz/content/6843/6926/lek16.09.2010.files/image053.jpg,http://cdo.keu.kz/content/6843/6926/lek16.09.2010.files/image054.jpg,http://cdo.keu.kz/content/6843/6926/lek16.09.2010.files/image055.jpg,http://cdo.keu.kz/content/6843/6926/lek16.09.2010.files/oledata.mso,http://cdo.keu.kz/content/6843/6926/lek16.09.2010.files/themedata.thmx,,,,,,,,,,,,,,,,,,,,,,,,,,,,,,,,
http://cdo.keu.kz/content/6844/6927/R1.files/image001.gif,http://cdo.keu.kz/content/6844/6927/R1.files/image002.gif,http://cdo.keu.kz/content/6844/6927/R1.files/image003.gif,http://cdo.keu.kz/content/6844/6927/R1.files/image004.gif,http://cdo.keu.kz/content/6844/6927/R1.files/image005.gif,http://cdo.keu.kz/content/6844/6927/R1.htm,,,,,,,,,,,,,,,,,,,,,,,,,,,,,,,,,,,,,,,,,,,,,,,,,,,,,,,,,,,,,,,,,,,,,,,,,,,,,,,,,,,,,,,,,,,,,,,,,,,,,
http://cdo.keu.kz/content/6845/6928/R2.files/image001.gif,http://cdo.keu.kz/content/6845/6928/R2.files/image002.gif,http://cdo.keu.kz/content/6845/6928/R2.files/image003.gif,http://cdo.keu.kz/content/6845/6928/R2.files/image004.gif,http://cdo.keu.kz/content/6845/6928/R2.files/image005.gif,http://cdo.keu.kz/content/6845/6928/R2.files/image006.gif,http://cdo.keu.kz/content/6845/6928/R2.files/image007.gif,http://cdo.keu.kz/content/6845/6928/R2.htm,,,,,,,,,,,,,,,,,,,,,,,,,,,,,,,,,,,,,,,,,,,,,,,,,,,,,,,,,,,,,,,,,,,,,,,,,,,,,,,,,,,,,,,,,,,,,,,,,,,
http://cdo.keu.kz/content/6846/6929/itog.files/image001.gif,http://cdo.keu.kz/content/6846/6929/itog.files/image002.gif,http://cdo.keu.kz/content/6846/6929/itog.files/image003.gif,http://cdo.keu.kz/content/6846/6929/itog.files/image004.gif,http://cdo.keu.kz/content/6846/6929/itog.files/image005.gif,http://cdo.keu.kz/content/6846/6929/itog.files/image006.gif,http://cdo.keu.kz/content/6846/6929/itog.files/image007.gif,http://cdo.keu.kz/content/6846/6929/itog.files/image008.gif,http://cdo.keu.kz/content/6846/6929/itog.files/image009.gif,http://cdo.keu.kz/content/6846/6929/itog.files/image010.gif,http://cdo.keu.kz/content/6846/6929/itog.files/image011.gif,http://cdo.keu.kz/content/6846/6929/itog.files/image012.gif,http://cdo.keu.kz/content/6846/6929/itog.htm,,,,,,,,,,,,,,,,,,,,,,,,,,,,,,,,,,,,,,,,,,,,,,,,,,,,,,,,,,,,,,,,,,,,,,,,,,,,,,,,,,,,,,,,,,,,,,
http://cdo.keu.kz/content/6847/6930/20640/20640.htm,http://cdo.keu.kz/content/6847/6930/20641/20641.htm,http://cdo.keu.kz/content/6847/6930/20642/20642.htm,http://cdo.keu.kz/content/6847/6930/20643/20643.htm,http://cdo.keu.kz/content/6847/6930/20644/20644.htm,http://cdo.keu.kz/content/6847/6930/20645/20645.htm,http://cdo.keu.kz/content/6847/6930/20646/20646.htm,http://cdo.keu.kz/content/6847/6930/20647/20647.htm,http://cdo.keu.kz/content/6847/6930/20648/20648.htm,http://cdo.keu.kz/content/6847/6930/20649/20649.htm,http://cdo.keu.kz/content/6847/6930/20650/20650.htm,http://cdo.keu.kz/content/6847/6930/20651/20651.htm,http://cdo.keu.kz/content/6847/6930/6930.htm,http://cdo.keu.kz/content/6847/6930/lek.files/filelist.xml,http://cdo.keu.kz/content/6847/6930/lek.files/header.htm,http://cdo.keu.kz/content/6847/6930/lek.files/image001.gif,http://cdo.keu.kz/content/6847/6930/lek.files/image002.gif,http://cdo.keu.kz/content/6847/6930/lek.files/image003.gif,http://cdo.keu.kz/content/6847/6930/lek.files/image004.gif,http://cdo.keu.kz/content/6847/6930/lek.files/image005.gif,,,,,,,,,,,,,,,,,,,,,,,,,,,,,,,,,,,,,,,,,,,,,,,,,,,,,,,,,,,,,,,,,,,,,,,,,,,,,,,,,,,,,,,
http://cdo.keu.kz/content/6848/6931/1rub.htm,,,,,,,,,,,,,,,,,,,,,,,,,,,,,,,,,,,,,,,,,,,,,,,,,,,,,,,,,,,,,,,,,,,,,,,,,,,,,,,,,,,,,,,,,,,,,,,,,,,,,,,,,,
http://cdo.keu.kz/content/6849/6932/2rub.htm,,,,,,,,,,,,,,,,,,,,,,,,,,,,,,,,,,,,,,,,,,,,,,,,,,,,,,,,,,,,,,,,,,,,,,,,,,,,,,,,,,,,,,,,,,,,,,,,,,,,,,,,,,
http://cdo.keu.kz/content/6850/6933/1.htm,,,,,,,,,,,,,,,,,,,,,,,,,,,,,,,,,,,,,,,,,,,,,,,,,,,,,,,,,,,,,,,,,,,,,,,,,,,,,,,,,,,,,,,,,,,,,,,,,,,,,,,,,,
http://cdo.keu.kz/content/6851/6934/2.htm,,,,,,,,,,,,,,,,,,,,,,,,,,,,,,,,,,,,,,,,,,,,,,,,,,,,,,,,,,,,,,,,,,,,,,,,,,,,,,,,,,,,,,,,,,,,,,,,,,,,,,,,,,
http://cdo.keu.kz/content/6852/6935/ObchiiTest.htm,,,,,,,,,,,,,,,,,,,,,,,,,,,,,,,,,,,,,,,,,,,,,,,,,,,,,,,,,,,,,,,,,,,,,,,,,,,,,,,,,,,,,,,,,,,,,,,,,,,,,,,,,,
http://cdo.keu.kz/content/6853/6936/1rub17.09.2010.files/colorschememapping.xml,http://cdo.keu.kz/content/6853/6936/1rub17.09.2010.files/filelist.xml,http://cdo.keu.kz/content/6853/6936/1rub17.09.2010.files/image001.gif,http://cdo.keu.kz/content/6853/6936/1rub17.09.2010.files/themedata.thmx,http://cdo.keu.kz/content/6853/6936/1rub17.09.2010.htm,,,,,,,,,,,,,,,,,,,,,,,,,,,,,,,,,,,,,,,,,,,,,,,,,,,,,,,,,,,,,,,,,,,,,,,,,,,,,,,,,,,,,,,,,,,,,,,,,,,,,,
http://cdo.keu.kz/content/6854/6937/2rub17.09.2010.files/colorschememapping.xml,http://cdo.keu.kz/content/6854/6937/2rub17.09.2010.files/filelist.xml,http://cdo.keu.kz/content/6854/6937/2rub17.09.2010.files/image001.gif,http://cdo.keu.kz/content/6854/6937/2rub17.09.2010.files/themedata.thmx,http://cdo.keu.kz/content/6854/6937/2rub17.09.2010.htm,,,,,,,,,,,,,,,,,,,,,,,,,,,,,,,,,,,,,,,,,,,,,,,,,,,,,,,,,,,,,,,,,,,,,,,,,,,,,,,,,,,,,,,,,,,,,,,,,,,,,,
http://cdo.keu.kz/content/6855/6938/itog17.09.2010.files/colorschememapping.xml,http://cdo.keu.kz/content/6855/6938/itog17.09.2010.files/filelist.xml,http://cdo.keu.kz/content/6855/6938/itog17.09.2010.files/image001.gif,http://cdo.keu.kz/content/6855/6938/itog17.09.2010.files/themedata.thmx,http://cdo.keu.kz/content/6855/6938/itog17.09.2010.htm,,,,,,,,,,,,,,,,,,,,,,,,,,,,,,,,,,,,,,,,,,,,,,,,,,,,,,,,,,,,,,,,,,,,,,,,,,,,,,,,,,,,,,,,,,,,,,,,,,,,,,
http://cdo.keu.kz/content/6856/6939/itog.htm,,,,,,,,,,,,,,,,,,,,,,,,,,,,,,,,,,,,,,,,,,,,,,,,,,,,,,,,,,,,,,,,,,,,,,,,,,,,,,,,,,,,,,,,,,,,,,,,,,,,,,,,,,
http://cdo.keu.kz/content/6857/6940/r1.htm,,,,,,,,,,,,,,,,,,,,,,,,,,,,,,,,,,,,,,,,,,,,,,,,,,,,,,,,,,,,,,,,,,,,,,,,,,,,,,,,,,,,,,,,,,,,,,,,,,,,,,,,,,
http://cdo.keu.kz/content/6858/6941/1rub.htm,,,,,,,,,,,,,,,,,,,,,,,,,,,,,,,,,,,,,,,,,,,,,,,,,,,,,,,,,,,,,,,,,,,,,,,,,,,,,,,,,,,,,,,,,,,,,,,,,,,,,,,,,,
http://cdo.keu.kz/content/6859/6942/1.htm,,,,,,,,,,,,,,,,,,,,,,,,,,,,,,,,,,,,,,,,,,,,,,,,,,,,,,,,,,,,,,,,,,,,,,,,,,,,,,,,,,,,,,,,,,,,,,,,,,,,,,,,,,
http://cdo.keu.kz/content/6860/6943/2rub.htm,,,,,,,,,,,,,,,,,,,,,,,,,,,,,,,,,,,,,,,,,,,,,,,,,,,,,,,,,,,,,,,,,,,,,,,,,,,,,,,,,,,,,,,,,,,,,,,,,,,,,,,,,,
http://cdo.keu.kz/content/6861/6944/itog.htm,,,,,,,,,,,,,,,,,,,,,,,,,,,,,,,,,,,,,,,,,,,,,,,,,,,,,,,,,,,,,,,,,,,,,,,,,,,,,,,,,,,,,,,,,,,,,,,,,,,,,,,,,,
http://cdo.keu.kz/content/6862/6945/2.htm,,,,,,,,,,,,,,,,,,,,,,,,,,,,,,,,,,,,,,,,,,,,,,,,,,,,,,,,,,,,,,,,,,,,,,,,,,,,,,,,,,,,,,,,,,,,,,,,,,,,,,,,,,
http://cdo.keu.kz/content/6863/6946/it.htm,,,,,,,,,,,,,,,,,,,,,,,,,,,,,,,,,,,,,,,,,,,,,,,,,,,,,,,,,,,,,,,,,,,,,,,,,,,,,,,,,,,,,,,,,,,,,,,,,,,,,,,,,,
http://cdo.keu.kz/content/6864/6947/20652/20652.htm,http://cdo.keu.kz/content/6864/6947/20653/20653.htm,http://cdo.keu.kz/content/6864/6947/20654/20654.htm,http://cdo.keu.kz/content/6864/6947/20655/20655.htm,http://cdo.keu.kz/content/6864/6947/20656/20656.htm,http://cdo.keu.kz/content/6864/6947/20657/20657.htm,http://cdo.keu.kz/content/6864/6947/20658/20658.htm,http://cdo.keu.kz/content/6864/6947/20659/20659.htm,http://cdo.keu.kz/content/6864/6947/20660/20660.htm,http://cdo.keu.kz/content/6864/6947/6947.htm,,,,,,,,,,,,,,,,,,,,,,,,,,,,,,,,,,,,,,,,,,,,,,,,,,,,,,,,,,,,,,,,,,,,,,,,,,,,,,,,,,,,,,,,,,,,,,,,,
http://cdo.keu.kz/content/6865/6948/1rub.htm,,,,,,,,,,,,,,,,,,,,,,,,,,,,,,,,,,,,,,,,,,,,,,,,,,,,,,,,,,,,,,,,,,,,,,,,,,,,,,,,,,,,,,,,,,,,,,,,,,,,,,,,,,
http://cdo.keu.kz/content/6866/6949/2rub.htm,,,,,,,,,,,,,,,,,,,,,,,,,,,,,,,,,,,,,,,,,,,,,,,,,,,,,,,,,,,,,,,,,,,,,,,,,,,,,,,,,,,,,,,,,,,,,,,,,,,,,,,,,,
http://cdo.keu.kz/content/6867/6950/itog.htm,,,,,,,,,,,,,,,,,,,,,,,,,,,,,,,,,,,,,,,,,,,,,,,,,,,,,,,,,,,,,,,,,,,,,,,,,,,,,,,,,,,,,,,,,,,,,,,,,,,,,,,,,,
http://cdo.keu.kz/content/6868/6951/20661/20661.htm,http://cdo.keu.kz/content/6868/6951/20662/20662.htm,http://cdo.keu.kz/content/6868/6951/20663/20663.htm,http://cdo.keu.kz/content/6868/6951/20664/20664.htm,http://cdo.keu.kz/content/6868/6951/20665/20665.htm,http://cdo.keu.kz/content/6868/6951/20666/20666.htm,http://cdo.keu.kz/content/6868/6951/20667/20667.htm,http://cdo.keu.kz/content/6868/6951/20668/20668.htm,http://cdo.keu.kz/content/6868/6951/20669/20669.htm,http://cdo.keu.kz/content/6868/6951/20670/20670.htm,http://cdo.keu.kz/content/6868/6951/20671/20671.htm,http://cdo.keu.kz/content/6868/6951/20672/20672.htm,http://cdo.keu.kz/content/6868/6951/20673/20673.htm,http://cdo.keu.kz/content/6868/6951/20674/20674.htm,http://cdo.keu.kz/content/6868/6951/20675/20675.htm,http://cdo.keu.kz/content/6868/6951/6951.htm,http://cdo.keu.kz/content/6868/6951/lek.files/image001.jpg,http://cdo.keu.kz/content/6868/6951/lek.files/image002.jpg,,,,,,,,,,,,,,,,,,,,,,,,,,,,,,,,,,,,,,,,,,,,,,,,,,,,,,,,,,,,,,,,,,,,,,,,,,,,,,,,,,,,,,,,,
http://cdo.keu.kz/content/6869/6952/20676/20676.htm,http://cdo.keu.kz/content/6869/6952/20677/20677.htm,http://cdo.keu.kz/content/6869/6952/20678/20678.htm,http://cdo.keu.kz/content/6869/6952/20679/20679.htm,http://cdo.keu.kz/content/6869/6952/20680/20680.htm,http://cdo.keu.kz/content/6869/6952/6952.htm,http://cdo.keu.kz/content/6869/6952/lek17.09.2010.files/image001.gif,http://cdo.keu.kz/content/6869/6952/lek17.09.2010.files/image002.gif,http://cdo.keu.kz/content/6869/6952/lek17.09.2010.files/image003.gif,http://cdo.keu.kz/content/6869/6952/lek17.09.2010.files/image004.gif,http://cdo.keu.kz/content/6869/6952/lek17.09.2010.files/image005.gif,http://cdo.keu.kz/content/6869/6952/lek17.09.2010.files/image006.jpg,http://cdo.keu.kz/content/6869/6952/lek17.09.2010.files/image007.jpg,http://cdo.keu.kz/content/6869/6952/lek17.09.2010.files/image008.gif,http://cdo.keu.kz/content/6869/6952/lek17.09.2010.files/image009.jpg,http://cdo.keu.kz/content/6869/6952/lek17.09.2010.files/image010.jpg,http://cdo.keu.kz/content/6869/6952/lek17.09.2010.files/image011.jpg,http://cdo.keu.kz/content/6869/6952/lek17.09.2010.files/image012.jpg,http://cdo.keu.kz/content/6869/6952/lek17.09.2010.files/image013.jpg,http://cdo.keu.kz/content/6869/6952/lek17.09.2010.files/image014.gif,http://cdo.keu.kz/content/6869/6952/lek17.09.2010.files/image015.gif,http://cdo.keu.kz/content/6869/6952/lek17.09.2010.files/image016.jpg,http://cdo.keu.kz/content/6869/6952/lek17.09.2010.files/image017.gif,http://cdo.keu.kz/content/6869/6952/lek17.09.2010.files/image018.gif,http://cdo.keu.kz/content/6869/6952/lek17.09.2010.files/image019.gif,http://cdo.keu.kz/content/6869/6952/lek17.09.2010.files/image020.jpg,http://cdo.keu.kz/content/6869/6952/lek17.09.2010.files/image021.jpg,http://cdo.keu.kz/content/6869/6952/lek17.09.2010.files/image022.jpg,http://cdo.keu.kz/content/6869/6952/lek17.09.2010.files/image023.jpg,http://cdo.keu.kz/content/6869/6952/lek17.09.2010.files/image024.jpg,http://cdo.keu.kz/content/6869/6952/lek17.09.2010.files/image025.jpg,http://cdo.keu.kz/content/6869/6952/lek17.09.2010.files/image026.jpg,http://cdo.keu.kz/content/6869/6952/lek17.09.2010.files/image027.gif,http://cdo.keu.kz/content/6869/6952/lek17.09.2010.files/image028.jpg,http://cdo.keu.kz/content/6869/6952/lek17.09.2010.files/image029.jpg,http://cdo.keu.kz/content/6869/6952/lek17.09.2010.files/image030.gif,http://cdo.keu.kz/content/6869/6952/lek17.09.2010.files/image031.jpg,http://cdo.keu.kz/content/6869/6952/lek17.09.2010.files/image032.jpg,http://cdo.keu.kz/content/6869/6952/lek17.09.2010.files/image033.jpg,http://cdo.keu.kz/content/6869/6952/lek17.09.2010.files/image034.jpg,http://cdo.keu.kz/content/6869/6952/lek17.09.2010.files/image035.jpg,http://cdo.keu.kz/content/6869/6952/lek17.09.2010.files/image036.gif,http://cdo.keu.kz/content/6869/6952/lek17.09.2010.files/image037.jpg,http://cdo.keu.kz/content/6869/6952/lek17.09.2010.files/image038.jpg,http://cdo.keu.kz/content/6869/6952/lek17.09.2010.files/image039.jpg,http://cdo.keu.kz/content/6869/6952/lek17.09.2010.files/image040.jpg,http://cdo.keu.kz/content/6869/6952/lek17.09.2010.files/image041.jpg,http://cdo.keu.kz/content/6869/6952/lek17.09.2010.files/image042.jpg,http://cdo.keu.kz/content/6869/6952/lek17.09.2010.files/image043.jpg,http://cdo.keu.kz/content/6869/6952/lek17.09.2010.files/image044.jpg,http://cdo.keu.kz/content/6869/6952/lek17.09.2010.files/image045.jpg,http://cdo.keu.kz/content/6869/6952/lek17.09.2010.files/image046.gif,http://cdo.keu.kz/content/6869/6952/lek17.09.2010.files/image047.gif,http://cdo.keu.kz/content/6869/6952/lek17.09.2010.files/image048.gif,http://cdo.keu.kz/content/6869/6952/lek17.09.2010.files/image049.gif,http://cdo.keu.kz/content/6869/6952/lek17.09.2010.files/image050.gif,http://cdo.keu.kz/content/6869/6952/lek17.09.2010.files/image051.gif,http://cdo.keu.kz/content/6869/6952/lek17.09.2010.files/image052.gif,http://cdo.keu.kz/content/6869/6952/lek17.09.2010.files/image053.gif,http://cdo.keu.kz/content/6869/6952/lek17.09.2010.files/image054.gif,http://cdo.keu.kz/content/6869/6952/lek17.09.2010.files/image055.gif,http://cdo.keu.kz/content/6869/6952/lek17.09.2010.files/image056.gif,http://cdo.keu.kz/content/6869/6952/lek17.09.2010.files/image057.gif,http://cdo.keu.kz/content/6869/6952/lek17.09.2010.files/image058.gif,http://cdo.keu.kz/content/6869/6952/lek17.09.2010.files/image059.gif,http://cdo.keu.kz/content/6869/6952/lek17.09.2010.files/image060.gif,http://cdo.keu.kz/content/6869/6952/lek17.09.2010.files/image061.gif,http://cdo.keu.kz/content/6869/6952/lek17.09.2010.files/image062.gif,http://cdo.keu.kz/content/6869/6952/lek17.09.2010.files/image063.gif,http://cdo.keu.kz/content/6869/6952/lek17.09.2010.files/image064.jpg,http://cdo.keu.kz/content/6869/6952/lek17.09.2010.files/image065.gif,http://cdo.keu.kz/content/6869/6952/lek17.09.2010.files/image066.gif,http://cdo.keu.kz/content/6869/6952/lek17.09.2010.files/image067.gif,http://cdo.keu.kz/content/6869/6952/lek17.09.2010.files/image068.jpg,http://cdo.keu.kz/content/6869/6952/lek17.09.2010.files/image069.gif,http://cdo.keu.kz/content/6869/6952/lek17.09.2010.files/image070.gif,http://cdo.keu.kz/content/6869/6952/lek17.09.2010.files/image071.gif,http://cdo.keu.kz/content/6869/6952/lek17.09.2010.files/image072.gif,http://cdo.keu.kz/content/6869/6952/lek17.09.2010.files/image073.jpg,http://cdo.keu.kz/content/6869/6952/lek17.09.2010.files/image074.gif,http://cdo.keu.kz/content/6869/6952/lek17.09.2010.files/image075.gif,http://cdo.keu.kz/content/6869/6952/lek17.09.2010.files/image076.gif,http://cdo.keu.kz/content/6869/6952/lek17.09.2010.files/image077.gif,http://cdo.keu.kz/content/6869/6952/lek17.09.2010.files/image078.gif,http://cdo.keu.kz/content/6869/6952/lek17.09.2010.files/image079.jpg,http://cdo.keu.kz/content/6869/6952/lek17.09.2010.files/image080.jpg,,,,,,,,,,,,,,,,,,,,,
http://cdo.keu.kz/content/6870/6953/20681/20681.htm,http://cdo.keu.kz/content/6870/6953/20682/20682.htm,http://cdo.keu.kz/content/6870/6953/20683/20683.htm,http://cdo.keu.kz/content/6870/6953/20684/20684.htm,http://cdo.keu.kz/content/6870/6953/20685/20685.htm,http://cdo.keu.kz/content/6870/6953/20686/20686.htm,http://cdo.keu.kz/content/6870/6953/20687/20687.htm,http://cdo.keu.kz/content/6870/6953/20688/20688.htm,http://cdo.keu.kz/content/6870/6953/20689/20689.htm,http://cdo.keu.kz/content/6870/6953/20690/20690.htm,http://cdo.keu.kz/content/6870/6953/20691/20691.htm,http://cdo.keu.kz/content/6870/6953/20692/20692.htm,http://cdo.keu.kz/content/6870/6953/20693/20693.htm,http://cdo.keu.kz/content/6870/6953/20694/20694.htm,http://cdo.keu.kz/content/6870/6953/20695/20695.htm,http://cdo.keu.kz/content/6870/6953/6953.htm,,,,,,,,,,,,,,,,,,,,,,,,,,,,,,,,,,,,,,,,,,,,,,,,,,,,,,,,,,,,,,,,,,,,,,,,,,,,,,,,,,,,,,,,,,,
http://cdo.keu.kz/content/6871/6954/1.htm,,,,,,,,,,,,,,,,,,,,,,,,,,,,,,,,,,,,,,,,,,,,,,,,,,,,,,,,,,,,,,,,,,,,,,,,,,,,,,,,,,,,,,,,,,,,,,,,,,,,,,,,,,
http://cdo.keu.kz/content/6872/6955/20696/20696.htm,http://cdo.keu.kz/content/6872/6955/20697/20697.htm,http://cdo.keu.kz/content/6872/6955/20698/20698.htm,http://cdo.keu.kz/content/6872/6955/20699/20699.htm,http://cdo.keu.kz/content/6872/6955/20700/20700.htm,http://cdo.keu.kz/content/6872/6955/20701/20701.htm,http://cdo.keu.kz/content/6872/6955/20702/20702.htm,http://cdo.keu.kz/content/6872/6955/20703/20703.htm,http://cdo.keu.kz/content/6872/6955/20704/20704.htm,http://cdo.keu.kz/content/6872/6955/20705/20705.htm,http://cdo.keu.kz/content/6872/6955/20706/20706.htm,http://cdo.keu.kz/content/6872/6955/20707/20707.htm,http://cdo.keu.kz/content/6872/6955/20708/20708.htm,http://cdo.keu.kz/content/6872/6955/20709/20709.htm,http://cdo.keu.kz/content/6872/6955/6955.htm,http://cdo.keu.kz/content/6872/6955/lek17.09.2010.files/image001.gif,http://cdo.keu.kz/content/6872/6955/lek17.09.2010.files/image002.gif,http://cdo.keu.kz/content/6872/6955/lek17.09.2010.files/image003.gif,http://cdo.keu.kz/content/6872/6955/lek17.09.2010.files/image004.gif,http://cdo.keu.kz/content/6872/6955/lek17.09.2010.files/image005.gif,http://cdo.keu.kz/content/6872/6955/lek17.09.2010.files/image006.jpg,http://cdo.keu.kz/content/6872/6955/lek17.09.2010.files/image007.jpg,http://cdo.keu.kz/content/6872/6955/lek17.09.2010.files/image008.gif,http://cdo.keu.kz/content/6872/6955/lek17.09.2010.files/image009.jpg,http://cdo.keu.kz/content/6872/6955/lek17.09.2010.files/image010.jpg,http://cdo.keu.kz/content/6872/6955/lek17.09.2010.files/image011.jpg,http://cdo.keu.kz/content/6872/6955/lek17.09.2010.files/image012.jpg,http://cdo.keu.kz/content/6872/6955/lek17.09.2010.files/image013.jpg,http://cdo.keu.kz/content/6872/6955/lek17.09.2010.files/image014.gif,http://cdo.keu.kz/content/6872/6955/lek17.09.2010.files/image015.gif,http://cdo.keu.kz/content/6872/6955/lek17.09.2010.files/image016.jpg,http://cdo.keu.kz/content/6872/6955/lek17.09.2010.files/image017.gif,http://cdo.keu.kz/content/6872/6955/lek17.09.2010.files/image018.gif,http://cdo.keu.kz/content/6872/6955/lek17.09.2010.files/image019.gif,http://cdo.keu.kz/content/6872/6955/lek17.09.2010.files/image020.jpg,http://cdo.keu.kz/content/6872/6955/lek17.09.2010.files/image021.jpg,http://cdo.keu.kz/content/6872/6955/lek17.09.2010.files/image022.jpg,http://cdo.keu.kz/content/6872/6955/lek17.09.2010.files/image023.jpg,http://cdo.keu.kz/content/6872/6955/lek17.09.2010.files/image024.jpg,http://cdo.keu.kz/content/6872/6955/lek17.09.2010.files/image025.jpg,http://cdo.keu.kz/content/6872/6955/lek17.09.2010.files/image026.jpg,http://cdo.keu.kz/content/6872/6955/lek17.09.2010.files/image027.gif,http://cdo.keu.kz/content/6872/6955/lek17.09.2010.files/image028.jpg,http://cdo.keu.kz/content/6872/6955/lek17.09.2010.files/image029.jpg,http://cdo.keu.kz/content/6872/6955/lek17.09.2010.files/image030.gif,http://cdo.keu.kz/content/6872/6955/lek17.09.2010.files/image031.jpg,http://cdo.keu.kz/content/6872/6955/lek17.09.2010.files/image032.jpg,http://cdo.keu.kz/content/6872/6955/lek17.09.2010.files/image033.jpg,http://cdo.keu.kz/content/6872/6955/lek17.09.2010.files/image034.jpg,http://cdo.keu.kz/content/6872/6955/lek17.09.2010.files/image035.jpg,http://cdo.keu.kz/content/6872/6955/lek17.09.2010.files/image036.gif,http://cdo.keu.kz/content/6872/6955/lek17.09.2010.files/image037.jpg,http://cdo.keu.kz/content/6872/6955/lek17.09.2010.files/image038.jpg,http://cdo.keu.kz/content/6872/6955/lek17.09.2010.files/image039.jpg,http://cdo.keu.kz/content/6872/6955/lek17.09.2010.files/image040.jpg,http://cdo.keu.kz/content/6872/6955/lek17.09.2010.files/image041.jpg,http://cdo.keu.kz/content/6872/6955/lek17.09.2010.files/image042.jpg,http://cdo.keu.kz/content/6872/6955/lek17.09.2010.files/image043.jpg,http://cdo.keu.kz/content/6872/6955/lek17.09.2010.files/image044.jpg,http://cdo.keu.kz/content/6872/6955/lek17.09.2010.files/image045.jpg,http://cdo.keu.kz/content/6872/6955/lek17.09.2010.files/image046.gif,http://cdo.keu.kz/content/6872/6955/lek17.09.2010.files/image047.gif,http://cdo.keu.kz/content/6872/6955/lek17.09.2010.files/image048.gif,http://cdo.keu.kz/content/6872/6955/lek17.09.2010.files/image049.gif,http://cdo.keu.kz/content/6872/6955/lek17.09.2010.files/image050.gif,http://cdo.keu.kz/content/6872/6955/lek17.09.2010.files/image051.gif,http://cdo.keu.kz/content/6872/6955/lek17.09.2010.files/image052.gif,http://cdo.keu.kz/content/6872/6955/lek17.09.2010.files/image053.gif,http://cdo.keu.kz/content/6872/6955/lek17.09.2010.files/image054.gif,http://cdo.keu.kz/content/6872/6955/lek17.09.2010.files/image055.gif,http://cdo.keu.kz/content/6872/6955/lek17.09.2010.files/image056.gif,http://cdo.keu.kz/content/6872/6955/lek17.09.2010.files/image057.gif,http://cdo.keu.kz/content/6872/6955/lek17.09.2010.files/image058.gif,http://cdo.keu.kz/content/6872/6955/lek17.09.2010.files/image059.gif,http://cdo.keu.kz/content/6872/6955/lek17.09.2010.files/image060.gif,http://cdo.keu.kz/content/6872/6955/lek17.09.2010.files/image061.gif,http://cdo.keu.kz/content/6872/6955/lek17.09.2010.files/image062.gif,http://cdo.keu.kz/content/6872/6955/lek17.09.2010.files/image063.gif,http://cdo.keu.kz/content/6872/6955/lek17.09.2010.files/image063.jpg,http://cdo.keu.kz/content/6872/6955/lek17.09.2010.files/image064.gif,http://cdo.keu.kz/content/6872/6955/lek17.09.2010.files/image064.jpg,http://cdo.keu.kz/content/6872/6955/lek17.09.2010.files/image065.gif,http://cdo.keu.kz/content/6872/6955/lek17.09.2010.files/image066.gif,http://cdo.keu.kz/content/6872/6955/lek17.09.2010.files/image067.gif,http://cdo.keu.kz/content/6872/6955/lek17.09.2010.files/image067.jpg,http://cdo.keu.kz/content/6872/6955/lek17.09.2010.files/image068.gif,http://cdo.keu.kz/content/6872/6955/lek17.09.2010.files/image068.jpg,http://cdo.keu.kz/content/6872/6955/lek17.09.2010.files/image069.gif,http://cdo.keu.kz/content/6872/6955/lek17.09.2010.files/image070.gif,http://cdo.keu.kz/content/6872/6955/lek17.09.2010.files/image071.gif,http://cdo.keu.kz/content/6872/6955/lek17.09.2010.files/image072.gif,http://cdo.keu.kz/content/6872/6955/lek17.09.2010.files/image072.jpg,http://cdo.keu.kz/content/6872/6955/lek17.09.2010.files/image073.gif,http://cdo.keu.kz/content/6872/6955/lek17.09.2010.files/image073.jpg,http://cdo.keu.kz/content/6872/6955/lek17.09.2010.files/image074.gif,http://cdo.keu.kz/content/6872/6955/lek17.09.2010.files/image075.gif,http://cdo.keu.kz/content/6872/6955/lek17.09.2010.files/image076.gif,http://cdo.keu.kz/content/6872/6955/lek17.09.2010.files/image077.gif,http://cdo.keu.kz/content/6872/6955/lek17.09.2010.files/image078.gif,http://cdo.keu.kz/content/6872/6955/lek17.09.2010.files/image078.jpg,http://cdo.keu.kz/content/6872/6955/lek17.09.2010.files/image079.jpg,http://cdo.keu.kz/content/6872/6955/lek17.09.2010.files/image080.jpg,,,,,
http://cdo.keu.kz/content/6873/6956/2.htm,,,,,,,,,,,,,,,,,,,,,,,,,,,,,,,,,,,,,,,,,,,,,,,,,,,,,,,,,,,,,,,,,,,,,,,,,,,,,,,,,,,,,,,,,,,,,,,,,,,,,,,,,,
http://cdo.keu.kz/content/6874/6957/20710/20710.htm,http://cdo.keu.kz/content/6874/6957/20711/20711.htm,http://cdo.keu.kz/content/6874/6957/20712/20712.htm,http://cdo.keu.kz/content/6874/6957/20713/20713.htm,http://cdo.keu.kz/content/6874/6957/20714/20714.htm,http://cdo.keu.kz/content/6874/6957/20715/20715.htm,http://cdo.keu.kz/content/6874/6957/20716/20716.htm,http://cdo.keu.kz/content/6874/6957/20717/20717.htm,http://cdo.keu.kz/content/6874/6957/20718/20718.htm,http://cdo.keu.kz/content/6874/6957/20719/20719.htm,http://cdo.keu.kz/content/6874/6957/20720/20720.htm,http://cdo.keu.kz/content/6874/6957/20721/20721.htm,http://cdo.keu.kz/content/6874/6957/20722/20722.htm,http://cdo.keu.kz/content/6874/6957/20723/20723.htm,http://cdo.keu.kz/content/6874/6957/20724/20724.htm,http://cdo.keu.kz/content/6874/6957/6957.htm,http://cdo.keu.kz/content/6874/6957/lek17.09.2010.files/image001.gif,http://cdo.keu.kz/content/6874/6957/lek17.09.2010.files/image002.gif,http://cdo.keu.kz/content/6874/6957/lek17.09.2010.files/image003.gif,http://cdo.keu.kz/content/6874/6957/lek17.09.2010.files/image004.gif,http://cdo.keu.kz/content/6874/6957/lek17.09.2010.files/image005.gif,http://cdo.keu.kz/content/6874/6957/lek17.09.2010.files/image006.jpg,http://cdo.keu.kz/content/6874/6957/lek17.09.2010.files/image007.jpg,http://cdo.keu.kz/content/6874/6957/lek17.09.2010.files/image008.gif,http://cdo.keu.kz/content/6874/6957/lek17.09.2010.files/image009.jpg,http://cdo.keu.kz/content/6874/6957/lek17.09.2010.files/image010.jpg,http://cdo.keu.kz/content/6874/6957/lek17.09.2010.files/image011.jpg,http://cdo.keu.kz/content/6874/6957/lek17.09.2010.files/image012.jpg,http://cdo.keu.kz/content/6874/6957/lek17.09.2010.files/image013.jpg,http://cdo.keu.kz/content/6874/6957/lek17.09.2010.files/image014.gif,http://cdo.keu.kz/content/6874/6957/lek17.09.2010.files/image015.gif,http://cdo.keu.kz/content/6874/6957/lek17.09.2010.files/image016.jpg,http://cdo.keu.kz/content/6874/6957/lek17.09.2010.files/image017.gif,http://cdo.keu.kz/content/6874/6957/lek17.09.2010.files/image018.gif,http://cdo.keu.kz/content/6874/6957/lek17.09.2010.files/image019.gif,http://cdo.keu.kz/content/6874/6957/lek17.09.2010.files/image020.jpg,http://cdo.keu.kz/content/6874/6957/lek17.09.2010.files/image021.jpg,http://cdo.keu.kz/content/6874/6957/lek17.09.2010.files/image022.jpg,http://cdo.keu.kz/content/6874/6957/lek17.09.2010.files/image023.jpg,http://cdo.keu.kz/content/6874/6957/lek17.09.2010.files/image024.jpg,http://cdo.keu.kz/content/6874/6957/lek17.09.2010.files/image025.jpg,http://cdo.keu.kz/content/6874/6957/lek17.09.2010.files/image026.jpg,http://cdo.keu.kz/content/6874/6957/lek17.09.2010.files/image027.gif,http://cdo.keu.kz/content/6874/6957/lek17.09.2010.files/image028.jpg,http://cdo.keu.kz/content/6874/6957/lek17.09.2010.files/image029.jpg,http://cdo.keu.kz/content/6874/6957/lek17.09.2010.files/image030.gif,http://cdo.keu.kz/content/6874/6957/lek17.09.2010.files/image031.jpg,http://cdo.keu.kz/content/6874/6957/lek17.09.2010.files/image032.jpg,http://cdo.keu.kz/content/6874/6957/lek17.09.2010.files/image033.jpg,http://cdo.keu.kz/content/6874/6957/lek17.09.2010.files/image034.jpg,http://cdo.keu.kz/content/6874/6957/lek17.09.2010.files/image035.jpg,http://cdo.keu.kz/content/6874/6957/lek17.09.2010.files/image036.gif,http://cdo.keu.kz/content/6874/6957/lek17.09.2010.files/image037.jpg,http://cdo.keu.kz/content/6874/6957/lek17.09.2010.files/image038.jpg,http://cdo.keu.kz/content/6874/6957/lek17.09.2010.files/image039.jpg,http://cdo.keu.kz/content/6874/6957/lek17.09.2010.files/image040.jpg,http://cdo.keu.kz/content/6874/6957/lek17.09.2010.files/image041.jpg,http://cdo.keu.kz/content/6874/6957/lek17.09.2010.files/image042.jpg,http://cdo.keu.kz/content/6874/6957/lek17.09.2010.files/image043.jpg,http://cdo.keu.kz/content/6874/6957/lek17.09.2010.files/image044.jpg,http://cdo.keu.kz/content/6874/6957/lek17.09.2010.files/image045.jpg,http://cdo.keu.kz/content/6874/6957/lek17.09.2010.files/image046.gif,http://cdo.keu.kz/content/6874/6957/lek17.09.2010.files/image047.gif,http://cdo.keu.kz/content/6874/6957/lek17.09.2010.files/image048.gif,http://cdo.keu.kz/content/6874/6957/lek17.09.2010.files/image049.gif,http://cdo.keu.kz/content/6874/6957/lek17.09.2010.files/image050.gif,http://cdo.keu.kz/content/6874/6957/lek17.09.2010.files/image051.gif,http://cdo.keu.kz/content/6874/6957/lek17.09.2010.files/image052.gif,http://cdo.keu.kz/content/6874/6957/lek17.09.2010.files/image053.gif,http://cdo.keu.kz/content/6874/6957/lek17.09.2010.files/image054.gif,http://cdo.keu.kz/content/6874/6957/lek17.09.2010.files/image055.gif,http://cdo.keu.kz/content/6874/6957/lek17.09.2010.files/image056.gif,http://cdo.keu.kz/content/6874/6957/lek17.09.2010.files/image057.gif,http://cdo.keu.kz/content/6874/6957/lek17.09.2010.files/image058.gif,http://cdo.keu.kz/content/6874/6957/lek17.09.2010.files/image059.gif,http://cdo.keu.kz/content/6874/6957/lek17.09.2010.files/image060.gif,http://cdo.keu.kz/content/6874/6957/lek17.09.2010.files/image061.gif,http://cdo.keu.kz/content/6874/6957/lek17.09.2010.files/image062.gif,http://cdo.keu.kz/content/6874/6957/lek17.09.2010.files/image063.gif,http://cdo.keu.kz/content/6874/6957/lek17.09.2010.files/image063.jpg,http://cdo.keu.kz/content/6874/6957/lek17.09.2010.files/image064.gif,http://cdo.keu.kz/content/6874/6957/lek17.09.2010.files/image064.jpg,http://cdo.keu.kz/content/6874/6957/lek17.09.2010.files/image065.gif,http://cdo.keu.kz/content/6874/6957/lek17.09.2010.files/image066.gif,http://cdo.keu.kz/content/6874/6957/lek17.09.2010.files/image067.gif,http://cdo.keu.kz/content/6874/6957/lek17.09.2010.files/image067.jpg,http://cdo.keu.kz/content/6874/6957/lek17.09.2010.files/image068.gif,http://cdo.keu.kz/content/6874/6957/lek17.09.2010.files/image068.jpg,http://cdo.keu.kz/content/6874/6957/lek17.09.2010.files/image069.gif,http://cdo.keu.kz/content/6874/6957/lek17.09.2010.files/image070.gif,http://cdo.keu.kz/content/6874/6957/lek17.09.2010.files/image071.gif,http://cdo.keu.kz/content/6874/6957/lek17.09.2010.files/image072.gif,http://cdo.keu.kz/content/6874/6957/lek17.09.2010.files/image072.jpg,http://cdo.keu.kz/content/6874/6957/lek17.09.2010.files/image073.gif,http://cdo.keu.kz/content/6874/6957/lek17.09.2010.files/image073.jpg,http://cdo.keu.kz/content/6874/6957/lek17.09.2010.files/image074.gif,http://cdo.keu.kz/content/6874/6957/lek17.09.2010.files/image075.gif,http://cdo.keu.kz/content/6874/6957/lek17.09.2010.files/image076.gif,http://cdo.keu.kz/content/6874/6957/lek17.09.2010.files/image077.gif,http://cdo.keu.kz/content/6874/6957/lek17.09.2010.files/image078.gif,http://cdo.keu.kz/content/6874/6957/lek17.09.2010.files/image078.jpg,http://cdo.keu.kz/content/6874/6957/lek17.09.2010.files/image079.jpg,http://cdo.keu.kz/content/6874/6957/lek17.09.2010.files/image080.jpg,,,,
http://cdo.keu.kz/content/6875/6958/it.htm,,,,,,,,,,,,,,,,,,,,,,,,,,,,,,,,,,,,,,,,,,,,,,,,,,,,,,,,,,,,,,,,,,,,,,,,,,,,,,,,,,,,,,,,,,,,,,,,,,,,,,,,,,
http://cdo.keu.kz/content/6876/6959/20725/20725.htm,http://cdo.keu.kz/content/6876/6959/20726/20726.htm,http://cdo.keu.kz/content/6876/6959/20727/20727.htm,http://cdo.keu.kz/content/6876/6959/20728/20728.htm,http://cdo.keu.kz/content/6876/6959/20729/20729.htm,http://cdo.keu.kz/content/6876/6959/20730/20730.htm,http://cdo.keu.kz/content/6876/6959/20731/20731.htm,http://cdo.keu.kz/content/6876/6959/20732/20732.htm,http://cdo.keu.kz/content/6876/6959/20733/20733.htm,http://cdo.keu.kz/content/6876/6959/20734/20734.htm,http://cdo.keu.kz/content/6876/6959/20735/20735.htm,http://cdo.keu.kz/content/6876/6959/20736/20736.htm,http://cdo.keu.kz/content/6876/6959/20737/20737.htm,http://cdo.keu.kz/content/6876/6959/20738/20738.htm,http://cdo.keu.kz/content/6876/6959/20739/20739.htm,http://cdo.keu.kz/content/6876/6959/6959.htm,http://cdo.keu.kz/content/6876/6959/lek.files/image001.gif,http://cdo.keu.kz/content/6876/6959/lek.files/image002.gif,,,,,,,,,,,,,,,,,,,,,,,,,,,,,,,,,,,,,,,,,,,,,,,,,,,,,,,,,,,,,,,,,,,,,,,,,,,,,,,,,,,,,,,,,
http://cdo.keu.kz/content/6877/6960/1Rub17.09.2010.files/colorschememapping.xml,http://cdo.keu.kz/content/6877/6960/1Rub17.09.2010.files/filelist.xml,http://cdo.keu.kz/content/6877/6960/1Rub17.09.2010.files/themedata.thmx,http://cdo.keu.kz/content/6877/6960/1Rub17.09.2010.htm,,,,,,,,,,,,,,,,,,,,,,,,,,,,,,,,,,,,,,,,,,,,,,,,,,,,,,,,,,,,,,,,,,,,,,,,,,,,,,,,,,,,,,,,,,,,,,,,,,,,,,,
http://cdo.keu.kz/content/6878/6961/2Rrub17.09.2010.files/colorschememapping.xml,http://cdo.keu.kz/content/6878/6961/2Rrub17.09.2010.files/filelist.xml,http://cdo.keu.kz/content/6878/6961/2Rrub17.09.2010.files/themedata.thmx,http://cdo.keu.kz/content/6878/6961/2Rrub17.09.2010.htm,,,,,,,,,,,,,,,,,,,,,,,,,,,,,,,,,,,,,,,,,,,,,,,,,,,,,,,,,,,,,,,,,,,,,,,,,,,,,,,,,,,,,,,,,,,,,,,,,,,,,,,
http://cdo.keu.kz/content/6879/6962/%d1%921.htm,,,,,,,,,,,,,,,,,,,,,,,,,,,,,,,,,,,,,,,,,,,,,,,,,,,,,,,,,,,,,,,,,,,,,,,,,,,,,,,,,,,,,,,,,,,,,,,,,,,,,,,,,,
http://cdo.keu.kz/content/6880/6963/itog17.09.2010.files/colorschememapping.xml,http://cdo.keu.kz/content/6880/6963/itog17.09.2010.files/filelist.xml,http://cdo.keu.kz/content/6880/6963/itog17.09.2010.files/themedata.thmx,http://cdo.keu.kz/content/6880/6963/itog17.09.2010.htm,,,,,,,,,,,,,,,,,,,,,,,,,,,,,,,,,,,,,,,,,,,,,,,,,,,,,,,,,,,,,,,,,,,,,,,,,,,,,,,,,,,,,,,,,,,,,,,,,,,,,,,
http://cdo.keu.kz/content/6881/6964/%d1%921.htm,,,,,,,,,,,,,,,,,,,,,,,,,,,,,,,,,,,,,,,,,,,,,,,,,,,,,,,,,,,,,,,,,,,,,,,,,,,,,,,,,,,,,,,,,,,,,,,,,,,,,,,,,,
http://cdo.keu.kz/content/6882/6965/P2.htm,,,,,,,,,,,,,,,,,,,,,,,,,,,,,,,,,,,,,,,,,,,,,,,,,,,,,,,,,,,,,,,,,,,,,,,,,,,,,,,,,,,,,,,,,,,,,,,,,,,,,,,,,,
http://cdo.keu.kz/content/6883/6966/q.htm,,,,,,,,,,,,,,,,,,,,,,,,,,,,,,,,,,,,,,,,,,,,,,,,,,,,,,,,,,,,,,,,,,,,,,,,,,,,,,,,,,,,,,,,,,,,,,,,,,,,,,,,,,
http://cdo.keu.kz/content/6884/6967/q.htm,,,,,,,,,,,,,,,,,,,,,,,,,,,,,,,,,,,,,,,,,,,,,,,,,,,,,,,,,,,,,,,,,,,,,,,,,,,,,,,,,,,,,,,,,,,,,,,,,,,,,,,,,,
http://cdo.keu.kz/content/6885/6968/20740/20740.htm,http://cdo.keu.kz/content/6885/6968/20741/20741.htm,http://cdo.keu.kz/content/6885/6968/20742/20742.htm,http://cdo.keu.kz/content/6885/6968/20743/20743.htm,http://cdo.keu.kz/content/6885/6968/20744/20744.htm,http://cdo.keu.kz/content/6885/6968/20745/20745.htm,http://cdo.keu.kz/content/6885/6968/20746/20746.htm,http://cdo.keu.kz/content/6885/6968/20747/20747.htm,http://cdo.keu.kz/content/6885/6968/20748/20748.htm,http://cdo.keu.kz/content/6885/6968/20749/20749.htm,http://cdo.keu.kz/content/6885/6968/20750/20750.htm,http://cdo.keu.kz/content/6885/6968/20751/20751.htm,http://cdo.keu.kz/content/6885/6968/20752/20752.htm,http://cdo.keu.kz/content/6885/6968/20753/20753.htm,http://cdo.keu.kz/content/6885/6968/20754/20754.htm,http://cdo.keu.kz/content/6885/6968/20755/20755.htm,http://cdo.keu.kz/content/6885/6968/6968.htm,http://cdo.keu.kz/content/6885/6968/lek17.09.2010.files/image001.gif,http://cdo.keu.kz/content/6885/6968/lek17.09.2010.files/image002.gif,http://cdo.keu.kz/content/6885/6968/lek17.09.2010.files/image003.gif,http://cdo.keu.kz/content/6885/6968/lek17.09.2010.files/image004.gif,http://cdo.keu.kz/content/6885/6968/lek17.09.2010.files/image005.gif,http://cdo.keu.kz/content/6885/6968/lek17.09.2010.files/image006.gif,http://cdo.keu.kz/content/6885/6968/lek17.09.2010.files/image007.gif,http://cdo.keu.kz/content/6885/6968/lek17.09.2010.files/image008.gif,http://cdo.keu.kz/content/6885/6968/lek17.09.2010.files/image009.gif,http://cdo.keu.kz/content/6885/6968/lek17.09.2010.files/image010.gif,http://cdo.keu.kz/content/6885/6968/lek17.09.2010.files/image011.gif,,,,,,,,,,,,,,,,,,,,,,,,,,,,,,,,,,,,,,,,,,,,,,,,,,,,,,,,,,,,,,,,,,,,,,,,,,,,,,,
http://cdo.keu.kz/content/6886/6969/20756/20756.htm,http://cdo.keu.kz/content/6886/6969/20757/20757.htm,http://cdo.keu.kz/content/6886/6969/20758/20758.htm,http://cdo.keu.kz/content/6886/6969/20759/20759.htm,http://cdo.keu.kz/content/6886/6969/20760/20760.htm,http://cdo.keu.kz/content/6886/6969/20761/20761.htm,http://cdo.keu.kz/content/6886/6969/20762/20762.htm,http://cdo.keu.kz/content/6886/6969/20763/20763.htm,http://cdo.keu.kz/content/6886/6969/20764/20764.htm,http://cdo.keu.kz/content/6886/6969/20765/20765.htm,http://cdo.keu.kz/content/6886/6969/20766/20766.htm,http://cdo.keu.kz/content/6886/6969/20767/20767.htm,http://cdo.keu.kz/content/6886/6969/20768/20768.htm,http://cdo.keu.kz/content/6886/6969/20769/20769.htm,http://cdo.keu.kz/content/6886/6969/20770/20770.htm,http://cdo.keu.kz/content/6886/6969/6969.htm,,,,,,,,,,,,,,,,,,,,,,,,,,,,,,,,,,,,,,,,,,,,,,,,,,,,,,,,,,,,,,,,,,,,,,,,,,,,,,,,,,,,,,,,,,,
http://cdo.keu.kz/content/6887/6970/20771/20771.htm,http://cdo.keu.kz/content/6887/6970/20772/20772.htm,http://cdo.keu.kz/content/6887/6970/20773/20773.htm,http://cdo.keu.kz/content/6887/6970/20774/20774.htm,http://cdo.keu.kz/content/6887/6970/20775/20775.htm,http://cdo.keu.kz/content/6887/6970/20776/20776.htm,http://cdo.keu.kz/content/6887/6970/6970.htm,,,,,,,,,,,,,,,,,,,,,,,,,,,,,,,,,,,,,,,,,,,,,,,,,,,,,,,,,,,,,,,,,,,,,,,,,,,,,,,,,,,,,,,,,,,,,,,,,,,,
http://cdo.keu.kz/content/6888/6971/1.files/filelist.xml,http://cdo.keu.kz/content/6888/6971/1.files/image001.wmz,http://cdo.keu.kz/content/6888/6971/1.files/image002.gif,http://cdo.keu.kz/content/6888/6971/1.files/image003.wmz,http://cdo.keu.kz/content/6888/6971/1.files/image004.gif,http://cdo.keu.kz/content/6888/6971/1.files/oledata.mso,http://cdo.keu.kz/content/6888/6971/1.htm,,,,,,,,,,,,,,,,,,,,,,,,,,,,,,,,,,,,,,,,,,,,,,,,,,,,,,,,,,,,,,,,,,,,,,,,,,,,,,,,,,,,,,,,,,,,,,,,,,,,
http://cdo.keu.kz/content/6889/6972/1rub.htm,,,,,,,,,,,,,,,,,,,,,,,,,,,,,,,,,,,,,,,,,,,,,,,,,,,,,,,,,,,,,,,,,,,,,,,,,,,,,,,,,,,,,,,,,,,,,,,,,,,,,,,,,,
http://cdo.keu.kz/content/6890/6973/1.files/filelist.xml,http://cdo.keu.kz/content/6890/6973/1.files/image001.wmz,http://cdo.keu.kz/content/6890/6973/1.files/image002.gif,http://cdo.keu.kz/content/6890/6973/1.files/image003.wmz,http://cdo.keu.kz/content/6890/6973/1.files/image004.gif,http://cdo.keu.kz/content/6890/6973/1.files/oledata.mso,http://cdo.keu.kz/content/6890/6973/1.htm,,,,,,,,,,,,,,,,,,,,,,,,,,,,,,,,,,,,,,,,,,,,,,,,,,,,,,,,,,,,,,,,,,,,,,,,,,,,,,,,,,,,,,,,,,,,,,,,,,,,
http://cdo.keu.kz/content/6891/6974/2.htm,,,,,,,,,,,,,,,,,,,,,,,,,,,,,,,,,,,,,,,,,,,,,,,,,,,,,,,,,,,,,,,,,,,,,,,,,,,,,,,,,,,,,,,,,,,,,,,,,,,,,,,,,,
http://cdo.keu.kz/content/6892/6975/1rub.htm,,,,,,,,,,,,,,,,,,,,,,,,,,,,,,,,,,,,,,,,,,,,,,,,,,,,,,,,,,,,,,,,,,,,,,,,,,,,,,,,,,,,,,,,,,,,,,,,,,,,,,,,,,
http://cdo.keu.kz/content/6893/6976/2rub.htm,,,,,,,,,,,,,,,,,,,,,,,,,,,,,,,,,,,,,,,,,,,,,,,,,,,,,,,,,,,,,,,,,,,,,,,,,,,,,,,,,,,,,,,,,,,,,,,,,,,,,,,,,,
http://cdo.keu.kz/content/6894/6977/20777/20777.htm,http://cdo.keu.kz/content/6894/6977/20778/20778.htm,http://cdo.keu.kz/content/6894/6977/20779/20779.htm,http://cdo.keu.kz/content/6894/6977/20780/20780.htm,http://cdo.keu.kz/content/6894/6977/20781/20781.htm,http://cdo.keu.kz/content/6894/6977/20782/20782.htm,http://cdo.keu.kz/content/6894/6977/20783/20783.htm,http://cdo.keu.kz/content/6894/6977/20784/20784.htm,http://cdo.keu.kz/content/6894/6977/20785/20785.htm,http://cdo.keu.kz/content/6894/6977/20786/20786.htm,http://cdo.keu.kz/content/6894/6977/20787/20787.htm,http://cdo.keu.kz/content/6894/6977/20788/20788.htm,http://cdo.keu.kz/content/6894/6977/20789/20789.htm,http://cdo.keu.kz/content/6894/6977/20790/20790.htm,http://cdo.keu.kz/content/6894/6977/20791/20791.htm,http://cdo.keu.kz/content/6894/6977/6977.htm,http://cdo.keu.kz/content/6894/6977/lek17.09.2010.files/image001.gif,http://cdo.keu.kz/content/6894/6977/lek17.09.2010.files/image002.gif,http://cdo.keu.kz/content/6894/6977/lek17.09.2010.files/image003.gif,http://cdo.keu.kz/content/6894/6977/lek17.09.2010.files/image004.gif,http://cdo.keu.kz/content/6894/6977/lek17.09.2010.files/image005.gif,http://cdo.keu.kz/content/6894/6977/lek17.09.2010.files/image006.gif,http://cdo.keu.kz/content/6894/6977/lek17.09.2010.files/image007.gif,http://cdo.keu.kz/content/6894/6977/lek17.09.2010.files/image008.gif,http://cdo.keu.kz/content/6894/6977/lek17.09.2010.files/image009.gif,http://cdo.keu.kz/content/6894/6977/lek17.09.2010.files/image010.gif,http://cdo.keu.kz/content/6894/6977/lek17.09.2010.files/image011.gif,http://cdo.keu.kz/content/6894/6977/lek17.09.2010.files/image012.gif,http://cdo.keu.kz/content/6894/6977/lek17.09.2010.files/image013.gif,http://cdo.keu.kz/content/6894/6977/lek17.09.2010.files/image014.gif,http://cdo.keu.kz/content/6894/6977/lek17.09.2010.files/image015.gif,http://cdo.keu.kz/content/6894/6977/lek17.09.2010.files/image016.gif,http://cdo.keu.kz/content/6894/6977/lek17.09.2010.files/image017.gif,http://cdo.keu.kz/content/6894/6977/lek17.09.2010.files/image018.gif,http://cdo.keu.kz/content/6894/6977/lek17.09.2010.files/image019.gif,http://cdo.keu.kz/content/6894/6977/lek17.09.2010.files/image020.gif,http://cdo.keu.kz/content/6894/6977/lek17.09.2010.files/image021.gif,http://cdo.keu.kz/content/6894/6977/lek17.09.2010.files/image022.gif,http://cdo.keu.kz/content/6894/6977/lek17.09.2010.files/image023.gif,http://cdo.keu.kz/content/6894/6977/lek17.09.2010.files/image024.gif,http://cdo.keu.kz/content/6894/6977/lek17.09.2010.files/image025.jpg,http://cdo.keu.kz/content/6894/6977/lek17.09.2010.files/image026.jpg,http://cdo.keu.kz/content/6894/6977/lek17.09.2010.files/image027.gif,http://cdo.keu.kz/content/6894/6977/lek17.09.2010.files/image028.gif,http://cdo.keu.kz/content/6894/6977/lek17.09.2010.files/image029.gif,http://cdo.keu.kz/content/6894/6977/lek17.09.2010.files/image030.gif,http://cdo.keu.kz/content/6894/6977/lek17.09.2010.files/image031.gif,http://cdo.keu.kz/content/6894/6977/lek17.09.2010.files/image032.gif,http://cdo.keu.kz/content/6894/6977/lek17.09.2010.files/image033.gif,http://cdo.keu.kz/content/6894/6977/lek17.09.2010.files/image034.gif,http://cdo.keu.kz/content/6894/6977/lek17.09.2010.files/image035.gif,http://cdo.keu.kz/content/6894/6977/lek17.09.2010.files/image036.gif,http://cdo.keu.kz/content/6894/6977/lek17.09.2010.files/image037.gif,,,,,,,,,,,,,,,,,,,,,,,,,,,,,,,,,,,,,,,,,,,,,,,,,,,,,,
http://cdo.keu.kz/content/6895/6978/20792/20792.htm,http://cdo.keu.kz/content/6895/6978/20793/20793.htm,http://cdo.keu.kz/content/6895/6978/20794/20794.htm,http://cdo.keu.kz/content/6895/6978/20795/20795.htm,http://cdo.keu.kz/content/6895/6978/20796/20796.htm,http://cdo.keu.kz/content/6895/6978/20797/20797.htm,http://cdo.keu.kz/content/6895/6978/20798/20798.htm,http://cdo.keu.kz/content/6895/6978/20799/20799.htm,http://cdo.keu.kz/content/6895/6978/20800/20800.htm,http://cdo.keu.kz/content/6895/6978/20801/20801.htm,http://cdo.keu.kz/content/6895/6978/20802/20802.htm,http://cdo.keu.kz/content/6895/6978/20803/20803.htm,http://cdo.keu.kz/content/6895/6978/20804/20804.htm,http://cdo.keu.kz/content/6895/6978/20805/20805.htm,http://cdo.keu.kz/content/6895/6978/20806/20806.htm,http://cdo.keu.kz/content/6895/6978/6978.htm,,,,,,,,,,,,,,,,,,,,,,,,,,,,,,,,,,,,,,,,,,,,,,,,,,,,,,,,,,,,,,,,,,,,,,,,,,,,,,,,,,,,,,,,,,,
http://cdo.keu.kz/content/6896/6979/2rub.htm,,,,,,,,,,,,,,,,,,,,,,,,,,,,,,,,,,,,,,,,,,,,,,,,,,,,,,,,,,,,,,,,,,,,,,,,,,,,,,,,,,,,,,,,,,,,,,,,,,,,,,,,,,
http://cdo.keu.kz/content/6897/6980/1rub17.09.2010.files/colorschememapping.xml,http://cdo.keu.kz/content/6897/6980/1rub17.09.2010.files/filelist.xml,http://cdo.keu.kz/content/6897/6980/1rub17.09.2010.files/themedata.thmx,http://cdo.keu.kz/content/6897/6980/1rub17.09.2010.htm,,,,,,,,,,,,,,,,,,,,,,,,,,,,,,,,,,,,,,,,,,,,,,,,,,,,,,,,,,,,,,,,,,,,,,,,,,,,,,,,,,,,,,,,,,,,,,,,,,,,,,,
http://cdo.keu.kz/content/6898/6981/2rub17.09.2010.files/colorschememapping.xml,http://cdo.keu.kz/content/6898/6981/2rub17.09.2010.files/filelist.xml,http://cdo.keu.kz/content/6898/6981/2rub17.09.2010.files/themedata.thmx,http://cdo.keu.kz/content/6898/6981/2rub17.09.2010.htm,,,,,,,,,,,,,,,,,,,,,,,,,,,,,,,,,,,,,,,,,,,,,,,,,,,,,,,,,,,,,,,,,,,,,,,,,,,,,,,,,,,,,,,,,,,,,,,,,,,,,,,
http://cdo.keu.kz/content/6899/6982/itog17.09.2010.files/colorschememapping.xml,http://cdo.keu.kz/content/6899/6982/itog17.09.2010.files/filelist.xml,http://cdo.keu.kz/content/6899/6982/itog17.09.2010.files/themedata.thmx,http://cdo.keu.kz/content/6899/6982/itog17.09.2010.htm,,,,,,,,,,,,,,,,,,,,,,,,,,,,,,,,,,,,,,,,,,,,,,,,,,,,,,,,,,,,,,,,,,,,,,,,,,,,,,,,,,,,,,,,,,,,,,,,,,,,,,,
http://cdo.keu.kz/content/6900/6983/itog.htm,,,,,,,,,,,,,,,,,,,,,,,,,,,,,,,,,,,,,,,,,,,,,,,,,,,,,,,,,,,,,,,,,,,,,,,,,,,,,,,,,,,,,,,,,,,,,,,,,,,,,,,,,,
