0,1,2,3,4,5,6,7,8,9,10,11,12,13,14,15,16,17,18,19,20,21,22,23,24,25,26,27,28,29,30,31,32,33,34,35,36,37,38,39,40,41,42,43,44,45,46,47,48,49,50,51,52,53,54,55,56,57,58,59,60,61,62,63,64,65,66,67,68,69,70,71,72,73,74,75,76,77,78,79,80,81,82,83,84,85,86,87,88,89,90,91,92,93,94,95
http://cdo.keu.kz/content/7301/7384/1rub.htm,,,,,,,,,,,,,,,,,,,,,,,,,,,,,,,,,,,,,,,,,,,,,,,,,,,,,,,,,,,,,,,,,,,,,,,,,,,,,,,,,,,,,,,,,,,,,,,
http://cdo.keu.kz/content/7302/7385/2rub.htm,,,,,,,,,,,,,,,,,,,,,,,,,,,,,,,,,,,,,,,,,,,,,,,,,,,,,,,,,,,,,,,,,,,,,,,,,,,,,,,,,,,,,,,,,,,,,,,
http://cdo.keu.kz/content/7303/7386/itog.htm,,,,,,,,,,,,,,,,,,,,,,,,,,,,,,,,,,,,,,,,,,,,,,,,,,,,,,,,,,,,,,,,,,,,,,,,,,,,,,,,,,,,,,,,,,,,,,,
http://cdo.keu.kz/content/7304/7387/1rub27.09.2010.files/colorschememapping.xml,http://cdo.keu.kz/content/7304/7387/1rub27.09.2010.files/filelist.xml,http://cdo.keu.kz/content/7304/7387/1rub27.09.2010.files/themedata.thmx,http://cdo.keu.kz/content/7304/7387/1rub27.09.2010.htm,,,,,,,,,,,,,,,,,,,,,,,,,,,,,,,,,,,,,,,,,,,,,,,,,,,,,,,,,,,,,,,,,,,,,,,,,,,,,,,,,,,,,,,,,,,,
http://cdo.keu.kz/content/7305/7388/2rub27.09.2010.files/colorschememapping.xml,http://cdo.keu.kz/content/7305/7388/2rub27.09.2010.files/filelist.xml,http://cdo.keu.kz/content/7305/7388/2rub27.09.2010.files/themedata.thmx,http://cdo.keu.kz/content/7305/7388/2rub27.09.2010.htm,,,,,,,,,,,,,,,,,,,,,,,,,,,,,,,,,,,,,,,,,,,,,,,,,,,,,,,,,,,,,,,,,,,,,,,,,,,,,,,,,,,,,,,,,,,,
http://cdo.keu.kz/content/7306/7389/22113/22113.htm,http://cdo.keu.kz/content/7306/7389/22114/22114.htm,http://cdo.keu.kz/content/7306/7389/22115/22115.htm,http://cdo.keu.kz/content/7306/7389/22116/22116.htm,http://cdo.keu.kz/content/7306/7389/22117/22117.htm,http://cdo.keu.kz/content/7306/7389/22118/22118.htm,http://cdo.keu.kz/content/7306/7389/22119/22119.htm,http://cdo.keu.kz/content/7306/7389/22120/22120.htm,http://cdo.keu.kz/content/7306/7389/22121/22121.htm,http://cdo.keu.kz/content/7306/7389/22122/22122.htm,http://cdo.keu.kz/content/7306/7389/7389.htm,,,,,,,,,,,,,,,,,,,,,,,,,,,,,,,,,,,,,,,,,,,,,,,,,,,,,,,,,,,,,,,,,,,,,,,,,,,,,,,,,,,,,
http://cdo.keu.kz/content/7307/7390/1.htm,,,,,,,,,,,,,,,,,,,,,,,,,,,,,,,,,,,,,,,,,,,,,,,,,,,,,,,,,,,,,,,,,,,,,,,,,,,,,,,,,,,,,,,,,,,,,,,
http://cdo.keu.kz/content/7308/7391/1rub28.09.2010.files/colorschememapping.xml,http://cdo.keu.kz/content/7308/7391/1rub28.09.2010.files/filelist.xml,http://cdo.keu.kz/content/7308/7391/1rub28.09.2010.files/themedata.thmx,http://cdo.keu.kz/content/7308/7391/1rub28.09.2010.htm,,,,,,,,,,,,,,,,,,,,,,,,,,,,,,,,,,,,,,,,,,,,,,,,,,,,,,,,,,,,,,,,,,,,,,,,,,,,,,,,,,,,,,,,,,,,
http://cdo.keu.kz/content/7309/7392/2rub28.09.2010.files/colorschememapping.xml,http://cdo.keu.kz/content/7309/7392/2rub28.09.2010.files/filelist.xml,http://cdo.keu.kz/content/7309/7392/2rub28.09.2010.files/themedata.thmx,http://cdo.keu.kz/content/7309/7392/2rub28.09.2010.htm,,,,,,,,,,,,,,,,,,,,,,,,,,,,,,,,,,,,,,,,,,,,,,,,,,,,,,,,,,,,,,,,,,,,,,,,,,,,,,,,,,,,,,,,,,,,
http://cdo.keu.kz/content/7310/7393/2.htm,,,,,,,,,,,,,,,,,,,,,,,,,,,,,,,,,,,,,,,,,,,,,,,,,,,,,,,,,,,,,,,,,,,,,,,,,,,,,,,,,,,,,,,,,,,,,,,
http://cdo.keu.kz/content/7311/7394/itog28.09.2010.files/colorschememapping.xml,http://cdo.keu.kz/content/7311/7394/itog28.09.2010.files/filelist.xml,http://cdo.keu.kz/content/7311/7394/itog28.09.2010.files/themedata.thmx,http://cdo.keu.kz/content/7311/7394/itog28.09.2010.htm,,,,,,,,,,,,,,,,,,,,,,,,,,,,,,,,,,,,,,,,,,,,,,,,,,,,,,,,,,,,,,,,,,,,,,,,,,,,,,,,,,,,,,,,,,,,
http://cdo.keu.kz/content/7312/7395/it.htm,,,,,,,,,,,,,,,,,,,,,,,,,,,,,,,,,,,,,,,,,,,,,,,,,,,,,,,,,,,,,,,,,,,,,,,,,,,,,,,,,,,,,,,,,,,,,,,
http://cdo.keu.kz/content/7313/7396/22123/22123.htm,http://cdo.keu.kz/content/7313/7396/22124/22124.htm,http://cdo.keu.kz/content/7313/7396/22125/22125.htm,http://cdo.keu.kz/content/7313/7396/22126/22126.htm,http://cdo.keu.kz/content/7313/7396/22127/22127.htm,http://cdo.keu.kz/content/7313/7396/22128/22128.htm,http://cdo.keu.kz/content/7313/7396/22129/22129.htm,http://cdo.keu.kz/content/7313/7396/22130/22130.htm,http://cdo.keu.kz/content/7313/7396/22131/22131.htm,http://cdo.keu.kz/content/7313/7396/22132/22132.htm,http://cdo.keu.kz/content/7313/7396/22133/22133.htm,http://cdo.keu.kz/content/7313/7396/22134/22134.htm,http://cdo.keu.kz/content/7313/7396/22135/22135.htm,http://cdo.keu.kz/content/7313/7396/22136/22136.htm,http://cdo.keu.kz/content/7313/7396/22137/22137.htm,http://cdo.keu.kz/content/7313/7396/7396.htm,http://cdo.keu.kz/content/7313/7396/lek27.09.2010.files/image001.gif,http://cdo.keu.kz/content/7313/7396/lek27.09.2010.files/image002.gif,http://cdo.keu.kz/content/7313/7396/lek27.09.2010.files/image003.gif,http://cdo.keu.kz/content/7313/7396/lek27.09.2010.files/image004.gif,http://cdo.keu.kz/content/7313/7396/lek27.09.2010.files/image005.gif,http://cdo.keu.kz/content/7313/7396/lek27.09.2010.files/image006.gif,http://cdo.keu.kz/content/7313/7396/lek27.09.2010.files/image007.gif,http://cdo.keu.kz/content/7313/7396/lek27.09.2010.files/image008.gif,http://cdo.keu.kz/content/7313/7396/lek27.09.2010.files/image009.gif,http://cdo.keu.kz/content/7313/7396/lek27.09.2010.files/image010.gif,http://cdo.keu.kz/content/7313/7396/lek27.09.2010.files/image011.gif,http://cdo.keu.kz/content/7313/7396/lek27.09.2010.files/image012.gif,http://cdo.keu.kz/content/7313/7396/lek27.09.2010.files/image013.gif,http://cdo.keu.kz/content/7313/7396/lek27.09.2010.files/image014.gif,http://cdo.keu.kz/content/7313/7396/lek27.09.2010.files/image015.gif,http://cdo.keu.kz/content/7313/7396/lek27.09.2010.files/image016.gif,http://cdo.keu.kz/content/7313/7396/lek27.09.2010.files/image017.gif,http://cdo.keu.kz/content/7313/7396/lek27.09.2010.files/image018.gif,http://cdo.keu.kz/content/7313/7396/lek27.09.2010.files/image019.gif,http://cdo.keu.kz/content/7313/7396/lek27.09.2010.files/image020.gif,http://cdo.keu.kz/content/7313/7396/lek27.09.2010.files/image021.gif,http://cdo.keu.kz/content/7313/7396/lek27.09.2010.files/image022.gif,http://cdo.keu.kz/content/7313/7396/lek27.09.2010.files/image023.gif,http://cdo.keu.kz/content/7313/7396/lek27.09.2010.files/image024.gif,,,,,,,,,,,,,,,,,,,,,,,,,,,,,,,,,,,,,,,,,,,,,,,,,,,,,,,,
http://cdo.keu.kz/content/7314/7397/1rub28.09.2010.files/colorschememapping.xml,http://cdo.keu.kz/content/7314/7397/1rub28.09.2010.files/filelist.xml,http://cdo.keu.kz/content/7314/7397/1rub28.09.2010.files/themedata.thmx,http://cdo.keu.kz/content/7314/7397/1rub28.09.2010.htm,,,,,,,,,,,,,,,,,,,,,,,,,,,,,,,,,,,,,,,,,,,,,,,,,,,,,,,,,,,,,,,,,,,,,,,,,,,,,,,,,,,,,,,,,,,,
http://cdo.keu.kz/content/7315/7398/2rub28.09.2010.files/colorschememapping.xml,http://cdo.keu.kz/content/7315/7398/2rub28.09.2010.files/filelist.xml,http://cdo.keu.kz/content/7315/7398/2rub28.09.2010.files/themedata.thmx,http://cdo.keu.kz/content/7315/7398/2rub28.09.2010.htm,,,,,,,,,,,,,,,,,,,,,,,,,,,,,,,,,,,,,,,,,,,,,,,,,,,,,,,,,,,,,,,,,,,,,,,,,,,,,,,,,,,,,,,,,,,,
http://cdo.keu.kz/content/7316/7399/itog28.09.2010.files/colorschememapping.xml,http://cdo.keu.kz/content/7316/7399/itog28.09.2010.files/filelist.xml,http://cdo.keu.kz/content/7316/7399/itog28.09.2010.files/themedata.thmx,http://cdo.keu.kz/content/7316/7399/itog28.09.2010.htm,,,,,,,,,,,,,,,,,,,,,,,,,,,,,,,,,,,,,,,,,,,,,,,,,,,,,,,,,,,,,,,,,,,,,,,,,,,,,,,,,,,,,,,,,,,,
http://cdo.keu.kz/content/7317/7400/22138/22138.htm,http://cdo.keu.kz/content/7317/7400/22139/22139.htm,http://cdo.keu.kz/content/7317/7400/22140/22140.htm,http://cdo.keu.kz/content/7317/7400/22141/22141.htm,http://cdo.keu.kz/content/7317/7400/22142/22142.htm,http://cdo.keu.kz/content/7317/7400/22143/22143.htm,http://cdo.keu.kz/content/7317/7400/22144/22144.htm,http://cdo.keu.kz/content/7317/7400/22145/22145.htm,http://cdo.keu.kz/content/7317/7400/22146/22146.htm,http://cdo.keu.kz/content/7317/7400/22147/22147.htm,http://cdo.keu.kz/content/7317/7400/7400.htm,http://cdo.keu.kz/content/7317/7400/lek.files/image001.gif,http://cdo.keu.kz/content/7317/7400/lek.files/image002.gif,http://cdo.keu.kz/content/7317/7400/lek.files/image003.gif,http://cdo.keu.kz/content/7317/7400/lek.files/image004.gif,,,,,,,,,,,,,,,,,,,,,,,,,,,,,,,,,,,,,,,,,,,,,,,,,,,,,,,,,,,,,,,,,,,,,,,,,,,,,,,,,
http://cdo.keu.kz/content/7318/7401/22148/22148.htm,http://cdo.keu.kz/content/7318/7401/22149/22149.htm,http://cdo.keu.kz/content/7318/7401/22150/22150.htm,http://cdo.keu.kz/content/7318/7401/22151/22151.htm,http://cdo.keu.kz/content/7318/7401/22152/22152.htm,http://cdo.keu.kz/content/7318/7401/22153/22153.htm,http://cdo.keu.kz/content/7318/7401/22154/22154.htm,http://cdo.keu.kz/content/7318/7401/22155/22155.htm,http://cdo.keu.kz/content/7318/7401/22156/22156.htm,http://cdo.keu.kz/content/7318/7401/22157/22157.htm,http://cdo.keu.kz/content/7318/7401/22158/22158.htm,http://cdo.keu.kz/content/7318/7401/22159/22159.htm,http://cdo.keu.kz/content/7318/7401/22160/22160.htm,http://cdo.keu.kz/content/7318/7401/22161/22161.htm,http://cdo.keu.kz/content/7318/7401/22162/22162.htm,http://cdo.keu.kz/content/7318/7401/7401.htm,http://cdo.keu.kz/content/7318/7401/lek28.09.2010.files/image001.gif,http://cdo.keu.kz/content/7318/7401/lek28.09.2010.files/image002.gif,http://cdo.keu.kz/content/7318/7401/lek28.09.2010.files/image003.gif,http://cdo.keu.kz/content/7318/7401/lek28.09.2010.files/image004.gif,http://cdo.keu.kz/content/7318/7401/lek28.09.2010.files/image005.gif,http://cdo.keu.kz/content/7318/7401/lek28.09.2010.files/image006.gif,http://cdo.keu.kz/content/7318/7401/lek28.09.2010.files/image007.gif,http://cdo.keu.kz/content/7318/7401/lek28.09.2010.files/image008.gif,http://cdo.keu.kz/content/7318/7401/lek28.09.2010.files/image009.gif,http://cdo.keu.kz/content/7318/7401/lek28.09.2010.files/image010.gif,http://cdo.keu.kz/content/7318/7401/lek28.09.2010.files/image011.gif,http://cdo.keu.kz/content/7318/7401/lek28.09.2010.files/image012.gif,http://cdo.keu.kz/content/7318/7401/lek28.09.2010.files/image013.gif,http://cdo.keu.kz/content/7318/7401/lek28.09.2010.files/image014.gif,http://cdo.keu.kz/content/7318/7401/lek28.09.2010.files/image015.gif,http://cdo.keu.kz/content/7318/7401/lek28.09.2010.files/image016.gif,http://cdo.keu.kz/content/7318/7401/lek28.09.2010.files/image017.gif,http://cdo.keu.kz/content/7318/7401/lek28.09.2010.files/image018.gif,http://cdo.keu.kz/content/7318/7401/lek28.09.2010.files/image019.gif,http://cdo.keu.kz/content/7318/7401/lek28.09.2010.files/image020.gif,http://cdo.keu.kz/content/7318/7401/lek28.09.2010.files/image021.gif,http://cdo.keu.kz/content/7318/7401/lek28.09.2010.files/image022.gif,http://cdo.keu.kz/content/7318/7401/lek28.09.2010.files/image023.gif,http://cdo.keu.kz/content/7318/7401/lek28.09.2010.files/image024.gif,http://cdo.keu.kz/content/7318/7401/lek28.09.2010.files/image025.gif,http://cdo.keu.kz/content/7318/7401/lek28.09.2010.files/image026.gif,http://cdo.keu.kz/content/7318/7401/lek28.09.2010.files/image027.gif,http://cdo.keu.kz/content/7318/7401/lek28.09.2010.files/image028.gif,http://cdo.keu.kz/content/7318/7401/lek28.09.2010.files/image029.gif,http://cdo.keu.kz/content/7318/7401/lek28.09.2010.files/image030.gif,http://cdo.keu.kz/content/7318/7401/lek28.09.2010.files/image031.gif,http://cdo.keu.kz/content/7318/7401/lek28.09.2010.files/image032.gif,http://cdo.keu.kz/content/7318/7401/lek28.09.2010.files/image033.gif,http://cdo.keu.kz/content/7318/7401/lek28.09.2010.files/image034.gif,http://cdo.keu.kz/content/7318/7401/lek28.09.2010.files/image035.gif,http://cdo.keu.kz/content/7318/7401/lek28.09.2010.files/image036.gif,http://cdo.keu.kz/content/7318/7401/lek28.09.2010.files/image037.gif,http://cdo.keu.kz/content/7318/7401/lek28.09.2010.files/image038.gif,http://cdo.keu.kz/content/7318/7401/lek28.09.2010.files/image039.gif,http://cdo.keu.kz/content/7318/7401/lek28.09.2010.files/image040.gif,http://cdo.keu.kz/content/7318/7401/lek28.09.2010.files/image041.gif,http://cdo.keu.kz/content/7318/7401/lek28.09.2010.files/image042.gif,http://cdo.keu.kz/content/7318/7401/lek28.09.2010.files/image043.gif,http://cdo.keu.kz/content/7318/7401/lek28.09.2010.files/image044.gif,http://cdo.keu.kz/content/7318/7401/lek28.09.2010.files/image045.gif,http://cdo.keu.kz/content/7318/7401/lek28.09.2010.files/image046.gif,http://cdo.keu.kz/content/7318/7401/lek28.09.2010.files/image047.gif,http://cdo.keu.kz/content/7318/7401/lek28.09.2010.files/image048.jpg,http://cdo.keu.kz/content/7318/7401/lek28.09.2010.files/image049.jpg,,,,,,,,,,,,,,,,,,,,,,,,,,,,,,,
http://cdo.keu.kz/content/7319/7402/22163/22163.htm,http://cdo.keu.kz/content/7319/7402/22164/22164.htm,http://cdo.keu.kz/content/7319/7402/22165/22165.htm,http://cdo.keu.kz/content/7319/7402/22166/22166.htm,http://cdo.keu.kz/content/7319/7402/22167/22167.htm,http://cdo.keu.kz/content/7319/7402/22168/22168.htm,http://cdo.keu.kz/content/7319/7402/22169/22169.htm,http://cdo.keu.kz/content/7319/7402/22170/22170.htm,http://cdo.keu.kz/content/7319/7402/22171/22171.htm,http://cdo.keu.kz/content/7319/7402/22172/22172.htm,http://cdo.keu.kz/content/7319/7402/22173/22173.htm,http://cdo.keu.kz/content/7319/7402/22174/22174.htm,http://cdo.keu.kz/content/7319/7402/22175/22175.htm,http://cdo.keu.kz/content/7319/7402/22176/22176.htm,http://cdo.keu.kz/content/7319/7402/22177/22177.htm,http://cdo.keu.kz/content/7319/7402/22178/22178.htm,http://cdo.keu.kz/content/7319/7402/22179/22179.htm,http://cdo.keu.kz/content/7319/7402/22180/22180.htm,http://cdo.keu.kz/content/7319/7402/22181/22181.htm,http://cdo.keu.kz/content/7319/7402/7402.htm,http://cdo.keu.kz/content/7319/7402/lek.files/filelist.xml,http://cdo.keu.kz/content/7319/7402/lek.files/image001.gif,,,,,,,,,,,,,,,,,,,,,,,,,,,,,,,,,,,,,,,,,,,,,,,,,,,,,,,,,,,,,,,,,,,,,,,,,,
http://cdo.keu.kz/content/7320/7403/1rub28.09.2010.files/colorschememapping.xml,http://cdo.keu.kz/content/7320/7403/1rub28.09.2010.files/filelist.xml,http://cdo.keu.kz/content/7320/7403/1rub28.09.2010.files/themedata.thmx,http://cdo.keu.kz/content/7320/7403/1rub28.09.2010.htm,,,,,,,,,,,,,,,,,,,,,,,,,,,,,,,,,,,,,,,,,,,,,,,,,,,,,,,,,,,,,,,,,,,,,,,,,,,,,,,,,,,,,,,,,,,,
http://cdo.keu.kz/content/7321/7404/2rub28.09.2010.files/colorschememapping.xml,http://cdo.keu.kz/content/7321/7404/2rub28.09.2010.files/filelist.xml,http://cdo.keu.kz/content/7321/7404/2rub28.09.2010.files/themedata.thmx,http://cdo.keu.kz/content/7321/7404/2rub28.09.2010.htm,,,,,,,,,,,,,,,,,,,,,,,,,,,,,,,,,,,,,,,,,,,,,,,,,,,,,,,,,,,,,,,,,,,,,,,,,,,,,,,,,,,,,,,,,,,,
http://cdo.keu.kz/content/7322/7405/22182/22182.htm,http://cdo.keu.kz/content/7322/7405/22183/22183.htm,http://cdo.keu.kz/content/7322/7405/22184/22184.htm,http://cdo.keu.kz/content/7322/7405/22185/22185.htm,http://cdo.keu.kz/content/7322/7405/22186/22186.htm,http://cdo.keu.kz/content/7322/7405/22187/22187.htm,http://cdo.keu.kz/content/7322/7405/22188/22188.htm,http://cdo.keu.kz/content/7322/7405/22189/22189.htm,http://cdo.keu.kz/content/7322/7405/22190/22190.htm,http://cdo.keu.kz/content/7322/7405/22191/22191.htm,http://cdo.keu.kz/content/7322/7405/7405.htm,http://cdo.keu.kz/content/7322/7405/lek.files/image001.gif,http://cdo.keu.kz/content/7322/7405/lek.files/image002.gif,http://cdo.keu.kz/content/7322/7405/lek.files/image003.gif,http://cdo.keu.kz/content/7322/7405/lek.files/image004.gif,,,,,,,,,,,,,,,,,,,,,,,,,,,,,,,,,,,,,,,,,,,,,,,,,,,,,,,,,,,,,,,,,,,,,,,,,,,,,,,,,
http://cdo.keu.kz/content/7323/7406/itog28.09.2010.files/colorschememapping.xml,http://cdo.keu.kz/content/7323/7406/itog28.09.2010.files/filelist.xml,http://cdo.keu.kz/content/7323/7406/itog28.09.2010.files/themedata.thmx,http://cdo.keu.kz/content/7323/7406/itog28.09.2010.htm,,,,,,,,,,,,,,,,,,,,,,,,,,,,,,,,,,,,,,,,,,,,,,,,,,,,,,,,,,,,,,,,,,,,,,,,,,,,,,,,,,,,,,,,,,,,
http://cdo.keu.kz/content/7324/7407/lek.files/image001.gif,http://cdo.keu.kz/content/7324/7407/lek.files/image002.gif,http://cdo.keu.kz/content/7324/7407/lek.files/image003.gif,http://cdo.keu.kz/content/7324/7407/lek.files/image004.gif,http://cdo.keu.kz/content/7324/7407/lek.htm,,,,,,,,,,,,,,,,,,,,,,,,,,,,,,,,,,,,,,,,,,,,,,,,,,,,,,,,,,,,,,,,,,,,,,,,,,,,,,,,,,,,,,,,,,,
http://cdo.keu.kz/content/7325/7408/1rub.htm,,,,,,,,,,,,,,,,,,,,,,,,,,,,,,,,,,,,,,,,,,,,,,,,,,,,,,,,,,,,,,,,,,,,,,,,,,,,,,,,,,,,,,,,,,,,,,,
http://cdo.keu.kz/content/7326/7409/1.htm,,,,,,,,,,,,,,,,,,,,,,,,,,,,,,,,,,,,,,,,,,,,,,,,,,,,,,,,,,,,,,,,,,,,,,,,,,,,,,,,,,,,,,,,,,,,,,,
http://cdo.keu.kz/content/7327/7410/2.htm,,,,,,,,,,,,,,,,,,,,,,,,,,,,,,,,,,,,,,,,,,,,,,,,,,,,,,,,,,,,,,,,,,,,,,,,,,,,,,,,,,,,,,,,,,,,,,,
http://cdo.keu.kz/content/7328/7411/2rub.htm,,,,,,,,,,,,,,,,,,,,,,,,,,,,,,,,,,,,,,,,,,,,,,,,,,,,,,,,,,,,,,,,,,,,,,,,,,,,,,,,,,,,,,,,,,,,,,,
http://cdo.keu.kz/content/7329/7412/q.htm,,,,,,,,,,,,,,,,,,,,,,,,,,,,,,,,,,,,,,,,,,,,,,,,,,,,,,,,,,,,,,,,,,,,,,,,,,,,,,,,,,,,,,,,,,,,,,,
http://cdo.keu.kz/content/7330/7413/itog.htm,,,,,,,,,,,,,,,,,,,,,,,,,,,,,,,,,,,,,,,,,,,,,,,,,,,,,,,,,,,,,,,,,,,,,,,,,,,,,,,,,,,,,,,,,,,,,,,
http://cdo.keu.kz/content/7331/7414/7414.htm,http://cdo.keu.kz/content/7331/7414/lekcii.htm,,,,,,,,,,,,,,,,,,,,,,,,,,,,,,,,,,,,,,,,,,,,,,,,,,,,,,,,,,,,,,,,,,,,,,,,,,,,,,,,,,,,,,,,,,,,,,
http://cdo.keu.kz/content/7332/7415/22192/22192.htm,http://cdo.keu.kz/content/7332/7415/22193/22193.htm,http://cdo.keu.kz/content/7332/7415/22194/22194.htm,http://cdo.keu.kz/content/7332/7415/22195/22195.htm,http://cdo.keu.kz/content/7332/7415/22196/22196.htm,http://cdo.keu.kz/content/7332/7415/22197/22197.htm,http://cdo.keu.kz/content/7332/7415/22198/22198.htm,http://cdo.keu.kz/content/7332/7415/22199/22199.htm,http://cdo.keu.kz/content/7332/7415/7415.htm,,,,,,,,,,,,,,,,,,,,,,,,,,,,,,,,,,,,,,,,,,,,,,,,,,,,,,,,,,,,,,,,,,,,,,,,,,,,,,,,,,,,,,,
http://cdo.keu.kz/content/7333/7416/22200/22200.htm,http://cdo.keu.kz/content/7333/7416/22201/22201.htm,http://cdo.keu.kz/content/7333/7416/22202/22202.htm,http://cdo.keu.kz/content/7333/7416/22203/22203.htm,http://cdo.keu.kz/content/7333/7416/22204/22204.htm,http://cdo.keu.kz/content/7333/7416/22205/22205.htm,http://cdo.keu.kz/content/7333/7416/22206/22206.htm,http://cdo.keu.kz/content/7333/7416/22207/22207.htm,http://cdo.keu.kz/content/7333/7416/22208/22208.htm,http://cdo.keu.kz/content/7333/7416/22209/22209.htm,http://cdo.keu.kz/content/7333/7416/22210/22210.htm,http://cdo.keu.kz/content/7333/7416/22211/22211.htm,http://cdo.keu.kz/content/7333/7416/7416.htm,,,,,,,,,,,,,,,,,,,,,,,,,,,,,,,,,,,,,,,,,,,,,,,,,,,,,,,,,,,,,,,,,,,,,,,,,,,,,,,,,,,
http://cdo.keu.kz/content/7334/7417/lekcii.htm,,,,,,,,,,,,,,,,,,,,,,,,,,,,,,,,,,,,,,,,,,,,,,,,,,,,,,,,,,,,,,,,,,,,,,,,,,,,,,,,,,,,,,,,,,,,,,,
http://cdo.keu.kz/content/7335/7418/1.htm,,,,,,,,,,,,,,,,,,,,,,,,,,,,,,,,,,,,,,,,,,,,,,,,,,,,,,,,,,,,,,,,,,,,,,,,,,,,,,,,,,,,,,,,,,,,,,,
http://cdo.keu.kz/content/7336/7419/1rub.htm,,,,,,,,,,,,,,,,,,,,,,,,,,,,,,,,,,,,,,,,,,,,,,,,,,,,,,,,,,,,,,,,,,,,,,,,,,,,,,,,,,,,,,,,,,,,,,,
http://cdo.keu.kz/content/7337/7420/2rub.htm,,,,,,,,,,,,,,,,,,,,,,,,,,,,,,,,,,,,,,,,,,,,,,,,,,,,,,,,,,,,,,,,,,,,,,,,,,,,,,,,,,,,,,,,,,,,,,,
http://cdo.keu.kz/content/7338/7421/2%20rubeznii%20kontrol.htm,,,,,,,,,,,,,,,,,,,,,,,,,,,,,,,,,,,,,,,,,,,,,,,,,,,,,,,,,,,,,,,,,,,,,,,,,,,,,,,,,,,,,,,,,,,,,,,
http://cdo.keu.kz/content/7339/7422/itog.htm,,,,,,,,,,,,,,,,,,,,,,,,,,,,,,,,,,,,,,,,,,,,,,,,,,,,,,,,,,,,,,,,,,,,,,,,,,,,,,,,,,,,,,,,,,,,,,,
http://cdo.keu.kz/content/7340/7423/1Rub29.09.2010.files/colorschememapping.xml,http://cdo.keu.kz/content/7340/7423/1Rub29.09.2010.files/filelist.xml,http://cdo.keu.kz/content/7340/7423/1Rub29.09.2010.files/themedata.thmx,http://cdo.keu.kz/content/7340/7423/1Rub29.09.2010.htm,,,,,,,,,,,,,,,,,,,,,,,,,,,,,,,,,,,,,,,,,,,,,,,,,,,,,,,,,,,,,,,,,,,,,,,,,,,,,,,,,,,,,,,,,,,,
http://cdo.keu.kz/content/7341/7424/2Rub29.09.2010.files/colorschememapping.xml,http://cdo.keu.kz/content/7341/7424/2Rub29.09.2010.files/filelist.xml,http://cdo.keu.kz/content/7341/7424/2Rub29.09.2010.files/themedata.thmx,http://cdo.keu.kz/content/7341/7424/2Rub29.09.2010.htm,,,,,,,,,,,,,,,,,,,,,,,,,,,,,,,,,,,,,,,,,,,,,,,,,,,,,,,,,,,,,,,,,,,,,,,,,,,,,,,,,,,,,,,,,,,,
http://cdo.keu.kz/content/7342/7425/ItogovTest29.09.2010.files/colorschememapping.xml,http://cdo.keu.kz/content/7342/7425/ItogovTest29.09.2010.files/filelist.xml,http://cdo.keu.kz/content/7342/7425/ItogovTest29.09.2010.files/themedata.thmx,http://cdo.keu.kz/content/7342/7425/ItogovTest29.09.2010.htm,,,,,,,,,,,,,,,,,,,,,,,,,,,,,,,,,,,,,,,,,,,,,,,,,,,,,,,,,,,,,,,,,,,,,,,,,,,,,,,,,,,,,,,,,,,,
http://cdo.keu.kz/content/7343/7426/2.htm,,,,,,,,,,,,,,,,,,,,,,,,,,,,,,,,,,,,,,,,,,,,,,,,,,,,,,,,,,,,,,,,,,,,,,,,,,,,,,,,,,,,,,,,,,,,,,,
http://cdo.keu.kz/content/7344/7427/2.htm,,,,,,,,,,,,,,,,,,,,,,,,,,,,,,,,,,,,,,,,,,,,,,,,,,,,,,,,,,,,,,,,,,,,,,,,,,,,,,,,,,,,,,,,,,,,,,,
http://cdo.keu.kz/content/7345/7428/22212/22212.htm,http://cdo.keu.kz/content/7345/7428/7428.htm,http://cdo.keu.kz/content/7345/7428/lek29.09.2010.files/image001.gif,http://cdo.keu.kz/content/7345/7428/lek29.09.2010.files/image002.gif,http://cdo.keu.kz/content/7345/7428/lek29.09.2010.files/image003.gif,http://cdo.keu.kz/content/7345/7428/lek29.09.2010.files/image004.gif,http://cdo.keu.kz/content/7345/7428/lek29.09.2010.files/image005.gif,http://cdo.keu.kz/content/7345/7428/lek29.09.2010.files/image006.gif,http://cdo.keu.kz/content/7345/7428/lek29.09.2010.files/image007.gif,http://cdo.keu.kz/content/7345/7428/lek29.09.2010.files/image008.gif,http://cdo.keu.kz/content/7345/7428/lek29.09.2010.files/image009.gif,http://cdo.keu.kz/content/7345/7428/lek29.09.2010.files/image010.gif,http://cdo.keu.kz/content/7345/7428/lek29.09.2010.files/image011.gif,http://cdo.keu.kz/content/7345/7428/lek29.09.2010.files/image012.gif,http://cdo.keu.kz/content/7345/7428/lek29.09.2010.files/image013.gif,http://cdo.keu.kz/content/7345/7428/lek29.09.2010.files/image014.gif,http://cdo.keu.kz/content/7345/7428/lek29.09.2010.files/image015.gif,http://cdo.keu.kz/content/7345/7428/lek29.09.2010.files/image016.gif,http://cdo.keu.kz/content/7345/7428/lek29.09.2010.files/image017.gif,http://cdo.keu.kz/content/7345/7428/lek29.09.2010.files/image018.gif,http://cdo.keu.kz/content/7345/7428/lek29.09.2010.files/image019.jpg,,,,,,,,,,,,,,,,,,,,,,,,,,,,,,,,,,,,,,,,,,,,,,,,,,,,,,,,,,,,,,,,,,,,,,,,,,,
http://cdo.keu.kz/content/7346/7429/22213/22213.htm,http://cdo.keu.kz/content/7346/7429/7429.htm,http://cdo.keu.kz/content/7346/7429/lek29.09.2010.files/image001.gif,http://cdo.keu.kz/content/7346/7429/lek29.09.2010.files/image002.gif,http://cdo.keu.kz/content/7346/7429/lek29.09.2010.files/image003.gif,http://cdo.keu.kz/content/7346/7429/lek29.09.2010.files/image004.gif,http://cdo.keu.kz/content/7346/7429/lek29.09.2010.files/image005.gif,http://cdo.keu.kz/content/7346/7429/lek29.09.2010.files/image006.gif,http://cdo.keu.kz/content/7346/7429/lek29.09.2010.files/image007.gif,http://cdo.keu.kz/content/7346/7429/lek29.09.2010.files/image008.gif,http://cdo.keu.kz/content/7346/7429/lek29.09.2010.files/image009.gif,http://cdo.keu.kz/content/7346/7429/lek29.09.2010.files/image010.gif,http://cdo.keu.kz/content/7346/7429/lek29.09.2010.files/image011.gif,http://cdo.keu.kz/content/7346/7429/lek29.09.2010.files/image012.gif,http://cdo.keu.kz/content/7346/7429/lek29.09.2010.files/image013.gif,http://cdo.keu.kz/content/7346/7429/lek29.09.2010.files/image014.gif,http://cdo.keu.kz/content/7346/7429/lek29.09.2010.files/image015.gif,http://cdo.keu.kz/content/7346/7429/lek29.09.2010.files/image016.gif,http://cdo.keu.kz/content/7346/7429/lek29.09.2010.files/image017.gif,http://cdo.keu.kz/content/7346/7429/lek29.09.2010.files/image018.gif,http://cdo.keu.kz/content/7346/7429/lek29.09.2010.files/image019.jpg,,,,,,,,,,,,,,,,,,,,,,,,,,,,,,,,,,,,,,,,,,,,,,,,,,,,,,,,,,,,,,,,,,,,,,,,,,,
http://cdo.keu.kz/content/7347/7430/22214/22214.htm,http://cdo.keu.kz/content/7347/7430/22215/22215.htm,http://cdo.keu.kz/content/7347/7430/22216/22216.htm,http://cdo.keu.kz/content/7347/7430/22217/22217.htm,http://cdo.keu.kz/content/7347/7430/22218/22218.htm,http://cdo.keu.kz/content/7347/7430/22219/22219.htm,http://cdo.keu.kz/content/7347/7430/22220/22220.htm,http://cdo.keu.kz/content/7347/7430/22221/22221.htm,http://cdo.keu.kz/content/7347/7430/22222/22222.htm,http://cdo.keu.kz/content/7347/7430/22223/22223.htm,http://cdo.keu.kz/content/7347/7430/22224/22224.htm,http://cdo.keu.kz/content/7347/7430/22225/22225.htm,http://cdo.keu.kz/content/7347/7430/7430.htm,http://cdo.keu.kz/content/7347/7430/lek29.09.2010.files/image001.gif,http://cdo.keu.kz/content/7347/7430/lek29.09.2010.files/image002.gif,http://cdo.keu.kz/content/7347/7430/lek29.09.2010.files/image003.gif,http://cdo.keu.kz/content/7347/7430/lek29.09.2010.files/image004.gif,http://cdo.keu.kz/content/7347/7430/lek29.09.2010.files/image005.gif,http://cdo.keu.kz/content/7347/7430/lek29.09.2010.files/image006.gif,http://cdo.keu.kz/content/7347/7430/lek29.09.2010.files/image007.gif,http://cdo.keu.kz/content/7347/7430/lek29.09.2010.files/image008.gif,http://cdo.keu.kz/content/7347/7430/lek29.09.2010.files/image009.gif,http://cdo.keu.kz/content/7347/7430/lek29.09.2010.files/image010.gif,http://cdo.keu.kz/content/7347/7430/lek29.09.2010.files/image011.gif,http://cdo.keu.kz/content/7347/7430/lek29.09.2010.files/image012.gif,http://cdo.keu.kz/content/7347/7430/lek29.09.2010.files/image013.gif,http://cdo.keu.kz/content/7347/7430/lek29.09.2010.files/image014.gif,http://cdo.keu.kz/content/7347/7430/lek29.09.2010.files/image015.gif,http://cdo.keu.kz/content/7347/7430/lek29.09.2010.files/image016.gif,http://cdo.keu.kz/content/7347/7430/lek29.09.2010.files/image017.gif,http://cdo.keu.kz/content/7347/7430/lek29.09.2010.files/image018.gif,http://cdo.keu.kz/content/7347/7430/lek29.09.2010.files/image019.jpg,,,,,,,,,,,,,,,,,,,,,,,,,,,,,,,,,,,,,,,,,,,,,,,,,,,,,,,,,,,,,,,,
http://cdo.keu.kz/content/7348/7431/testi.htm,,,,,,,,,,,,,,,,,,,,,,,,,,,,,,,,,,,,,,,,,,,,,,,,,,,,,,,,,,,,,,,,,,,,,,,,,,,,,,,,,,,,,,,,,,,,,,,
http://cdo.keu.kz/content/7349/7432/1rub29.09.2010.files/colorschememapping.xml,http://cdo.keu.kz/content/7349/7432/1rub29.09.2010.files/filelist.xml,http://cdo.keu.kz/content/7349/7432/1rub29.09.2010.files/themedata.thmx,http://cdo.keu.kz/content/7349/7432/1rub29.09.2010.htm,,,,,,,,,,,,,,,,,,,,,,,,,,,,,,,,,,,,,,,,,,,,,,,,,,,,,,,,,,,,,,,,,,,,,,,,,,,,,,,,,,,,,,,,,,,,
http://cdo.keu.kz/content/7350/7433/2rub29.09.2010.files/colorschememapping.xml,http://cdo.keu.kz/content/7350/7433/2rub29.09.2010.files/filelist.xml,http://cdo.keu.kz/content/7350/7433/2rub29.09.2010.files/themedata.thmx,http://cdo.keu.kz/content/7350/7433/2rub29.09.2010.htm,,,,,,,,,,,,,,,,,,,,,,,,,,,,,,,,,,,,,,,,,,,,,,,,,,,,,,,,,,,,,,,,,,,,,,,,,,,,,,,,,,,,,,,,,,,,
http://cdo.keu.kz/content/7351/7434/itog29.09.2010.files/colorschememapping.xml,http://cdo.keu.kz/content/7351/7434/itog29.09.2010.files/filelist.xml,http://cdo.keu.kz/content/7351/7434/itog29.09.2010.files/themedata.thmx,http://cdo.keu.kz/content/7351/7434/itog29.09.2010.htm,,,,,,,,,,,,,,,,,,,,,,,,,,,,,,,,,,,,,,,,,,,,,,,,,,,,,,,,,,,,,,,,,,,,,,,,,,,,,,,,,,,,,,,,,,,,
http://cdo.keu.kz/content/7352/7435/1Rub29.09.2010.files/colorschememapping.xml,http://cdo.keu.kz/content/7352/7435/1Rub29.09.2010.files/filelist.xml,http://cdo.keu.kz/content/7352/7435/1Rub29.09.2010.files/themedata.thmx,http://cdo.keu.kz/content/7352/7435/1Rub29.09.2010.htm,,,,,,,,,,,,,,,,,,,,,,,,,,,,,,,,,,,,,,,,,,,,,,,,,,,,,,,,,,,,,,,,,,,,,,,,,,,,,,,,,,,,,,,,,,,,
http://cdo.keu.kz/content/7353/7436/2Rub29.09.2010.files/colorschememapping.xml,http://cdo.keu.kz/content/7353/7436/2Rub29.09.2010.files/filelist.xml,http://cdo.keu.kz/content/7353/7436/2Rub29.09.2010.files/themedata.thmx,http://cdo.keu.kz/content/7353/7436/2Rub29.09.2010.htm,,,,,,,,,,,,,,,,,,,,,,,,,,,,,,,,,,,,,,,,,,,,,,,,,,,,,,,,,,,,,,,,,,,,,,,,,,,,,,,,,,,,,,,,,,,,
http://cdo.keu.kz/content/7354/7437/2Rub29.09.2010.files/colorschememapping.xml,http://cdo.keu.kz/content/7354/7437/2Rub29.09.2010.files/filelist.xml,http://cdo.keu.kz/content/7354/7437/2Rub29.09.2010.files/themedata.thmx,http://cdo.keu.kz/content/7354/7437/2Rub29.09.2010.htm,,,,,,,,,,,,,,,,,,,,,,,,,,,,,,,,,,,,,,,,,,,,,,,,,,,,,,,,,,,,,,,,,,,,,,,,,,,,,,,,,,,,,,,,,,,,
http://cdo.keu.kz/content/7355/7438/itog29.09.2010.files/colorschememapping.xml,http://cdo.keu.kz/content/7355/7438/itog29.09.2010.files/filelist.xml,http://cdo.keu.kz/content/7355/7438/itog29.09.2010.files/themedata.thmx,http://cdo.keu.kz/content/7355/7438/itog29.09.2010.htm,,,,,,,,,,,,,,,,,,,,,,,,,,,,,,,,,,,,,,,,,,,,,,,,,,,,,,,,,,,,,,,,,,,,,,,,,,,,,,,,,,,,,,,,,,,,
http://cdo.keu.kz/content/7356/7439/22226/22226.htm,http://cdo.keu.kz/content/7356/7439/22227/22227.htm,http://cdo.keu.kz/content/7356/7439/22228/22228.htm,http://cdo.keu.kz/content/7356/7439/22229/22229.htm,http://cdo.keu.kz/content/7356/7439/22230/22230.htm,http://cdo.keu.kz/content/7356/7439/22231/22231.htm,http://cdo.keu.kz/content/7356/7439/22232/22232.htm,http://cdo.keu.kz/content/7356/7439/22233/22233.htm,http://cdo.keu.kz/content/7356/7439/22234/22234.htm,http://cdo.keu.kz/content/7356/7439/22235/22235.htm,http://cdo.keu.kz/content/7356/7439/7439.htm,http://cdo.keu.kz/content/7356/7439/lek29.09.2010.files/image001.gif,http://cdo.keu.kz/content/7356/7439/lek29.09.2010.files/image002.gif,http://cdo.keu.kz/content/7356/7439/lek29.09.2010.files/image003.gif,http://cdo.keu.kz/content/7356/7439/lek29.09.2010.files/image004.gif,http://cdo.keu.kz/content/7356/7439/lek29.09.2010.files/image005.gif,http://cdo.keu.kz/content/7356/7439/lek29.09.2010.files/image006.jpg,http://cdo.keu.kz/content/7356/7439/lek29.09.2010.files/image007.gif,http://cdo.keu.kz/content/7356/7439/lek29.09.2010.files/image008.gif,,,,,,,,,,,,,,,,,,,,,,,,,,,,,,,,,,,,,,,,,,,,,,,,,,,,,,,,,,,,,,,,,,,,,,,,,,,,,
http://cdo.keu.kz/content/7357/7440/22236/22236.htm,http://cdo.keu.kz/content/7357/7440/22237/22237.htm,http://cdo.keu.kz/content/7357/7440/22238/22238.htm,http://cdo.keu.kz/content/7357/7440/22239/22239.htm,http://cdo.keu.kz/content/7357/7440/22240/22240.htm,http://cdo.keu.kz/content/7357/7440/22241/22241.htm,http://cdo.keu.kz/content/7357/7440/22242/22242.htm,http://cdo.keu.kz/content/7357/7440/22243/22243.htm,http://cdo.keu.kz/content/7357/7440/22244/22244.htm,http://cdo.keu.kz/content/7357/7440/22245/22245.htm,http://cdo.keu.kz/content/7357/7440/22246/22246.htm,http://cdo.keu.kz/content/7357/7440/22247/22247.htm,http://cdo.keu.kz/content/7357/7440/22248/22248.htm,http://cdo.keu.kz/content/7357/7440/22249/22249.htm,http://cdo.keu.kz/content/7357/7440/22250/22250.htm,http://cdo.keu.kz/content/7357/7440/22251/22251.htm,http://cdo.keu.kz/content/7357/7440/22252/22252.htm,http://cdo.keu.kz/content/7357/7440/22253/22253.htm,http://cdo.keu.kz/content/7357/7440/22254/22254.htm,http://cdo.keu.kz/content/7357/7440/22255/22255.htm,http://cdo.keu.kz/content/7357/7440/22256/22256.htm,http://cdo.keu.kz/content/7357/7440/22257/22257.htm,http://cdo.keu.kz/content/7357/7440/22258/22258.htm,http://cdo.keu.kz/content/7357/7440/22259/22259.htm,http://cdo.keu.kz/content/7357/7440/22260/22260.htm,http://cdo.keu.kz/content/7357/7440/22261/22261.htm,http://cdo.keu.kz/content/7357/7440/22262/22262.htm,http://cdo.keu.kz/content/7357/7440/22263/22263.htm,http://cdo.keu.kz/content/7357/7440/22264/22264.htm,http://cdo.keu.kz/content/7357/7440/7440.htm,http://cdo.keu.kz/content/7357/7440/lek.files/filelist.xml,http://cdo.keu.kz/content/7357/7440/lek.files/image001.gif,http://cdo.keu.kz/content/7357/7440/lek.files/image002.gif,http://cdo.keu.kz/content/7357/7440/lek.files/image003.gif,http://cdo.keu.kz/content/7357/7440/lek.files/image004.gif,http://cdo.keu.kz/content/7357/7440/lek.files/image005.gif,http://cdo.keu.kz/content/7357/7440/lek.files/image006.gif,,,,,,,,,,,,,,,,,,,,,,,,,,,,,,,,,,,,,,,,,,,,,,,,,,,,,,,,,,,
http://cdo.keu.kz/content/7358/7441/1rub29.09.2010.files/colorschememapping.xml,http://cdo.keu.kz/content/7358/7441/1rub29.09.2010.files/filelist.xml,http://cdo.keu.kz/content/7358/7441/1rub29.09.2010.files/themedata.thmx,http://cdo.keu.kz/content/7358/7441/1rub29.09.2010.htm,,,,,,,,,,,,,,,,,,,,,,,,,,,,,,,,,,,,,,,,,,,,,,,,,,,,,,,,,,,,,,,,,,,,,,,,,,,,,,,,,,,,,,,,,,,,
http://cdo.keu.kz/content/7359/7442/2rub29.09.2010.files/colorschememapping.xml,http://cdo.keu.kz/content/7359/7442/2rub29.09.2010.files/filelist.xml,http://cdo.keu.kz/content/7359/7442/2rub29.09.2010.files/header.htm,http://cdo.keu.kz/content/7359/7442/2rub29.09.2010.files/themedata.thmx,http://cdo.keu.kz/content/7359/7442/2rub29.09.2010.htm,,,,,,,,,,,,,,,,,,,,,,,,,,,,,,,,,,,,,,,,,,,,,,,,,,,,,,,,,,,,,,,,,,,,,,,,,,,,,,,,,,,,,,,,,,,
http://cdo.keu.kz/content/7360/7443/itog29.09.2010.files/colorschememapping.xml,http://cdo.keu.kz/content/7360/7443/itog29.09.2010.files/filelist.xml,http://cdo.keu.kz/content/7360/7443/itog29.09.2010.files/header.htm,http://cdo.keu.kz/content/7360/7443/itog29.09.2010.files/themedata.thmx,http://cdo.keu.kz/content/7360/7443/itog29.09.2010.htm,,,,,,,,,,,,,,,,,,,,,,,,,,,,,,,,,,,,,,,,,,,,,,,,,,,,,,,,,,,,,,,,,,,,,,,,,,,,,,,,,,,,,,,,,,,
http://cdo.keu.kz/content/7361/7444/22265/22265.htm,http://cdo.keu.kz/content/7361/7444/22266/22266.htm,http://cdo.keu.kz/content/7361/7444/22267/22267.htm,http://cdo.keu.kz/content/7361/7444/22268/22268.htm,http://cdo.keu.kz/content/7361/7444/22269/22269.htm,http://cdo.keu.kz/content/7361/7444/22270/22270.htm,http://cdo.keu.kz/content/7361/7444/22271/22271.htm,http://cdo.keu.kz/content/7361/7444/22272/22272.htm,http://cdo.keu.kz/content/7361/7444/22273/22273.htm,http://cdo.keu.kz/content/7361/7444/22274/22274.htm,http://cdo.keu.kz/content/7361/7444/22275/22275.htm,http://cdo.keu.kz/content/7361/7444/22276/22276.htm,http://cdo.keu.kz/content/7361/7444/22277/22277.htm,http://cdo.keu.kz/content/7361/7444/22278/22278.htm,http://cdo.keu.kz/content/7361/7444/22279/22279.htm,http://cdo.keu.kz/content/7361/7444/22280/22280.htm,http://cdo.keu.kz/content/7361/7444/22281/22281.htm,http://cdo.keu.kz/content/7361/7444/7444.htm,http://cdo.keu.kz/content/7361/7444/lek29.09.2010.files/image001.gif,,,,,,,,,,,,,,,,,,,,,,,,,,,,,,,,,,,,,,,,,,,,,,,,,,,,,,,,,,,,,,,,,,,,,,,,,,,,,
http://cdo.keu.kz/content/7362/7445/1.htm,,,,,,,,,,,,,,,,,,,,,,,,,,,,,,,,,,,,,,,,,,,,,,,,,,,,,,,,,,,,,,,,,,,,,,,,,,,,,,,,,,,,,,,,,,,,,,,
http://cdo.keu.kz/content/7363/7446/1rub29.09.2010.files/colorschememapping.xml,http://cdo.keu.kz/content/7363/7446/1rub29.09.2010.files/filelist.xml,http://cdo.keu.kz/content/7363/7446/1rub29.09.2010.files/themedata.thmx,http://cdo.keu.kz/content/7363/7446/1rub29.09.2010.htm,,,,,,,,,,,,,,,,,,,,,,,,,,,,,,,,,,,,,,,,,,,,,,,,,,,,,,,,,,,,,,,,,,,,,,,,,,,,,,,,,,,,,,,,,,,,
http://cdo.keu.kz/content/7364/7447/2rub29.09.2010.files/colorschememapping.xml,http://cdo.keu.kz/content/7364/7447/2rub29.09.2010.files/filelist.xml,http://cdo.keu.kz/content/7364/7447/2rub29.09.2010.files/themedata.thmx,http://cdo.keu.kz/content/7364/7447/2rub29.09.2010.htm,,,,,,,,,,,,,,,,,,,,,,,,,,,,,,,,,,,,,,,,,,,,,,,,,,,,,,,,,,,,,,,,,,,,,,,,,,,,,,,,,,,,,,,,,,,,
http://cdo.keu.kz/content/7365/7448/itog29.09.2010.files/colorschememapping.xml,http://cdo.keu.kz/content/7365/7448/itog29.09.2010.files/filelist.xml,http://cdo.keu.kz/content/7365/7448/itog29.09.2010.files/themedata.thmx,http://cdo.keu.kz/content/7365/7448/itog29.09.2010.htm,,,,,,,,,,,,,,,,,,,,,,,,,,,,,,,,,,,,,,,,,,,,,,,,,,,,,,,,,,,,,,,,,,,,,,,,,,,,,,,,,,,,,,,,,,,,
http://cdo.keu.kz/content/7366/7449/2.files/filelist.xml,http://cdo.keu.kz/content/7366/7449/2.files/header.htm,http://cdo.keu.kz/content/7366/7449/2.htm,,,,,,,,,,,,,,,,,,,,,,,,,,,,,,,,,,,,,,,,,,,,,,,,,,,,,,,,,,,,,,,,,,,,,,,,,,,,,,,,,,,,,,,,,,,,,
http://cdo.keu.kz/content/7367/7450/22282/22282.htm,http://cdo.keu.kz/content/7367/7450/22283/22283.htm,http://cdo.keu.kz/content/7367/7450/22284/22284.htm,http://cdo.keu.kz/content/7367/7450/22285/22285.htm,http://cdo.keu.kz/content/7367/7450/22286/22286.htm,http://cdo.keu.kz/content/7367/7450/22287/22287.htm,http://cdo.keu.kz/content/7367/7450/22288/22288.htm,http://cdo.keu.kz/content/7367/7450/22289/22289.htm,http://cdo.keu.kz/content/7367/7450/22290/22290.htm,http://cdo.keu.kz/content/7367/7450/7450.htm,,,,,,,,,,,,,,,,,,,,,,,,,,,,,,,,,,,,,,,,,,,,,,,,,,,,,,,,,,,,,,,,,,,,,,,,,,,,,,,,,,,,,,
http://cdo.keu.kz/content/7368/7451/it.files/filelist.xml,http://cdo.keu.kz/content/7368/7451/it.files/header.htm,http://cdo.keu.kz/content/7368/7451/it.htm,,,,,,,,,,,,,,,,,,,,,,,,,,,,,,,,,,,,,,,,,,,,,,,,,,,,,,,,,,,,,,,,,,,,,,,,,,,,,,,,,,,,,,,,,,,,,
http://cdo.keu.kz/content/7369/7452/1rub29.09.2010.files/colorschememapping.xml,http://cdo.keu.kz/content/7369/7452/1rub29.09.2010.files/filelist.xml,http://cdo.keu.kz/content/7369/7452/1rub29.09.2010.files/themedata.thmx,http://cdo.keu.kz/content/7369/7452/1rub29.09.2010.htm,,,,,,,,,,,,,,,,,,,,,,,,,,,,,,,,,,,,,,,,,,,,,,,,,,,,,,,,,,,,,,,,,,,,,,,,,,,,,,,,,,,,,,,,,,,,
http://cdo.keu.kz/content/7370/7453/2rub29.09.2010.files/colorschememapping.xml,http://cdo.keu.kz/content/7370/7453/2rub29.09.2010.files/filelist.xml,http://cdo.keu.kz/content/7370/7453/2rub29.09.2010.files/header.htm,http://cdo.keu.kz/content/7370/7453/2rub29.09.2010.files/themedata.thmx,http://cdo.keu.kz/content/7370/7453/2rub29.09.2010.htm,,,,,,,,,,,,,,,,,,,,,,,,,,,,,,,,,,,,,,,,,,,,,,,,,,,,,,,,,,,,,,,,,,,,,,,,,,,,,,,,,,,,,,,,,,,
http://cdo.keu.kz/content/7371/7454/itog29.09.2010.files/colorschememapping.xml,http://cdo.keu.kz/content/7371/7454/itog29.09.2010.files/filelist.xml,http://cdo.keu.kz/content/7371/7454/itog29.09.2010.files/header.htm,http://cdo.keu.kz/content/7371/7454/itog29.09.2010.files/themedata.thmx,http://cdo.keu.kz/content/7371/7454/itog29.09.2010.htm,,,,,,,,,,,,,,,,,,,,,,,,,,,,,,,,,,,,,,,,,,,,,,,,,,,,,,,,,,,,,,,,,,,,,,,,,,,,,,,,,,,,,,,,,,,
http://cdo.keu.kz/content/7372/7455/22291/22291.htm,http://cdo.keu.kz/content/7372/7455/22292/22292.htm,http://cdo.keu.kz/content/7372/7455/22293/22293.htm,http://cdo.keu.kz/content/7372/7455/22294/22294.htm,http://cdo.keu.kz/content/7372/7455/22295/22295.htm,http://cdo.keu.kz/content/7372/7455/22296/22296.htm,http://cdo.keu.kz/content/7372/7455/22297/22297.htm,http://cdo.keu.kz/content/7372/7455/22298/22298.htm,http://cdo.keu.kz/content/7372/7455/22299/22299.htm,http://cdo.keu.kz/content/7372/7455/22300/22300.htm,http://cdo.keu.kz/content/7372/7455/7455.htm,http://cdo.keu.kz/content/7372/7455/lek.files/filelist.xml,http://cdo.keu.kz/content/7372/7455/lek.files/header.htm,http://cdo.keu.kz/content/7372/7455/lek.files/image001.gif,,,,,,,,,,,,,,,,,,,,,,,,,,,,,,,,,,,,,,,,,,,,,,,,,,,,,,,,,,,,,,,,,,,,,,,,,,,,,,,,,,
http://cdo.keu.kz/content/7373/7456/1.htm,,,,,,,,,,,,,,,,,,,,,,,,,,,,,,,,,,,,,,,,,,,,,,,,,,,,,,,,,,,,,,,,,,,,,,,,,,,,,,,,,,,,,,,,,,,,,,,
http://cdo.keu.kz/content/7374/7457/2.htm,,,,,,,,,,,,,,,,,,,,,,,,,,,,,,,,,,,,,,,,,,,,,,,,,,,,,,,,,,,,,,,,,,,,,,,,,,,,,,,,,,,,,,,,,,,,,,,
http://cdo.keu.kz/content/7375/7458/Itog.htm,,,,,,,,,,,,,,,,,,,,,,,,,,,,,,,,,,,,,,,,,,,,,,,,,,,,,,,,,,,,,,,,,,,,,,,,,,,,,,,,,,,,,,,,,,,,,,,
http://cdo.keu.kz/content/7376/7459/22301/22301.htm,http://cdo.keu.kz/content/7376/7459/22302/22302.htm,http://cdo.keu.kz/content/7376/7459/22303/22303.htm,http://cdo.keu.kz/content/7376/7459/22304/22304.htm,http://cdo.keu.kz/content/7376/7459/22305/22305.htm,http://cdo.keu.kz/content/7376/7459/22306/22306.htm,http://cdo.keu.kz/content/7376/7459/22307/22307.htm,http://cdo.keu.kz/content/7376/7459/22308/22308.htm,http://cdo.keu.kz/content/7376/7459/22309/22309.htm,http://cdo.keu.kz/content/7376/7459/22310/22310.htm,http://cdo.keu.kz/content/7376/7459/22311/22311.htm,http://cdo.keu.kz/content/7376/7459/22312/22312.htm,http://cdo.keu.kz/content/7376/7459/22313/22313.htm,http://cdo.keu.kz/content/7376/7459/22314/22314.htm,http://cdo.keu.kz/content/7376/7459/22315/22315.htm,http://cdo.keu.kz/content/7376/7459/22316/22316.htm,http://cdo.keu.kz/content/7376/7459/22317/22317.htm,http://cdo.keu.kz/content/7376/7459/7459.htm,http://cdo.keu.kz/content/7376/7459/lek.files/filelist.xml,http://cdo.keu.kz/content/7376/7459/lek.files/header.htm,,,,,,,,,,,,,,,,,,,,,,,,,,,,,,,,,,,,,,,,,,,,,,,,,,,,,,,,,,,,,,,,,,,,,,,,,,,,
http://cdo.keu.kz/content/7377/7460/1rub.htm,,,,,,,,,,,,,,,,,,,,,,,,,,,,,,,,,,,,,,,,,,,,,,,,,,,,,,,,,,,,,,,,,,,,,,,,,,,,,,,,,,,,,,,,,,,,,,,
http://cdo.keu.kz/content/7378/7461/2rub.htm,,,,,,,,,,,,,,,,,,,,,,,,,,,,,,,,,,,,,,,,,,,,,,,,,,,,,,,,,,,,,,,,,,,,,,,,,,,,,,,,,,,,,,,,,,,,,,,
http://cdo.keu.kz/content/7379/7462/itog.doc.htm,,,,,,,,,,,,,,,,,,,,,,,,,,,,,,,,,,,,,,,,,,,,,,,,,,,,,,,,,,,,,,,,,,,,,,,,,,,,,,,,,,,,,,,,,,,,,,,
http://cdo.keu.kz/content/7380/7463/1.htm,,,,,,,,,,,,,,,,,,,,,,,,,,,,,,,,,,,,,,,,,,,,,,,,,,,,,,,,,,,,,,,,,,,,,,,,,,,,,,,,,,,,,,,,,,,,,,,
http://cdo.keu.kz/content/7381/7464/22318/22318.htm,http://cdo.keu.kz/content/7381/7464/22319/22319.htm,http://cdo.keu.kz/content/7381/7464/22320/22320.htm,http://cdo.keu.kz/content/7381/7464/22321/22321.htm,http://cdo.keu.kz/content/7381/7464/22322/22322.htm,http://cdo.keu.kz/content/7381/7464/22323/22323.htm,http://cdo.keu.kz/content/7381/7464/22324/22324.htm,http://cdo.keu.kz/content/7381/7464/22325/22325.htm,http://cdo.keu.kz/content/7381/7464/22326/22326.htm,http://cdo.keu.kz/content/7381/7464/22327/22327.htm,http://cdo.keu.kz/content/7381/7464/22328/22328.htm,http://cdo.keu.kz/content/7381/7464/22329/22329.htm,http://cdo.keu.kz/content/7381/7464/22330/22330.htm,http://cdo.keu.kz/content/7381/7464/22331/22331.htm,http://cdo.keu.kz/content/7381/7464/22332/22332.htm,http://cdo.keu.kz/content/7381/7464/7464.htm,http://cdo.keu.kz/content/7381/7464/lek.files/filelist.xml,http://cdo.keu.kz/content/7381/7464/lek.files/header.htm,http://cdo.keu.kz/content/7381/7464/lek.files/image001.gif,http://cdo.keu.kz/content/7381/7464/lek.files/image002.gif,http://cdo.keu.kz/content/7381/7464/lek.files/image003.gif,http://cdo.keu.kz/content/7381/7464/lek.files/image004.gif,http://cdo.keu.kz/content/7381/7464/lek.files/image005.gif,,,,,,,,,,,,,,,,,,,,,,,,,,,,,,,,,,,,,,,,,,,,,,,,,,,,,,,,,,,,,,,,,,,,,,,,,
http://cdo.keu.kz/content/7382/7465/1rub.htm,,,,,,,,,,,,,,,,,,,,,,,,,,,,,,,,,,,,,,,,,,,,,,,,,,,,,,,,,,,,,,,,,,,,,,,,,,,,,,,,,,,,,,,,,,,,,,,
http://cdo.keu.kz/content/7383/7466/2rub.htm,,,,,,,,,,,,,,,,,,,,,,,,,,,,,,,,,,,,,,,,,,,,,,,,,,,,,,,,,,,,,,,,,,,,,,,,,,,,,,,,,,,,,,,,,,,,,,,
http://cdo.keu.kz/content/7384/7467/2rub.htm,,,,,,,,,,,,,,,,,,,,,,,,,,,,,,,,,,,,,,,,,,,,,,,,,,,,,,,,,,,,,,,,,,,,,,,,,,,,,,,,,,,,,,,,,,,,,,,
http://cdo.keu.kz/content/7385/7468/itog.htm,,,,,,,,,,,,,,,,,,,,,,,,,,,,,,,,,,,,,,,,,,,,,,,,,,,,,,,,,,,,,,,,,,,,,,,,,,,,,,,,,,,,,,,,,,,,,,,
http://cdo.keu.kz/content/7386/7469/itog.htm,,,,,,,,,,,,,,,,,,,,,,,,,,,,,,,,,,,,,,,,,,,,,,,,,,,,,,,,,,,,,,,,,,,,,,,,,,,,,,,,,,,,,,,,,,,,,,,
http://cdo.keu.kz/content/7387/7470/2.htm,,,,,,,,,,,,,,,,,,,,,,,,,,,,,,,,,,,,,,,,,,,,,,,,,,,,,,,,,,,,,,,,,,,,,,,,,,,,,,,,,,,,,,,,,,,,,,,
http://cdo.keu.kz/content/7388/7471/1rub30.09.2010.files/colorschememapping.xml,http://cdo.keu.kz/content/7388/7471/1rub30.09.2010.files/filelist.xml,http://cdo.keu.kz/content/7388/7471/1rub30.09.2010.files/themedata.thmx,http://cdo.keu.kz/content/7388/7471/1rub30.09.2010.htm,,,,,,,,,,,,,,,,,,,,,,,,,,,,,,,,,,,,,,,,,,,,,,,,,,,,,,,,,,,,,,,,,,,,,,,,,,,,,,,,,,,,,,,,,,,,
http://cdo.keu.kz/content/7389/7472/2rub30.09.2010.files/colorschememapping.xml,http://cdo.keu.kz/content/7389/7472/2rub30.09.2010.files/filelist.xml,http://cdo.keu.kz/content/7389/7472/2rub30.09.2010.files/themedata.thmx,http://cdo.keu.kz/content/7389/7472/2rub30.09.2010.htm,,,,,,,,,,,,,,,,,,,,,,,,,,,,,,,,,,,,,,,,,,,,,,,,,,,,,,,,,,,,,,,,,,,,,,,,,,,,,,,,,,,,,,,,,,,,
http://cdo.keu.kz/content/7390/7473/itog30.09.2010.files/colorschememapping.xml,http://cdo.keu.kz/content/7390/7473/itog30.09.2010.files/filelist.xml,http://cdo.keu.kz/content/7390/7473/itog30.09.2010.files/themedata.thmx,http://cdo.keu.kz/content/7390/7473/itog30.09.2010.htm,,,,,,,,,,,,,,,,,,,,,,,,,,,,,,,,,,,,,,,,,,,,,,,,,,,,,,,,,,,,,,,,,,,,,,,,,,,,,,,,,,,,,,,,,,,,
http://cdo.keu.kz/content/7391/7474/it.htm,,,,,,,,,,,,,,,,,,,,,,,,,,,,,,,,,,,,,,,,,,,,,,,,,,,,,,,,,,,,,,,,,,,,,,,,,,,,,,,,,,,,,,,,,,,,,,,
http://cdo.keu.kz/content/7392/7475/1rub30.09.2010.files/colorschememapping.xml,http://cdo.keu.kz/content/7392/7475/1rub30.09.2010.files/filelist.xml,http://cdo.keu.kz/content/7392/7475/1rub30.09.2010.files/image001.wmz,http://cdo.keu.kz/content/7392/7475/1rub30.09.2010.files/image002.gif,http://cdo.keu.kz/content/7392/7475/1rub30.09.2010.files/image003.wmz,http://cdo.keu.kz/content/7392/7475/1rub30.09.2010.files/image004.gif,http://cdo.keu.kz/content/7392/7475/1rub30.09.2010.files/image005.wmz,http://cdo.keu.kz/content/7392/7475/1rub30.09.2010.files/image006.gif,http://cdo.keu.kz/content/7392/7475/1rub30.09.2010.files/image007.wmz,http://cdo.keu.kz/content/7392/7475/1rub30.09.2010.files/image008.gif,http://cdo.keu.kz/content/7392/7475/1rub30.09.2010.files/image009.wmz,http://cdo.keu.kz/content/7392/7475/1rub30.09.2010.files/image010.gif,http://cdo.keu.kz/content/7392/7475/1rub30.09.2010.files/image011.wmz,http://cdo.keu.kz/content/7392/7475/1rub30.09.2010.files/image012.gif,http://cdo.keu.kz/content/7392/7475/1rub30.09.2010.files/image013.wmz,http://cdo.keu.kz/content/7392/7475/1rub30.09.2010.files/image014.gif,http://cdo.keu.kz/content/7392/7475/1rub30.09.2010.files/image015.wmz,http://cdo.keu.kz/content/7392/7475/1rub30.09.2010.files/image016.gif,http://cdo.keu.kz/content/7392/7475/1rub30.09.2010.files/image017.wmz,http://cdo.keu.kz/content/7392/7475/1rub30.09.2010.files/image018.gif,http://cdo.keu.kz/content/7392/7475/1rub30.09.2010.files/image019.wmz,http://cdo.keu.kz/content/7392/7475/1rub30.09.2010.files/image020.gif,http://cdo.keu.kz/content/7392/7475/1rub30.09.2010.files/image021.wmz,http://cdo.keu.kz/content/7392/7475/1rub30.09.2010.files/image022.gif,http://cdo.keu.kz/content/7392/7475/1rub30.09.2010.files/image023.wmz,http://cdo.keu.kz/content/7392/7475/1rub30.09.2010.files/image024.gif,http://cdo.keu.kz/content/7392/7475/1rub30.09.2010.files/image025.wmz,http://cdo.keu.kz/content/7392/7475/1rub30.09.2010.files/image026.gif,http://cdo.keu.kz/content/7392/7475/1rub30.09.2010.files/image027.wmz,http://cdo.keu.kz/content/7392/7475/1rub30.09.2010.files/image028.gif,http://cdo.keu.kz/content/7392/7475/1rub30.09.2010.files/image029.wmz,http://cdo.keu.kz/content/7392/7475/1rub30.09.2010.files/image030.gif,http://cdo.keu.kz/content/7392/7475/1rub30.09.2010.files/image031.wmz,http://cdo.keu.kz/content/7392/7475/1rub30.09.2010.files/image032.gif,http://cdo.keu.kz/content/7392/7475/1rub30.09.2010.files/image033.wmz,http://cdo.keu.kz/content/7392/7475/1rub30.09.2010.files/image034.gif,http://cdo.keu.kz/content/7392/7475/1rub30.09.2010.files/image035.wmz,http://cdo.keu.kz/content/7392/7475/1rub30.09.2010.files/image036.gif,http://cdo.keu.kz/content/7392/7475/1rub30.09.2010.files/image037.wmz,http://cdo.keu.kz/content/7392/7475/1rub30.09.2010.files/image038.gif,http://cdo.keu.kz/content/7392/7475/1rub30.09.2010.files/image039.wmz,http://cdo.keu.kz/content/7392/7475/1rub30.09.2010.files/image040.gif,http://cdo.keu.kz/content/7392/7475/1rub30.09.2010.files/image041.wmz,http://cdo.keu.kz/content/7392/7475/1rub30.09.2010.files/image042.gif,http://cdo.keu.kz/content/7392/7475/1rub30.09.2010.files/image043.wmz,http://cdo.keu.kz/content/7392/7475/1rub30.09.2010.files/image044.gif,http://cdo.keu.kz/content/7392/7475/1rub30.09.2010.files/image045.wmz,http://cdo.keu.kz/content/7392/7475/1rub30.09.2010.files/image046.gif,http://cdo.keu.kz/content/7392/7475/1rub30.09.2010.files/image047.wmz,http://cdo.keu.kz/content/7392/7475/1rub30.09.2010.files/image048.gif,http://cdo.keu.kz/content/7392/7475/1rub30.09.2010.files/image049.wmz,http://cdo.keu.kz/content/7392/7475/1rub30.09.2010.files/image050.gif,http://cdo.keu.kz/content/7392/7475/1rub30.09.2010.files/image051.wmz,http://cdo.keu.kz/content/7392/7475/1rub30.09.2010.files/image052.gif,http://cdo.keu.kz/content/7392/7475/1rub30.09.2010.files/image053.wmz,http://cdo.keu.kz/content/7392/7475/1rub30.09.2010.files/image054.gif,http://cdo.keu.kz/content/7392/7475/1rub30.09.2010.files/image055.wmz,http://cdo.keu.kz/content/7392/7475/1rub30.09.2010.files/image056.gif,http://cdo.keu.kz/content/7392/7475/1rub30.09.2010.files/image057.wmz,http://cdo.keu.kz/content/7392/7475/1rub30.09.2010.files/image058.gif,http://cdo.keu.kz/content/7392/7475/1rub30.09.2010.files/image059.wmz,http://cdo.keu.kz/content/7392/7475/1rub30.09.2010.files/image060.gif,http://cdo.keu.kz/content/7392/7475/1rub30.09.2010.files/image061.wmz,http://cdo.keu.kz/content/7392/7475/1rub30.09.2010.files/image062.gif,http://cdo.keu.kz/content/7392/7475/1rub30.09.2010.files/image063.wmz,http://cdo.keu.kz/content/7392/7475/1rub30.09.2010.files/image064.gif,http://cdo.keu.kz/content/7392/7475/1rub30.09.2010.files/image065.wmz,http://cdo.keu.kz/content/7392/7475/1rub30.09.2010.files/image066.gif,http://cdo.keu.kz/content/7392/7475/1rub30.09.2010.files/image067.wmz,http://cdo.keu.kz/content/7392/7475/1rub30.09.2010.files/image068.gif,http://cdo.keu.kz/content/7392/7475/1rub30.09.2010.files/image069.wmz,http://cdo.keu.kz/content/7392/7475/1rub30.09.2010.files/image070.gif,http://cdo.keu.kz/content/7392/7475/1rub30.09.2010.files/image071.wmz,http://cdo.keu.kz/content/7392/7475/1rub30.09.2010.files/image072.gif,http://cdo.keu.kz/content/7392/7475/1rub30.09.2010.files/image073.wmz,http://cdo.keu.kz/content/7392/7475/1rub30.09.2010.files/image074.gif,http://cdo.keu.kz/content/7392/7475/1rub30.09.2010.files/image075.wmz,http://cdo.keu.kz/content/7392/7475/1rub30.09.2010.files/image076.gif,http://cdo.keu.kz/content/7392/7475/1rub30.09.2010.files/image077.wmz,http://cdo.keu.kz/content/7392/7475/1rub30.09.2010.files/image078.gif,http://cdo.keu.kz/content/7392/7475/1rub30.09.2010.files/image079.wmz,http://cdo.keu.kz/content/7392/7475/1rub30.09.2010.files/image080.gif,http://cdo.keu.kz/content/7392/7475/1rub30.09.2010.files/image081.wmz,http://cdo.keu.kz/content/7392/7475/1rub30.09.2010.files/image082.gif,http://cdo.keu.kz/content/7392/7475/1rub30.09.2010.files/image083.wmz,http://cdo.keu.kz/content/7392/7475/1rub30.09.2010.files/image084.gif,http://cdo.keu.kz/content/7392/7475/1rub30.09.2010.files/image085.wmz,http://cdo.keu.kz/content/7392/7475/1rub30.09.2010.files/image086.gif,http://cdo.keu.kz/content/7392/7475/1rub30.09.2010.files/oledata.mso,http://cdo.keu.kz/content/7392/7475/1rub30.09.2010.files/themedata.thmx,http://cdo.keu.kz/content/7392/7475/1rub30.09.2010.htm,,,,,
http://cdo.keu.kz/content/7393/7476/2rub30.09.2010.files/colorschememapping.xml,http://cdo.keu.kz/content/7393/7476/2rub30.09.2010.files/filelist.xml,http://cdo.keu.kz/content/7393/7476/2rub30.09.2010.files/image001.wmz,http://cdo.keu.kz/content/7393/7476/2rub30.09.2010.files/image002.gif,http://cdo.keu.kz/content/7393/7476/2rub30.09.2010.files/image003.wmz,http://cdo.keu.kz/content/7393/7476/2rub30.09.2010.files/image004.gif,http://cdo.keu.kz/content/7393/7476/2rub30.09.2010.files/oledata.mso,http://cdo.keu.kz/content/7393/7476/2rub30.09.2010.files/themedata.thmx,http://cdo.keu.kz/content/7393/7476/2rub30.09.2010.htm,,,,,,,,,,,,,,,,,,,,,,,,,,,,,,,,,,,,,,,,,,,,,,,,,,,,,,,,,,,,,,,,,,,,,,,,,,,,,,,,,,,,,,,
http://cdo.keu.kz/content/7394/7477/itog30.09.2010.files/colorschememapping.xml,http://cdo.keu.kz/content/7394/7477/itog30.09.2010.files/filelist.xml,http://cdo.keu.kz/content/7394/7477/itog30.09.2010.files/header.htm,http://cdo.keu.kz/content/7394/7477/itog30.09.2010.files/image001.wmz,http://cdo.keu.kz/content/7394/7477/itog30.09.2010.files/image002.gif,http://cdo.keu.kz/content/7394/7477/itog30.09.2010.files/image003.wmz,http://cdo.keu.kz/content/7394/7477/itog30.09.2010.files/image004.gif,http://cdo.keu.kz/content/7394/7477/itog30.09.2010.files/image005.wmz,http://cdo.keu.kz/content/7394/7477/itog30.09.2010.files/image006.gif,http://cdo.keu.kz/content/7394/7477/itog30.09.2010.files/image007.wmz,http://cdo.keu.kz/content/7394/7477/itog30.09.2010.files/image008.gif,http://cdo.keu.kz/content/7394/7477/itog30.09.2010.files/image009.wmz,http://cdo.keu.kz/content/7394/7477/itog30.09.2010.files/image010.gif,http://cdo.keu.kz/content/7394/7477/itog30.09.2010.files/image011.wmz,http://cdo.keu.kz/content/7394/7477/itog30.09.2010.files/image012.gif,http://cdo.keu.kz/content/7394/7477/itog30.09.2010.files/image013.wmz,http://cdo.keu.kz/content/7394/7477/itog30.09.2010.files/image014.gif,http://cdo.keu.kz/content/7394/7477/itog30.09.2010.files/image015.wmz,http://cdo.keu.kz/content/7394/7477/itog30.09.2010.files/image016.gif,http://cdo.keu.kz/content/7394/7477/itog30.09.2010.files/image017.wmz,http://cdo.keu.kz/content/7394/7477/itog30.09.2010.files/image018.gif,http://cdo.keu.kz/content/7394/7477/itog30.09.2010.files/image019.wmz,http://cdo.keu.kz/content/7394/7477/itog30.09.2010.files/image020.gif,http://cdo.keu.kz/content/7394/7477/itog30.09.2010.files/image021.wmz,http://cdo.keu.kz/content/7394/7477/itog30.09.2010.files/image022.gif,http://cdo.keu.kz/content/7394/7477/itog30.09.2010.files/image023.wmz,http://cdo.keu.kz/content/7394/7477/itog30.09.2010.files/image024.gif,http://cdo.keu.kz/content/7394/7477/itog30.09.2010.files/image025.wmz,http://cdo.keu.kz/content/7394/7477/itog30.09.2010.files/image026.gif,http://cdo.keu.kz/content/7394/7477/itog30.09.2010.files/image027.wmz,http://cdo.keu.kz/content/7394/7477/itog30.09.2010.files/image028.gif,http://cdo.keu.kz/content/7394/7477/itog30.09.2010.files/image029.wmz,http://cdo.keu.kz/content/7394/7477/itog30.09.2010.files/image030.gif,http://cdo.keu.kz/content/7394/7477/itog30.09.2010.files/image031.wmz,http://cdo.keu.kz/content/7394/7477/itog30.09.2010.files/image032.gif,http://cdo.keu.kz/content/7394/7477/itog30.09.2010.files/image033.wmz,http://cdo.keu.kz/content/7394/7477/itog30.09.2010.files/image034.gif,http://cdo.keu.kz/content/7394/7477/itog30.09.2010.files/image035.wmz,http://cdo.keu.kz/content/7394/7477/itog30.09.2010.files/image036.gif,http://cdo.keu.kz/content/7394/7477/itog30.09.2010.files/image037.wmz,http://cdo.keu.kz/content/7394/7477/itog30.09.2010.files/image038.gif,http://cdo.keu.kz/content/7394/7477/itog30.09.2010.files/image039.wmz,http://cdo.keu.kz/content/7394/7477/itog30.09.2010.files/image040.gif,http://cdo.keu.kz/content/7394/7477/itog30.09.2010.files/image041.wmz,http://cdo.keu.kz/content/7394/7477/itog30.09.2010.files/image042.gif,http://cdo.keu.kz/content/7394/7477/itog30.09.2010.files/image043.wmz,http://cdo.keu.kz/content/7394/7477/itog30.09.2010.files/image044.gif,http://cdo.keu.kz/content/7394/7477/itog30.09.2010.files/image045.wmz,http://cdo.keu.kz/content/7394/7477/itog30.09.2010.files/image046.gif,http://cdo.keu.kz/content/7394/7477/itog30.09.2010.files/image047.wmz,http://cdo.keu.kz/content/7394/7477/itog30.09.2010.files/image048.gif,http://cdo.keu.kz/content/7394/7477/itog30.09.2010.files/image049.wmz,http://cdo.keu.kz/content/7394/7477/itog30.09.2010.files/image050.gif,http://cdo.keu.kz/content/7394/7477/itog30.09.2010.files/image051.wmz,http://cdo.keu.kz/content/7394/7477/itog30.09.2010.files/image052.gif,http://cdo.keu.kz/content/7394/7477/itog30.09.2010.files/image053.wmz,http://cdo.keu.kz/content/7394/7477/itog30.09.2010.files/image054.gif,http://cdo.keu.kz/content/7394/7477/itog30.09.2010.files/image055.wmz,http://cdo.keu.kz/content/7394/7477/itog30.09.2010.files/image056.gif,http://cdo.keu.kz/content/7394/7477/itog30.09.2010.files/image057.wmz,http://cdo.keu.kz/content/7394/7477/itog30.09.2010.files/image058.gif,http://cdo.keu.kz/content/7394/7477/itog30.09.2010.files/image059.wmz,http://cdo.keu.kz/content/7394/7477/itog30.09.2010.files/image060.gif,http://cdo.keu.kz/content/7394/7477/itog30.09.2010.files/image061.wmz,http://cdo.keu.kz/content/7394/7477/itog30.09.2010.files/image062.gif,http://cdo.keu.kz/content/7394/7477/itog30.09.2010.files/image063.wmz,http://cdo.keu.kz/content/7394/7477/itog30.09.2010.files/image064.gif,http://cdo.keu.kz/content/7394/7477/itog30.09.2010.files/image065.wmz,http://cdo.keu.kz/content/7394/7477/itog30.09.2010.files/image066.gif,http://cdo.keu.kz/content/7394/7477/itog30.09.2010.files/image067.wmz,http://cdo.keu.kz/content/7394/7477/itog30.09.2010.files/image068.gif,http://cdo.keu.kz/content/7394/7477/itog30.09.2010.files/image069.wmz,http://cdo.keu.kz/content/7394/7477/itog30.09.2010.files/image070.gif,http://cdo.keu.kz/content/7394/7477/itog30.09.2010.files/image071.wmz,http://cdo.keu.kz/content/7394/7477/itog30.09.2010.files/image072.gif,http://cdo.keu.kz/content/7394/7477/itog30.09.2010.files/image073.wmz,http://cdo.keu.kz/content/7394/7477/itog30.09.2010.files/image074.gif,http://cdo.keu.kz/content/7394/7477/itog30.09.2010.files/image075.wmz,http://cdo.keu.kz/content/7394/7477/itog30.09.2010.files/image076.gif,http://cdo.keu.kz/content/7394/7477/itog30.09.2010.files/image077.wmz,http://cdo.keu.kz/content/7394/7477/itog30.09.2010.files/image078.gif,http://cdo.keu.kz/content/7394/7477/itog30.09.2010.files/image079.wmz,http://cdo.keu.kz/content/7394/7477/itog30.09.2010.files/image080.gif,http://cdo.keu.kz/content/7394/7477/itog30.09.2010.files/image081.wmz,http://cdo.keu.kz/content/7394/7477/itog30.09.2010.files/image082.gif,http://cdo.keu.kz/content/7394/7477/itog30.09.2010.files/image083.wmz,http://cdo.keu.kz/content/7394/7477/itog30.09.2010.files/image084.gif,http://cdo.keu.kz/content/7394/7477/itog30.09.2010.files/image085.wmz,http://cdo.keu.kz/content/7394/7477/itog30.09.2010.files/image086.gif,http://cdo.keu.kz/content/7394/7477/itog30.09.2010.files/image087.wmz,http://cdo.keu.kz/content/7394/7477/itog30.09.2010.files/image088.gif,http://cdo.keu.kz/content/7394/7477/itog30.09.2010.files/image089.wmz,http://cdo.keu.kz/content/7394/7477/itog30.09.2010.files/image090.gif,http://cdo.keu.kz/content/7394/7477/itog30.09.2010.files/oledata.mso,http://cdo.keu.kz/content/7394/7477/itog30.09.2010.files/themedata.thmx,http://cdo.keu.kz/content/7394/7477/itog30.09.2010.htm
http://cdo.keu.kz/content/7395/7478/22333/22333.htm,http://cdo.keu.kz/content/7395/7478/22334/22334.htm,http://cdo.keu.kz/content/7395/7478/22335/22335.htm,http://cdo.keu.kz/content/7395/7478/22336/22336.htm,http://cdo.keu.kz/content/7395/7478/22337/22337.htm,http://cdo.keu.kz/content/7395/7478/22338/22338.htm,http://cdo.keu.kz/content/7395/7478/22339/22339.htm,http://cdo.keu.kz/content/7395/7478/22340/22340.htm,http://cdo.keu.kz/content/7395/7478/22341/22341.htm,http://cdo.keu.kz/content/7395/7478/22342/22342.htm,http://cdo.keu.kz/content/7395/7478/7478.htm,http://cdo.keu.kz/content/7395/7478/lek.files/image001.gif,http://cdo.keu.kz/content/7395/7478/lek.files/image002.gif,http://cdo.keu.kz/content/7395/7478/lek.files/image003.gif,http://cdo.keu.kz/content/7395/7478/lek.files/image004.gif,http://cdo.keu.kz/content/7395/7478/lek.files/image005.gif,http://cdo.keu.kz/content/7395/7478/lek.files/image006.gif,http://cdo.keu.kz/content/7395/7478/lek.files/image007.gif,http://cdo.keu.kz/content/7395/7478/lek.files/image008.gif,http://cdo.keu.kz/content/7395/7478/lek.files/image009.gif,http://cdo.keu.kz/content/7395/7478/lek.files/image010.gif,,,,,,,,,,,,,,,,,,,,,,,,,,,,,,,,,,,,,,,,,,,,,,,,,,,,,,,,,,,,,,,,,,,,,,,,,,,
http://cdo.keu.kz/content/7396/7479/22343/22343.htm,http://cdo.keu.kz/content/7396/7479/22344/22344.htm,http://cdo.keu.kz/content/7396/7479/22345/22345.htm,http://cdo.keu.kz/content/7396/7479/22346/22346.htm,http://cdo.keu.kz/content/7396/7479/22347/22347.htm,http://cdo.keu.kz/content/7396/7479/22348/22348.htm,http://cdo.keu.kz/content/7396/7479/22349/22349.htm,http://cdo.keu.kz/content/7396/7479/22350/22350.htm,http://cdo.keu.kz/content/7396/7479/22351/22351.htm,http://cdo.keu.kz/content/7396/7479/22352/22352.htm,http://cdo.keu.kz/content/7396/7479/22353/22353.htm,http://cdo.keu.kz/content/7396/7479/22354/22354.htm,http://cdo.keu.kz/content/7396/7479/22355/22355.htm,http://cdo.keu.kz/content/7396/7479/22356/22356.htm,http://cdo.keu.kz/content/7396/7479/7479.htm,,,,,,,,,,,,,,,,,,,,,,,,,,,,,,,,,,,,,,,,,,,,,,,,,,,,,,,,,,,,,,,,,,,,,,,,,,,,,,,,,
http://cdo.keu.kz/content/7397/7480/1rub.htm,,,,,,,,,,,,,,,,,,,,,,,,,,,,,,,,,,,,,,,,,,,,,,,,,,,,,,,,,,,,,,,,,,,,,,,,,,,,,,,,,,,,,,,,,,,,,,,
http://cdo.keu.kz/content/7398/7481/2rub.htm,,,,,,,,,,,,,,,,,,,,,,,,,,,,,,,,,,,,,,,,,,,,,,,,,,,,,,,,,,,,,,,,,,,,,,,,,,,,,,,,,,,,,,,,,,,,,,,
http://cdo.keu.kz/content/7399/7482/itog.htm,,,,,,,,,,,,,,,,,,,,,,,,,,,,,,,,,,,,,,,,,,,,,,,,,,,,,,,,,,,,,,,,,,,,,,,,,,,,,,,,,,,,,,,,,,,,,,,
http://cdo.keu.kz/content/7400/7483/itog.htm,,,,,,,,,,,,,,,,,,,,,,,,,,,,,,,,,,,,,,,,,,,,,,,,,,,,,,,,,,,,,,,,,,,,,,,,,,,,,,,,,,,,,,,,,,,,,,,
