0,1,2,3,4,5,6,7,8,9,10,11,12,13,14,15,16,17,18,19,20,21,22,23,24,25,26,27,28,29,30,31,32,33,34,35,36,37,38,39,40,41,42,43,44,45,46,47,48,49,50,51,52,53,54,55
http://cdo.keu.kz/content/6901/6984/20807/20807.htm,http://cdo.keu.kz/content/6901/6984/20808/20808.htm,http://cdo.keu.kz/content/6901/6984/20809/20809.htm,http://cdo.keu.kz/content/6901/6984/20810/20810.htm,http://cdo.keu.kz/content/6901/6984/20811/20811.htm,http://cdo.keu.kz/content/6901/6984/20812/20812.htm,http://cdo.keu.kz/content/6901/6984/20813/20813.htm,http://cdo.keu.kz/content/6901/6984/20814/20814.htm,http://cdo.keu.kz/content/6901/6984/20815/20815.htm,http://cdo.keu.kz/content/6901/6984/20816/20816.htm,http://cdo.keu.kz/content/6901/6984/6984.htm,http://cdo.keu.kz/content/6901/6984/lek17.09.2010.files/colorschememapping.xml,http://cdo.keu.kz/content/6901/6984/lek17.09.2010.files/filelist.xml,http://cdo.keu.kz/content/6901/6984/lek17.09.2010.files/header.htm,http://cdo.keu.kz/content/6901/6984/lek17.09.2010.files/image001.wmz,http://cdo.keu.kz/content/6901/6984/lek17.09.2010.files/image002.gif,http://cdo.keu.kz/content/6901/6984/lek17.09.2010.files/image003.wmz,http://cdo.keu.kz/content/6901/6984/lek17.09.2010.files/image004.gif,http://cdo.keu.kz/content/6901/6984/lek17.09.2010.files/image005.wmz,http://cdo.keu.kz/content/6901/6984/lek17.09.2010.files/image006.gif,http://cdo.keu.kz/content/6901/6984/lek17.09.2010.files/image007.wmz,http://cdo.keu.kz/content/6901/6984/lek17.09.2010.files/image008.gif,http://cdo.keu.kz/content/6901/6984/lek17.09.2010.files/image009.wmz,http://cdo.keu.kz/content/6901/6984/lek17.09.2010.files/image010.gif,http://cdo.keu.kz/content/6901/6984/lek17.09.2010.files/image011.wmz,http://cdo.keu.kz/content/6901/6984/lek17.09.2010.files/image012.gif,http://cdo.keu.kz/content/6901/6984/lek17.09.2010.files/image013.wmz,http://cdo.keu.kz/content/6901/6984/lek17.09.2010.files/image014.gif,http://cdo.keu.kz/content/6901/6984/lek17.09.2010.files/image015.wmz,http://cdo.keu.kz/content/6901/6984/lek17.09.2010.files/image016.gif,http://cdo.keu.kz/content/6901/6984/lek17.09.2010.files/image017.wmz,http://cdo.keu.kz/content/6901/6984/lek17.09.2010.files/image018.gif,http://cdo.keu.kz/content/6901/6984/lek17.09.2010.files/image019.wmz,http://cdo.keu.kz/content/6901/6984/lek17.09.2010.files/image020.gif,http://cdo.keu.kz/content/6901/6984/lek17.09.2010.files/image021.wmz,http://cdo.keu.kz/content/6901/6984/lek17.09.2010.files/image022.gif,http://cdo.keu.kz/content/6901/6984/lek17.09.2010.files/image023.wmz,http://cdo.keu.kz/content/6901/6984/lek17.09.2010.files/image024.gif,http://cdo.keu.kz/content/6901/6984/lek17.09.2010.files/image025.wmz,http://cdo.keu.kz/content/6901/6984/lek17.09.2010.files/image026.gif,http://cdo.keu.kz/content/6901/6984/lek17.09.2010.files/image027.wmz,http://cdo.keu.kz/content/6901/6984/lek17.09.2010.files/image028.gif,http://cdo.keu.kz/content/6901/6984/lek17.09.2010.files/image029.wmz,http://cdo.keu.kz/content/6901/6984/lek17.09.2010.files/image030.gif,http://cdo.keu.kz/content/6901/6984/lek17.09.2010.files/image031.wmz,http://cdo.keu.kz/content/6901/6984/lek17.09.2010.files/image032.gif,http://cdo.keu.kz/content/6901/6984/lek17.09.2010.files/image033.wmz,http://cdo.keu.kz/content/6901/6984/lek17.09.2010.files/image034.gif,http://cdo.keu.kz/content/6901/6984/lek17.09.2010.files/image035.wmz,http://cdo.keu.kz/content/6901/6984/lek17.09.2010.files/image036.gif,http://cdo.keu.kz/content/6901/6984/lek17.09.2010.files/image037.wmz,http://cdo.keu.kz/content/6901/6984/lek17.09.2010.files/image038.gif,http://cdo.keu.kz/content/6901/6984/lek17.09.2010.files/image039.wmz,http://cdo.keu.kz/content/6901/6984/lek17.09.2010.files/image040.gif,http://cdo.keu.kz/content/6901/6984/lek17.09.2010.files/oledata.mso,http://cdo.keu.kz/content/6901/6984/lek17.09.2010.files/themedata.thmx
http://cdo.keu.kz/content/6902/6985/1.htm,,,,,,,,,,,,,,,,,,,,,,,,,,,,,,,,,,,,,,,,,,,,,,,,,,,,,,,
http://cdo.keu.kz/content/6903/6986/1.htm,,,,,,,,,,,,,,,,,,,,,,,,,,,,,,,,,,,,,,,,,,,,,,,,,,,,,,,
http://cdo.keu.kz/content/6904/6987/1.htm,,,,,,,,,,,,,,,,,,,,,,,,,,,,,,,,,,,,,,,,,,,,,,,,,,,,,,,
http://cdo.keu.kz/content/6905/6988/1rub17.09.2010.files/colorschememapping.xml,http://cdo.keu.kz/content/6905/6988/1rub17.09.2010.files/filelist.xml,http://cdo.keu.kz/content/6905/6988/1rub17.09.2010.files/themedata.thmx,http://cdo.keu.kz/content/6905/6988/1rub17.09.2010.htm,,,,,,,,,,,,,,,,,,,,,,,,,,,,,,,,,,,,,,,,,,,,,,,,,,,,
http://cdo.keu.kz/content/6906/6989/2rub17.09.2010.files/colorschememapping.xml,http://cdo.keu.kz/content/6906/6989/2rub17.09.2010.files/filelist.xml,http://cdo.keu.kz/content/6906/6989/2rub17.09.2010.files/themedata.thmx,http://cdo.keu.kz/content/6906/6989/2rub17.09.2010.htm,,,,,,,,,,,,,,,,,,,,,,,,,,,,,,,,,,,,,,,,,,,,,,,,,,,,
http://cdo.keu.kz/content/6907/6990/itog17.09.2010.files/colorschememapping.xml,http://cdo.keu.kz/content/6907/6990/itog17.09.2010.files/filelist.xml,http://cdo.keu.kz/content/6907/6990/itog17.09.2010.files/themedata.thmx,http://cdo.keu.kz/content/6907/6990/itog17.09.2010.htm,,,,,,,,,,,,,,,,,,,,,,,,,,,,,,,,,,,,,,,,,,,,,,,,,,,,
http://cdo.keu.kz/content/6908/6991/6991.htm,http://cdo.keu.kz/content/6908/6991/lek.files/image001.gif,http://cdo.keu.kz/content/6908/6991/lek.files/image002.gif,http://cdo.keu.kz/content/6908/6991/lek.htm,,,,,,,,,,,,,,,,,,,,,,,,,,,,,,,,,,,,,,,,,,,,,,,,,,,,
http://cdo.keu.kz/content/6909/6992/2.files/filelist.xml,http://cdo.keu.kz/content/6909/6992/2.files/header.htm,http://cdo.keu.kz/content/6909/6992/2.htm,,,,,,,,,,,,,,,,,,,,,,,,,,,,,,,,,,,,,,,,,,,,,,,,,,,,,
http://cdo.keu.kz/content/6910/6993/20817/20817.htm,http://cdo.keu.kz/content/6910/6993/20818/20818.htm,http://cdo.keu.kz/content/6910/6993/20819/20819.htm,http://cdo.keu.kz/content/6910/6993/20820/20820.htm,http://cdo.keu.kz/content/6910/6993/20821/20821.htm,http://cdo.keu.kz/content/6910/6993/20822/20822.htm,http://cdo.keu.kz/content/6910/6993/20823/20823.htm,http://cdo.keu.kz/content/6910/6993/20824/20824.htm,http://cdo.keu.kz/content/6910/6993/20825/20825.htm,http://cdo.keu.kz/content/6910/6993/20826/20826.htm,http://cdo.keu.kz/content/6910/6993/20827/20827.htm,http://cdo.keu.kz/content/6910/6993/20828/20828.htm,http://cdo.keu.kz/content/6910/6993/20829/20829.htm,http://cdo.keu.kz/content/6910/6993/20830/20830.htm,http://cdo.keu.kz/content/6910/6993/20831/20831.htm,http://cdo.keu.kz/content/6910/6993/6993.htm,http://cdo.keu.kz/content/6910/6993/lek.files/image001.gif,http://cdo.keu.kz/content/6910/6993/lek.files/image002.gif,,,,,,,,,,,,,,,,,,,,,,,,,,,,,,,,,,,,,,
http://cdo.keu.kz/content/6911/6994/2.files/filelist.xml,http://cdo.keu.kz/content/6911/6994/2.files/header.htm,http://cdo.keu.kz/content/6911/6994/2.htm,,,,,,,,,,,,,,,,,,,,,,,,,,,,,,,,,,,,,,,,,,,,,,,,,,,,,
http://cdo.keu.kz/content/6912/6995/q.files/filelist.xml,http://cdo.keu.kz/content/6912/6995/q.files/header.htm,http://cdo.keu.kz/content/6912/6995/q.htm,,,,,,,,,,,,,,,,,,,,,,,,,,,,,,,,,,,,,,,,,,,,,,,,,,,,,
http://cdo.keu.kz/content/6913/6996/20832/20832.htm,http://cdo.keu.kz/content/6913/6996/20833/20833.htm,http://cdo.keu.kz/content/6913/6996/20834/20834.htm,http://cdo.keu.kz/content/6913/6996/20835/20835.htm,http://cdo.keu.kz/content/6913/6996/20836/20836.htm,http://cdo.keu.kz/content/6913/6996/20837/20837.htm,http://cdo.keu.kz/content/6913/6996/20838/20838.htm,http://cdo.keu.kz/content/6913/6996/20839/20839.htm,http://cdo.keu.kz/content/6913/6996/20840/20840.htm,http://cdo.keu.kz/content/6913/6996/20841/20841.htm,http://cdo.keu.kz/content/6913/6996/20842/20842.htm,http://cdo.keu.kz/content/6913/6996/20843/20843.htm,http://cdo.keu.kz/content/6913/6996/20844/20844.htm,http://cdo.keu.kz/content/6913/6996/20845/20845.htm,http://cdo.keu.kz/content/6913/6996/20846/20846.htm,http://cdo.keu.kz/content/6913/6996/20847/20847.htm,http://cdo.keu.kz/content/6913/6996/6996.htm,http://cdo.keu.kz/content/6913/6996/LEK.files/image001.jpg,http://cdo.keu.kz/content/6913/6996/LEK.files/image002.jpg,http://cdo.keu.kz/content/6913/6996/LEK.files/image003.jpg,http://cdo.keu.kz/content/6913/6996/LEK.files/image004.gif,http://cdo.keu.kz/content/6913/6996/LEK.files/image005.gif,http://cdo.keu.kz/content/6913/6996/LEK.files/image006.gif,http://cdo.keu.kz/content/6913/6996/LEK.files/image007.gif,http://cdo.keu.kz/content/6913/6996/LEK.files/image008.gif,http://cdo.keu.kz/content/6913/6996/LEK.files/image009.gif,http://cdo.keu.kz/content/6913/6996/LEK.files/image010.gif,http://cdo.keu.kz/content/6913/6996/LEK.files/image011.gif,http://cdo.keu.kz/content/6913/6996/LEK.files/image012.gif,http://cdo.keu.kz/content/6913/6996/LEK.files/image013.gif,http://cdo.keu.kz/content/6913/6996/LEK.files/image014.gif,http://cdo.keu.kz/content/6913/6996/LEK.files/image015.gif,http://cdo.keu.kz/content/6913/6996/LEK.files/image016.gif,http://cdo.keu.kz/content/6913/6996/LEK.files/image017.gif,http://cdo.keu.kz/content/6913/6996/LEK.files/image018.gif,http://cdo.keu.kz/content/6913/6996/LEK.files/image019.gif,http://cdo.keu.kz/content/6913/6996/LEK.files/image020.gif,http://cdo.keu.kz/content/6913/6996/LEK.files/image021.gif,http://cdo.keu.kz/content/6913/6996/LEK.files/image022.gif,http://cdo.keu.kz/content/6913/6996/LEK.files/image023.gif,http://cdo.keu.kz/content/6913/6996/LEK.files/image024.gif,http://cdo.keu.kz/content/6913/6996/LEK.files/image025.gif,http://cdo.keu.kz/content/6913/6996/LEK.files/image026.gif,http://cdo.keu.kz/content/6913/6996/LEK.files/image027.gif,http://cdo.keu.kz/content/6913/6996/LEK.files/image028.gif,http://cdo.keu.kz/content/6913/6996/LEK.files/image029.gif,http://cdo.keu.kz/content/6913/6996/LEK.files/image030.gif,http://cdo.keu.kz/content/6913/6996/LEK.files/image031.gif,http://cdo.keu.kz/content/6913/6996/LEK.files/image032.gif,http://cdo.keu.kz/content/6913/6996/LEK.files/image033.gif,http://cdo.keu.kz/content/6913/6996/LEK.files/image034.gif,http://cdo.keu.kz/content/6913/6996/LEK.files/image035.gif,,,,
http://cdo.keu.kz/content/6914/6997/R1.htm,,,,,,,,,,,,,,,,,,,,,,,,,,,,,,,,,,,,,,,,,,,,,,,,,,,,,,,
http://cdo.keu.kz/content/6915/6998/R2.htm,,,,,,,,,,,,,,,,,,,,,,,,,,,,,,,,,,,,,,,,,,,,,,,,,,,,,,,
http://cdo.keu.kz/content/6916/6999/itog.htm,,,,,,,,,,,,,,,,,,,,,,,,,,,,,,,,,,,,,,,,,,,,,,,,,,,,,,,
http://cdo.keu.kz/content/6917/7000/20848/20848.htm,http://cdo.keu.kz/content/6917/7000/20849/20849.htm,http://cdo.keu.kz/content/6917/7000/20850/20850.htm,http://cdo.keu.kz/content/6917/7000/20851/20851.htm,http://cdo.keu.kz/content/6917/7000/20852/20852.htm,http://cdo.keu.kz/content/6917/7000/20853/20853.htm,http://cdo.keu.kz/content/6917/7000/20854/20854.htm,http://cdo.keu.kz/content/6917/7000/20855/20855.htm,http://cdo.keu.kz/content/6917/7000/20856/20856.htm,http://cdo.keu.kz/content/6917/7000/20857/20857.htm,http://cdo.keu.kz/content/6917/7000/20858/20858.htm,http://cdo.keu.kz/content/6917/7000/20859/20859.htm,http://cdo.keu.kz/content/6917/7000/20860/20860.htm,http://cdo.keu.kz/content/6917/7000/20861/20861.htm,http://cdo.keu.kz/content/6917/7000/7000.htm,http://cdo.keu.kz/content/6917/7000/lek.files/image001.gif,http://cdo.keu.kz/content/6917/7000/lek.files/image002.jpg,http://cdo.keu.kz/content/6917/7000/lek.files/image003.jpg,http://cdo.keu.kz/content/6917/7000/lek.files/image004.gif,http://cdo.keu.kz/content/6917/7000/lek.files/image005.gif,http://cdo.keu.kz/content/6917/7000/lek.files/image006.gif,http://cdo.keu.kz/content/6917/7000/lek.files/image007.gif,http://cdo.keu.kz/content/6917/7000/lek.files/image008.jpg,,,,,,,,,,,,,,,,,,,,,,,,,,,,,,,,,
http://cdo.keu.kz/content/6918/7001/R1.htm,,,,,,,,,,,,,,,,,,,,,,,,,,,,,,,,,,,,,,,,,,,,,,,,,,,,,,,
http://cdo.keu.kz/content/6919/7002/R2.htm,,,,,,,,,,,,,,,,,,,,,,,,,,,,,,,,,,,,,,,,,,,,,,,,,,,,,,,
http://cdo.keu.kz/content/6920/7003/itog.htm,,,,,,,,,,,,,,,,,,,,,,,,,,,,,,,,,,,,,,,,,,,,,,,,,,,,,,,
http://cdo.keu.kz/content/6921/7004/20862/20862.htm,http://cdo.keu.kz/content/6921/7004/20863/20863.htm,http://cdo.keu.kz/content/6921/7004/20864/20864.htm,http://cdo.keu.kz/content/6921/7004/20865/20865.htm,http://cdo.keu.kz/content/6921/7004/20866/20866.htm,http://cdo.keu.kz/content/6921/7004/20867/20867.htm,http://cdo.keu.kz/content/6921/7004/20868/20868.htm,http://cdo.keu.kz/content/6921/7004/20869/20869.htm,http://cdo.keu.kz/content/6921/7004/7004.htm,,,,,,,,,,,,,,,,,,,,,,,,,,,,,,,,,,,,,,,,,,,,,,,
http://cdo.keu.kz/content/6922/7005/20870/20870.htm,http://cdo.keu.kz/content/6922/7005/20871/20871.htm,http://cdo.keu.kz/content/6922/7005/20872/20872.htm,http://cdo.keu.kz/content/6922/7005/20873/20873.htm,http://cdo.keu.kz/content/6922/7005/20874/20874.htm,http://cdo.keu.kz/content/6922/7005/20875/20875.htm,http://cdo.keu.kz/content/6922/7005/20876/20876.htm,http://cdo.keu.kz/content/6922/7005/20877/20877.htm,http://cdo.keu.kz/content/6922/7005/7005.htm,,,,,,,,,,,,,,,,,,,,,,,,,,,,,,,,,,,,,,,,,,,,,,,
http://cdo.keu.kz/content/6923/7006/1rub20.09.2010.files/colorschememapping.xml,http://cdo.keu.kz/content/6923/7006/1rub20.09.2010.files/filelist.xml,http://cdo.keu.kz/content/6923/7006/1rub20.09.2010.files/themedata.thmx,http://cdo.keu.kz/content/6923/7006/1rub20.09.2010.htm,,,,,,,,,,,,,,,,,,,,,,,,,,,,,,,,,,,,,,,,,,,,,,,,,,,,
http://cdo.keu.kz/content/6924/7007/1rub20.09.2010.files/colorschememapping.xml,http://cdo.keu.kz/content/6924/7007/1rub20.09.2010.files/filelist.xml,http://cdo.keu.kz/content/6924/7007/1rub20.09.2010.files/themedata.thmx,http://cdo.keu.kz/content/6924/7007/1rub20.09.2010.htm,,,,,,,,,,,,,,,,,,,,,,,,,,,,,,,,,,,,,,,,,,,,,,,,,,,,
http://cdo.keu.kz/content/6925/7008/1rub.htm,,,,,,,,,,,,,,,,,,,,,,,,,,,,,,,,,,,,,,,,,,,,,,,,,,,,,,,
http://cdo.keu.kz/content/6926/7009/2rub20.09.2010.files/colorschememapping.xml,http://cdo.keu.kz/content/6926/7009/2rub20.09.2010.files/filelist.xml,http://cdo.keu.kz/content/6926/7009/2rub20.09.2010.files/themedata.thmx,http://cdo.keu.kz/content/6926/7009/2rub20.09.2010.htm,,,,,,,,,,,,,,,,,,,,,,,,,,,,,,,,,,,,,,,,,,,,,,,,,,,,
http://cdo.keu.kz/content/6927/7010/itog20.09.2010.files/colorschememapping.xml,http://cdo.keu.kz/content/6927/7010/itog20.09.2010.files/filelist.xml,http://cdo.keu.kz/content/6927/7010/itog20.09.2010.files/themedata.thmx,http://cdo.keu.kz/content/6927/7010/itog20.09.2010.htm,,,,,,,,,,,,,,,,,,,,,,,,,,,,,,,,,,,,,,,,,,,,,,,,,,,,
http://cdo.keu.kz/content/6928/7011/2rub.htm,,,,,,,,,,,,,,,,,,,,,,,,,,,,,,,,,,,,,,,,,,,,,,,,,,,,,,,
http://cdo.keu.kz/content/6929/7012/itog.htm,,,,,,,,,,,,,,,,,,,,,,,,,,,,,,,,,,,,,,,,,,,,,,,,,,,,,,,
http://cdo.keu.kz/content/6930/7013/20878/20878.htm,http://cdo.keu.kz/content/6930/7013/20879/20879.htm,http://cdo.keu.kz/content/6930/7013/20880/20880.htm,http://cdo.keu.kz/content/6930/7013/20881/20881.htm,http://cdo.keu.kz/content/6930/7013/20882/20882.htm,http://cdo.keu.kz/content/6930/7013/20883/20883.htm,http://cdo.keu.kz/content/6930/7013/20884/20884.htm,http://cdo.keu.kz/content/6930/7013/20885/20885.htm,http://cdo.keu.kz/content/6930/7013/7013.htm,,,,,,,,,,,,,,,,,,,,,,,,,,,,,,,,,,,,,,,,,,,,,,,
http://cdo.keu.kz/content/6931/7014/20886/20886.htm,http://cdo.keu.kz/content/6931/7014/20887/20887.htm,http://cdo.keu.kz/content/6931/7014/20888/20888.htm,http://cdo.keu.kz/content/6931/7014/20889/20889.htm,http://cdo.keu.kz/content/6931/7014/20890/20890.htm,http://cdo.keu.kz/content/6931/7014/20891/20891.htm,http://cdo.keu.kz/content/6931/7014/20892/20892.htm,http://cdo.keu.kz/content/6931/7014/20934/5.htm,http://cdo.keu.kz/content/6931/7014/7014.htm,http://cdo.keu.kz/content/6931/7014/content_files/image001.gif,,,,,,,,,,,,,,,,,,,,,,,,,,,,,,,,,,,,,,,,,,,,,,
http://cdo.keu.kz/content/6932/7015/lek.doc,http://cdo.keu.kz/content/6932/7015/lek.htm,,,,,,,,,,,,,,,,,,,,,,,,,,,,,,,,,,,,,,,,,,,,,,,,,,,,,,
http://cdo.keu.kz/content/6933/7016/20893/20893.htm,http://cdo.keu.kz/content/6933/7016/20894/20894.htm,http://cdo.keu.kz/content/6933/7016/20895/20895.htm,http://cdo.keu.kz/content/6933/7016/20896/20896.htm,http://cdo.keu.kz/content/6933/7016/20897/20897.htm,http://cdo.keu.kz/content/6933/7016/20898/20898.htm,http://cdo.keu.kz/content/6933/7016/20899/20899.htm,http://cdo.keu.kz/content/6933/7016/20900/20900.htm,http://cdo.keu.kz/content/6933/7016/20901/20901.htm,http://cdo.keu.kz/content/6933/7016/20902/20902.htm,http://cdo.keu.kz/content/6933/7016/20903/20903.htm,http://cdo.keu.kz/content/6933/7016/20904/20904.htm,http://cdo.keu.kz/content/6933/7016/7016.htm,http://cdo.keu.kz/content/6933/7016/lek.files/filelist.xml,http://cdo.keu.kz/content/6933/7016/lek.files/image001.gif,http://cdo.keu.kz/content/6933/7016/lek.files/image002.gif,http://cdo.keu.kz/content/6933/7016/lek.files/image003.gif,http://cdo.keu.kz/content/6933/7016/lek.files/image004.gif,http://cdo.keu.kz/content/6933/7016/lek.files/image005.gif,http://cdo.keu.kz/content/6933/7016/lek.files/image006.gif,http://cdo.keu.kz/content/6933/7016/lek.files/image007.gif,http://cdo.keu.kz/content/6933/7016/lek.files/image008.gif,,,,,,,,,,,,,,,,,,,,,,,,,,,,,,,,,,
http://cdo.keu.kz/content/6934/7017/1rub.htm,,,,,,,,,,,,,,,,,,,,,,,,,,,,,,,,,,,,,,,,,,,,,,,,,,,,,,,
http://cdo.keu.kz/content/6935/7018/20905/20905.htm,http://cdo.keu.kz/content/6935/7018/20906/20906.htm,http://cdo.keu.kz/content/6935/7018/20907/20907.htm,http://cdo.keu.kz/content/6935/7018/20908/20908.htm,http://cdo.keu.kz/content/6935/7018/20909/20909.htm,http://cdo.keu.kz/content/6935/7018/20910/20910.htm,http://cdo.keu.kz/content/6935/7018/20911/20911.htm,http://cdo.keu.kz/content/6935/7018/20912/20912.htm,http://cdo.keu.kz/content/6935/7018/20913/20913.htm,http://cdo.keu.kz/content/6935/7018/20914/20914.htm,http://cdo.keu.kz/content/6935/7018/20915/20915.htm,http://cdo.keu.kz/content/6935/7018/20916/20916.htm,http://cdo.keu.kz/content/6935/7018/20917/20917.htm,http://cdo.keu.kz/content/6935/7018/20918/20918.htm,http://cdo.keu.kz/content/6935/7018/20919/20919.htm,http://cdo.keu.kz/content/6935/7018/20920/20920.htm,http://cdo.keu.kz/content/6935/7018/20921/20921.htm,http://cdo.keu.kz/content/6935/7018/20922/20922.htm,http://cdo.keu.kz/content/6935/7018/20923/20923.htm,http://cdo.keu.kz/content/6935/7018/20924/20924.htm,http://cdo.keu.kz/content/6935/7018/20925/20925.htm,http://cdo.keu.kz/content/6935/7018/20926/20926.htm,http://cdo.keu.kz/content/6935/7018/20927/20927.htm,http://cdo.keu.kz/content/6935/7018/20928/20928.htm,http://cdo.keu.kz/content/6935/7018/20929/20929.htm,http://cdo.keu.kz/content/6935/7018/20930/20930.htm,http://cdo.keu.kz/content/6935/7018/20931/20931.htm,http://cdo.keu.kz/content/6935/7018/20932/20932.htm,http://cdo.keu.kz/content/6935/7018/20933/20933.htm,http://cdo.keu.kz/content/6935/7018/7018.htm,http://cdo.keu.kz/content/6935/7018/lek20.09.2010.files/image001.gif,http://cdo.keu.kz/content/6935/7018/lek20.09.2010.files/image002.gif,http://cdo.keu.kz/content/6935/7018/lek20.09.2010.files/image003.gif,,,,,,,,,,,,,,,,,,,,,,,
http://cdo.keu.kz/content/6936/7019/2rub.htm,,,,,,,,,,,,,,,,,,,,,,,,,,,,,,,,,,,,,,,,,,,,,,,,,,,,,,,
http://cdo.keu.kz/content/6937/7020/20935/20935.htm,http://cdo.keu.kz/content/6937/7020/20936/20936.htm,http://cdo.keu.kz/content/6937/7020/20937/20937.htm,http://cdo.keu.kz/content/6937/7020/20938/20938.htm,http://cdo.keu.kz/content/6937/7020/20939/20939.htm,http://cdo.keu.kz/content/6937/7020/20940/20940.htm,http://cdo.keu.kz/content/6937/7020/20941/20941.htm,http://cdo.keu.kz/content/6937/7020/24160/8.htm,http://cdo.keu.kz/content/6937/7020/7020.htm,http://cdo.keu.kz/content/6937/7020/LekPS.files/image001.gif,http://cdo.keu.kz/content/6937/7020/LekPS.files/image002.gif,,,,,,,,,,,,,,,,,,,,,,,,,,,,,,,,,,,,,,,,,,,,,
http://cdo.keu.kz/content/6938/7021/itog.htm,,,,,,,,,,,,,,,,,,,,,,,,,,,,,,,,,,,,,,,,,,,,,,,,,,,,,,,
http://cdo.keu.kz/content/6939/7022/20942/20942.htm,http://cdo.keu.kz/content/6939/7022/20943/20943.htm,http://cdo.keu.kz/content/6939/7022/20944/20944.htm,http://cdo.keu.kz/content/6939/7022/20945/20945.htm,http://cdo.keu.kz/content/6939/7022/20946/20946.htm,http://cdo.keu.kz/content/6939/7022/20947/20947.htm,http://cdo.keu.kz/content/6939/7022/20948/20948.htm,http://cdo.keu.kz/content/6939/7022/20949/20949.htm,http://cdo.keu.kz/content/6939/7022/20950/20950.htm,http://cdo.keu.kz/content/6939/7022/20951/20951.htm,http://cdo.keu.kz/content/6939/7022/20952/20952.htm,http://cdo.keu.kz/content/6939/7022/20953/20953.htm,http://cdo.keu.kz/content/6939/7022/20954/20954.htm,http://cdo.keu.kz/content/6939/7022/20955/20955.htm,http://cdo.keu.kz/content/6939/7022/20956/20956.htm,http://cdo.keu.kz/content/6939/7022/20957/20957.htm,http://cdo.keu.kz/content/6939/7022/20958/20958.htm,http://cdo.keu.kz/content/6939/7022/20959/20959.htm,http://cdo.keu.kz/content/6939/7022/20960/20960.htm,http://cdo.keu.kz/content/6939/7022/20961/20961.htm,http://cdo.keu.kz/content/6939/7022/20962/20962.htm,http://cdo.keu.kz/content/6939/7022/20963/20963.htm,http://cdo.keu.kz/content/6939/7022/20964/20964.htm,http://cdo.keu.kz/content/6939/7022/20965/20965.htm,http://cdo.keu.kz/content/6939/7022/20966/20966.htm,http://cdo.keu.kz/content/6939/7022/20967/20967.htm,http://cdo.keu.kz/content/6939/7022/20968/20968.htm,http://cdo.keu.kz/content/6939/7022/20969/20969.htm,http://cdo.keu.kz/content/6939/7022/20970/20970.htm,http://cdo.keu.kz/content/6939/7022/20971/20971.htm,http://cdo.keu.kz/content/6939/7022/7022.htm,http://cdo.keu.kz/content/6939/7022/lek20.09.2010.files/colorschememapping.xml,http://cdo.keu.kz/content/6939/7022/lek20.09.2010.files/filelist.xml,http://cdo.keu.kz/content/6939/7022/lek20.09.2010.files/header.htm,http://cdo.keu.kz/content/6939/7022/lek20.09.2010.files/image001.gif,http://cdo.keu.kz/content/6939/7022/lek20.09.2010.files/image002.gif,http://cdo.keu.kz/content/6939/7022/lek20.09.2010.files/image003.gif,http://cdo.keu.kz/content/6939/7022/lek20.09.2010.files/themedata.thmx,,,,,,,,,,,,,,,,,,
http://cdo.keu.kz/content/6940/7023/20972/20972.htm,http://cdo.keu.kz/content/6940/7023/20973/20973.htm,http://cdo.keu.kz/content/6940/7023/20974/20974.htm,http://cdo.keu.kz/content/6940/7023/20975/20975.htm,http://cdo.keu.kz/content/6940/7023/20976/20976.htm,http://cdo.keu.kz/content/6940/7023/20977/20977.htm,http://cdo.keu.kz/content/6940/7023/20978/20978.htm,http://cdo.keu.kz/content/6940/7023/20979/20979.htm,http://cdo.keu.kz/content/6940/7023/20980/20980.htm,http://cdo.keu.kz/content/6940/7023/7023.htm,http://cdo.keu.kz/content/6940/7023/lek.files/filelist.xml,http://cdo.keu.kz/content/6940/7023/lek.files/image001.png,http://cdo.keu.kz/content/6940/7023/lek.files/image002.jpg,http://cdo.keu.kz/content/6940/7023/lek.files/image003.png,http://cdo.keu.kz/content/6940/7023/lek.files/image004.jpg,http://cdo.keu.kz/content/6940/7023/lek.files/image005.png,http://cdo.keu.kz/content/6940/7023/lek.files/image006.jpg,http://cdo.keu.kz/content/6940/7023/lek.files/image007.png,http://cdo.keu.kz/content/6940/7023/lek.files/image008.jpg,,,,,,,,,,,,,,,,,,,,,,,,,,,,,,,,,,,,,
http://cdo.keu.kz/content/6941/7024/20981/20981.htm,http://cdo.keu.kz/content/6941/7024/20982/20982.htm,http://cdo.keu.kz/content/6941/7024/20983/20983.htm,http://cdo.keu.kz/content/6941/7024/20984/20984.htm,http://cdo.keu.kz/content/6941/7024/20985/20985.htm,http://cdo.keu.kz/content/6941/7024/20986/20986.htm,http://cdo.keu.kz/content/6941/7024/20987/20987.htm,http://cdo.keu.kz/content/6941/7024/20988/20988.htm,http://cdo.keu.kz/content/6941/7024/20989/20989.htm,http://cdo.keu.kz/content/6941/7024/20990/20990.htm,http://cdo.keu.kz/content/6941/7024/20991/20991.htm,http://cdo.keu.kz/content/6941/7024/20992/20992.htm,http://cdo.keu.kz/content/6941/7024/20993/20993.htm,http://cdo.keu.kz/content/6941/7024/20994/20994.htm,http://cdo.keu.kz/content/6941/7024/20995/20995.htm,http://cdo.keu.kz/content/6941/7024/20996/20996.htm,http://cdo.keu.kz/content/6941/7024/20997/20997.htm,http://cdo.keu.kz/content/6941/7024/20998/20998.htm,http://cdo.keu.kz/content/6941/7024/20999/20999.htm,http://cdo.keu.kz/content/6941/7024/21000/21000.htm,http://cdo.keu.kz/content/6941/7024/21001/21001.htm,http://cdo.keu.kz/content/6941/7024/21002/21002.htm,http://cdo.keu.kz/content/6941/7024/21003/21003.htm,http://cdo.keu.kz/content/6941/7024/21004/21004.htm,http://cdo.keu.kz/content/6941/7024/21005/21005.htm,http://cdo.keu.kz/content/6941/7024/21006/21006.htm,http://cdo.keu.kz/content/6941/7024/21007/21007.htm,http://cdo.keu.kz/content/6941/7024/21008/21008.htm,http://cdo.keu.kz/content/6941/7024/21009/21009.htm,http://cdo.keu.kz/content/6941/7024/21010/21010.htm,http://cdo.keu.kz/content/6941/7024/7024.htm,http://cdo.keu.kz/content/6941/7024/lek20.09.2010.files/colorschememapping.xml,http://cdo.keu.kz/content/6941/7024/lek20.09.2010.files/filelist.xml,http://cdo.keu.kz/content/6941/7024/lek20.09.2010.files/header.htm,http://cdo.keu.kz/content/6941/7024/lek20.09.2010.files/image001.gif,http://cdo.keu.kz/content/6941/7024/lek20.09.2010.files/image002.gif,http://cdo.keu.kz/content/6941/7024/lek20.09.2010.files/image003.gif,http://cdo.keu.kz/content/6941/7024/lek20.09.2010.files/themedata.thmx,,,,,,,,,,,,,,,,,,
http://cdo.keu.kz/content/6942/7025/R1.htm,,,,,,,,,,,,,,,,,,,,,,,,,,,,,,,,,,,,,,,,,,,,,,,,,,,,,,,
http://cdo.keu.kz/content/6943/7026/1rub.htm,,,,,,,,,,,,,,,,,,,,,,,,,,,,,,,,,,,,,,,,,,,,,,,,,,,,,,,
http://cdo.keu.kz/content/6944/7027/R2.htm,,,,,,,,,,,,,,,,,,,,,,,,,,,,,,,,,,,,,,,,,,,,,,,,,,,,,,,
http://cdo.keu.kz/content/6945/7028/21011/21011.htm,http://cdo.keu.kz/content/6945/7028/21012/21012.htm,http://cdo.keu.kz/content/6945/7028/21013/21013.htm,http://cdo.keu.kz/content/6945/7028/21014/21014.htm,http://cdo.keu.kz/content/6945/7028/21015/21015.htm,http://cdo.keu.kz/content/6945/7028/21016/21016.htm,http://cdo.keu.kz/content/6945/7028/21017/21017.htm,http://cdo.keu.kz/content/6945/7028/21018/21018.htm,http://cdo.keu.kz/content/6945/7028/21019/21019.htm,http://cdo.keu.kz/content/6945/7028/21020/21020.htm,http://cdo.keu.kz/content/6945/7028/21021/21021.htm,http://cdo.keu.kz/content/6945/7028/21022/21022.htm,http://cdo.keu.kz/content/6945/7028/21023/21023.htm,http://cdo.keu.kz/content/6945/7028/21024/21024.htm,http://cdo.keu.kz/content/6945/7028/21025/21025.htm,http://cdo.keu.kz/content/6945/7028/21026/21026.htm,http://cdo.keu.kz/content/6945/7028/21027/21027.htm,http://cdo.keu.kz/content/6945/7028/21028/21028.htm,http://cdo.keu.kz/content/6945/7028/21029/21029.htm,http://cdo.keu.kz/content/6945/7028/21030/21030.htm,http://cdo.keu.kz/content/6945/7028/21031/21031.htm,http://cdo.keu.kz/content/6945/7028/21032/21032.htm,http://cdo.keu.kz/content/6945/7028/21033/21033.htm,http://cdo.keu.kz/content/6945/7028/21034/21034.htm,http://cdo.keu.kz/content/6945/7028/21035/21035.htm,http://cdo.keu.kz/content/6945/7028/21036/21036.htm,http://cdo.keu.kz/content/6945/7028/21037/21037.htm,http://cdo.keu.kz/content/6945/7028/21038/21038.htm,http://cdo.keu.kz/content/6945/7028/21039/21039.htm,http://cdo.keu.kz/content/6945/7028/21040/21040.htm,http://cdo.keu.kz/content/6945/7028/7028.htm,http://cdo.keu.kz/content/6945/7028/lek20.09.2010.files/image001.gif,http://cdo.keu.kz/content/6945/7028/lek20.09.2010.files/image002.gif,http://cdo.keu.kz/content/6945/7028/lek20.09.2010.files/image003.gif,,,,,,,,,,,,,,,,,,,,,,
http://cdo.keu.kz/content/6946/7029/1rub.htm,,,,,,,,,,,,,,,,,,,,,,,,,,,,,,,,,,,,,,,,,,,,,,,,,,,,,,,
http://cdo.keu.kz/content/6947/7030/itog.htm,,,,,,,,,,,,,,,,,,,,,,,,,,,,,,,,,,,,,,,,,,,,,,,,,,,,,,,
http://cdo.keu.kz/content/6948/7031/21041/21041.htm,http://cdo.keu.kz/content/6948/7031/21042/21042.htm,http://cdo.keu.kz/content/6948/7031/21043/21043.htm,http://cdo.keu.kz/content/6948/7031/21044/21044.htm,http://cdo.keu.kz/content/6948/7031/21045/21045.htm,http://cdo.keu.kz/content/6948/7031/21046/21046.htm,http://cdo.keu.kz/content/6948/7031/21047/21047.htm,http://cdo.keu.kz/content/6948/7031/21048/21048.htm,http://cdo.keu.kz/content/6948/7031/21049/21049.htm,http://cdo.keu.kz/content/6948/7031/21050/21050.htm,http://cdo.keu.kz/content/6948/7031/21051/21051.htm,http://cdo.keu.kz/content/6948/7031/21052/21052.htm,http://cdo.keu.kz/content/6948/7031/21053/21053.htm,http://cdo.keu.kz/content/6948/7031/21054/21054.htm,http://cdo.keu.kz/content/6948/7031/7031.htm,http://cdo.keu.kz/content/6948/7031/lek.files/filelist.xml,http://cdo.keu.kz/content/6948/7031/lek.files/header.htm,http://cdo.keu.kz/content/6948/7031/lek.files/image001.png,http://cdo.keu.kz/content/6948/7031/lek.files/image002.jpg,http://cdo.keu.kz/content/6948/7031/lek.files/image003.png,http://cdo.keu.kz/content/6948/7031/lek.files/image004.jpg,http://cdo.keu.kz/content/6948/7031/lek.files/image005.png,http://cdo.keu.kz/content/6948/7031/lek.files/image006.jpg,http://cdo.keu.kz/content/6948/7031/lek.files/image007.png,http://cdo.keu.kz/content/6948/7031/lek.files/image008.jpg,http://cdo.keu.kz/content/6948/7031/lek.files/image009.png,http://cdo.keu.kz/content/6948/7031/lek.files/image010.jpg,,,,,,,,,,,,,,,,,,,,,,,,,,,,,
http://cdo.keu.kz/content/6949/7032/1rub20.09.2010.files/colorschememapping.xml,http://cdo.keu.kz/content/6949/7032/1rub20.09.2010.files/filelist.xml,http://cdo.keu.kz/content/6949/7032/1rub20.09.2010.files/themedata.thmx,http://cdo.keu.kz/content/6949/7032/1rub20.09.2010.htm,,,,,,,,,,,,,,,,,,,,,,,,,,,,,,,,,,,,,,,,,,,,,,,,,,,,
http://cdo.keu.kz/content/6950/7033/2rub20.09.2010.files/colorschememapping.xml,http://cdo.keu.kz/content/6950/7033/2rub20.09.2010.files/filelist.xml,http://cdo.keu.kz/content/6950/7033/2rub20.09.2010.files/header.htm,http://cdo.keu.kz/content/6950/7033/2rub20.09.2010.files/themedata.thmx,http://cdo.keu.kz/content/6950/7033/2rub20.09.2010.htm,,,,,,,,,,,,,,,,,,,,,,,,,,,,,,,,,,,,,,,,,,,,,,,,,,,
http://cdo.keu.kz/content/6951/7034/itog20.09.2010.files/colorschememapping.xml,http://cdo.keu.kz/content/6951/7034/itog20.09.2010.files/filelist.xml,http://cdo.keu.kz/content/6951/7034/itog20.09.2010.files/header.htm,http://cdo.keu.kz/content/6951/7034/itog20.09.2010.files/themedata.thmx,http://cdo.keu.kz/content/6951/7034/itog20.09.2010.htm,,,,,,,,,,,,,,,,,,,,,,,,,,,,,,,,,,,,,,,,,,,,,,,,,,,
http://cdo.keu.kz/content/6952/7035/2rub.htm,,,,,,,,,,,,,,,,,,,,,,,,,,,,,,,,,,,,,,,,,,,,,,,,,,,,,,,
http://cdo.keu.kz/content/6953/7036/2rub.htm,,,,,,,,,,,,,,,,,,,,,,,,,,,,,,,,,,,,,,,,,,,,,,,,,,,,,,,
http://cdo.keu.kz/content/6954/7037/21055/21055.htm,http://cdo.keu.kz/content/6954/7037/21056/21056.htm,http://cdo.keu.kz/content/6954/7037/21057/21057.htm,http://cdo.keu.kz/content/6954/7037/21058/21058.htm,http://cdo.keu.kz/content/6954/7037/21059/21059.htm,http://cdo.keu.kz/content/6954/7037/21060/21060.htm,http://cdo.keu.kz/content/6954/7037/21061/21061.htm,http://cdo.keu.kz/content/6954/7037/21062/21062.htm,http://cdo.keu.kz/content/6954/7037/21063/21063.htm,http://cdo.keu.kz/content/6954/7037/21064/21064.htm,http://cdo.keu.kz/content/6954/7037/21065/21065.htm,http://cdo.keu.kz/content/6954/7037/7037.htm,http://cdo.keu.kz/content/6954/7037/lek.files/image001.jpg,http://cdo.keu.kz/content/6954/7037/lek.files/image002.jpg,http://cdo.keu.kz/content/6954/7037/lek.files/image003.jpg,,,,,,,,,,,,,,,,,,,,,,,,,,,,,,,,,,,,,,,,,
http://cdo.keu.kz/content/6955/7038/1rub.htm,,,,,,,,,,,,,,,,,,,,,,,,,,,,,,,,,,,,,,,,,,,,,,,,,,,,,,,
http://cdo.keu.kz/content/6956/7039/q.htm,,,,,,,,,,,,,,,,,,,,,,,,,,,,,,,,,,,,,,,,,,,,,,,,,,,,,,,
http://cdo.keu.kz/content/6957/7040/R1.htm,,,,,,,,,,,,,,,,,,,,,,,,,,,,,,,,,,,,,,,,,,,,,,,,,,,,,,,
http://cdo.keu.kz/content/6958/7041/q.htm,,,,,,,,,,,,,,,,,,,,,,,,,,,,,,,,,,,,,,,,,,,,,,,,,,,,,,,
http://cdo.keu.kz/content/6959/7042/2rub.htm,,,,,,,,,,,,,,,,,,,,,,,,,,,,,,,,,,,,,,,,,,,,,,,,,,,,,,,
http://cdo.keu.kz/content/6960/7043/itog.htm,,,,,,,,,,,,,,,,,,,,,,,,,,,,,,,,,,,,,,,,,,,,,,,,,,,,,,,
http://cdo.keu.kz/content/6961/7044/itog.htm,,,,,,,,,,,,,,,,,,,,,,,,,,,,,,,,,,,,,,,,,,,,,,,,,,,,,,,
http://cdo.keu.kz/content/6962/7045/21066/21066.htm,http://cdo.keu.kz/content/6962/7045/21067/21067.htm,http://cdo.keu.kz/content/6962/7045/21068/21068.htm,http://cdo.keu.kz/content/6962/7045/21069/21069.htm,http://cdo.keu.kz/content/6962/7045/21070/21070.htm,http://cdo.keu.kz/content/6962/7045/21071/21071.htm,http://cdo.keu.kz/content/6962/7045/21072/21072.htm,http://cdo.keu.kz/content/6962/7045/21073/21073.htm,http://cdo.keu.kz/content/6962/7045/21074/21074.htm,http://cdo.keu.kz/content/6962/7045/21075/21075.htm,http://cdo.keu.kz/content/6962/7045/21076/21076.htm,http://cdo.keu.kz/content/6962/7045/7045.htm,,,,,,,,,,,,,,,,,,,,,,,,,,,,,,,,,,,,,,,,,,,,
http://cdo.keu.kz/content/6963/7046/itog.htm,,,,,,,,,,,,,,,,,,,,,,,,,,,,,,,,,,,,,,,,,,,,,,,,,,,,,,,
http://cdo.keu.kz/content/6964/7047/R1.htm,,,,,,,,,,,,,,,,,,,,,,,,,,,,,,,,,,,,,,,,,,,,,,,,,,,,,,,
http://cdo.keu.kz/content/6965/7048/R2.htm,,,,,,,,,,,,,,,,,,,,,,,,,,,,,,,,,,,,,,,,,,,,,,,,,,,,,,,
http://cdo.keu.kz/content/6966/7049/21077/21077.htm,http://cdo.keu.kz/content/6966/7049/21078/21078.htm,http://cdo.keu.kz/content/6966/7049/21079/21079.htm,http://cdo.keu.kz/content/6966/7049/7049.htm,http://cdo.keu.kz/content/6966/7049/lek.files/image001.jpg,http://cdo.keu.kz/content/6966/7049/lek.files/image002.jpg,http://cdo.keu.kz/content/6966/7049/lek.files/image003.jpg,http://cdo.keu.kz/content/6966/7049/lek.files/image004.jpg,http://cdo.keu.kz/content/6966/7049/lek.files/image005.jpg,http://cdo.keu.kz/content/6966/7049/lek.files/image006.gif,,,,,,,,,,,,,,,,,,,,,,,,,,,,,,,,,,,,,,,,,,,,,,
http://cdo.keu.kz/content/6967/7050/1.htm,,,,,,,,,,,,,,,,,,,,,,,,,,,,,,,,,,,,,,,,,,,,,,,,,,,,,,,
http://cdo.keu.kz/content/6968/7051/21080/21080.htm,http://cdo.keu.kz/content/6968/7051/21081/21081.htm,http://cdo.keu.kz/content/6968/7051/21082/21082.htm,http://cdo.keu.kz/content/6968/7051/21083/21083.htm,http://cdo.keu.kz/content/6968/7051/21084/21084.htm,http://cdo.keu.kz/content/6968/7051/21085/21085.htm,http://cdo.keu.kz/content/6968/7051/21086/21086.htm,http://cdo.keu.kz/content/6968/7051/21087/21087.htm,http://cdo.keu.kz/content/6968/7051/21088/21088.htm,http://cdo.keu.kz/content/6968/7051/21089/21089.htm,http://cdo.keu.kz/content/6968/7051/21090/21090.htm,http://cdo.keu.kz/content/6968/7051/7051.htm,http://cdo.keu.kz/content/6968/7051/lek.files/image001.jpg,http://cdo.keu.kz/content/6968/7051/lek.files/image002.jpg,http://cdo.keu.kz/content/6968/7051/lek.files/image003.jpg,,,,,,,,,,,,,,,,,,,,,,,,,,,,,,,,,,,,,,,,,
http://cdo.keu.kz/content/6969/7052/1rub20.09.2010.files/colorschememapping.xml,http://cdo.keu.kz/content/6969/7052/1rub20.09.2010.files/filelist.xml,http://cdo.keu.kz/content/6969/7052/1rub20.09.2010.files/themedata.thmx,http://cdo.keu.kz/content/6969/7052/1rub20.09.2010.htm,,,,,,,,,,,,,,,,,,,,,,,,,,,,,,,,,,,,,,,,,,,,,,,,,,,,
http://cdo.keu.kz/content/6970/7053/2rub20.09.2010.files/colorschememapping.xml,http://cdo.keu.kz/content/6970/7053/2rub20.09.2010.files/filelist.xml,http://cdo.keu.kz/content/6970/7053/2rub20.09.2010.files/themedata.thmx,http://cdo.keu.kz/content/6970/7053/2rub20.09.2010.htm,,,,,,,,,,,,,,,,,,,,,,,,,,,,,,,,,,,,,,,,,,,,,,,,,,,,
http://cdo.keu.kz/content/6971/7054/itog20.09.2010.files/colorschememapping.xml,http://cdo.keu.kz/content/6971/7054/itog20.09.2010.files/filelist.xml,http://cdo.keu.kz/content/6971/7054/itog20.09.2010.files/themedata.thmx,http://cdo.keu.kz/content/6971/7054/itog20.09.2010.htm,,,,,,,,,,,,,,,,,,,,,,,,,,,,,,,,,,,,,,,,,,,,,,,,,,,,
http://cdo.keu.kz/content/6972/7055/2.files/filelist.xml,http://cdo.keu.kz/content/6972/7055/2.files/header.htm,http://cdo.keu.kz/content/6972/7055/2.htm,,,,,,,,,,,,,,,,,,,,,,,,,,,,,,,,,,,,,,,,,,,,,,,,,,,,,
http://cdo.keu.kz/content/6973/7056/q.htm,,,,,,,,,,,,,,,,,,,,,,,,,,,,,,,,,,,,,,,,,,,,,,,,,,,,,,,
http://cdo.keu.kz/content/6974/7057/21091/21091.htm,http://cdo.keu.kz/content/6974/7057/21092/21092.htm,http://cdo.keu.kz/content/6974/7057/21093/21093.htm,http://cdo.keu.kz/content/6974/7057/21094/21094.htm,http://cdo.keu.kz/content/6974/7057/21095/21095.htm,http://cdo.keu.kz/content/6974/7057/7057.htm,http://cdo.keu.kz/content/6974/7057/lek.files/image001.gif,http://cdo.keu.kz/content/6974/7057/lek.files/image002.gif,http://cdo.keu.kz/content/6974/7057/lek.files/image003.gif,http://cdo.keu.kz/content/6974/7057/lek.files/image004.gif,http://cdo.keu.kz/content/6974/7057/lek.files/image005.gif,,,,,,,,,,,,,,,,,,,,,,,,,,,,,,,,,,,,,,,,,,,,,
http://cdo.keu.kz/content/6975/7058/21096/21096.htm,http://cdo.keu.kz/content/6975/7058/21097/21097.htm,http://cdo.keu.kz/content/6975/7058/21098/21098.htm,http://cdo.keu.kz/content/6975/7058/21099/21099.htm,http://cdo.keu.kz/content/6975/7058/21100/21100.htm,http://cdo.keu.kz/content/6975/7058/21101/21101.htm,http://cdo.keu.kz/content/6975/7058/21102/21102.htm,http://cdo.keu.kz/content/6975/7058/21103/21103.htm,http://cdo.keu.kz/content/6975/7058/21104/21104.htm,http://cdo.keu.kz/content/6975/7058/21105/21105.htm,http://cdo.keu.kz/content/6975/7058/21106/21106.htm,http://cdo.keu.kz/content/6975/7058/21107/21107.htm,http://cdo.keu.kz/content/6975/7058/21108/21108.htm,http://cdo.keu.kz/content/6975/7058/7058.htm,http://cdo.keu.kz/content/6975/7058/lek.files/filelist.xml,http://cdo.keu.kz/content/6975/7058/lek.files/header.htm,http://cdo.keu.kz/content/6975/7058/lek.files/image001.gif,http://cdo.keu.kz/content/6975/7058/lek.files/image002.gif,http://cdo.keu.kz/content/6975/7058/lek.files/image003.gif,http://cdo.keu.kz/content/6975/7058/lek.files/image004.gif,http://cdo.keu.kz/content/6975/7058/lek.files/image005.gif,,,,,,,,,,,,,,,,,,,,,,,,,,,,,,,,,,,
http://cdo.keu.kz/content/6976/7059/1rub20.09.2010.files/colorschememapping.xml,http://cdo.keu.kz/content/6976/7059/1rub20.09.2010.files/filelist.xml,http://cdo.keu.kz/content/6976/7059/1rub20.09.2010.files/themedata.thmx,http://cdo.keu.kz/content/6976/7059/1rub20.09.2010.htm,,,,,,,,,,,,,,,,,,,,,,,,,,,,,,,,,,,,,,,,,,,,,,,,,,,,
http://cdo.keu.kz/content/6977/7060/2rub20.09.2010.files/colorschememapping.xml,http://cdo.keu.kz/content/6977/7060/2rub20.09.2010.files/filelist.xml,http://cdo.keu.kz/content/6977/7060/2rub20.09.2010.files/themedata.thmx,http://cdo.keu.kz/content/6977/7060/2rub20.09.2010.htm,,,,,,,,,,,,,,,,,,,,,,,,,,,,,,,,,,,,,,,,,,,,,,,,,,,,
http://cdo.keu.kz/content/6978/7061/itog20.09.2010.files/colorschememapping.xml,http://cdo.keu.kz/content/6978/7061/itog20.09.2010.files/filelist.xml,http://cdo.keu.kz/content/6978/7061/itog20.09.2010.files/themedata.thmx,http://cdo.keu.kz/content/6978/7061/itog20.09.2010.htm,,,,,,,,,,,,,,,,,,,,,,,,,,,,,,,,,,,,,,,,,,,,,,,,,,,,
http://cdo.keu.kz/content/6979/7062/21109/21109.htm,http://cdo.keu.kz/content/6979/7062/21110/21110.htm,http://cdo.keu.kz/content/6979/7062/21111/21111.htm,http://cdo.keu.kz/content/6979/7062/21112/21112.htm,http://cdo.keu.kz/content/6979/7062/21113/21113.htm,http://cdo.keu.kz/content/6979/7062/21114/21114.htm,http://cdo.keu.kz/content/6979/7062/21115/21115.htm,http://cdo.keu.kz/content/6979/7062/21116/21116.htm,http://cdo.keu.kz/content/6979/7062/21117/21117.htm,http://cdo.keu.kz/content/6979/7062/21118/21118.htm,http://cdo.keu.kz/content/6979/7062/21119/21119.htm,http://cdo.keu.kz/content/6979/7062/21120/21120.htm,http://cdo.keu.kz/content/6979/7062/21121/21121.htm,http://cdo.keu.kz/content/6979/7062/7062.htm,http://cdo.keu.kz/content/6979/7062/lek.files/filelist.xml,http://cdo.keu.kz/content/6979/7062/lek.files/header.htm,http://cdo.keu.kz/content/6979/7062/lek.files/image001.gif,http://cdo.keu.kz/content/6979/7062/lek.files/image002.gif,http://cdo.keu.kz/content/6979/7062/lek.files/image003.gif,http://cdo.keu.kz/content/6979/7062/lek.files/image004.gif,,,,,,,,,,,,,,,,,,,,,,,,,,,,,,,,,,,,
http://cdo.keu.kz/content/6980/7063/21122/21122.htm,http://cdo.keu.kz/content/6980/7063/21123/21123.htm,http://cdo.keu.kz/content/6980/7063/21124/21124.htm,http://cdo.keu.kz/content/6980/7063/21125/21125.htm,http://cdo.keu.kz/content/6980/7063/21126/21126.htm,http://cdo.keu.kz/content/6980/7063/21127/21127.htm,http://cdo.keu.kz/content/6980/7063/21128/21128.htm,http://cdo.keu.kz/content/6980/7063/21129/21129.htm,http://cdo.keu.kz/content/6980/7063/21130/21130.htm,http://cdo.keu.kz/content/6980/7063/21131/21131.htm,http://cdo.keu.kz/content/6980/7063/21132/21132.htm,http://cdo.keu.kz/content/6980/7063/21133/21133.htm,http://cdo.keu.kz/content/6980/7063/21134/21134.htm,http://cdo.keu.kz/content/6980/7063/21135/21135.htm,http://cdo.keu.kz/content/6980/7063/7063.htm,http://cdo.keu.kz/content/6980/7063/lek.files/image001.jpg,http://cdo.keu.kz/content/6980/7063/lek.files/image002.jpg,http://cdo.keu.kz/content/6980/7063/lek.files/image003.jpg,,,,,,,,,,,,,,,,,,,,,,,,,,,,,,,,,,,,,,
http://cdo.keu.kz/content/6981/7064/1rub.htm,,,,,,,,,,,,,,,,,,,,,,,,,,,,,,,,,,,,,,,,,,,,,,,,,,,,,,,
http://cdo.keu.kz/content/6982/7065/2rub.htm,,,,,,,,,,,,,,,,,,,,,,,,,,,,,,,,,,,,,,,,,,,,,,,,,,,,,,,
http://cdo.keu.kz/content/6983/7066/itog.htm,,,,,,,,,,,,,,,,,,,,,,,,,,,,,,,,,,,,,,,,,,,,,,,,,,,,,,,
http://cdo.keu.kz/content/6984/7067/1rub20.09.2010.files/colorschememapping.xml,http://cdo.keu.kz/content/6984/7067/1rub20.09.2010.files/filelist.xml,http://cdo.keu.kz/content/6984/7067/1rub20.09.2010.files/themedata.thmx,http://cdo.keu.kz/content/6984/7067/1rub20.09.2010.htm,,,,,,,,,,,,,,,,,,,,,,,,,,,,,,,,,,,,,,,,,,,,,,,,,,,,
http://cdo.keu.kz/content/6985/7068/2rub20.09.2010.files/colorschememapping.xml,http://cdo.keu.kz/content/6985/7068/2rub20.09.2010.files/filelist.xml,http://cdo.keu.kz/content/6985/7068/2rub20.09.2010.files/themedata.thmx,http://cdo.keu.kz/content/6985/7068/2rub20.09.2010.htm,,,,,,,,,,,,,,,,,,,,,,,,,,,,,,,,,,,,,,,,,,,,,,,,,,,,
http://cdo.keu.kz/content/6986/7069/R1.htm,,,,,,,,,,,,,,,,,,,,,,,,,,,,,,,,,,,,,,,,,,,,,,,,,,,,,,,
http://cdo.keu.kz/content/6987/7070/itog20.09.2010.files/colorschememapping.xml,http://cdo.keu.kz/content/6987/7070/itog20.09.2010.files/filelist.xml,http://cdo.keu.kz/content/6987/7070/itog20.09.2010.files/themedata.thmx,http://cdo.keu.kz/content/6987/7070/itog20.09.2010.htm,,,,,,,,,,,,,,,,,,,,,,,,,,,,,,,,,,,,,,,,,,,,,,,,,,,,
http://cdo.keu.kz/content/6988/7071/21136/21136.htm,http://cdo.keu.kz/content/6988/7071/21137/21137.htm,http://cdo.keu.kz/content/6988/7071/21138/21138.htm,http://cdo.keu.kz/content/6988/7071/21139/21139.htm,http://cdo.keu.kz/content/6988/7071/21140/21140.htm,http://cdo.keu.kz/content/6988/7071/21141/21141.htm,http://cdo.keu.kz/content/6988/7071/21142/21142.htm,http://cdo.keu.kz/content/6988/7071/21143/21143.htm,http://cdo.keu.kz/content/6988/7071/21144/21144.htm,http://cdo.keu.kz/content/6988/7071/21145/21145.htm,http://cdo.keu.kz/content/6988/7071/21146/21146.htm,http://cdo.keu.kz/content/6988/7071/7071.htm,http://cdo.keu.kz/content/6988/7071/lek.files/image001.jpg,http://cdo.keu.kz/content/6988/7071/lek.files/image002.gif,http://cdo.keu.kz/content/6988/7071/lek.files/image003.gif,http://cdo.keu.kz/content/6988/7071/lek.files/image004.gif,http://cdo.keu.kz/content/6988/7071/lek.files/image005.jpg,http://cdo.keu.kz/content/6988/7071/lek.files/image006.jpg,http://cdo.keu.kz/content/6988/7071/lek.files/image007.jpg,http://cdo.keu.kz/content/6988/7071/lek.files/image008.jpg,http://cdo.keu.kz/content/6988/7071/lek.files/image009.jpg,http://cdo.keu.kz/content/6988/7071/lek.files/image010.gif,http://cdo.keu.kz/content/6988/7071/lek.files/image011.gif,http://cdo.keu.kz/content/6988/7071/lek.files/image012.gif,http://cdo.keu.kz/content/6988/7071/lek.files/image013.gif,http://cdo.keu.kz/content/6988/7071/lek.files/image014.gif,http://cdo.keu.kz/content/6988/7071/lek.files/image015.gif,http://cdo.keu.kz/content/6988/7071/lek.files/image016.gif,http://cdo.keu.kz/content/6988/7071/lek.files/image017.gif,http://cdo.keu.kz/content/6988/7071/lek.files/image018.gif,http://cdo.keu.kz/content/6988/7071/lek.files/image019.gif,http://cdo.keu.kz/content/6988/7071/lek.files/image020.gif,,,,,,,,,,,,,,,,,,,,,,,,
http://cdo.keu.kz/content/6989/7072/R2.htm,,,,,,,,,,,,,,,,,,,,,,,,,,,,,,,,,,,,,,,,,,,,,,,,,,,,,,,
http://cdo.keu.kz/content/6990/7073/21147/21147.htm,http://cdo.keu.kz/content/6990/7073/21148/21148.htm,http://cdo.keu.kz/content/6990/7073/21149/21149.htm,http://cdo.keu.kz/content/6990/7073/21150/21150.htm,http://cdo.keu.kz/content/6990/7073/21151/21151.htm,http://cdo.keu.kz/content/6990/7073/21152/21152.htm,http://cdo.keu.kz/content/6990/7073/21153/21153.htm,http://cdo.keu.kz/content/6990/7073/21154/21154.htm,http://cdo.keu.kz/content/6990/7073/21155/21155.htm,http://cdo.keu.kz/content/6990/7073/21156/21156.htm,http://cdo.keu.kz/content/6990/7073/21157/21157.htm,http://cdo.keu.kz/content/6990/7073/21158/21158.htm,http://cdo.keu.kz/content/6990/7073/21159/21159.htm,http://cdo.keu.kz/content/6990/7073/21160/21160.htm,http://cdo.keu.kz/content/6990/7073/21161/21161.htm,http://cdo.keu.kz/content/6990/7073/21162/21162.htm,http://cdo.keu.kz/content/6990/7073/21163/21163.htm,http://cdo.keu.kz/content/6990/7073/21164/21164.htm,http://cdo.keu.kz/content/6990/7073/21165/21165.htm,http://cdo.keu.kz/content/6990/7073/21166/21166.htm,http://cdo.keu.kz/content/6990/7073/21167/21167.htm,http://cdo.keu.kz/content/6990/7073/21168/21168.htm,http://cdo.keu.kz/content/6990/7073/21169/21169.htm,http://cdo.keu.kz/content/6990/7073/21170/21170.htm,http://cdo.keu.kz/content/6990/7073/7073.htm,,,,,,,,,,,,,,,,,,,,,,,,,,,,,,,
http://cdo.keu.kz/content/6991/7074/1.htm,,,,,,,,,,,,,,,,,,,,,,,,,,,,,,,,,,,,,,,,,,,,,,,,,,,,,,,
http://cdo.keu.kz/content/6992/7075/21171/21171.htm,http://cdo.keu.kz/content/6992/7075/21172/21172.htm,http://cdo.keu.kz/content/6992/7075/21173/21173.htm,http://cdo.keu.kz/content/6992/7075/21174/21174.htm,http://cdo.keu.kz/content/6992/7075/21175/21175.htm,http://cdo.keu.kz/content/6992/7075/21176/21176.htm,http://cdo.keu.kz/content/6992/7075/21177/21177.htm,http://cdo.keu.kz/content/6992/7075/21178/21178.htm,http://cdo.keu.kz/content/6992/7075/21179/21179.htm,http://cdo.keu.kz/content/6992/7075/21180/21180.htm,http://cdo.keu.kz/content/6992/7075/21181/21181.htm,http://cdo.keu.kz/content/6992/7075/21182/21182.htm,http://cdo.keu.kz/content/6992/7075/21183/21183.htm,http://cdo.keu.kz/content/6992/7075/7075.htm,http://cdo.keu.kz/content/6992/7075/lek.files/filelist.xml,http://cdo.keu.kz/content/6992/7075/lek.files/image001.jpg,http://cdo.keu.kz/content/6992/7075/lek.files/image002.jpg,http://cdo.keu.kz/content/6992/7075/lek.files/image003.jpg,http://cdo.keu.kz/content/6992/7075/lek.files/image004.jpg,http://cdo.keu.kz/content/6992/7075/lek.files/image005.gif,http://cdo.keu.kz/content/6992/7075/lek.files/image006.jpg,http://cdo.keu.kz/content/6992/7075/lek.files/image007.jpg,http://cdo.keu.kz/content/6992/7075/lek.files/image008.gif,,,,,,,,,,,,,,,,,,,,,,,,,,,,,,,,,
http://cdo.keu.kz/content/6993/7076/1rub.htm,,,,,,,,,,,,,,,,,,,,,,,,,,,,,,,,,,,,,,,,,,,,,,,,,,,,,,,
http://cdo.keu.kz/content/6994/7077/2rub.htm,,,,,,,,,,,,,,,,,,,,,,,,,,,,,,,,,,,,,,,,,,,,,,,,,,,,,,,
http://cdo.keu.kz/content/6995/7078/itog.htm,,,,,,,,,,,,,,,,,,,,,,,,,,,,,,,,,,,,,,,,,,,,,,,,,,,,,,,
http://cdo.keu.kz/content/6996/7079/2.htm,,,,,,,,,,,,,,,,,,,,,,,,,,,,,,,,,,,,,,,,,,,,,,,,,,,,,,,
http://cdo.keu.kz/content/6997/7080/itog.htm,,,,,,,,,,,,,,,,,,,,,,,,,,,,,,,,,,,,,,,,,,,,,,,,,,,,,,,
http://cdo.keu.kz/content/6998/7081/1rub20.09.2010.files/colorschememapping.xml,http://cdo.keu.kz/content/6998/7081/1rub20.09.2010.files/filelist.xml,http://cdo.keu.kz/content/6998/7081/1rub20.09.2010.files/themedata.thmx,http://cdo.keu.kz/content/6998/7081/1rub20.09.2010.htm,,,,,,,,,,,,,,,,,,,,,,,,,,,,,,,,,,,,,,,,,,,,,,,,,,,,
http://cdo.keu.kz/content/6999/7082/2rub20.09.2010.files/colorschememapping.xml,http://cdo.keu.kz/content/6999/7082/2rub20.09.2010.files/filelist.xml,http://cdo.keu.kz/content/6999/7082/2rub20.09.2010.files/themedata.thmx,http://cdo.keu.kz/content/6999/7082/2rub20.09.2010.htm,,,,,,,,,,,,,,,,,,,,,,,,,,,,,,,,,,,,,,,,,,,,,,,,,,,,
http://cdo.keu.kz/content/7000/7083/Itog20.09.2010.files/colorschememapping.xml,http://cdo.keu.kz/content/7000/7083/Itog20.09.2010.files/filelist.xml,http://cdo.keu.kz/content/7000/7083/Itog20.09.2010.files/themedata.thmx,http://cdo.keu.kz/content/7000/7083/Itog20.09.2010.htm,,,,,,,,,,,,,,,,,,,,,,,,,,,,,,,,,,,,,,,,,,,,,,,,,,,,
