0,1,2,3,4,5,6,7,8,9,10,11,12,13,14,15,16,17,18,19,20,21,22,23,24,25,26,27,28,29,30,31,32,33,34,35,36,37,38,39,40,41,42,43,44,45,46,47,48,49,50,51,52,53,54,55,56,57,58,59,60,61,62,63,64,65,66,67,68,69,70,71,72,73,74,75,76,77,78,79,80,81,82,83,84,85,86,87,88,89,90,91,92,93,94,95
http://cdo.keu.kz/content/8001/8079/2rub20.10.2010.files/colorschememapping.xml,http://cdo.keu.kz/content/8001/8079/2rub20.10.2010.files/filelist.xml,http://cdo.keu.kz/content/8001/8079/2rub20.10.2010.files/themedata.thmx,http://cdo.keu.kz/content/8001/8079/2rub20.10.2010.htm,,,,,,,,,,,,,,,,,,,,,,,,,,,,,,,,,,,,,,,,,,,,,,,,,,,,,,,,,,,,,,,,,,,,,,,,,,,,,,,,,,,,,,,,,,,,
http://cdo.keu.kz/content/8002/8080/itog20.10.2010.files/colorschememapping.xml,http://cdo.keu.kz/content/8002/8080/itog20.10.2010.files/filelist.xml,http://cdo.keu.kz/content/8002/8080/itog20.10.2010.files/themedata.thmx,http://cdo.keu.kz/content/8002/8080/itog20.10.2010.htm,,,,,,,,,,,,,,,,,,,,,,,,,,,,,,,,,,,,,,,,,,,,,,,,,,,,,,,,,,,,,,,,,,,,,,,,,,,,,,,,,,,,,,,,,,,,
http://cdo.keu.kz/content/8003/8081/R1.htm,,,,,,,,,,,,,,,,,,,,,,,,,,,,,,,,,,,,,,,,,,,,,,,,,,,,,,,,,,,,,,,,,,,,,,,,,,,,,,,,,,,,,,,,,,,,,,,
http://cdo.keu.kz/content/8004/8082/R1.htm,,,,,,,,,,,,,,,,,,,,,,,,,,,,,,,,,,,,,,,,,,,,,,,,,,,,,,,,,,,,,,,,,,,,,,,,,,,,,,,,,,,,,,,,,,,,,,,
http://cdo.keu.kz/content/8005/8083/R2.htm,,,,,,,,,,,,,,,,,,,,,,,,,,,,,,,,,,,,,,,,,,,,,,,,,,,,,,,,,,,,,,,,,,,,,,,,,,,,,,,,,,,,,,,,,,,,,,,
http://cdo.keu.kz/content/8006/8084/2rub20.10.2010.files/colorschememapping.xml,http://cdo.keu.kz/content/8006/8084/2rub20.10.2010.files/filelist.xml,http://cdo.keu.kz/content/8006/8084/2rub20.10.2010.files/themedata.thmx,http://cdo.keu.kz/content/8006/8084/2rub20.10.2010.htm,,,,,,,,,,,,,,,,,,,,,,,,,,,,,,,,,,,,,,,,,,,,,,,,,,,,,,,,,,,,,,,,,,,,,,,,,,,,,,,,,,,,,,,,,,,,
http://cdo.keu.kz/content/8007/8085/itog20.10.2010.files/colorschememapping.xml,http://cdo.keu.kz/content/8007/8085/itog20.10.2010.files/filelist.xml,http://cdo.keu.kz/content/8007/8085/itog20.10.2010.files/themedata.thmx,http://cdo.keu.kz/content/8007/8085/itog20.10.2010.htm,,,,,,,,,,,,,,,,,,,,,,,,,,,,,,,,,,,,,,,,,,,,,,,,,,,,,,,,,,,,,,,,,,,,,,,,,,,,,,,,,,,,,,,,,,,,
http://cdo.keu.kz/content/8008/8086/itog.htm,,,,,,,,,,,,,,,,,,,,,,,,,,,,,,,,,,,,,,,,,,,,,,,,,,,,,,,,,,,,,,,,,,,,,,,,,,,,,,,,,,,,,,,,,,,,,,,
http://cdo.keu.kz/content/8009/8087/1rub20.10.2010.files/colorschememapping.xml,http://cdo.keu.kz/content/8009/8087/1rub20.10.2010.files/filelist.xml,http://cdo.keu.kz/content/8009/8087/1rub20.10.2010.files/themedata.thmx,http://cdo.keu.kz/content/8009/8087/1rub20.10.2010.htm,,,,,,,,,,,,,,,,,,,,,,,,,,,,,,,,,,,,,,,,,,,,,,,,,,,,,,,,,,,,,,,,,,,,,,,,,,,,,,,,,,,,,,,,,,,,
http://cdo.keu.kz/content/8010/8088/2rub20.10.2010.files/colorschememapping.xml,http://cdo.keu.kz/content/8010/8088/2rub20.10.2010.files/filelist.xml,http://cdo.keu.kz/content/8010/8088/2rub20.10.2010.files/themedata.thmx,http://cdo.keu.kz/content/8010/8088/2rub20.10.2010.htm,,,,,,,,,,,,,,,,,,,,,,,,,,,,,,,,,,,,,,,,,,,,,,,,,,,,,,,,,,,,,,,,,,,,,,,,,,,,,,,,,,,,,,,,,,,,
http://cdo.keu.kz/content/8011/8089/itog20.10.2010.files/colorschememapping.xml,http://cdo.keu.kz/content/8011/8089/itog20.10.2010.files/filelist.xml,http://cdo.keu.kz/content/8011/8089/itog20.10.2010.files/themedata.thmx,http://cdo.keu.kz/content/8011/8089/itog20.10.2010.htm,,,,,,,,,,,,,,,,,,,,,,,,,,,,,,,,,,,,,,,,,,,,,,,,,,,,,,,,,,,,,,,,,,,,,,,,,,,,,,,,,,,,,,,,,,,,
http://cdo.keu.kz/content/8012/8090/itog20.10.2010.files/colorschememapping.xml,http://cdo.keu.kz/content/8012/8090/itog20.10.2010.files/filelist.xml,http://cdo.keu.kz/content/8012/8090/itog20.10.2010.files/themedata.thmx,http://cdo.keu.kz/content/8012/8090/itog20.10.2010.htm,,,,,,,,,,,,,,,,,,,,,,,,,,,,,,,,,,,,,,,,,,,,,,,,,,,,,,,,,,,,,,,,,,,,,,,,,,,,,,,,,,,,,,,,,,,,
http://cdo.keu.kz/content/8013/8091/24337/24337.htm,http://cdo.keu.kz/content/8013/8091/24338/24338.htm,http://cdo.keu.kz/content/8013/8091/24339/24339.htm,http://cdo.keu.kz/content/8013/8091/24340/24340.htm,http://cdo.keu.kz/content/8013/8091/24341/24341.htm,http://cdo.keu.kz/content/8013/8091/24342/24342.htm,http://cdo.keu.kz/content/8013/8091/24343/24343.htm,http://cdo.keu.kz/content/8013/8091/24344/24344.htm,http://cdo.keu.kz/content/8013/8091/8091.htm,http://cdo.keu.kz/content/8013/8091/lek.files/filelist.xml,http://cdo.keu.kz/content/8013/8091/lek.files/image001.gif,http://cdo.keu.kz/content/8013/8091/lek.files/image002.gif,http://cdo.keu.kz/content/8013/8091/lek.files/image003.gif,http://cdo.keu.kz/content/8013/8091/lek.files/image004.gif,http://cdo.keu.kz/content/8013/8091/lek.files/image005.gif,http://cdo.keu.kz/content/8013/8091/lek.files/image006.gif,http://cdo.keu.kz/content/8013/8091/lek.files/image007.gif,http://cdo.keu.kz/content/8013/8091/lek.files/image008.gif,http://cdo.keu.kz/content/8013/8091/lek.files/image009.gif,http://cdo.keu.kz/content/8013/8091/lek.files/image010.png,http://cdo.keu.kz/content/8013/8091/lek.files/image011.jpg,http://cdo.keu.kz/content/8013/8091/lek.files/image012.png,http://cdo.keu.kz/content/8013/8091/lek.files/image013.jpg,,,,,,,,,,,,,,,,,,,,,,,,,,,,,,,,,,,,,,,,,,,,,,,,,,,,,,,,,,,,,,,,,,,,,,,,,
http://cdo.keu.kz/content/8014/8092/24345/24345.htm,http://cdo.keu.kz/content/8014/8092/24346/24346.htm,http://cdo.keu.kz/content/8014/8092/24347/24347.htm,http://cdo.keu.kz/content/8014/8092/24348/24348.htm,http://cdo.keu.kz/content/8014/8092/24349/24349.htm,http://cdo.keu.kz/content/8014/8092/24350/24350.htm,http://cdo.keu.kz/content/8014/8092/24351/24351.htm,http://cdo.keu.kz/content/8014/8092/24352/24352.htm,http://cdo.keu.kz/content/8014/8092/24353/24353.htm,http://cdo.keu.kz/content/8014/8092/24354/24354.htm,http://cdo.keu.kz/content/8014/8092/24355/24355.htm,http://cdo.keu.kz/content/8014/8092/24356/24356.htm,http://cdo.keu.kz/content/8014/8092/24357/24357.htm,http://cdo.keu.kz/content/8014/8092/24358/24358.htm,http://cdo.keu.kz/content/8014/8092/24359/24359.htm,http://cdo.keu.kz/content/8014/8092/8092.htm,,,,,,,,,,,,,,,,,,,,,,,,,,,,,,,,,,,,,,,,,,,,,,,,,,,,,,,,,,,,,,,,,,,,,,,,,,,,,,,,
http://cdo.keu.kz/content/8015/8093/1rub20.10.2010.files/colorschememapping.xml,http://cdo.keu.kz/content/8015/8093/1rub20.10.2010.files/filelist.xml,http://cdo.keu.kz/content/8015/8093/1rub20.10.2010.files/themedata.thmx,http://cdo.keu.kz/content/8015/8093/1rub20.10.2010.htm,,,,,,,,,,,,,,,,,,,,,,,,,,,,,,,,,,,,,,,,,,,,,,,,,,,,,,,,,,,,,,,,,,,,,,,,,,,,,,,,,,,,,,,,,,,,
http://cdo.keu.kz/content/8016/8094/1rub.htm,,,,,,,,,,,,,,,,,,,,,,,,,,,,,,,,,,,,,,,,,,,,,,,,,,,,,,,,,,,,,,,,,,,,,,,,,,,,,,,,,,,,,,,,,,,,,,,
http://cdo.keu.kz/content/8017/8095/2rub20.10.2010.files/colorschememapping.xml,http://cdo.keu.kz/content/8017/8095/2rub20.10.2010.files/filelist.xml,http://cdo.keu.kz/content/8017/8095/2rub20.10.2010.files/themedata.thmx,http://cdo.keu.kz/content/8017/8095/2rub20.10.2010.htm,,,,,,,,,,,,,,,,,,,,,,,,,,,,,,,,,,,,,,,,,,,,,,,,,,,,,,,,,,,,,,,,,,,,,,,,,,,,,,,,,,,,,,,,,,,,
http://cdo.keu.kz/content/8018/8096/2rub.htm,,,,,,,,,,,,,,,,,,,,,,,,,,,,,,,,,,,,,,,,,,,,,,,,,,,,,,,,,,,,,,,,,,,,,,,,,,,,,,,,,,,,,,,,,,,,,,,
http://cdo.keu.kz/content/8019/8097/itog.20.10.10.files/image001.gif,http://cdo.keu.kz/content/8019/8097/itog.20.10.10.htm,,,,,,,,,,,,,,,,,,,,,,,,,,,,,,,,,,,,,,,,,,,,,,,,,,,,,,,,,,,,,,,,,,,,,,,,,,,,,,,,,,,,,,,,,,,,,,
http://cdo.keu.kz/content/8020/8098/24360/24360.htm,http://cdo.keu.kz/content/8020/8098/24361/24361.htm,http://cdo.keu.kz/content/8020/8098/24362/24362.htm,http://cdo.keu.kz/content/8020/8098/24363/24363.htm,http://cdo.keu.kz/content/8020/8098/24364/24364.htm,http://cdo.keu.kz/content/8020/8098/24365/24365.htm,http://cdo.keu.kz/content/8020/8098/24366/24366.htm,http://cdo.keu.kz/content/8020/8098/24367/24367.htm,http://cdo.keu.kz/content/8020/8098/8098.htm,http://cdo.keu.kz/content/8020/8098/lek.files/image001.jpg,http://cdo.keu.kz/content/8020/8098/lek.files/image002.jpg,http://cdo.keu.kz/content/8020/8098/lek.files/image003.jpg,,,,,,,,,,,,,,,,,,,,,,,,,,,,,,,,,,,,,,,,,,,,,,,,,,,,,,,,,,,,,,,,,,,,,,,,,,,,,,,,,,,,
http://cdo.keu.kz/content/8021/8099/itog.htm,,,,,,,,,,,,,,,,,,,,,,,,,,,,,,,,,,,,,,,,,,,,,,,,,,,,,,,,,,,,,,,,,,,,,,,,,,,,,,,,,,,,,,,,,,,,,,,
http://cdo.keu.kz/content/8022/8100/itog20.10.2010.files/colorschememapping.xml,http://cdo.keu.kz/content/8022/8100/itog20.10.2010.files/filelist.xml,http://cdo.keu.kz/content/8022/8100/itog20.10.2010.files/header.htm,http://cdo.keu.kz/content/8022/8100/itog20.10.2010.files/image001.wmz,http://cdo.keu.kz/content/8022/8100/itog20.10.2010.files/image002.gif,http://cdo.keu.kz/content/8022/8100/itog20.10.2010.files/image003.wmz,http://cdo.keu.kz/content/8022/8100/itog20.10.2010.files/image004.gif,http://cdo.keu.kz/content/8022/8100/itog20.10.2010.files/image005.wmz,http://cdo.keu.kz/content/8022/8100/itog20.10.2010.files/image006.gif,http://cdo.keu.kz/content/8022/8100/itog20.10.2010.files/image007.wmz,http://cdo.keu.kz/content/8022/8100/itog20.10.2010.files/image008.gif,http://cdo.keu.kz/content/8022/8100/itog20.10.2010.files/image009.wmz,http://cdo.keu.kz/content/8022/8100/itog20.10.2010.files/image010.gif,http://cdo.keu.kz/content/8022/8100/itog20.10.2010.files/image011.wmz,http://cdo.keu.kz/content/8022/8100/itog20.10.2010.files/image012.gif,http://cdo.keu.kz/content/8022/8100/itog20.10.2010.files/image013.wmz,http://cdo.keu.kz/content/8022/8100/itog20.10.2010.files/image014.gif,http://cdo.keu.kz/content/8022/8100/itog20.10.2010.files/image015.wmz,http://cdo.keu.kz/content/8022/8100/itog20.10.2010.files/image016.gif,http://cdo.keu.kz/content/8022/8100/itog20.10.2010.files/image017.wmz,http://cdo.keu.kz/content/8022/8100/itog20.10.2010.files/image018.gif,http://cdo.keu.kz/content/8022/8100/itog20.10.2010.files/image019.wmz,http://cdo.keu.kz/content/8022/8100/itog20.10.2010.files/image020.gif,http://cdo.keu.kz/content/8022/8100/itog20.10.2010.files/image021.wmz,http://cdo.keu.kz/content/8022/8100/itog20.10.2010.files/image022.gif,http://cdo.keu.kz/content/8022/8100/itog20.10.2010.files/image023.wmz,http://cdo.keu.kz/content/8022/8100/itog20.10.2010.files/image024.gif,http://cdo.keu.kz/content/8022/8100/itog20.10.2010.files/image025.wmz,http://cdo.keu.kz/content/8022/8100/itog20.10.2010.files/image026.gif,http://cdo.keu.kz/content/8022/8100/itog20.10.2010.files/image027.wmz,http://cdo.keu.kz/content/8022/8100/itog20.10.2010.files/image028.gif,http://cdo.keu.kz/content/8022/8100/itog20.10.2010.files/image029.wmz,http://cdo.keu.kz/content/8022/8100/itog20.10.2010.files/image030.gif,http://cdo.keu.kz/content/8022/8100/itog20.10.2010.files/image031.wmz,http://cdo.keu.kz/content/8022/8100/itog20.10.2010.files/image032.gif,http://cdo.keu.kz/content/8022/8100/itog20.10.2010.files/image033.wmz,http://cdo.keu.kz/content/8022/8100/itog20.10.2010.files/image034.gif,http://cdo.keu.kz/content/8022/8100/itog20.10.2010.files/image035.wmz,http://cdo.keu.kz/content/8022/8100/itog20.10.2010.files/image036.gif,http://cdo.keu.kz/content/8022/8100/itog20.10.2010.files/image037.wmz,http://cdo.keu.kz/content/8022/8100/itog20.10.2010.files/image038.gif,http://cdo.keu.kz/content/8022/8100/itog20.10.2010.files/image039.wmz,http://cdo.keu.kz/content/8022/8100/itog20.10.2010.files/image040.gif,http://cdo.keu.kz/content/8022/8100/itog20.10.2010.files/image041.wmz,http://cdo.keu.kz/content/8022/8100/itog20.10.2010.files/image042.gif,http://cdo.keu.kz/content/8022/8100/itog20.10.2010.files/image043.wmz,http://cdo.keu.kz/content/8022/8100/itog20.10.2010.files/image044.gif,http://cdo.keu.kz/content/8022/8100/itog20.10.2010.files/image045.wmz,http://cdo.keu.kz/content/8022/8100/itog20.10.2010.files/image046.gif,http://cdo.keu.kz/content/8022/8100/itog20.10.2010.files/image047.wmz,http://cdo.keu.kz/content/8022/8100/itog20.10.2010.files/image048.gif,http://cdo.keu.kz/content/8022/8100/itog20.10.2010.files/image049.wmz,http://cdo.keu.kz/content/8022/8100/itog20.10.2010.files/image050.gif,http://cdo.keu.kz/content/8022/8100/itog20.10.2010.files/image051.wmz,http://cdo.keu.kz/content/8022/8100/itog20.10.2010.files/image052.gif,http://cdo.keu.kz/content/8022/8100/itog20.10.2010.files/image053.wmz,http://cdo.keu.kz/content/8022/8100/itog20.10.2010.files/image054.gif,http://cdo.keu.kz/content/8022/8100/itog20.10.2010.files/image055.wmz,http://cdo.keu.kz/content/8022/8100/itog20.10.2010.files/image056.gif,http://cdo.keu.kz/content/8022/8100/itog20.10.2010.files/image057.wmz,http://cdo.keu.kz/content/8022/8100/itog20.10.2010.files/image058.gif,http://cdo.keu.kz/content/8022/8100/itog20.10.2010.files/image059.wmz,http://cdo.keu.kz/content/8022/8100/itog20.10.2010.files/image060.gif,http://cdo.keu.kz/content/8022/8100/itog20.10.2010.files/image061.wmz,http://cdo.keu.kz/content/8022/8100/itog20.10.2010.files/image062.gif,http://cdo.keu.kz/content/8022/8100/itog20.10.2010.files/image063.wmz,http://cdo.keu.kz/content/8022/8100/itog20.10.2010.files/image064.gif,http://cdo.keu.kz/content/8022/8100/itog20.10.2010.files/image065.wmz,http://cdo.keu.kz/content/8022/8100/itog20.10.2010.files/image066.gif,http://cdo.keu.kz/content/8022/8100/itog20.10.2010.files/image067.wmz,http://cdo.keu.kz/content/8022/8100/itog20.10.2010.files/image068.gif,http://cdo.keu.kz/content/8022/8100/itog20.10.2010.files/image069.wmz,http://cdo.keu.kz/content/8022/8100/itog20.10.2010.files/image070.gif,http://cdo.keu.kz/content/8022/8100/itog20.10.2010.files/image071.wmz,http://cdo.keu.kz/content/8022/8100/itog20.10.2010.files/image072.gif,http://cdo.keu.kz/content/8022/8100/itog20.10.2010.files/image073.wmz,http://cdo.keu.kz/content/8022/8100/itog20.10.2010.files/image074.gif,http://cdo.keu.kz/content/8022/8100/itog20.10.2010.files/image075.wmz,http://cdo.keu.kz/content/8022/8100/itog20.10.2010.files/image076.gif,http://cdo.keu.kz/content/8022/8100/itog20.10.2010.files/image077.wmz,http://cdo.keu.kz/content/8022/8100/itog20.10.2010.files/image078.gif,http://cdo.keu.kz/content/8022/8100/itog20.10.2010.files/image079.wmz,http://cdo.keu.kz/content/8022/8100/itog20.10.2010.files/image080.gif,http://cdo.keu.kz/content/8022/8100/itog20.10.2010.files/image081.wmz,http://cdo.keu.kz/content/8022/8100/itog20.10.2010.files/image082.gif,http://cdo.keu.kz/content/8022/8100/itog20.10.2010.files/image083.wmz,http://cdo.keu.kz/content/8022/8100/itog20.10.2010.files/image084.gif,http://cdo.keu.kz/content/8022/8100/itog20.10.2010.files/image085.wmz,http://cdo.keu.kz/content/8022/8100/itog20.10.2010.files/image086.gif,http://cdo.keu.kz/content/8022/8100/itog20.10.2010.files/image087.wmz,http://cdo.keu.kz/content/8022/8100/itog20.10.2010.files/image088.gif,http://cdo.keu.kz/content/8022/8100/itog20.10.2010.files/image089.wmz,http://cdo.keu.kz/content/8022/8100/itog20.10.2010.files/image090.gif,http://cdo.keu.kz/content/8022/8100/itog20.10.2010.files/oledata.mso,http://cdo.keu.kz/content/8022/8100/itog20.10.2010.files/themedata.thmx,http://cdo.keu.kz/content/8022/8100/itog20.10.2010.htm
http://cdo.keu.kz/content/8023/8101/1rub221010.htm,,,,,,,,,,,,,,,,,,,,,,,,,,,,,,,,,,,,,,,,,,,,,,,,,,,,,,,,,,,,,,,,,,,,,,,,,,,,,,,,,,,,,,,,,,,,,,,
http://cdo.keu.kz/content/8024/8102/R1.htm,,,,,,,,,,,,,,,,,,,,,,,,,,,,,,,,,,,,,,,,,,,,,,,,,,,,,,,,,,,,,,,,,,,,,,,,,,,,,,,,,,,,,,,,,,,,,,,
http://cdo.keu.kz/content/8025/8103/2rub221010.htm,,,,,,,,,,,,,,,,,,,,,,,,,,,,,,,,,,,,,,,,,,,,,,,,,,,,,,,,,,,,,,,,,,,,,,,,,,,,,,,,,,,,,,,,,,,,,,,
http://cdo.keu.kz/content/8026/8104/2rub221010.htm,,,,,,,,,,,,,,,,,,,,,,,,,,,,,,,,,,,,,,,,,,,,,,,,,,,,,,,,,,,,,,,,,,,,,,,,,,,,,,,,,,,,,,,,,,,,,,,
http://cdo.keu.kz/content/8027/8105/R2.htm,,,,,,,,,,,,,,,,,,,,,,,,,,,,,,,,,,,,,,,,,,,,,,,,,,,,,,,,,,,,,,,,,,,,,,,,,,,,,,,,,,,,,,,,,,,,,,,
http://cdo.keu.kz/content/8028/8106/2rub221010.htm,,,,,,,,,,,,,,,,,,,,,,,,,,,,,,,,,,,,,,,,,,,,,,,,,,,,,,,,,,,,,,,,,,,,,,,,,,,,,,,,,,,,,,,,,,,,,,,
http://cdo.keu.kz/content/8029/8107/itog.htm,,,,,,,,,,,,,,,,,,,,,,,,,,,,,,,,,,,,,,,,,,,,,,,,,,,,,,,,,,,,,,,,,,,,,,,,,,,,,,,,,,,,,,,,,,,,,,,
http://cdo.keu.kz/content/8030/8108/2rub20.10.10.htm,,,,,,,,,,,,,,,,,,,,,,,,,,,,,,,,,,,,,,,,,,,,,,,,,,,,,,,,,,,,,,,,,,,,,,,,,,,,,,,,,,,,,,,,,,,,,,,
http://cdo.keu.kz/content/8031/8109/itog.20.10.10.htm,,,,,,,,,,,,,,,,,,,,,,,,,,,,,,,,,,,,,,,,,,,,,,,,,,,,,,,,,,,,,,,,,,,,,,,,,,,,,,,,,,,,,,,,,,,,,,,
http://cdo.keu.kz/content/8032/8110/1rub21.10.2010.files/colorschememapping.xml,http://cdo.keu.kz/content/8032/8110/1rub21.10.2010.files/filelist.xml,http://cdo.keu.kz/content/8032/8110/1rub21.10.2010.files/image001.gif,http://cdo.keu.kz/content/8032/8110/1rub21.10.2010.files/themedata.thmx,http://cdo.keu.kz/content/8032/8110/1rub21.10.2010.htm,,,,,,,,,,,,,,,,,,,,,,,,,,,,,,,,,,,,,,,,,,,,,,,,,,,,,,,,,,,,,,,,,,,,,,,,,,,,,,,,,,,,,,,,,,,
http://cdo.keu.kz/content/8033/8111/2rub21.10.2010.files/colorschememapping.xml,http://cdo.keu.kz/content/8033/8111/2rub21.10.2010.files/filelist.xml,http://cdo.keu.kz/content/8033/8111/2rub21.10.2010.files/themedata.thmx,http://cdo.keu.kz/content/8033/8111/2rub21.10.2010.htm,,,,,,,,,,,,,,,,,,,,,,,,,,,,,,,,,,,,,,,,,,,,,,,,,,,,,,,,,,,,,,,,,,,,,,,,,,,,,,,,,,,,,,,,,,,,
http://cdo.keu.kz/content/8034/8112/itog21.10.2010.files/colorschememapping.xml,http://cdo.keu.kz/content/8034/8112/itog21.10.2010.files/filelist.xml,http://cdo.keu.kz/content/8034/8112/itog21.10.2010.files/image001.gif,http://cdo.keu.kz/content/8034/8112/itog21.10.2010.files/themedata.thmx,http://cdo.keu.kz/content/8034/8112/itog21.10.2010.htm,,,,,,,,,,,,,,,,,,,,,,,,,,,,,,,,,,,,,,,,,,,,,,,,,,,,,,,,,,,,,,,,,,,,,,,,,,,,,,,,,,,,,,,,,,,
http://cdo.keu.kz/content/8035/8113/1rub.htm,,,,,,,,,,,,,,,,,,,,,,,,,,,,,,,,,,,,,,,,,,,,,,,,,,,,,,,,,,,,,,,,,,,,,,,,,,,,,,,,,,,,,,,,,,,,,,,
http://cdo.keu.kz/content/8036/8114/2rub.htm,,,,,,,,,,,,,,,,,,,,,,,,,,,,,,,,,,,,,,,,,,,,,,,,,,,,,,,,,,,,,,,,,,,,,,,,,,,,,,,,,,,,,,,,,,,,,,,
http://cdo.keu.kz/content/8037/8115/2rub221010.htm,,,,,,,,,,,,,,,,,,,,,,,,,,,,,,,,,,,,,,,,,,,,,,,,,,,,,,,,,,,,,,,,,,,,,,,,,,,,,,,,,,,,,,,,,,,,,,,
http://cdo.keu.kz/content/8038/8116/it.htm,,,,,,,,,,,,,,,,,,,,,,,,,,,,,,,,,,,,,,,,,,,,,,,,,,,,,,,,,,,,,,,,,,,,,,,,,,,,,,,,,,,,,,,,,,,,,,,
http://cdo.keu.kz/content/8039/8117/2rub21.10.10.htm,,,,,,,,,,,,,,,,,,,,,,,,,,,,,,,,,,,,,,,,,,,,,,,,,,,,,,,,,,,,,,,,,,,,,,,,,,,,,,,,,,,,,,,,,,,,,,,
http://cdo.keu.kz/content/8040/8118/2rub221010.htm,,,,,,,,,,,,,,,,,,,,,,,,,,,,,,,,,,,,,,,,,,,,,,,,,,,,,,,,,,,,,,,,,,,,,,,,,,,,,,,,,,,,,,,,,,,,,,,
http://cdo.keu.kz/content/8041/8119/1rub.htm,,,,,,,,,,,,,,,,,,,,,,,,,,,,,,,,,,,,,,,,,,,,,,,,,,,,,,,,,,,,,,,,,,,,,,,,,,,,,,,,,,,,,,,,,,,,,,,
http://cdo.keu.kz/content/8042/8120/2rub.htm,,,,,,,,,,,,,,,,,,,,,,,,,,,,,,,,,,,,,,,,,,,,,,,,,,,,,,,,,,,,,,,,,,,,,,,,,,,,,,,,,,,,,,,,,,,,,,,
http://cdo.keu.kz/content/8043/8121/itog.htm,,,,,,,,,,,,,,,,,,,,,,,,,,,,,,,,,,,,,,,,,,,,,,,,,,,,,,,,,,,,,,,,,,,,,,,,,,,,,,,,,,,,,,,,,,,,,,,
http://cdo.keu.kz/content/8044/8122/1.htm,,,,,,,,,,,,,,,,,,,,,,,,,,,,,,,,,,,,,,,,,,,,,,,,,,,,,,,,,,,,,,,,,,,,,,,,,,,,,,,,,,,,,,,,,,,,,,,
http://cdo.keu.kz/content/8045/8123/2.htm,,,,,,,,,,,,,,,,,,,,,,,,,,,,,,,,,,,,,,,,,,,,,,,,,,,,,,,,,,,,,,,,,,,,,,,,,,,,,,,,,,,,,,,,,,,,,,,
http://cdo.keu.kz/content/8046/8124/1rub21.10.2010.files/colorschememapping.xml,http://cdo.keu.kz/content/8046/8124/1rub21.10.2010.files/filelist.xml,http://cdo.keu.kz/content/8046/8124/1rub21.10.2010.files/themedata.thmx,http://cdo.keu.kz/content/8046/8124/1rub21.10.2010.htm,,,,,,,,,,,,,,,,,,,,,,,,,,,,,,,,,,,,,,,,,,,,,,,,,,,,,,,,,,,,,,,,,,,,,,,,,,,,,,,,,,,,,,,,,,,,
http://cdo.keu.kz/content/8047/8125/itog.21.10.10.htm,,,,,,,,,,,,,,,,,,,,,,,,,,,,,,,,,,,,,,,,,,,,,,,,,,,,,,,,,,,,,,,,,,,,,,,,,,,,,,,,,,,,,,,,,,,,,,,
http://cdo.keu.kz/content/8048/8126/2.htm,,,,,,,,,,,,,,,,,,,,,,,,,,,,,,,,,,,,,,,,,,,,,,,,,,,,,,,,,,,,,,,,,,,,,,,,,,,,,,,,,,,,,,,,,,,,,,,
http://cdo.keu.kz/content/8049/8127/2rub21.10.2010.files/colorschememapping.xml,http://cdo.keu.kz/content/8049/8127/2rub21.10.2010.files/filelist.xml,http://cdo.keu.kz/content/8049/8127/2rub21.10.2010.files/themedata.thmx,http://cdo.keu.kz/content/8049/8127/2rub21.10.2010.htm,,,,,,,,,,,,,,,,,,,,,,,,,,,,,,,,,,,,,,,,,,,,,,,,,,,,,,,,,,,,,,,,,,,,,,,,,,,,,,,,,,,,,,,,,,,,
http://cdo.keu.kz/content/8050/8128/itog21.10.2010.files/colorschememapping.xml,http://cdo.keu.kz/content/8050/8128/itog21.10.2010.files/filelist.xml,http://cdo.keu.kz/content/8050/8128/itog21.10.2010.files/themedata.thmx,http://cdo.keu.kz/content/8050/8128/itog21.10.2010.htm,,,,,,,,,,,,,,,,,,,,,,,,,,,,,,,,,,,,,,,,,,,,,,,,,,,,,,,,,,,,,,,,,,,,,,,,,,,,,,,,,,,,,,,,,,,,
http://cdo.keu.kz/content/8051/8129/1.htm,,,,,,,,,,,,,,,,,,,,,,,,,,,,,,,,,,,,,,,,,,,,,,,,,,,,,,,,,,,,,,,,,,,,,,,,,,,,,,,,,,,,,,,,,,,,,,,
http://cdo.keu.kz/content/8052/8130/2.htm,,,,,,,,,,,,,,,,,,,,,,,,,,,,,,,,,,,,,,,,,,,,,,,,,,,,,,,,,,,,,,,,,,,,,,,,,,,,,,,,,,,,,,,,,,,,,,,
http://cdo.keu.kz/content/8053/8131/it.htm,,,,,,,,,,,,,,,,,,,,,,,,,,,,,,,,,,,,,,,,,,,,,,,,,,,,,,,,,,,,,,,,,,,,,,,,,,,,,,,,,,,,,,,,,,,,,,,
http://cdo.keu.kz/content/8054/8132/1rub20.10.2010.files/colorschememapping.xml,http://cdo.keu.kz/content/8054/8132/1rub20.10.2010.files/filelist.xml,http://cdo.keu.kz/content/8054/8132/1rub20.10.2010.files/image001.gif,http://cdo.keu.kz/content/8054/8132/1rub20.10.2010.files/themedata.thmx,http://cdo.keu.kz/content/8054/8132/1rub20.10.2010.htm,,,,,,,,,,,,,,,,,,,,,,,,,,,,,,,,,,,,,,,,,,,,,,,,,,,,,,,,,,,,,,,,,,,,,,,,,,,,,,,,,,,,,,,,,,,
http://cdo.keu.kz/content/8055/8133/24368/24368.htm,http://cdo.keu.kz/content/8055/8133/24369/24369.htm,http://cdo.keu.kz/content/8055/8133/24370/24370.htm,http://cdo.keu.kz/content/8055/8133/24371/24371.htm,http://cdo.keu.kz/content/8055/8133/24372/24372.htm,http://cdo.keu.kz/content/8055/8133/24373/24373.htm,http://cdo.keu.kz/content/8055/8133/24374/24374.htm,http://cdo.keu.kz/content/8055/8133/24375/24375.htm,http://cdo.keu.kz/content/8055/8133/24376/24376.htm,http://cdo.keu.kz/content/8055/8133/24377/24377.htm,http://cdo.keu.kz/content/8055/8133/24378/24378.htm,http://cdo.keu.kz/content/8055/8133/24379/24379.htm,http://cdo.keu.kz/content/8055/8133/8133.htm,,,,,,,,,,,,,,,,,,,,,,,,,,,,,,,,,,,,,,,,,,,,,,,,,,,,,,,,,,,,,,,,,,,,,,,,,,,,,,,,,,,
http://cdo.keu.kz/content/8056/8134/1.htm,,,,,,,,,,,,,,,,,,,,,,,,,,,,,,,,,,,,,,,,,,,,,,,,,,,,,,,,,,,,,,,,,,,,,,,,,,,,,,,,,,,,,,,,,,,,,,,
http://cdo.keu.kz/content/8057/8135/1.htm,,,,,,,,,,,,,,,,,,,,,,,,,,,,,,,,,,,,,,,,,,,,,,,,,,,,,,,,,,,,,,,,,,,,,,,,,,,,,,,,,,,,,,,,,,,,,,,
http://cdo.keu.kz/content/8058/8136/1.htm,,,,,,,,,,,,,,,,,,,,,,,,,,,,,,,,,,,,,,,,,,,,,,,,,,,,,,,,,,,,,,,,,,,,,,,,,,,,,,,,,,,,,,,,,,,,,,,
http://cdo.keu.kz/content/8059/8137/1.htm,,,,,,,,,,,,,,,,,,,,,,,,,,,,,,,,,,,,,,,,,,,,,,,,,,,,,,,,,,,,,,,,,,,,,,,,,,,,,,,,,,,,,,,,,,,,,,,
http://cdo.keu.kz/content/8060/8138/2.htm,,,,,,,,,,,,,,,,,,,,,,,,,,,,,,,,,,,,,,,,,,,,,,,,,,,,,,,,,,,,,,,,,,,,,,,,,,,,,,,,,,,,,,,,,,,,,,,
http://cdo.keu.kz/content/8061/8139/2rub21.10.2010.files/colorschememapping.xml,http://cdo.keu.kz/content/8061/8139/2rub21.10.2010.files/filelist.xml,http://cdo.keu.kz/content/8061/8139/2rub21.10.2010.files/themedata.thmx,http://cdo.keu.kz/content/8061/8139/2rub21.10.2010.htm,,,,,,,,,,,,,,,,,,,,,,,,,,,,,,,,,,,,,,,,,,,,,,,,,,,,,,,,,,,,,,,,,,,,,,,,,,,,,,,,,,,,,,,,,,,,
http://cdo.keu.kz/content/8062/8140/itog21.10.2010.files/colorschememapping.xml,http://cdo.keu.kz/content/8062/8140/itog21.10.2010.files/filelist.xml,http://cdo.keu.kz/content/8062/8140/itog21.10.2010.files/themedata.thmx,http://cdo.keu.kz/content/8062/8140/itog21.10.2010.htm,,,,,,,,,,,,,,,,,,,,,,,,,,,,,,,,,,,,,,,,,,,,,,,,,,,,,,,,,,,,,,,,,,,,,,,,,,,,,,,,,,,,,,,,,,,,
http://cdo.keu.kz/content/8063/8141/Itog.htm,,,,,,,,,,,,,,,,,,,,,,,,,,,,,,,,,,,,,,,,,,,,,,,,,,,,,,,,,,,,,,,,,,,,,,,,,,,,,,,,,,,,,,,,,,,,,,,
http://cdo.keu.kz/content/8064/8142/24380/24380.htm,http://cdo.keu.kz/content/8064/8142/24381/24381.htm,http://cdo.keu.kz/content/8064/8142/24382/24382.htm,http://cdo.keu.kz/content/8064/8142/24383/24383.htm,http://cdo.keu.kz/content/8064/8142/24384/24384.htm,http://cdo.keu.kz/content/8064/8142/24385/24385.htm,http://cdo.keu.kz/content/8064/8142/24386/24386.htm,http://cdo.keu.kz/content/8064/8142/8142.htm,http://cdo.keu.kz/content/8064/8142/lek.files/image001.jpg,http://cdo.keu.kz/content/8064/8142/lek.files/image002.jpg,http://cdo.keu.kz/content/8064/8142/lek.files/image003.jpg,,,,,,,,,,,,,,,,,,,,,,,,,,,,,,,,,,,,,,,,,,,,,,,,,,,,,,,,,,,,,,,,,,,,,,,,,,,,,,,,,,,,,
http://cdo.keu.kz/content/8065/8143/1rub.htm,,,,,,,,,,,,,,,,,,,,,,,,,,,,,,,,,,,,,,,,,,,,,,,,,,,,,,,,,,,,,,,,,,,,,,,,,,,,,,,,,,,,,,,,,,,,,,,
http://cdo.keu.kz/content/8066/8144/2rub.htm,,,,,,,,,,,,,,,,,,,,,,,,,,,,,,,,,,,,,,,,,,,,,,,,,,,,,,,,,,,,,,,,,,,,,,,,,,,,,,,,,,,,,,,,,,,,,,,
http://cdo.keu.kz/content/8067/8145/itog.htm,,,,,,,,,,,,,,,,,,,,,,,,,,,,,,,,,,,,,,,,,,,,,,,,,,,,,,,,,,,,,,,,,,,,,,,,,,,,,,,,,,,,,,,,,,,,,,,
http://cdo.keu.kz/content/8068/8146/1rub.21.10.10.htm,,,,,,,,,,,,,,,,,,,,,,,,,,,,,,,,,,,,,,,,,,,,,,,,,,,,,,,,,,,,,,,,,,,,,,,,,,,,,,,,,,,,,,,,,,,,,,,
http://cdo.keu.kz/content/8069/8147/1.htm,,,,,,,,,,,,,,,,,,,,,,,,,,,,,,,,,,,,,,,,,,,,,,,,,,,,,,,,,,,,,,,,,,,,,,,,,,,,,,,,,,,,,,,,,,,,,,,
http://cdo.keu.kz/content/8070/8148/2rub.htm,,,,,,,,,,,,,,,,,,,,,,,,,,,,,,,,,,,,,,,,,,,,,,,,,,,,,,,,,,,,,,,,,,,,,,,,,,,,,,,,,,,,,,,,,,,,,,,
http://cdo.keu.kz/content/8071/8149/it.htm,,,,,,,,,,,,,,,,,,,,,,,,,,,,,,,,,,,,,,,,,,,,,,,,,,,,,,,,,,,,,,,,,,,,,,,,,,,,,,,,,,,,,,,,,,,,,,,
http://cdo.keu.kz/content/8072/8150/1rub21.10.2010.files/colorschememapping.xml,http://cdo.keu.kz/content/8072/8150/1rub21.10.2010.files/filelist.xml,http://cdo.keu.kz/content/8072/8150/1rub21.10.2010.files/themedata.thmx,http://cdo.keu.kz/content/8072/8150/1rub21.10.2010.htm,,,,,,,,,,,,,,,,,,,,,,,,,,,,,,,,,,,,,,,,,,,,,,,,,,,,,,,,,,,,,,,,,,,,,,,,,,,,,,,,,,,,,,,,,,,,
http://cdo.keu.kz/content/8073/8151/2rub21.10.2010.files/colorschememapping.xml,http://cdo.keu.kz/content/8073/8151/2rub21.10.2010.files/filelist.xml,http://cdo.keu.kz/content/8073/8151/2rub21.10.2010.files/themedata.thmx,http://cdo.keu.kz/content/8073/8151/2rub21.10.2010.htm,,,,,,,,,,,,,,,,,,,,,,,,,,,,,,,,,,,,,,,,,,,,,,,,,,,,,,,,,,,,,,,,,,,,,,,,,,,,,,,,,,,,,,,,,,,,
http://cdo.keu.kz/content/8074/8152/itog21.10.2010.files/colorschememapping.xml,http://cdo.keu.kz/content/8074/8152/itog21.10.2010.files/filelist.xml,http://cdo.keu.kz/content/8074/8152/itog21.10.2010.files/themedata.thmx,http://cdo.keu.kz/content/8074/8152/itog21.10.2010.htm,,,,,,,,,,,,,,,,,,,,,,,,,,,,,,,,,,,,,,,,,,,,,,,,,,,,,,,,,,,,,,,,,,,,,,,,,,,,,,,,,,,,,,,,,,,,
http://cdo.keu.kz/content/8075/8153/itog.21.10.10.htm,,,,,,,,,,,,,,,,,,,,,,,,,,,,,,,,,,,,,,,,,,,,,,,,,,,,,,,,,,,,,,,,,,,,,,,,,,,,,,,,,,,,,,,,,,,,,,,
http://cdo.keu.kz/content/8076/8154/1rub.htm,,,,,,,,,,,,,,,,,,,,,,,,,,,,,,,,,,,,,,,,,,,,,,,,,,,,,,,,,,,,,,,,,,,,,,,,,,,,,,,,,,,,,,,,,,,,,,,
http://cdo.keu.kz/content/8077/8155/2rub.htm,,,,,,,,,,,,,,,,,,,,,,,,,,,,,,,,,,,,,,,,,,,,,,,,,,,,,,,,,,,,,,,,,,,,,,,,,,,,,,,,,,,,,,,,,,,,,,,
http://cdo.keu.kz/content/8078/8156/it.htm,,,,,,,,,,,,,,,,,,,,,,,,,,,,,,,,,,,,,,,,,,,,,,,,,,,,,,,,,,,,,,,,,,,,,,,,,,,,,,,,,,,,,,,,,,,,,,,
http://cdo.keu.kz/content/8079/8157/1rub.htm,,,,,,,,,,,,,,,,,,,,,,,,,,,,,,,,,,,,,,,,,,,,,,,,,,,,,,,,,,,,,,,,,,,,,,,,,,,,,,,,,,,,,,,,,,,,,,,
http://cdo.keu.kz/content/8080/8158/2rub.htm,,,,,,,,,,,,,,,,,,,,,,,,,,,,,,,,,,,,,,,,,,,,,,,,,,,,,,,,,,,,,,,,,,,,,,,,,,,,,,,,,,,,,,,,,,,,,,,
http://cdo.keu.kz/content/8081/8159/itog.htm,,,,,,,,,,,,,,,,,,,,,,,,,,,,,,,,,,,,,,,,,,,,,,,,,,,,,,,,,,,,,,,,,,,,,,,,,,,,,,,,,,,,,,,,,,,,,,,
http://cdo.keu.kz/content/8082/8160/itog.21.10.10.htm,,,,,,,,,,,,,,,,,,,,,,,,,,,,,,,,,,,,,,,,,,,,,,,,,,,,,,,,,,,,,,,,,,,,,,,,,,,,,,,,,,,,,,,,,,,,,,,
http://cdo.keu.kz/content/8083/8161/1.htm,,,,,,,,,,,,,,,,,,,,,,,,,,,,,,,,,,,,,,,,,,,,,,,,,,,,,,,,,,,,,,,,,,,,,,,,,,,,,,,,,,,,,,,,,,,,,,,
http://cdo.keu.kz/content/8084/8162/1rub21.10.2010.files/colorschememapping.xml,http://cdo.keu.kz/content/8084/8162/1rub21.10.2010.files/filelist.xml,http://cdo.keu.kz/content/8084/8162/1rub21.10.2010.files/themedata.thmx,http://cdo.keu.kz/content/8084/8162/1rub21.10.2010.htm,,,,,,,,,,,,,,,,,,,,,,,,,,,,,,,,,,,,,,,,,,,,,,,,,,,,,,,,,,,,,,,,,,,,,,,,,,,,,,,,,,,,,,,,,,,,
http://cdo.keu.kz/content/8085/8163/2rub21.10.2010.files/colorschememapping.xml,http://cdo.keu.kz/content/8085/8163/2rub21.10.2010.files/filelist.xml,http://cdo.keu.kz/content/8085/8163/2rub21.10.2010.files/themedata.thmx,http://cdo.keu.kz/content/8085/8163/2rub21.10.2010.htm,,,,,,,,,,,,,,,,,,,,,,,,,,,,,,,,,,,,,,,,,,,,,,,,,,,,,,,,,,,,,,,,,,,,,,,,,,,,,,,,,,,,,,,,,,,,
http://cdo.keu.kz/content/8086/8164/itog21.10.2010.files/colorschememapping.xml,http://cdo.keu.kz/content/8086/8164/itog21.10.2010.files/filelist.xml,http://cdo.keu.kz/content/8086/8164/itog21.10.2010.files/themedata.thmx,http://cdo.keu.kz/content/8086/8164/itog21.10.2010.htm,,,,,,,,,,,,,,,,,,,,,,,,,,,,,,,,,,,,,,,,,,,,,,,,,,,,,,,,,,,,,,,,,,,,,,,,,,,,,,,,,,,,,,,,,,,,
http://cdo.keu.kz/content/8087/8165/1rub.files/filelist.xml,http://cdo.keu.kz/content/8087/8165/1rub.files/image001.wmz,http://cdo.keu.kz/content/8087/8165/1rub.files/image002.gif,http://cdo.keu.kz/content/8087/8165/1rub.files/image003.gif,http://cdo.keu.kz/content/8087/8165/1rub.files/image004.wmz,http://cdo.keu.kz/content/8087/8165/1rub.files/image005.gif,http://cdo.keu.kz/content/8087/8165/1rub.files/image006.wmz,http://cdo.keu.kz/content/8087/8165/1rub.files/image007.gif,http://cdo.keu.kz/content/8087/8165/1rub.files/image008.wmz,http://cdo.keu.kz/content/8087/8165/1rub.files/image009.gif,http://cdo.keu.kz/content/8087/8165/1rub.files/image010.wmz,http://cdo.keu.kz/content/8087/8165/1rub.files/image011.gif,http://cdo.keu.kz/content/8087/8165/1rub.files/image012.wmz,http://cdo.keu.kz/content/8087/8165/1rub.files/image013.gif,http://cdo.keu.kz/content/8087/8165/1rub.files/image014.wmz,http://cdo.keu.kz/content/8087/8165/1rub.files/image015.gif,http://cdo.keu.kz/content/8087/8165/1rub.files/image016.wmz,http://cdo.keu.kz/content/8087/8165/1rub.files/image017.gif,http://cdo.keu.kz/content/8087/8165/1rub.files/image018.wmz,http://cdo.keu.kz/content/8087/8165/1rub.files/image019.gif,http://cdo.keu.kz/content/8087/8165/1rub.files/oledata.mso,http://cdo.keu.kz/content/8087/8165/1rub.htm,,,,,,,,,,,,,,,,,,,,,,,,,,,,,,,,,,,,,,,,,,,,,,,,,,,,,,,,,,,,,,,,,,,,,,,,,,
http://cdo.keu.kz/content/8088/8166/2rub.files/filelist.xml,http://cdo.keu.kz/content/8088/8166/2rub.files/image001.wmz,http://cdo.keu.kz/content/8088/8166/2rub.files/image002.gif,http://cdo.keu.kz/content/8088/8166/2rub.files/image003.gif,http://cdo.keu.kz/content/8088/8166/2rub.files/image004.wmz,http://cdo.keu.kz/content/8088/8166/2rub.files/image005.gif,http://cdo.keu.kz/content/8088/8166/2rub.files/image006.wmz,http://cdo.keu.kz/content/8088/8166/2rub.files/image007.gif,http://cdo.keu.kz/content/8088/8166/2rub.files/image008.wmz,http://cdo.keu.kz/content/8088/8166/2rub.files/image009.gif,http://cdo.keu.kz/content/8088/8166/2rub.files/image010.wmz,http://cdo.keu.kz/content/8088/8166/2rub.files/image011.gif,http://cdo.keu.kz/content/8088/8166/2rub.files/image012.wmz,http://cdo.keu.kz/content/8088/8166/2rub.files/image013.gif,http://cdo.keu.kz/content/8088/8166/2rub.files/image014.wmz,http://cdo.keu.kz/content/8088/8166/2rub.files/image015.gif,http://cdo.keu.kz/content/8088/8166/2rub.files/oledata.mso,http://cdo.keu.kz/content/8088/8166/2rub.htm,,,,,,,,,,,,,,,,,,,,,,,,,,,,,,,,,,,,,,,,,,,,,,,,,,,,,,,,,,,,,,,,,,,,,,,,,,,,,,
http://cdo.keu.kz/content/8089/8167/1.htm,,,,,,,,,,,,,,,,,,,,,,,,,,,,,,,,,,,,,,,,,,,,,,,,,,,,,,,,,,,,,,,,,,,,,,,,,,,,,,,,,,,,,,,,,,,,,,,
http://cdo.keu.kz/content/8090/8168/2.htm,,,,,,,,,,,,,,,,,,,,,,,,,,,,,,,,,,,,,,,,,,,,,,,,,,,,,,,,,,,,,,,,,,,,,,,,,,,,,,,,,,,,,,,,,,,,,,,
http://cdo.keu.kz/content/8091/8169/it.htm,,,,,,,,,,,,,,,,,,,,,,,,,,,,,,,,,,,,,,,,,,,,,,,,,,,,,,,,,,,,,,,,,,,,,,,,,,,,,,,,,,,,,,,,,,,,,,,
http://cdo.keu.kz/content/8092/8170/2rub.htm,,,,,,,,,,,,,,,,,,,,,,,,,,,,,,,,,,,,,,,,,,,,,,,,,,,,,,,,,,,,,,,,,,,,,,,,,,,,,,,,,,,,,,,,,,,,,,,
http://cdo.keu.kz/content/8093/8171/itog.files/filelist.xml,http://cdo.keu.kz/content/8093/8171/itog.files/image001.wmz,http://cdo.keu.kz/content/8093/8171/itog.files/image002.gif,http://cdo.keu.kz/content/8093/8171/itog.files/image003.gif,http://cdo.keu.kz/content/8093/8171/itog.files/image004.wmz,http://cdo.keu.kz/content/8093/8171/itog.files/image005.gif,http://cdo.keu.kz/content/8093/8171/itog.files/image006.wmz,http://cdo.keu.kz/content/8093/8171/itog.files/image007.gif,http://cdo.keu.kz/content/8093/8171/itog.files/image008.wmz,http://cdo.keu.kz/content/8093/8171/itog.files/image009.gif,http://cdo.keu.kz/content/8093/8171/itog.files/image010.wmz,http://cdo.keu.kz/content/8093/8171/itog.files/image011.gif,http://cdo.keu.kz/content/8093/8171/itog.files/image012.wmz,http://cdo.keu.kz/content/8093/8171/itog.files/image013.gif,http://cdo.keu.kz/content/8093/8171/itog.files/image014.wmz,http://cdo.keu.kz/content/8093/8171/itog.files/image015.gif,http://cdo.keu.kz/content/8093/8171/itog.files/image016.wmz,http://cdo.keu.kz/content/8093/8171/itog.files/image017.gif,http://cdo.keu.kz/content/8093/8171/itog.files/image018.wmz,http://cdo.keu.kz/content/8093/8171/itog.files/image019.gif,http://cdo.keu.kz/content/8093/8171/itog.files/image020.wmz,http://cdo.keu.kz/content/8093/8171/itog.files/image021.gif,http://cdo.keu.kz/content/8093/8171/itog.files/image022.wmz,http://cdo.keu.kz/content/8093/8171/itog.files/image023.gif,http://cdo.keu.kz/content/8093/8171/itog.files/image024.wmz,http://cdo.keu.kz/content/8093/8171/itog.files/image025.gif,http://cdo.keu.kz/content/8093/8171/itog.files/image026.wmz,http://cdo.keu.kz/content/8093/8171/itog.files/image027.gif,http://cdo.keu.kz/content/8093/8171/itog.files/image028.wmz,http://cdo.keu.kz/content/8093/8171/itog.files/image029.gif,http://cdo.keu.kz/content/8093/8171/itog.files/image030.wmz,http://cdo.keu.kz/content/8093/8171/itog.files/image031.gif,http://cdo.keu.kz/content/8093/8171/itog.files/oledata.mso,http://cdo.keu.kz/content/8093/8171/itog.htm,,,,,,,,,,,,,,,,,,,,,,,,,,,,,,,,,,,,,,,,,,,,,,,,,,,,,,,,,,,,,,
http://cdo.keu.kz/content/8094/8172/1.htm,,,,,,,,,,,,,,,,,,,,,,,,,,,,,,,,,,,,,,,,,,,,,,,,,,,,,,,,,,,,,,,,,,,,,,,,,,,,,,,,,,,,,,,,,,,,,,,
http://cdo.keu.kz/content/8095/8173/2.htm,,,,,,,,,,,,,,,,,,,,,,,,,,,,,,,,,,,,,,,,,,,,,,,,,,,,,,,,,,,,,,,,,,,,,,,,,,,,,,,,,,,,,,,,,,,,,,,
http://cdo.keu.kz/content/8096/8174/it.htm,,,,,,,,,,,,,,,,,,,,,,,,,,,,,,,,,,,,,,,,,,,,,,,,,,,,,,,,,,,,,,,,,,,,,,,,,,,,,,,,,,,,,,,,,,,,,,,
http://cdo.keu.kz/content/8097/8175/24387/24387.htm,http://cdo.keu.kz/content/8097/8175/24388/24388.htm,http://cdo.keu.kz/content/8097/8175/24389/24389.htm,http://cdo.keu.kz/content/8097/8175/24390/24390.htm,http://cdo.keu.kz/content/8097/8175/24391/24391.htm,http://cdo.keu.kz/content/8097/8175/24392/24392.htm,http://cdo.keu.kz/content/8097/8175/24393/24393.htm,http://cdo.keu.kz/content/8097/8175/24394/24394.htm,http://cdo.keu.kz/content/8097/8175/24395/24395.htm,http://cdo.keu.kz/content/8097/8175/24396/24396.htm,http://cdo.keu.kz/content/8097/8175/8175.htm,,,,,,,,,,,,,,,,,,,,,,,,,,,,,,,,,,,,,,,,,,,,,,,,,,,,,,,,,,,,,,,,,,,,,,,,,,,,,,,,,,,,,
http://cdo.keu.kz/content/8098/8176/1rub.htm,,,,,,,,,,,,,,,,,,,,,,,,,,,,,,,,,,,,,,,,,,,,,,,,,,,,,,,,,,,,,,,,,,,,,,,,,,,,,,,,,,,,,,,,,,,,,,,
http://cdo.keu.kz/content/8099/8177/2rub22.10.10.htm,,,,,,,,,,,,,,,,,,,,,,,,,,,,,,,,,,,,,,,,,,,,,,,,,,,,,,,,,,,,,,,,,,,,,,,,,,,,,,,,,,,,,,,,,,,,,,,
http://cdo.keu.kz/content/8100/8178/2rub22.10.10.htm,,,,,,,,,,,,,,,,,,,,,,,,,,,,,,,,,,,,,,,,,,,,,,,,,,,,,,,,,,,,,,,,,,,,,,,,,,,,,,,,,,,,,,,,,,,,,,,
