0,1,2,3,4,5,6,7,8,9,10,11,12,13,14,15,16,17,18,19,20,21,22,23,24,25,26,27,28,29,30,31,32,33,34,35,36,37,38,39,40,41,42,43,44,45,46,47,48,49,50,51,52,53,54,55,56,57,58,59,60,61,62,63,64,65,66,67,68,69,70,71,72,73,74,75,76,77,78,79,80,81,82,83,84,85,86,87,88,89,90,91,92,93,94,95,96,97,98,99,100,101,102,103,104,105,106,107,108,109,110,111,112,113,114,115,116,117,118,119,120,121,122,123,124,125,126,127,128,129,130,131,132,133,134,135,136,137,138,139,140,141,142,143,144,145,146,147,148,149,150,151,152,153,154,155,156,157,158,159,160,161,162,163,164,165,166,167,168,169,170,171,172,173,174,175,176,177,178,179,180,181,182,183,184,185,186,187,188,189,190,191,192,193,194,195,196,197,198,199,200,201,202,203,204,205,206,207,208,209,210,211,212,213,214,215,216,217,218,219,220,221,222,223,224,225,226,227,228,229,230,231,232,233,234,235,236,237,238,239,240,241,242,243,244,245,246,247,248,249,250,251,252,253,254,255,256,257,258,259,260,261
http://cdo.keu.kz/content/7901/7979/itog.htm,,,,,,,,,,,,,,,,,,,,,,,,,,,,,,,,,,,,,,,,,,,,,,,,,,,,,,,,,,,,,,,,,,,,,,,,,,,,,,,,,,,,,,,,,,,,,,,,,,,,,,,,,,,,,,,,,,,,,,,,,,,,,,,,,,,,,,,,,,,,,,,,,,,,,,,,,,,,,,,,,,,,,,,,,,,,,,,,,,,,,,,,,,,,,,,,,,,,,,,,,,,,,,,,,,,,,,,,,,,,,,,,,,,,,,,,,,,,,,,,,,,,,,,,,,,,,,,,,,,,,
http://cdo.keu.kz/content/7902/7980/it.htm,,,,,,,,,,,,,,,,,,,,,,,,,,,,,,,,,,,,,,,,,,,,,,,,,,,,,,,,,,,,,,,,,,,,,,,,,,,,,,,,,,,,,,,,,,,,,,,,,,,,,,,,,,,,,,,,,,,,,,,,,,,,,,,,,,,,,,,,,,,,,,,,,,,,,,,,,,,,,,,,,,,,,,,,,,,,,,,,,,,,,,,,,,,,,,,,,,,,,,,,,,,,,,,,,,,,,,,,,,,,,,,,,,,,,,,,,,,,,,,,,,,,,,,,,,,,,,,,,,,,,
http://cdo.keu.kz/content/7903/7981/it.htm,,,,,,,,,,,,,,,,,,,,,,,,,,,,,,,,,,,,,,,,,,,,,,,,,,,,,,,,,,,,,,,,,,,,,,,,,,,,,,,,,,,,,,,,,,,,,,,,,,,,,,,,,,,,,,,,,,,,,,,,,,,,,,,,,,,,,,,,,,,,,,,,,,,,,,,,,,,,,,,,,,,,,,,,,,,,,,,,,,,,,,,,,,,,,,,,,,,,,,,,,,,,,,,,,,,,,,,,,,,,,,,,,,,,,,,,,,,,,,,,,,,,,,,,,,,,,,,,,,,,,
http://cdo.keu.kz/content/7904/7982/it.htm,,,,,,,,,,,,,,,,,,,,,,,,,,,,,,,,,,,,,,,,,,,,,,,,,,,,,,,,,,,,,,,,,,,,,,,,,,,,,,,,,,,,,,,,,,,,,,,,,,,,,,,,,,,,,,,,,,,,,,,,,,,,,,,,,,,,,,,,,,,,,,,,,,,,,,,,,,,,,,,,,,,,,,,,,,,,,,,,,,,,,,,,,,,,,,,,,,,,,,,,,,,,,,,,,,,,,,,,,,,,,,,,,,,,,,,,,,,,,,,,,,,,,,,,,,,,,,,,,,,,,
http://cdo.keu.kz/content/7905/7983/it.htm,,,,,,,,,,,,,,,,,,,,,,,,,,,,,,,,,,,,,,,,,,,,,,,,,,,,,,,,,,,,,,,,,,,,,,,,,,,,,,,,,,,,,,,,,,,,,,,,,,,,,,,,,,,,,,,,,,,,,,,,,,,,,,,,,,,,,,,,,,,,,,,,,,,,,,,,,,,,,,,,,,,,,,,,,,,,,,,,,,,,,,,,,,,,,,,,,,,,,,,,,,,,,,,,,,,,,,,,,,,,,,,,,,,,,,,,,,,,,,,,,,,,,,,,,,,,,,,,,,,,,
http://cdo.keu.kz/content/7906/7984/24198/24198.htm,http://cdo.keu.kz/content/7906/7984/24199/24199.htm,http://cdo.keu.kz/content/7906/7984/24200/24200.htm,http://cdo.keu.kz/content/7906/7984/24201/24201.htm,http://cdo.keu.kz/content/7906/7984/24202/24202.htm,http://cdo.keu.kz/content/7906/7984/24203/24203.htm,http://cdo.keu.kz/content/7906/7984/24204/24204.htm,http://cdo.keu.kz/content/7906/7984/24205/24205.htm,http://cdo.keu.kz/content/7906/7984/24206/24206.htm,http://cdo.keu.kz/content/7906/7984/24207/24207.htm,http://cdo.keu.kz/content/7906/7984/24208/24208.htm,http://cdo.keu.kz/content/7906/7984/24209/24209.htm,http://cdo.keu.kz/content/7906/7984/24210/24210.htm,http://cdo.keu.kz/content/7906/7984/24211/24211.htm,http://cdo.keu.kz/content/7906/7984/24212/24212.htm,http://cdo.keu.kz/content/7906/7984/7984.htm,http://cdo.keu.kz/content/7906/7984/lek.files/filelist.xml,http://cdo.keu.kz/content/7906/7984/lek.files/header.htm,http://cdo.keu.kz/content/7906/7984/lek.files/image001.wmz,http://cdo.keu.kz/content/7906/7984/lek.files/image002.gif,http://cdo.keu.kz/content/7906/7984/lek.files/image003.wmz,http://cdo.keu.kz/content/7906/7984/lek.files/image004.gif,http://cdo.keu.kz/content/7906/7984/lek.files/image005.wmz,http://cdo.keu.kz/content/7906/7984/lek.files/image006.gif,http://cdo.keu.kz/content/7906/7984/lek.files/image007.wmz,http://cdo.keu.kz/content/7906/7984/lek.files/image008.gif,http://cdo.keu.kz/content/7906/7984/lek.files/image009.wmz,http://cdo.keu.kz/content/7906/7984/lek.files/image010.gif,http://cdo.keu.kz/content/7906/7984/lek.files/image011.wmz,http://cdo.keu.kz/content/7906/7984/lek.files/image012.gif,http://cdo.keu.kz/content/7906/7984/lek.files/image013.wmz,http://cdo.keu.kz/content/7906/7984/lek.files/image014.gif,http://cdo.keu.kz/content/7906/7984/lek.files/image015.wmz,http://cdo.keu.kz/content/7906/7984/lek.files/image016.gif,http://cdo.keu.kz/content/7906/7984/lek.files/image017.wmz,http://cdo.keu.kz/content/7906/7984/lek.files/image018.gif,http://cdo.keu.kz/content/7906/7984/lek.files/image019.wmz,http://cdo.keu.kz/content/7906/7984/lek.files/image020.gif,http://cdo.keu.kz/content/7906/7984/lek.files/image021.wmz,http://cdo.keu.kz/content/7906/7984/lek.files/image022.gif,http://cdo.keu.kz/content/7906/7984/lek.files/image023.wmz,http://cdo.keu.kz/content/7906/7984/lek.files/image024.gif,http://cdo.keu.kz/content/7906/7984/lek.files/image025.wmz,http://cdo.keu.kz/content/7906/7984/lek.files/image026.gif,http://cdo.keu.kz/content/7906/7984/lek.files/image027.wmz,http://cdo.keu.kz/content/7906/7984/lek.files/image028.gif,http://cdo.keu.kz/content/7906/7984/lek.files/image029.wmz,http://cdo.keu.kz/content/7906/7984/lek.files/image030.gif,http://cdo.keu.kz/content/7906/7984/lek.files/image031.wmz,http://cdo.keu.kz/content/7906/7984/lek.files/image032.gif,http://cdo.keu.kz/content/7906/7984/lek.files/image033.gif,http://cdo.keu.kz/content/7906/7984/lek.files/image034.gif,http://cdo.keu.kz/content/7906/7984/lek.files/image035.gif,http://cdo.keu.kz/content/7906/7984/lek.files/image036.gif,http://cdo.keu.kz/content/7906/7984/lek.files/image037.gif,http://cdo.keu.kz/content/7906/7984/lek.files/image038.gif,http://cdo.keu.kz/content/7906/7984/lek.files/image039.gif,http://cdo.keu.kz/content/7906/7984/lek.files/image040.gif,http://cdo.keu.kz/content/7906/7984/lek.files/image041.gif,http://cdo.keu.kz/content/7906/7984/lek.files/image042.gif,http://cdo.keu.kz/content/7906/7984/lek.files/image043.gif,http://cdo.keu.kz/content/7906/7984/lek.files/image044.gif,http://cdo.keu.kz/content/7906/7984/lek.files/image045.jpg,http://cdo.keu.kz/content/7906/7984/lek.files/image046.jpg,http://cdo.keu.kz/content/7906/7984/lek.files/image047.gif,http://cdo.keu.kz/content/7906/7984/lek.files/image048.gif,http://cdo.keu.kz/content/7906/7984/lek.files/image049.gif,http://cdo.keu.kz/content/7906/7984/lek.files/image050.gif,http://cdo.keu.kz/content/7906/7984/lek.files/image051.gif,http://cdo.keu.kz/content/7906/7984/lek.files/image052.gif,http://cdo.keu.kz/content/7906/7984/lek.files/image053.gif,http://cdo.keu.kz/content/7906/7984/lek.files/image054.gif,http://cdo.keu.kz/content/7906/7984/lek.files/image055.gif,http://cdo.keu.kz/content/7906/7984/lek.files/image056.gif,http://cdo.keu.kz/content/7906/7984/lek.files/image057.gif,http://cdo.keu.kz/content/7906/7984/lek.files/image058.gif,http://cdo.keu.kz/content/7906/7984/lek.files/oledata.mso,,,,,,,,,,,,,,,,,,,,,,,,,,,,,,,,,,,,,,,,,,,,,,,,,,,,,,,,,,,,,,,,,,,,,,,,,,,,,,,,,,,,,,,,,,,,,,,,,,,,,,,,,,,,,,,,,,,,,,,,,,,,,,,,,,,,,,,,,,,,,,,,,,,,,,,,,,,,,,,,,,,,,,,,,,,,,,,,,,,,,,,,,
http://cdo.keu.kz/content/7907/7985/1rub.htm,,,,,,,,,,,,,,,,,,,,,,,,,,,,,,,,,,,,,,,,,,,,,,,,,,,,,,,,,,,,,,,,,,,,,,,,,,,,,,,,,,,,,,,,,,,,,,,,,,,,,,,,,,,,,,,,,,,,,,,,,,,,,,,,,,,,,,,,,,,,,,,,,,,,,,,,,,,,,,,,,,,,,,,,,,,,,,,,,,,,,,,,,,,,,,,,,,,,,,,,,,,,,,,,,,,,,,,,,,,,,,,,,,,,,,,,,,,,,,,,,,,,,,,,,,,,,,,,,,,,,
http://cdo.keu.kz/content/7908/7986/7986.htm,http://cdo.keu.kz/content/7908/7986/lekci18.10.10.files/image001.jpg,http://cdo.keu.kz/content/7908/7986/lekci18.10.10.files/image002.gif,http://cdo.keu.kz/content/7908/7986/lekci18.10.10.files/image003.gif,http://cdo.keu.kz/content/7908/7986/lekci18.10.10.files/image004.gif,http://cdo.keu.kz/content/7908/7986/lekci18.10.10.files/image005.gif,http://cdo.keu.kz/content/7908/7986/lekci18.10.10.files/image006.gif,http://cdo.keu.kz/content/7908/7986/lekci18.10.10.files/image007.gif,http://cdo.keu.kz/content/7908/7986/lekci18.10.10.files/image008.gif,http://cdo.keu.kz/content/7908/7986/lekci18.10.10.files/image009.gif,http://cdo.keu.kz/content/7908/7986/lekci18.10.10.htm,,,,,,,,,,,,,,,,,,,,,,,,,,,,,,,,,,,,,,,,,,,,,,,,,,,,,,,,,,,,,,,,,,,,,,,,,,,,,,,,,,,,,,,,,,,,,,,,,,,,,,,,,,,,,,,,,,,,,,,,,,,,,,,,,,,,,,,,,,,,,,,,,,,,,,,,,,,,,,,,,,,,,,,,,,,,,,,,,,,,,,,,,,,,,,,,,,,,,,,,,,,,,,,,,,,,,,,,,,,,,,,,,,,,,,,,,,,,,,,,,,,,,,,,,,,
http://cdo.keu.kz/content/7909/7987/7987.htm,http://cdo.keu.kz/content/7909/7987/lekci18.10.10.files/image001.jpg,http://cdo.keu.kz/content/7909/7987/lekci18.10.10.files/image002.gif,http://cdo.keu.kz/content/7909/7987/lekci18.10.10.files/image003.gif,http://cdo.keu.kz/content/7909/7987/lekci18.10.10.files/image004.gif,http://cdo.keu.kz/content/7909/7987/lekci18.10.10.files/image005.gif,http://cdo.keu.kz/content/7909/7987/lekci18.10.10.files/image006.gif,http://cdo.keu.kz/content/7909/7987/lekci18.10.10.files/image007.gif,http://cdo.keu.kz/content/7909/7987/lekci18.10.10.files/image008.gif,http://cdo.keu.kz/content/7909/7987/lekci18.10.10.files/image009.gif,http://cdo.keu.kz/content/7909/7987/lekci18.10.10.htm,,,,,,,,,,,,,,,,,,,,,,,,,,,,,,,,,,,,,,,,,,,,,,,,,,,,,,,,,,,,,,,,,,,,,,,,,,,,,,,,,,,,,,,,,,,,,,,,,,,,,,,,,,,,,,,,,,,,,,,,,,,,,,,,,,,,,,,,,,,,,,,,,,,,,,,,,,,,,,,,,,,,,,,,,,,,,,,,,,,,,,,,,,,,,,,,,,,,,,,,,,,,,,,,,,,,,,,,,,,,,,,,,,,,,,,,,,,,,,,,,,,,,,,,,,,
http://cdo.keu.kz/content/7910/7988/2rub.htm,,,,,,,,,,,,,,,,,,,,,,,,,,,,,,,,,,,,,,,,,,,,,,,,,,,,,,,,,,,,,,,,,,,,,,,,,,,,,,,,,,,,,,,,,,,,,,,,,,,,,,,,,,,,,,,,,,,,,,,,,,,,,,,,,,,,,,,,,,,,,,,,,,,,,,,,,,,,,,,,,,,,,,,,,,,,,,,,,,,,,,,,,,,,,,,,,,,,,,,,,,,,,,,,,,,,,,,,,,,,,,,,,,,,,,,,,,,,,,,,,,,,,,,,,,,,,,,,,,,,,
http://cdo.keu.kz/content/7911/7989/24213/24213.htm,http://cdo.keu.kz/content/7911/7989/24214/24214.htm,http://cdo.keu.kz/content/7911/7989/24215/24215.htm,http://cdo.keu.kz/content/7911/7989/24216/24216.htm,http://cdo.keu.kz/content/7911/7989/24217/24217.htm,http://cdo.keu.kz/content/7911/7989/24218/24218.htm,http://cdo.keu.kz/content/7911/7989/24219/24219.htm,http://cdo.keu.kz/content/7911/7989/24220/24220.htm,http://cdo.keu.kz/content/7911/7989/24221/24221.htm,http://cdo.keu.kz/content/7911/7989/24222/24222.htm,http://cdo.keu.kz/content/7911/7989/24223/24223.htm,http://cdo.keu.kz/content/7911/7989/24224/24224.htm,http://cdo.keu.kz/content/7911/7989/7989.htm,http://cdo.keu.kz/content/7911/7989/lekci18.10.10.files/image001.jpg,http://cdo.keu.kz/content/7911/7989/lekci18.10.10.files/image002.gif,http://cdo.keu.kz/content/7911/7989/lekci18.10.10.files/image003.gif,http://cdo.keu.kz/content/7911/7989/lekci18.10.10.files/image004.gif,http://cdo.keu.kz/content/7911/7989/lekci18.10.10.files/image005.gif,http://cdo.keu.kz/content/7911/7989/lekci18.10.10.files/image006.gif,http://cdo.keu.kz/content/7911/7989/lekci18.10.10.files/image007.gif,http://cdo.keu.kz/content/7911/7989/lekci18.10.10.files/image008.gif,http://cdo.keu.kz/content/7911/7989/lekci18.10.10.files/image009.gif,,,,,,,,,,,,,,,,,,,,,,,,,,,,,,,,,,,,,,,,,,,,,,,,,,,,,,,,,,,,,,,,,,,,,,,,,,,,,,,,,,,,,,,,,,,,,,,,,,,,,,,,,,,,,,,,,,,,,,,,,,,,,,,,,,,,,,,,,,,,,,,,,,,,,,,,,,,,,,,,,,,,,,,,,,,,,,,,,,,,,,,,,,,,,,,,,,,,,,,,,,,,,,,,,,,,,,,,,,,,,,,,,,,,,,,,,,,,,,,,
http://cdo.keu.kz/content/7912/7990/itog.htm,,,,,,,,,,,,,,,,,,,,,,,,,,,,,,,,,,,,,,,,,,,,,,,,,,,,,,,,,,,,,,,,,,,,,,,,,,,,,,,,,,,,,,,,,,,,,,,,,,,,,,,,,,,,,,,,,,,,,,,,,,,,,,,,,,,,,,,,,,,,,,,,,,,,,,,,,,,,,,,,,,,,,,,,,,,,,,,,,,,,,,,,,,,,,,,,,,,,,,,,,,,,,,,,,,,,,,,,,,,,,,,,,,,,,,,,,,,,,,,,,,,,,,,,,,,,,,,,,,,,,
http://cdo.keu.kz/content/7913/7991/24225/24225.htm,http://cdo.keu.kz/content/7913/7991/24226/24226.htm,http://cdo.keu.kz/content/7913/7991/24227/24227.htm,http://cdo.keu.kz/content/7913/7991/24228/24228.htm,http://cdo.keu.kz/content/7913/7991/24229/24229.htm,http://cdo.keu.kz/content/7913/7991/24230/24230.htm,http://cdo.keu.kz/content/7913/7991/24231/24231.htm,http://cdo.keu.kz/content/7913/7991/24232/24232.htm,http://cdo.keu.kz/content/7913/7991/24233/24233.htm,http://cdo.keu.kz/content/7913/7991/24234/24234.htm,http://cdo.keu.kz/content/7913/7991/24235/24235.htm,http://cdo.keu.kz/content/7913/7991/24236/24236.htm,http://cdo.keu.kz/content/7913/7991/7991.htm,http://cdo.keu.kz/content/7913/7991/lekci18.10.10.files/filelist.xml,http://cdo.keu.kz/content/7913/7991/lekci18.10.10.files/header.htm,http://cdo.keu.kz/content/7913/7991/lekci18.10.10.files/image001.png,http://cdo.keu.kz/content/7913/7991/lekci18.10.10.files/image002.jpg,http://cdo.keu.kz/content/7913/7991/lekci18.10.10.files/image003.gif,http://cdo.keu.kz/content/7913/7991/lekci18.10.10.files/image004.gif,http://cdo.keu.kz/content/7913/7991/lekci18.10.10.files/image005.gif,http://cdo.keu.kz/content/7913/7991/lekci18.10.10.files/image006.gif,http://cdo.keu.kz/content/7913/7991/lekci18.10.10.files/image007.gif,http://cdo.keu.kz/content/7913/7991/lekci18.10.10.files/image008.gif,http://cdo.keu.kz/content/7913/7991/lekci18.10.10.files/image009.gif,http://cdo.keu.kz/content/7913/7991/lekci18.10.10.files/image010.gif,http://cdo.keu.kz/content/7913/7991/lekci18.10.10.files/image011.gif,http://cdo.keu.kz/content/7913/7991/lekci18.10.10.files/image012.gif,,,,,,,,,,,,,,,,,,,,,,,,,,,,,,,,,,,,,,,,,,,,,,,,,,,,,,,,,,,,,,,,,,,,,,,,,,,,,,,,,,,,,,,,,,,,,,,,,,,,,,,,,,,,,,,,,,,,,,,,,,,,,,,,,,,,,,,,,,,,,,,,,,,,,,,,,,,,,,,,,,,,,,,,,,,,,,,,,,,,,,,,,,,,,,,,,,,,,,,,,,,,,,,,,,,,,,,,,,,,,,,,,,,,,,,,,,,
http://cdo.keu.kz/content/7914/7992/24237/24237.htm,http://cdo.keu.kz/content/7914/7992/24238/24238.htm,http://cdo.keu.kz/content/7914/7992/24239/24239.htm,http://cdo.keu.kz/content/7914/7992/24240/24240.htm,http://cdo.keu.kz/content/7914/7992/24241/24241.htm,http://cdo.keu.kz/content/7914/7992/24242/24242.htm,http://cdo.keu.kz/content/7914/7992/24243/24243.htm,http://cdo.keu.kz/content/7914/7992/24244/24244.htm,http://cdo.keu.kz/content/7914/7992/24245/24245.htm,http://cdo.keu.kz/content/7914/7992/24246/24246.htm,http://cdo.keu.kz/content/7914/7992/24247/24247.htm,http://cdo.keu.kz/content/7914/7992/24248/24248.htm,http://cdo.keu.kz/content/7914/7992/7992.htm,http://cdo.keu.kz/content/7914/7992/lekci18.10.10.files/image001.jpg,http://cdo.keu.kz/content/7914/7992/lekci18.10.10.files/image002.gif,http://cdo.keu.kz/content/7914/7992/lekci18.10.10.files/image003.gif,http://cdo.keu.kz/content/7914/7992/lekci18.10.10.files/image004.gif,http://cdo.keu.kz/content/7914/7992/lekci18.10.10.files/image005.gif,http://cdo.keu.kz/content/7914/7992/lekci18.10.10.files/image006.gif,http://cdo.keu.kz/content/7914/7992/lekci18.10.10.files/image007.gif,http://cdo.keu.kz/content/7914/7992/lekci18.10.10.files/image008.gif,http://cdo.keu.kz/content/7914/7992/lekci18.10.10.files/image009.gif,http://cdo.keu.kz/content/7914/7992/lekci18.10.10.files/image010.gif,http://cdo.keu.kz/content/7914/7992/lekci18.10.10.files/image011.gif,,,,,,,,,,,,,,,,,,,,,,,,,,,,,,,,,,,,,,,,,,,,,,,,,,,,,,,,,,,,,,,,,,,,,,,,,,,,,,,,,,,,,,,,,,,,,,,,,,,,,,,,,,,,,,,,,,,,,,,,,,,,,,,,,,,,,,,,,,,,,,,,,,,,,,,,,,,,,,,,,,,,,,,,,,,,,,,,,,,,,,,,,,,,,,,,,,,,,,,,,,,,,,,,,,,,,,,,,,,,,,,,,,,,,,,,,,,,,,
http://cdo.keu.kz/content/7915/7993/24249/24249.htm,http://cdo.keu.kz/content/7915/7993/24250/24250.htm,http://cdo.keu.kz/content/7915/7993/24251/24251.htm,http://cdo.keu.kz/content/7915/7993/24252/24252.htm,http://cdo.keu.kz/content/7915/7993/24253/24253.htm,http://cdo.keu.kz/content/7915/7993/24254/24254.htm,http://cdo.keu.kz/content/7915/7993/24255/24255.htm,http://cdo.keu.kz/content/7915/7993/24256/24256.htm,http://cdo.keu.kz/content/7915/7993/24257/24257.htm,http://cdo.keu.kz/content/7915/7993/24258/24258.htm,http://cdo.keu.kz/content/7915/7993/24259/24259.htm,http://cdo.keu.kz/content/7915/7993/24260/24260.htm,http://cdo.keu.kz/content/7915/7993/24261/24261.htm,http://cdo.keu.kz/content/7915/7993/7993.htm,http://cdo.keu.kz/content/7915/7993/lections.files/filelist.xml,http://cdo.keu.kz/content/7915/7993/lections.files/header.htm,http://cdo.keu.kz/content/7915/7993/lections.files/image001.png,http://cdo.keu.kz/content/7915/7993/lections.files/image002.gif,,,,,,,,,,,,,,,,,,,,,,,,,,,,,,,,,,,,,,,,,,,,,,,,,,,,,,,,,,,,,,,,,,,,,,,,,,,,,,,,,,,,,,,,,,,,,,,,,,,,,,,,,,,,,,,,,,,,,,,,,,,,,,,,,,,,,,,,,,,,,,,,,,,,,,,,,,,,,,,,,,,,,,,,,,,,,,,,,,,,,,,,,,,,,,,,,,,,,,,,,,,,,,,,,,,,,,,,,,,,,,,,,,,,,,,,,,,,,,,,,,,,
http://cdo.keu.kz/content/7916/7994/24262/24262.htm,http://cdo.keu.kz/content/7916/7994/24263/24263.htm,http://cdo.keu.kz/content/7916/7994/24264/24264.htm,http://cdo.keu.kz/content/7916/7994/24265/24265.htm,http://cdo.keu.kz/content/7916/7994/24266/24266.htm,http://cdo.keu.kz/content/7916/7994/24267/24267.htm,http://cdo.keu.kz/content/7916/7994/24268/24268.htm,http://cdo.keu.kz/content/7916/7994/24269/24269.htm,http://cdo.keu.kz/content/7916/7994/24270/24270.htm,http://cdo.keu.kz/content/7916/7994/24271/24271.htm,http://cdo.keu.kz/content/7916/7994/24272/24272.htm,http://cdo.keu.kz/content/7916/7994/24273/24273.htm,http://cdo.keu.kz/content/7916/7994/24274/24274.htm,http://cdo.keu.kz/content/7916/7994/7994.htm,http://cdo.keu.kz/content/7916/7994/lections.files/filelist.xml,http://cdo.keu.kz/content/7916/7994/lections.files/header.htm,http://cdo.keu.kz/content/7916/7994/lections.files/image001.png,http://cdo.keu.kz/content/7916/7994/lections.files/image002.gif,,,,,,,,,,,,,,,,,,,,,,,,,,,,,,,,,,,,,,,,,,,,,,,,,,,,,,,,,,,,,,,,,,,,,,,,,,,,,,,,,,,,,,,,,,,,,,,,,,,,,,,,,,,,,,,,,,,,,,,,,,,,,,,,,,,,,,,,,,,,,,,,,,,,,,,,,,,,,,,,,,,,,,,,,,,,,,,,,,,,,,,,,,,,,,,,,,,,,,,,,,,,,,,,,,,,,,,,,,,,,,,,,,,,,,,,,,,,,,,,,,,,
http://cdo.keu.kz/content/7917/7995/1rub.18.10.10.htm,,,,,,,,,,,,,,,,,,,,,,,,,,,,,,,,,,,,,,,,,,,,,,,,,,,,,,,,,,,,,,,,,,,,,,,,,,,,,,,,,,,,,,,,,,,,,,,,,,,,,,,,,,,,,,,,,,,,,,,,,,,,,,,,,,,,,,,,,,,,,,,,,,,,,,,,,,,,,,,,,,,,,,,,,,,,,,,,,,,,,,,,,,,,,,,,,,,,,,,,,,,,,,,,,,,,,,,,,,,,,,,,,,,,,,,,,,,,,,,,,,,,,,,,,,,,,,,,,,,,,
http://cdo.keu.kz/content/7918/7996/2rub18.10.10.htm,,,,,,,,,,,,,,,,,,,,,,,,,,,,,,,,,,,,,,,,,,,,,,,,,,,,,,,,,,,,,,,,,,,,,,,,,,,,,,,,,,,,,,,,,,,,,,,,,,,,,,,,,,,,,,,,,,,,,,,,,,,,,,,,,,,,,,,,,,,,,,,,,,,,,,,,,,,,,,,,,,,,,,,,,,,,,,,,,,,,,,,,,,,,,,,,,,,,,,,,,,,,,,,,,,,,,,,,,,,,,,,,,,,,,,,,,,,,,,,,,,,,,,,,,,,,,,,,,,,,,
http://cdo.keu.kz/content/7919/7997/itog18.10.10.htm,,,,,,,,,,,,,,,,,,,,,,,,,,,,,,,,,,,,,,,,,,,,,,,,,,,,,,,,,,,,,,,,,,,,,,,,,,,,,,,,,,,,,,,,,,,,,,,,,,,,,,,,,,,,,,,,,,,,,,,,,,,,,,,,,,,,,,,,,,,,,,,,,,,,,,,,,,,,,,,,,,,,,,,,,,,,,,,,,,,,,,,,,,,,,,,,,,,,,,,,,,,,,,,,,,,,,,,,,,,,,,,,,,,,,,,,,,,,,,,,,,,,,,,,,,,,,,,,,,,,,
http://cdo.keu.kz/content/7920/7998/1rub.htm,,,,,,,,,,,,,,,,,,,,,,,,,,,,,,,,,,,,,,,,,,,,,,,,,,,,,,,,,,,,,,,,,,,,,,,,,,,,,,,,,,,,,,,,,,,,,,,,,,,,,,,,,,,,,,,,,,,,,,,,,,,,,,,,,,,,,,,,,,,,,,,,,,,,,,,,,,,,,,,,,,,,,,,,,,,,,,,,,,,,,,,,,,,,,,,,,,,,,,,,,,,,,,,,,,,,,,,,,,,,,,,,,,,,,,,,,,,,,,,,,,,,,,,,,,,,,,,,,,,,,
http://cdo.keu.kz/content/7921/7999/1rub.htm,,,,,,,,,,,,,,,,,,,,,,,,,,,,,,,,,,,,,,,,,,,,,,,,,,,,,,,,,,,,,,,,,,,,,,,,,,,,,,,,,,,,,,,,,,,,,,,,,,,,,,,,,,,,,,,,,,,,,,,,,,,,,,,,,,,,,,,,,,,,,,,,,,,,,,,,,,,,,,,,,,,,,,,,,,,,,,,,,,,,,,,,,,,,,,,,,,,,,,,,,,,,,,,,,,,,,,,,,,,,,,,,,,,,,,,,,,,,,,,,,,,,,,,,,,,,,,,,,,,,,
http://cdo.keu.kz/content/7922/8000/2rub.htm,,,,,,,,,,,,,,,,,,,,,,,,,,,,,,,,,,,,,,,,,,,,,,,,,,,,,,,,,,,,,,,,,,,,,,,,,,,,,,,,,,,,,,,,,,,,,,,,,,,,,,,,,,,,,,,,,,,,,,,,,,,,,,,,,,,,,,,,,,,,,,,,,,,,,,,,,,,,,,,,,,,,,,,,,,,,,,,,,,,,,,,,,,,,,,,,,,,,,,,,,,,,,,,,,,,,,,,,,,,,,,,,,,,,,,,,,,,,,,,,,,,,,,,,,,,,,,,,,,,,,
http://cdo.keu.kz/content/7923/8001/itog.htm,,,,,,,,,,,,,,,,,,,,,,,,,,,,,,,,,,,,,,,,,,,,,,,,,,,,,,,,,,,,,,,,,,,,,,,,,,,,,,,,,,,,,,,,,,,,,,,,,,,,,,,,,,,,,,,,,,,,,,,,,,,,,,,,,,,,,,,,,,,,,,,,,,,,,,,,,,,,,,,,,,,,,,,,,,,,,,,,,,,,,,,,,,,,,,,,,,,,,,,,,,,,,,,,,,,,,,,,,,,,,,,,,,,,,,,,,,,,,,,,,,,,,,,,,,,,,,,,,,,,,
http://cdo.keu.kz/content/7924/8002/2rub.htm,,,,,,,,,,,,,,,,,,,,,,,,,,,,,,,,,,,,,,,,,,,,,,,,,,,,,,,,,,,,,,,,,,,,,,,,,,,,,,,,,,,,,,,,,,,,,,,,,,,,,,,,,,,,,,,,,,,,,,,,,,,,,,,,,,,,,,,,,,,,,,,,,,,,,,,,,,,,,,,,,,,,,,,,,,,,,,,,,,,,,,,,,,,,,,,,,,,,,,,,,,,,,,,,,,,,,,,,,,,,,,,,,,,,,,,,,,,,,,,,,,,,,,,,,,,,,,,,,,,,,
http://cdo.keu.kz/content/7925/8003/it.htm,,,,,,,,,,,,,,,,,,,,,,,,,,,,,,,,,,,,,,,,,,,,,,,,,,,,,,,,,,,,,,,,,,,,,,,,,,,,,,,,,,,,,,,,,,,,,,,,,,,,,,,,,,,,,,,,,,,,,,,,,,,,,,,,,,,,,,,,,,,,,,,,,,,,,,,,,,,,,,,,,,,,,,,,,,,,,,,,,,,,,,,,,,,,,,,,,,,,,,,,,,,,,,,,,,,,,,,,,,,,,,,,,,,,,,,,,,,,,,,,,,,,,,,,,,,,,,,,,,,,,
http://cdo.keu.kz/content/7926/8004/24275/24275.htm,http://cdo.keu.kz/content/7926/8004/24276/24276.htm,http://cdo.keu.kz/content/7926/8004/24277/24277.htm,http://cdo.keu.kz/content/7926/8004/24278/24278.htm,http://cdo.keu.kz/content/7926/8004/24279/24279.htm,http://cdo.keu.kz/content/7926/8004/24280/24280.htm,http://cdo.keu.kz/content/7926/8004/24281/24281.htm,http://cdo.keu.kz/content/7926/8004/24282/24282.htm,http://cdo.keu.kz/content/7926/8004/24283/24283.htm,http://cdo.keu.kz/content/7926/8004/24284/24284.htm,http://cdo.keu.kz/content/7926/8004/24285/24285.htm,http://cdo.keu.kz/content/7926/8004/8004.htm,,,,,,,,,,,,,,,,,,,,,,,,,,,,,,,,,,,,,,,,,,,,,,,,,,,,,,,,,,,,,,,,,,,,,,,,,,,,,,,,,,,,,,,,,,,,,,,,,,,,,,,,,,,,,,,,,,,,,,,,,,,,,,,,,,,,,,,,,,,,,,,,,,,,,,,,,,,,,,,,,,,,,,,,,,,,,,,,,,,,,,,,,,,,,,,,,,,,,,,,,,,,,,,,,,,,,,,,,,,,,,,,,,,,,,,,,,,,,,,,,,,,,,,,,,
http://cdo.keu.kz/content/7927/8005/1rub.18.10.10.htm,,,,,,,,,,,,,,,,,,,,,,,,,,,,,,,,,,,,,,,,,,,,,,,,,,,,,,,,,,,,,,,,,,,,,,,,,,,,,,,,,,,,,,,,,,,,,,,,,,,,,,,,,,,,,,,,,,,,,,,,,,,,,,,,,,,,,,,,,,,,,,,,,,,,,,,,,,,,,,,,,,,,,,,,,,,,,,,,,,,,,,,,,,,,,,,,,,,,,,,,,,,,,,,,,,,,,,,,,,,,,,,,,,,,,,,,,,,,,,,,,,,,,,,,,,,,,,,,,,,,,
http://cdo.keu.kz/content/7928/8006/2rub18.10.10.htm,,,,,,,,,,,,,,,,,,,,,,,,,,,,,,,,,,,,,,,,,,,,,,,,,,,,,,,,,,,,,,,,,,,,,,,,,,,,,,,,,,,,,,,,,,,,,,,,,,,,,,,,,,,,,,,,,,,,,,,,,,,,,,,,,,,,,,,,,,,,,,,,,,,,,,,,,,,,,,,,,,,,,,,,,,,,,,,,,,,,,,,,,,,,,,,,,,,,,,,,,,,,,,,,,,,,,,,,,,,,,,,,,,,,,,,,,,,,,,,,,,,,,,,,,,,,,,,,,,,,,
http://cdo.keu.kz/content/7929/8007/itog18.10.10.htm,,,,,,,,,,,,,,,,,,,,,,,,,,,,,,,,,,,,,,,,,,,,,,,,,,,,,,,,,,,,,,,,,,,,,,,,,,,,,,,,,,,,,,,,,,,,,,,,,,,,,,,,,,,,,,,,,,,,,,,,,,,,,,,,,,,,,,,,,,,,,,,,,,,,,,,,,,,,,,,,,,,,,,,,,,,,,,,,,,,,,,,,,,,,,,,,,,,,,,,,,,,,,,,,,,,,,,,,,,,,,,,,,,,,,,,,,,,,,,,,,,,,,,,,,,,,,,,,,,,,,
http://cdo.keu.kz/content/7930/8008/1Rubezh.htm,,,,,,,,,,,,,,,,,,,,,,,,,,,,,,,,,,,,,,,,,,,,,,,,,,,,,,,,,,,,,,,,,,,,,,,,,,,,,,,,,,,,,,,,,,,,,,,,,,,,,,,,,,,,,,,,,,,,,,,,,,,,,,,,,,,,,,,,,,,,,,,,,,,,,,,,,,,,,,,,,,,,,,,,,,,,,,,,,,,,,,,,,,,,,,,,,,,,,,,,,,,,,,,,,,,,,,,,,,,,,,,,,,,,,,,,,,,,,,,,,,,,,,,,,,,,,,,,,,,,,
http://cdo.keu.kz/content/7931/8009/1Rubezh.htm,,,,,,,,,,,,,,,,,,,,,,,,,,,,,,,,,,,,,,,,,,,,,,,,,,,,,,,,,,,,,,,,,,,,,,,,,,,,,,,,,,,,,,,,,,,,,,,,,,,,,,,,,,,,,,,,,,,,,,,,,,,,,,,,,,,,,,,,,,,,,,,,,,,,,,,,,,,,,,,,,,,,,,,,,,,,,,,,,,,,,,,,,,,,,,,,,,,,,,,,,,,,,,,,,,,,,,,,,,,,,,,,,,,,,,,,,,,,,,,,,,,,,,,,,,,,,,,,,,,,,
http://cdo.keu.kz/content/7932/8010/2Rubezh.htm,,,,,,,,,,,,,,,,,,,,,,,,,,,,,,,,,,,,,,,,,,,,,,,,,,,,,,,,,,,,,,,,,,,,,,,,,,,,,,,,,,,,,,,,,,,,,,,,,,,,,,,,,,,,,,,,,,,,,,,,,,,,,,,,,,,,,,,,,,,,,,,,,,,,,,,,,,,,,,,,,,,,,,,,,,,,,,,,,,,,,,,,,,,,,,,,,,,,,,,,,,,,,,,,,,,,,,,,,,,,,,,,,,,,,,,,,,,,,,,,,,,,,,,,,,,,,,,,,,,,,
http://cdo.keu.kz/content/7933/8011/it.htm,,,,,,,,,,,,,,,,,,,,,,,,,,,,,,,,,,,,,,,,,,,,,,,,,,,,,,,,,,,,,,,,,,,,,,,,,,,,,,,,,,,,,,,,,,,,,,,,,,,,,,,,,,,,,,,,,,,,,,,,,,,,,,,,,,,,,,,,,,,,,,,,,,,,,,,,,,,,,,,,,,,,,,,,,,,,,,,,,,,,,,,,,,,,,,,,,,,,,,,,,,,,,,,,,,,,,,,,,,,,,,,,,,,,,,,,,,,,,,,,,,,,,,,,,,,,,,,,,,,,,
http://cdo.keu.kz/content/7934/8012/testy.htm,,,,,,,,,,,,,,,,,,,,,,,,,,,,,,,,,,,,,,,,,,,,,,,,,,,,,,,,,,,,,,,,,,,,,,,,,,,,,,,,,,,,,,,,,,,,,,,,,,,,,,,,,,,,,,,,,,,,,,,,,,,,,,,,,,,,,,,,,,,,,,,,,,,,,,,,,,,,,,,,,,,,,,,,,,,,,,,,,,,,,,,,,,,,,,,,,,,,,,,,,,,,,,,,,,,,,,,,,,,,,,,,,,,,,,,,,,,,,,,,,,,,,,,,,,,,,,,,,,,,,
http://cdo.keu.kz/content/7935/8013/24286/24286.htm,http://cdo.keu.kz/content/7935/8013/24287/24287.htm,http://cdo.keu.kz/content/7935/8013/24288/24288.htm,http://cdo.keu.kz/content/7935/8013/24289/24289.htm,http://cdo.keu.kz/content/7935/8013/24290/24290.htm,http://cdo.keu.kz/content/7935/8013/24291/24291.htm,http://cdo.keu.kz/content/7935/8013/24292/24292.htm,http://cdo.keu.kz/content/7935/8013/24293/24293.htm,http://cdo.keu.kz/content/7935/8013/24294/24294.htm,http://cdo.keu.kz/content/7935/8013/24295/24295.htm,http://cdo.keu.kz/content/7935/8013/24296/24296.htm,http://cdo.keu.kz/content/7935/8013/24297/24297.htm,http://cdo.keu.kz/content/7935/8013/8013.htm,http://cdo.keu.kz/content/7935/8013/lek.19.10.10.files/image001.jpg,http://cdo.keu.kz/content/7935/8013/lek.19.10.10.files/image002.gif,http://cdo.keu.kz/content/7935/8013/lek.19.10.10.files/image003.gif,http://cdo.keu.kz/content/7935/8013/lek.19.10.10.files/image004.gif,http://cdo.keu.kz/content/7935/8013/lek.19.10.10.files/image005.gif,http://cdo.keu.kz/content/7935/8013/lek.19.10.10.files/image006.gif,http://cdo.keu.kz/content/7935/8013/lek.19.10.10.files/image007.gif,http://cdo.keu.kz/content/7935/8013/lek.19.10.10.files/image008.gif,http://cdo.keu.kz/content/7935/8013/lek.19.10.10.files/image009.gif,http://cdo.keu.kz/content/7935/8013/lek.19.10.10.files/image010.gif,http://cdo.keu.kz/content/7935/8013/lek.19.10.10.files/image011.gif,,,,,,,,,,,,,,,,,,,,,,,,,,,,,,,,,,,,,,,,,,,,,,,,,,,,,,,,,,,,,,,,,,,,,,,,,,,,,,,,,,,,,,,,,,,,,,,,,,,,,,,,,,,,,,,,,,,,,,,,,,,,,,,,,,,,,,,,,,,,,,,,,,,,,,,,,,,,,,,,,,,,,,,,,,,,,,,,,,,,,,,,,,,,,,,,,,,,,,,,,,,,,,,,,,,,,,,,,,,,,,,,,,,,,,,,,,,,,,
http://cdo.keu.kz/content/7936/8014/1rub.htm,,,,,,,,,,,,,,,,,,,,,,,,,,,,,,,,,,,,,,,,,,,,,,,,,,,,,,,,,,,,,,,,,,,,,,,,,,,,,,,,,,,,,,,,,,,,,,,,,,,,,,,,,,,,,,,,,,,,,,,,,,,,,,,,,,,,,,,,,,,,,,,,,,,,,,,,,,,,,,,,,,,,,,,,,,,,,,,,,,,,,,,,,,,,,,,,,,,,,,,,,,,,,,,,,,,,,,,,,,,,,,,,,,,,,,,,,,,,,,,,,,,,,,,,,,,,,,,,,,,,,
http://cdo.keu.kz/content/7937/8015/1.htm,,,,,,,,,,,,,,,,,,,,,,,,,,,,,,,,,,,,,,,,,,,,,,,,,,,,,,,,,,,,,,,,,,,,,,,,,,,,,,,,,,,,,,,,,,,,,,,,,,,,,,,,,,,,,,,,,,,,,,,,,,,,,,,,,,,,,,,,,,,,,,,,,,,,,,,,,,,,,,,,,,,,,,,,,,,,,,,,,,,,,,,,,,,,,,,,,,,,,,,,,,,,,,,,,,,,,,,,,,,,,,,,,,,,,,,,,,,,,,,,,,,,,,,,,,,,,,,,,,,,,
http://cdo.keu.kz/content/7938/8016/2.htm,,,,,,,,,,,,,,,,,,,,,,,,,,,,,,,,,,,,,,,,,,,,,,,,,,,,,,,,,,,,,,,,,,,,,,,,,,,,,,,,,,,,,,,,,,,,,,,,,,,,,,,,,,,,,,,,,,,,,,,,,,,,,,,,,,,,,,,,,,,,,,,,,,,,,,,,,,,,,,,,,,,,,,,,,,,,,,,,,,,,,,,,,,,,,,,,,,,,,,,,,,,,,,,,,,,,,,,,,,,,,,,,,,,,,,,,,,,,,,,,,,,,,,,,,,,,,,,,,,,,,
http://cdo.keu.kz/content/7939/8017/2rub.htm,,,,,,,,,,,,,,,,,,,,,,,,,,,,,,,,,,,,,,,,,,,,,,,,,,,,,,,,,,,,,,,,,,,,,,,,,,,,,,,,,,,,,,,,,,,,,,,,,,,,,,,,,,,,,,,,,,,,,,,,,,,,,,,,,,,,,,,,,,,,,,,,,,,,,,,,,,,,,,,,,,,,,,,,,,,,,,,,,,,,,,,,,,,,,,,,,,,,,,,,,,,,,,,,,,,,,,,,,,,,,,,,,,,,,,,,,,,,,,,,,,,,,,,,,,,,,,,,,,,,,
http://cdo.keu.kz/content/7940/8018/2.htm,,,,,,,,,,,,,,,,,,,,,,,,,,,,,,,,,,,,,,,,,,,,,,,,,,,,,,,,,,,,,,,,,,,,,,,,,,,,,,,,,,,,,,,,,,,,,,,,,,,,,,,,,,,,,,,,,,,,,,,,,,,,,,,,,,,,,,,,,,,,,,,,,,,,,,,,,,,,,,,,,,,,,,,,,,,,,,,,,,,,,,,,,,,,,,,,,,,,,,,,,,,,,,,,,,,,,,,,,,,,,,,,,,,,,,,,,,,,,,,,,,,,,,,,,,,,,,,,,,,,,
http://cdo.keu.kz/content/7941/8019/it.htm,,,,,,,,,,,,,,,,,,,,,,,,,,,,,,,,,,,,,,,,,,,,,,,,,,,,,,,,,,,,,,,,,,,,,,,,,,,,,,,,,,,,,,,,,,,,,,,,,,,,,,,,,,,,,,,,,,,,,,,,,,,,,,,,,,,,,,,,,,,,,,,,,,,,,,,,,,,,,,,,,,,,,,,,,,,,,,,,,,,,,,,,,,,,,,,,,,,,,,,,,,,,,,,,,,,,,,,,,,,,,,,,,,,,,,,,,,,,,,,,,,,,,,,,,,,,,,,,,,,,,
http://cdo.keu.kz/content/7942/8020/itog.htm,,,,,,,,,,,,,,,,,,,,,,,,,,,,,,,,,,,,,,,,,,,,,,,,,,,,,,,,,,,,,,,,,,,,,,,,,,,,,,,,,,,,,,,,,,,,,,,,,,,,,,,,,,,,,,,,,,,,,,,,,,,,,,,,,,,,,,,,,,,,,,,,,,,,,,,,,,,,,,,,,,,,,,,,,,,,,,,,,,,,,,,,,,,,,,,,,,,,,,,,,,,,,,,,,,,,,,,,,,,,,,,,,,,,,,,,,,,,,,,,,,,,,,,,,,,,,,,,,,,,,
http://cdo.keu.kz/content/7943/8021/1rub.19.10.10.htm,,,,,,,,,,,,,,,,,,,,,,,,,,,,,,,,,,,,,,,,,,,,,,,,,,,,,,,,,,,,,,,,,,,,,,,,,,,,,,,,,,,,,,,,,,,,,,,,,,,,,,,,,,,,,,,,,,,,,,,,,,,,,,,,,,,,,,,,,,,,,,,,,,,,,,,,,,,,,,,,,,,,,,,,,,,,,,,,,,,,,,,,,,,,,,,,,,,,,,,,,,,,,,,,,,,,,,,,,,,,,,,,,,,,,,,,,,,,,,,,,,,,,,,,,,,,,,,,,,,,,
http://cdo.keu.kz/content/7944/8022/2rub19.10.10.htm,,,,,,,,,,,,,,,,,,,,,,,,,,,,,,,,,,,,,,,,,,,,,,,,,,,,,,,,,,,,,,,,,,,,,,,,,,,,,,,,,,,,,,,,,,,,,,,,,,,,,,,,,,,,,,,,,,,,,,,,,,,,,,,,,,,,,,,,,,,,,,,,,,,,,,,,,,,,,,,,,,,,,,,,,,,,,,,,,,,,,,,,,,,,,,,,,,,,,,,,,,,,,,,,,,,,,,,,,,,,,,,,,,,,,,,,,,,,,,,,,,,,,,,,,,,,,,,,,,,,,
http://cdo.keu.kz/content/7945/8023/itog.19.10.10.htm,,,,,,,,,,,,,,,,,,,,,,,,,,,,,,,,,,,,,,,,,,,,,,,,,,,,,,,,,,,,,,,,,,,,,,,,,,,,,,,,,,,,,,,,,,,,,,,,,,,,,,,,,,,,,,,,,,,,,,,,,,,,,,,,,,,,,,,,,,,,,,,,,,,,,,,,,,,,,,,,,,,,,,,,,,,,,,,,,,,,,,,,,,,,,,,,,,,,,,,,,,,,,,,,,,,,,,,,,,,,,,,,,,,,,,,,,,,,,,,,,,,,,,,,,,,,,,,,,,,,,
http://cdo.keu.kz/content/7946/8024/1rub.htm,,,,,,,,,,,,,,,,,,,,,,,,,,,,,,,,,,,,,,,,,,,,,,,,,,,,,,,,,,,,,,,,,,,,,,,,,,,,,,,,,,,,,,,,,,,,,,,,,,,,,,,,,,,,,,,,,,,,,,,,,,,,,,,,,,,,,,,,,,,,,,,,,,,,,,,,,,,,,,,,,,,,,,,,,,,,,,,,,,,,,,,,,,,,,,,,,,,,,,,,,,,,,,,,,,,,,,,,,,,,,,,,,,,,,,,,,,,,,,,,,,,,,,,,,,,,,,,,,,,,,
http://cdo.keu.kz/content/7947/8025/2rub.htm,,,,,,,,,,,,,,,,,,,,,,,,,,,,,,,,,,,,,,,,,,,,,,,,,,,,,,,,,,,,,,,,,,,,,,,,,,,,,,,,,,,,,,,,,,,,,,,,,,,,,,,,,,,,,,,,,,,,,,,,,,,,,,,,,,,,,,,,,,,,,,,,,,,,,,,,,,,,,,,,,,,,,,,,,,,,,,,,,,,,,,,,,,,,,,,,,,,,,,,,,,,,,,,,,,,,,,,,,,,,,,,,,,,,,,,,,,,,,,,,,,,,,,,,,,,,,,,,,,,,,
http://cdo.keu.kz/content/7948/8026/24298/24298.htm,http://cdo.keu.kz/content/7948/8026/24299/24299.htm,http://cdo.keu.kz/content/7948/8026/24300/24300.htm,http://cdo.keu.kz/content/7948/8026/24301/24301.htm,http://cdo.keu.kz/content/7948/8026/24302/24302.htm,http://cdo.keu.kz/content/7948/8026/24303/24303.htm,http://cdo.keu.kz/content/7948/8026/24304/24304.htm,http://cdo.keu.kz/content/7948/8026/24305/24305.htm,http://cdo.keu.kz/content/7948/8026/24306/24306.htm,http://cdo.keu.kz/content/7948/8026/24307/24307.htm,http://cdo.keu.kz/content/7948/8026/24308/24308.htm,http://cdo.keu.kz/content/7948/8026/24309/24309.htm,http://cdo.keu.kz/content/7948/8026/8026.htm,http://cdo.keu.kz/content/7948/8026/lek.19.10.10.files/image001.gif,http://cdo.keu.kz/content/7948/8026/lek.19.10.10.files/image002.gif,http://cdo.keu.kz/content/7948/8026/lek.19.10.10.files/image003.gif,http://cdo.keu.kz/content/7948/8026/lek.19.10.10.files/image004.gif,http://cdo.keu.kz/content/7948/8026/lek.19.10.10.files/image005.gif,http://cdo.keu.kz/content/7948/8026/lek.19.10.10.files/image006.gif,http://cdo.keu.kz/content/7948/8026/lek.19.10.10.files/image007.gif,http://cdo.keu.kz/content/7948/8026/lek.19.10.10.files/image008.gif,http://cdo.keu.kz/content/7948/8026/lek.19.10.10.files/image009.gif,http://cdo.keu.kz/content/7948/8026/lek.19.10.10.files/image010.gif,http://cdo.keu.kz/content/7948/8026/lek.19.10.10.files/image011.gif,http://cdo.keu.kz/content/7948/8026/lek.19.10.10.files/image012.gif,http://cdo.keu.kz/content/7948/8026/lek.19.10.10.files/image013.gif,http://cdo.keu.kz/content/7948/8026/lek.19.10.10.files/image014.gif,http://cdo.keu.kz/content/7948/8026/lek.19.10.10.files/image015.gif,http://cdo.keu.kz/content/7948/8026/lek.19.10.10.files/image016.gif,http://cdo.keu.kz/content/7948/8026/lek.19.10.10.files/image017.gif,http://cdo.keu.kz/content/7948/8026/lek.19.10.10.files/image018.gif,http://cdo.keu.kz/content/7948/8026/lek.19.10.10.files/image019.gif,http://cdo.keu.kz/content/7948/8026/lek.19.10.10.files/image020.gif,http://cdo.keu.kz/content/7948/8026/lek.19.10.10.files/image021.gif,http://cdo.keu.kz/content/7948/8026/lek.19.10.10.files/image022.gif,http://cdo.keu.kz/content/7948/8026/lek.19.10.10.files/image023.gif,http://cdo.keu.kz/content/7948/8026/lek.19.10.10.files/image024.gif,http://cdo.keu.kz/content/7948/8026/lek.19.10.10.files/image025.gif,http://cdo.keu.kz/content/7948/8026/lek.19.10.10.files/image026.gif,http://cdo.keu.kz/content/7948/8026/lek.19.10.10.files/image027.gif,http://cdo.keu.kz/content/7948/8026/lek.19.10.10.files/image028.gif,http://cdo.keu.kz/content/7948/8026/lek.19.10.10.files/image029.gif,http://cdo.keu.kz/content/7948/8026/lek.19.10.10.files/image030.gif,http://cdo.keu.kz/content/7948/8026/lek.19.10.10.files/image031.gif,http://cdo.keu.kz/content/7948/8026/lek.19.10.10.files/image032.gif,http://cdo.keu.kz/content/7948/8026/lek.19.10.10.files/image033.gif,http://cdo.keu.kz/content/7948/8026/lek.19.10.10.files/image034.gif,http://cdo.keu.kz/content/7948/8026/lek.19.10.10.files/image035.gif,http://cdo.keu.kz/content/7948/8026/lek.19.10.10.files/image036.gif,http://cdo.keu.kz/content/7948/8026/lek.19.10.10.files/image037.gif,http://cdo.keu.kz/content/7948/8026/lek.19.10.10.files/image038.gif,http://cdo.keu.kz/content/7948/8026/lek.19.10.10.files/image039.gif,http://cdo.keu.kz/content/7948/8026/lek.19.10.10.files/image040.gif,http://cdo.keu.kz/content/7948/8026/lek.19.10.10.files/image041.gif,http://cdo.keu.kz/content/7948/8026/lek.19.10.10.files/image042.gif,http://cdo.keu.kz/content/7948/8026/lek.19.10.10.files/image043.gif,http://cdo.keu.kz/content/7948/8026/lek.19.10.10.files/image044.gif,,,,,,,,,,,,,,,,,,,,,,,,,,,,,,,,,,,,,,,,,,,,,,,,,,,,,,,,,,,,,,,,,,,,,,,,,,,,,,,,,,,,,,,,,,,,,,,,,,,,,,,,,,,,,,,,,,,,,,,,,,,,,,,,,,,,,,,,,,,,,,,,,,,,,,,,,,,,,,,,,,,,,,,,,,,,,,,,,,,,,,,,,,,,,,,,,,,,,,,,,,,,,
http://cdo.keu.kz/content/7949/8027/it.htm,,,,,,,,,,,,,,,,,,,,,,,,,,,,,,,,,,,,,,,,,,,,,,,,,,,,,,,,,,,,,,,,,,,,,,,,,,,,,,,,,,,,,,,,,,,,,,,,,,,,,,,,,,,,,,,,,,,,,,,,,,,,,,,,,,,,,,,,,,,,,,,,,,,,,,,,,,,,,,,,,,,,,,,,,,,,,,,,,,,,,,,,,,,,,,,,,,,,,,,,,,,,,,,,,,,,,,,,,,,,,,,,,,,,,,,,,,,,,,,,,,,,,,,,,,,,,,,,,,,,,
http://cdo.keu.kz/content/7950/8028/1rub.19.10.10.htm,,,,,,,,,,,,,,,,,,,,,,,,,,,,,,,,,,,,,,,,,,,,,,,,,,,,,,,,,,,,,,,,,,,,,,,,,,,,,,,,,,,,,,,,,,,,,,,,,,,,,,,,,,,,,,,,,,,,,,,,,,,,,,,,,,,,,,,,,,,,,,,,,,,,,,,,,,,,,,,,,,,,,,,,,,,,,,,,,,,,,,,,,,,,,,,,,,,,,,,,,,,,,,,,,,,,,,,,,,,,,,,,,,,,,,,,,,,,,,,,,,,,,,,,,,,,,,,,,,,,,
http://cdo.keu.kz/content/7951/8029/2rub19.10.10.htm,,,,,,,,,,,,,,,,,,,,,,,,,,,,,,,,,,,,,,,,,,,,,,,,,,,,,,,,,,,,,,,,,,,,,,,,,,,,,,,,,,,,,,,,,,,,,,,,,,,,,,,,,,,,,,,,,,,,,,,,,,,,,,,,,,,,,,,,,,,,,,,,,,,,,,,,,,,,,,,,,,,,,,,,,,,,,,,,,,,,,,,,,,,,,,,,,,,,,,,,,,,,,,,,,,,,,,,,,,,,,,,,,,,,,,,,,,,,,,,,,,,,,,,,,,,,,,,,,,,,,
http://cdo.keu.kz/content/7952/8030/itog.19.10.10.htm,,,,,,,,,,,,,,,,,,,,,,,,,,,,,,,,,,,,,,,,,,,,,,,,,,,,,,,,,,,,,,,,,,,,,,,,,,,,,,,,,,,,,,,,,,,,,,,,,,,,,,,,,,,,,,,,,,,,,,,,,,,,,,,,,,,,,,,,,,,,,,,,,,,,,,,,,,,,,,,,,,,,,,,,,,,,,,,,,,,,,,,,,,,,,,,,,,,,,,,,,,,,,,,,,,,,,,,,,,,,,,,,,,,,,,,,,,,,,,,,,,,,,,,,,,,,,,,,,,,,,
http://cdo.keu.kz/content/7953/8031/2Rub.htm,,,,,,,,,,,,,,,,,,,,,,,,,,,,,,,,,,,,,,,,,,,,,,,,,,,,,,,,,,,,,,,,,,,,,,,,,,,,,,,,,,,,,,,,,,,,,,,,,,,,,,,,,,,,,,,,,,,,,,,,,,,,,,,,,,,,,,,,,,,,,,,,,,,,,,,,,,,,,,,,,,,,,,,,,,,,,,,,,,,,,,,,,,,,,,,,,,,,,,,,,,,,,,,,,,,,,,,,,,,,,,,,,,,,,,,,,,,,,,,,,,,,,,,,,,,,,,,,,,,,,
http://cdo.keu.kz/content/7954/8032/2Rub.htm,,,,,,,,,,,,,,,,,,,,,,,,,,,,,,,,,,,,,,,,,,,,,,,,,,,,,,,,,,,,,,,,,,,,,,,,,,,,,,,,,,,,,,,,,,,,,,,,,,,,,,,,,,,,,,,,,,,,,,,,,,,,,,,,,,,,,,,,,,,,,,,,,,,,,,,,,,,,,,,,,,,,,,,,,,,,,,,,,,,,,,,,,,,,,,,,,,,,,,,,,,,,,,,,,,,,,,,,,,,,,,,,,,,,,,,,,,,,,,,,,,,,,,,,,,,,,,,,,,,,,
http://cdo.keu.kz/content/7955/8033/2Rubez19.10.10.files/image001.gif,http://cdo.keu.kz/content/7955/8033/2Rubez19.10.10.files/image002.gif,http://cdo.keu.kz/content/7955/8033/2Rubez19.10.10.files/image003.gif,http://cdo.keu.kz/content/7955/8033/2Rubez19.10.10.files/image004.gif,http://cdo.keu.kz/content/7955/8033/2Rubez19.10.10.files/image005.gif,http://cdo.keu.kz/content/7955/8033/2Rubez19.10.10.files/image006.gif,http://cdo.keu.kz/content/7955/8033/2Rubez19.10.10.files/image007.gif,http://cdo.keu.kz/content/7955/8033/2Rubez19.10.10.files/image008.gif,http://cdo.keu.kz/content/7955/8033/2Rubez19.10.10.files/image009.gif,http://cdo.keu.kz/content/7955/8033/2Rubez19.10.10.files/image010.gif,http://cdo.keu.kz/content/7955/8033/2Rubez19.10.10.files/image011.gif,http://cdo.keu.kz/content/7955/8033/2Rubez19.10.10.files/image012.gif,http://cdo.keu.kz/content/7955/8033/2Rubez19.10.10.files/image013.gif,http://cdo.keu.kz/content/7955/8033/2Rubez19.10.10.files/image014.gif,http://cdo.keu.kz/content/7955/8033/2Rubez19.10.10.files/image015.gif,http://cdo.keu.kz/content/7955/8033/2Rubez19.10.10.files/image016.gif,http://cdo.keu.kz/content/7955/8033/2Rubez19.10.10.files/image017.gif,http://cdo.keu.kz/content/7955/8033/2Rubez19.10.10.files/image018.gif,http://cdo.keu.kz/content/7955/8033/2Rubez19.10.10.files/image019.gif,http://cdo.keu.kz/content/7955/8033/2Rubez19.10.10.files/image020.gif,http://cdo.keu.kz/content/7955/8033/2Rubez19.10.10.files/image021.gif,http://cdo.keu.kz/content/7955/8033/2Rubez19.10.10.files/image022.gif,http://cdo.keu.kz/content/7955/8033/2Rubez19.10.10.files/image023.gif,http://cdo.keu.kz/content/7955/8033/2Rubez19.10.10.files/image024.gif,http://cdo.keu.kz/content/7955/8033/2Rubez19.10.10.files/image025.gif,http://cdo.keu.kz/content/7955/8033/2Rubez19.10.10.files/image026.gif,http://cdo.keu.kz/content/7955/8033/2Rubez19.10.10.files/image027.gif,http://cdo.keu.kz/content/7955/8033/2Rubez19.10.10.files/image028.gif,http://cdo.keu.kz/content/7955/8033/2Rubez19.10.10.files/image029.gif,http://cdo.keu.kz/content/7955/8033/2Rubez19.10.10.files/image030.gif,http://cdo.keu.kz/content/7955/8033/2Rubez19.10.10.files/image031.gif,http://cdo.keu.kz/content/7955/8033/2Rubez19.10.10.files/image032.gif,http://cdo.keu.kz/content/7955/8033/2Rubez19.10.10.files/image033.gif,http://cdo.keu.kz/content/7955/8033/2Rubez19.10.10.files/image034.gif,http://cdo.keu.kz/content/7955/8033/2Rubez19.10.10.files/image035.gif,http://cdo.keu.kz/content/7955/8033/2Rubez19.10.10.files/image036.gif,http://cdo.keu.kz/content/7955/8033/2Rubez19.10.10.files/image037.gif,http://cdo.keu.kz/content/7955/8033/2Rubez19.10.10.files/image038.gif,http://cdo.keu.kz/content/7955/8033/2Rubez19.10.10.files/image039.gif,http://cdo.keu.kz/content/7955/8033/2Rubez19.10.10.files/image040.gif,http://cdo.keu.kz/content/7955/8033/2Rubez19.10.10.files/image041.gif,http://cdo.keu.kz/content/7955/8033/2Rubez19.10.10.files/image042.gif,http://cdo.keu.kz/content/7955/8033/2Rubez19.10.10.files/image043.gif,http://cdo.keu.kz/content/7955/8033/2Rubez19.10.10.files/image044.gif,http://cdo.keu.kz/content/7955/8033/2Rubez19.10.10.files/image045.gif,http://cdo.keu.kz/content/7955/8033/2Rubez19.10.10.files/image046.gif,http://cdo.keu.kz/content/7955/8033/2Rubez19.10.10.files/image047.gif,http://cdo.keu.kz/content/7955/8033/2Rubez19.10.10.files/image048.gif,http://cdo.keu.kz/content/7955/8033/2Rubez19.10.10.files/image049.gif,http://cdo.keu.kz/content/7955/8033/2Rubez19.10.10.files/image050.gif,http://cdo.keu.kz/content/7955/8033/2Rubez19.10.10.files/image051.gif,http://cdo.keu.kz/content/7955/8033/2Rubez19.10.10.files/image052.gif,http://cdo.keu.kz/content/7955/8033/2Rubez19.10.10.files/image053.gif,http://cdo.keu.kz/content/7955/8033/2Rubez19.10.10.files/image054.gif,http://cdo.keu.kz/content/7955/8033/2Rubez19.10.10.files/image055.gif,http://cdo.keu.kz/content/7955/8033/2Rubez19.10.10.files/image056.gif,http://cdo.keu.kz/content/7955/8033/2Rubez19.10.10.files/image057.gif,http://cdo.keu.kz/content/7955/8033/2Rubez19.10.10.files/image058.gif,http://cdo.keu.kz/content/7955/8033/2Rubez19.10.10.files/image059.gif,http://cdo.keu.kz/content/7955/8033/2Rubez19.10.10.files/image060.gif,http://cdo.keu.kz/content/7955/8033/2Rubez19.10.10.files/image061.gif,http://cdo.keu.kz/content/7955/8033/2Rubez19.10.10.files/image062.gif,http://cdo.keu.kz/content/7955/8033/2Rubez19.10.10.files/image063.gif,http://cdo.keu.kz/content/7955/8033/2Rubez19.10.10.files/image064.gif,http://cdo.keu.kz/content/7955/8033/2Rubez19.10.10.files/image065.gif,http://cdo.keu.kz/content/7955/8033/2Rubez19.10.10.files/image066.gif,http://cdo.keu.kz/content/7955/8033/2Rubez19.10.10.files/image067.gif,http://cdo.keu.kz/content/7955/8033/2Rubez19.10.10.files/image068.gif,http://cdo.keu.kz/content/7955/8033/2Rubez19.10.10.files/image069.gif,http://cdo.keu.kz/content/7955/8033/2Rubez19.10.10.files/image070.gif,http://cdo.keu.kz/content/7955/8033/2Rubez19.10.10.files/image071.gif,http://cdo.keu.kz/content/7955/8033/2Rubez19.10.10.files/image072.gif,http://cdo.keu.kz/content/7955/8033/2Rubez19.10.10.files/image073.gif,http://cdo.keu.kz/content/7955/8033/2Rubez19.10.10.files/image074.gif,http://cdo.keu.kz/content/7955/8033/2Rubez19.10.10.files/image075.gif,http://cdo.keu.kz/content/7955/8033/2Rubez19.10.10.files/image076.gif,http://cdo.keu.kz/content/7955/8033/2Rubez19.10.10.files/image077.gif,http://cdo.keu.kz/content/7955/8033/2Rubez19.10.10.files/image078.gif,http://cdo.keu.kz/content/7955/8033/2Rubez19.10.10.files/image079.gif,http://cdo.keu.kz/content/7955/8033/2Rubez19.10.10.htm,,,,,,,,,,,,,,,,,,,,,,,,,,,,,,,,,,,,,,,,,,,,,,,,,,,,,,,,,,,,,,,,,,,,,,,,,,,,,,,,,,,,,,,,,,,,,,,,,,,,,,,,,,,,,,,,,,,,,,,,,,,,,,,,,,,,,,,,,,,,,,,,,,,,,,,,,,,,,,,,,,,,,,,,,,,,,,,,,,,,,,
http://cdo.keu.kz/content/7956/8034/Itogov19.10.10.files/image001.gif,http://cdo.keu.kz/content/7956/8034/Itogov19.10.10.files/image002.gif,http://cdo.keu.kz/content/7956/8034/Itogov19.10.10.files/image003.gif,http://cdo.keu.kz/content/7956/8034/Itogov19.10.10.files/image004.gif,http://cdo.keu.kz/content/7956/8034/Itogov19.10.10.files/image005.gif,http://cdo.keu.kz/content/7956/8034/Itogov19.10.10.files/image006.gif,http://cdo.keu.kz/content/7956/8034/Itogov19.10.10.files/image007.gif,http://cdo.keu.kz/content/7956/8034/Itogov19.10.10.files/image008.gif,http://cdo.keu.kz/content/7956/8034/Itogov19.10.10.files/image009.gif,http://cdo.keu.kz/content/7956/8034/Itogov19.10.10.files/image010.gif,http://cdo.keu.kz/content/7956/8034/Itogov19.10.10.files/image011.gif,http://cdo.keu.kz/content/7956/8034/Itogov19.10.10.files/image012.gif,http://cdo.keu.kz/content/7956/8034/Itogov19.10.10.files/image013.gif,http://cdo.keu.kz/content/7956/8034/Itogov19.10.10.files/image014.gif,http://cdo.keu.kz/content/7956/8034/Itogov19.10.10.files/image015.gif,http://cdo.keu.kz/content/7956/8034/Itogov19.10.10.files/image016.gif,http://cdo.keu.kz/content/7956/8034/Itogov19.10.10.files/image017.gif,http://cdo.keu.kz/content/7956/8034/Itogov19.10.10.files/image018.gif,http://cdo.keu.kz/content/7956/8034/Itogov19.10.10.files/image019.gif,http://cdo.keu.kz/content/7956/8034/Itogov19.10.10.files/image020.gif,http://cdo.keu.kz/content/7956/8034/Itogov19.10.10.files/image021.gif,http://cdo.keu.kz/content/7956/8034/Itogov19.10.10.files/image022.gif,http://cdo.keu.kz/content/7956/8034/Itogov19.10.10.files/image023.gif,http://cdo.keu.kz/content/7956/8034/Itogov19.10.10.files/image024.gif,http://cdo.keu.kz/content/7956/8034/Itogov19.10.10.files/image025.gif,http://cdo.keu.kz/content/7956/8034/Itogov19.10.10.files/image026.gif,http://cdo.keu.kz/content/7956/8034/Itogov19.10.10.files/image027.gif,http://cdo.keu.kz/content/7956/8034/Itogov19.10.10.files/image028.gif,http://cdo.keu.kz/content/7956/8034/Itogov19.10.10.files/image029.gif,http://cdo.keu.kz/content/7956/8034/Itogov19.10.10.files/image030.gif,http://cdo.keu.kz/content/7956/8034/Itogov19.10.10.files/image031.gif,http://cdo.keu.kz/content/7956/8034/Itogov19.10.10.files/image032.gif,http://cdo.keu.kz/content/7956/8034/Itogov19.10.10.files/image033.gif,http://cdo.keu.kz/content/7956/8034/Itogov19.10.10.files/image034.gif,http://cdo.keu.kz/content/7956/8034/Itogov19.10.10.files/image035.gif,http://cdo.keu.kz/content/7956/8034/Itogov19.10.10.files/image036.gif,http://cdo.keu.kz/content/7956/8034/Itogov19.10.10.files/image037.gif,http://cdo.keu.kz/content/7956/8034/Itogov19.10.10.files/image038.gif,http://cdo.keu.kz/content/7956/8034/Itogov19.10.10.files/image039.gif,http://cdo.keu.kz/content/7956/8034/Itogov19.10.10.files/image040.gif,http://cdo.keu.kz/content/7956/8034/Itogov19.10.10.files/image041.gif,http://cdo.keu.kz/content/7956/8034/Itogov19.10.10.files/image042.gif,http://cdo.keu.kz/content/7956/8034/Itogov19.10.10.files/image043.gif,http://cdo.keu.kz/content/7956/8034/Itogov19.10.10.files/image044.gif,http://cdo.keu.kz/content/7956/8034/Itogov19.10.10.files/image045.gif,http://cdo.keu.kz/content/7956/8034/Itogov19.10.10.files/image046.gif,http://cdo.keu.kz/content/7956/8034/Itogov19.10.10.files/image047.gif,http://cdo.keu.kz/content/7956/8034/Itogov19.10.10.files/image048.gif,http://cdo.keu.kz/content/7956/8034/Itogov19.10.10.files/image049.gif,http://cdo.keu.kz/content/7956/8034/Itogov19.10.10.files/image050.gif,http://cdo.keu.kz/content/7956/8034/Itogov19.10.10.files/image051.gif,http://cdo.keu.kz/content/7956/8034/Itogov19.10.10.files/image052.gif,http://cdo.keu.kz/content/7956/8034/Itogov19.10.10.files/image053.gif,http://cdo.keu.kz/content/7956/8034/Itogov19.10.10.files/image054.gif,http://cdo.keu.kz/content/7956/8034/Itogov19.10.10.files/image055.gif,http://cdo.keu.kz/content/7956/8034/Itogov19.10.10.files/image056.gif,http://cdo.keu.kz/content/7956/8034/Itogov19.10.10.files/image057.gif,http://cdo.keu.kz/content/7956/8034/Itogov19.10.10.files/image058.gif,http://cdo.keu.kz/content/7956/8034/Itogov19.10.10.files/image059.gif,http://cdo.keu.kz/content/7956/8034/Itogov19.10.10.files/image060.gif,http://cdo.keu.kz/content/7956/8034/Itogov19.10.10.files/image061.gif,http://cdo.keu.kz/content/7956/8034/Itogov19.10.10.files/image062.gif,http://cdo.keu.kz/content/7956/8034/Itogov19.10.10.files/image063.gif,http://cdo.keu.kz/content/7956/8034/Itogov19.10.10.files/image064.gif,http://cdo.keu.kz/content/7956/8034/Itogov19.10.10.files/image065.gif,http://cdo.keu.kz/content/7956/8034/Itogov19.10.10.files/image066.gif,http://cdo.keu.kz/content/7956/8034/Itogov19.10.10.files/image067.gif,http://cdo.keu.kz/content/7956/8034/Itogov19.10.10.files/image068.gif,http://cdo.keu.kz/content/7956/8034/Itogov19.10.10.files/image069.gif,http://cdo.keu.kz/content/7956/8034/Itogov19.10.10.files/image070.gif,http://cdo.keu.kz/content/7956/8034/Itogov19.10.10.files/image071.gif,http://cdo.keu.kz/content/7956/8034/Itogov19.10.10.files/image072.gif,http://cdo.keu.kz/content/7956/8034/Itogov19.10.10.files/image073.gif,http://cdo.keu.kz/content/7956/8034/Itogov19.10.10.files/image074.gif,http://cdo.keu.kz/content/7956/8034/Itogov19.10.10.files/image075.gif,http://cdo.keu.kz/content/7956/8034/Itogov19.10.10.files/image076.gif,http://cdo.keu.kz/content/7956/8034/Itogov19.10.10.files/image077.gif,http://cdo.keu.kz/content/7956/8034/Itogov19.10.10.files/image078.gif,http://cdo.keu.kz/content/7956/8034/Itogov19.10.10.files/image079.gif,http://cdo.keu.kz/content/7956/8034/Itogov19.10.10.files/image080.gif,http://cdo.keu.kz/content/7956/8034/Itogov19.10.10.files/image081.gif,http://cdo.keu.kz/content/7956/8034/Itogov19.10.10.files/image082.gif,http://cdo.keu.kz/content/7956/8034/Itogov19.10.10.files/image083.gif,http://cdo.keu.kz/content/7956/8034/Itogov19.10.10.files/image084.gif,http://cdo.keu.kz/content/7956/8034/Itogov19.10.10.files/image085.gif,http://cdo.keu.kz/content/7956/8034/Itogov19.10.10.files/image086.gif,http://cdo.keu.kz/content/7956/8034/Itogov19.10.10.files/image087.gif,http://cdo.keu.kz/content/7956/8034/Itogov19.10.10.files/image088.gif,http://cdo.keu.kz/content/7956/8034/Itogov19.10.10.files/image089.gif,http://cdo.keu.kz/content/7956/8034/Itogov19.10.10.files/image090.gif,http://cdo.keu.kz/content/7956/8034/Itogov19.10.10.files/image091.gif,http://cdo.keu.kz/content/7956/8034/Itogov19.10.10.files/image092.gif,http://cdo.keu.kz/content/7956/8034/Itogov19.10.10.files/image093.gif,http://cdo.keu.kz/content/7956/8034/Itogov19.10.10.files/image094.gif,http://cdo.keu.kz/content/7956/8034/Itogov19.10.10.files/image095.gif,http://cdo.keu.kz/content/7956/8034/Itogov19.10.10.files/image096.gif,http://cdo.keu.kz/content/7956/8034/Itogov19.10.10.files/image097.gif,http://cdo.keu.kz/content/7956/8034/Itogov19.10.10.files/image098.gif,http://cdo.keu.kz/content/7956/8034/Itogov19.10.10.files/image099.gif,http://cdo.keu.kz/content/7956/8034/Itogov19.10.10.files/image100.gif,http://cdo.keu.kz/content/7956/8034/Itogov19.10.10.files/image101.gif,http://cdo.keu.kz/content/7956/8034/Itogov19.10.10.files/image102.gif,http://cdo.keu.kz/content/7956/8034/Itogov19.10.10.files/image103.gif,http://cdo.keu.kz/content/7956/8034/Itogov19.10.10.files/image104.gif,http://cdo.keu.kz/content/7956/8034/Itogov19.10.10.files/image105.gif,http://cdo.keu.kz/content/7956/8034/Itogov19.10.10.files/image106.gif,http://cdo.keu.kz/content/7956/8034/Itogov19.10.10.files/image107.gif,http://cdo.keu.kz/content/7956/8034/Itogov19.10.10.files/image108.gif,http://cdo.keu.kz/content/7956/8034/Itogov19.10.10.files/image109.gif,http://cdo.keu.kz/content/7956/8034/Itogov19.10.10.files/image110.gif,http://cdo.keu.kz/content/7956/8034/Itogov19.10.10.files/image111.gif,http://cdo.keu.kz/content/7956/8034/Itogov19.10.10.files/image112.gif,http://cdo.keu.kz/content/7956/8034/Itogov19.10.10.files/image113.gif,http://cdo.keu.kz/content/7956/8034/Itogov19.10.10.files/image114.gif,http://cdo.keu.kz/content/7956/8034/Itogov19.10.10.files/image115.gif,http://cdo.keu.kz/content/7956/8034/Itogov19.10.10.files/image116.gif,http://cdo.keu.kz/content/7956/8034/Itogov19.10.10.files/image117.gif,http://cdo.keu.kz/content/7956/8034/Itogov19.10.10.files/image118.gif,http://cdo.keu.kz/content/7956/8034/Itogov19.10.10.files/image119.gif,http://cdo.keu.kz/content/7956/8034/Itogov19.10.10.files/image120.gif,http://cdo.keu.kz/content/7956/8034/Itogov19.10.10.files/image121.gif,http://cdo.keu.kz/content/7956/8034/Itogov19.10.10.files/image122.gif,http://cdo.keu.kz/content/7956/8034/Itogov19.10.10.files/image123.gif,http://cdo.keu.kz/content/7956/8034/Itogov19.10.10.files/image124.gif,http://cdo.keu.kz/content/7956/8034/Itogov19.10.10.files/image125.gif,http://cdo.keu.kz/content/7956/8034/Itogov19.10.10.files/image126.gif,http://cdo.keu.kz/content/7956/8034/Itogov19.10.10.files/image127.gif,http://cdo.keu.kz/content/7956/8034/Itogov19.10.10.files/image128.gif,http://cdo.keu.kz/content/7956/8034/Itogov19.10.10.files/image129.gif,http://cdo.keu.kz/content/7956/8034/Itogov19.10.10.files/image130.gif,http://cdo.keu.kz/content/7956/8034/Itogov19.10.10.files/image131.gif,http://cdo.keu.kz/content/7956/8034/Itogov19.10.10.files/image132.gif,http://cdo.keu.kz/content/7956/8034/Itogov19.10.10.files/image133.gif,http://cdo.keu.kz/content/7956/8034/Itogov19.10.10.files/image134.gif,http://cdo.keu.kz/content/7956/8034/Itogov19.10.10.files/image135.gif,http://cdo.keu.kz/content/7956/8034/Itogov19.10.10.files/image136.gif,http://cdo.keu.kz/content/7956/8034/Itogov19.10.10.files/image137.gif,http://cdo.keu.kz/content/7956/8034/Itogov19.10.10.files/image138.gif,http://cdo.keu.kz/content/7956/8034/Itogov19.10.10.files/image139.gif,http://cdo.keu.kz/content/7956/8034/Itogov19.10.10.files/image140.gif,http://cdo.keu.kz/content/7956/8034/Itogov19.10.10.files/image141.gif,http://cdo.keu.kz/content/7956/8034/Itogov19.10.10.files/image142.gif,http://cdo.keu.kz/content/7956/8034/Itogov19.10.10.files/image143.gif,http://cdo.keu.kz/content/7956/8034/Itogov19.10.10.files/image144.gif,http://cdo.keu.kz/content/7956/8034/Itogov19.10.10.files/image145.gif,http://cdo.keu.kz/content/7956/8034/Itogov19.10.10.files/image146.gif,http://cdo.keu.kz/content/7956/8034/Itogov19.10.10.files/image147.gif,http://cdo.keu.kz/content/7956/8034/Itogov19.10.10.files/image148.gif,http://cdo.keu.kz/content/7956/8034/Itogov19.10.10.files/image149.gif,http://cdo.keu.kz/content/7956/8034/Itogov19.10.10.files/image150.gif,http://cdo.keu.kz/content/7956/8034/Itogov19.10.10.files/image151.gif,http://cdo.keu.kz/content/7956/8034/Itogov19.10.10.files/image152.gif,http://cdo.keu.kz/content/7956/8034/Itogov19.10.10.files/image153.gif,http://cdo.keu.kz/content/7956/8034/Itogov19.10.10.files/image154.gif,http://cdo.keu.kz/content/7956/8034/Itogov19.10.10.files/image155.gif,http://cdo.keu.kz/content/7956/8034/Itogov19.10.10.files/image156.gif,http://cdo.keu.kz/content/7956/8034/Itogov19.10.10.files/image157.gif,http://cdo.keu.kz/content/7956/8034/Itogov19.10.10.files/image158.gif,http://cdo.keu.kz/content/7956/8034/Itogov19.10.10.files/image159.gif,http://cdo.keu.kz/content/7956/8034/Itogov19.10.10.files/image160.gif,http://cdo.keu.kz/content/7956/8034/Itogov19.10.10.files/image161.gif,http://cdo.keu.kz/content/7956/8034/Itogov19.10.10.files/image162.gif,http://cdo.keu.kz/content/7956/8034/Itogov19.10.10.files/image163.gif,http://cdo.keu.kz/content/7956/8034/Itogov19.10.10.files/image164.gif,http://cdo.keu.kz/content/7956/8034/Itogov19.10.10.files/image165.gif,http://cdo.keu.kz/content/7956/8034/Itogov19.10.10.files/image166.gif,http://cdo.keu.kz/content/7956/8034/Itogov19.10.10.files/image167.gif,http://cdo.keu.kz/content/7956/8034/Itogov19.10.10.files/image168.gif,http://cdo.keu.kz/content/7956/8034/Itogov19.10.10.files/image169.gif,http://cdo.keu.kz/content/7956/8034/Itogov19.10.10.files/image170.gif,http://cdo.keu.kz/content/7956/8034/Itogov19.10.10.files/image171.gif,http://cdo.keu.kz/content/7956/8034/Itogov19.10.10.files/image172.gif,http://cdo.keu.kz/content/7956/8034/Itogov19.10.10.files/image173.gif,http://cdo.keu.kz/content/7956/8034/Itogov19.10.10.files/image174.gif,http://cdo.keu.kz/content/7956/8034/Itogov19.10.10.files/image175.gif,http://cdo.keu.kz/content/7956/8034/Itogov19.10.10.files/image176.gif,http://cdo.keu.kz/content/7956/8034/Itogov19.10.10.files/image177.gif,http://cdo.keu.kz/content/7956/8034/Itogov19.10.10.files/image178.gif,http://cdo.keu.kz/content/7956/8034/Itogov19.10.10.files/image179.gif,http://cdo.keu.kz/content/7956/8034/Itogov19.10.10.files/image180.gif,http://cdo.keu.kz/content/7956/8034/Itogov19.10.10.files/image181.gif,http://cdo.keu.kz/content/7956/8034/Itogov19.10.10.files/image182.gif,http://cdo.keu.kz/content/7956/8034/Itogov19.10.10.files/image183.gif,http://cdo.keu.kz/content/7956/8034/Itogov19.10.10.files/image184.gif,http://cdo.keu.kz/content/7956/8034/Itogov19.10.10.files/image185.gif,http://cdo.keu.kz/content/7956/8034/Itogov19.10.10.files/image186.gif,http://cdo.keu.kz/content/7956/8034/Itogov19.10.10.files/image187.gif,http://cdo.keu.kz/content/7956/8034/Itogov19.10.10.files/image188.gif,http://cdo.keu.kz/content/7956/8034/Itogov19.10.10.files/image189.gif,http://cdo.keu.kz/content/7956/8034/Itogov19.10.10.files/image190.gif,http://cdo.keu.kz/content/7956/8034/Itogov19.10.10.files/image191.gif,http://cdo.keu.kz/content/7956/8034/Itogov19.10.10.files/image192.gif,http://cdo.keu.kz/content/7956/8034/Itogov19.10.10.files/image193.gif,http://cdo.keu.kz/content/7956/8034/Itogov19.10.10.files/image194.gif,http://cdo.keu.kz/content/7956/8034/Itogov19.10.10.files/image195.gif,http://cdo.keu.kz/content/7956/8034/Itogov19.10.10.files/image196.gif,http://cdo.keu.kz/content/7956/8034/Itogov19.10.10.files/image197.gif,http://cdo.keu.kz/content/7956/8034/Itogov19.10.10.files/image198.gif,http://cdo.keu.kz/content/7956/8034/Itogov19.10.10.files/image199.gif,http://cdo.keu.kz/content/7956/8034/Itogov19.10.10.files/image200.gif,http://cdo.keu.kz/content/7956/8034/Itogov19.10.10.files/image201.gif,http://cdo.keu.kz/content/7956/8034/Itogov19.10.10.files/image202.gif,http://cdo.keu.kz/content/7956/8034/Itogov19.10.10.files/image203.gif,http://cdo.keu.kz/content/7956/8034/Itogov19.10.10.files/image204.gif,http://cdo.keu.kz/content/7956/8034/Itogov19.10.10.files/image205.gif,http://cdo.keu.kz/content/7956/8034/Itogov19.10.10.files/image206.gif,http://cdo.keu.kz/content/7956/8034/Itogov19.10.10.files/image207.gif,http://cdo.keu.kz/content/7956/8034/Itogov19.10.10.files/image208.gif,http://cdo.keu.kz/content/7956/8034/Itogov19.10.10.files/image209.gif,http://cdo.keu.kz/content/7956/8034/Itogov19.10.10.files/image210.gif,http://cdo.keu.kz/content/7956/8034/Itogov19.10.10.files/image211.gif,http://cdo.keu.kz/content/7956/8034/Itogov19.10.10.files/image212.gif,http://cdo.keu.kz/content/7956/8034/Itogov19.10.10.files/image213.gif,http://cdo.keu.kz/content/7956/8034/Itogov19.10.10.files/image214.gif,http://cdo.keu.kz/content/7956/8034/Itogov19.10.10.files/image215.gif,http://cdo.keu.kz/content/7956/8034/Itogov19.10.10.files/image216.gif,http://cdo.keu.kz/content/7956/8034/Itogov19.10.10.files/image217.gif,http://cdo.keu.kz/content/7956/8034/Itogov19.10.10.files/image218.gif,http://cdo.keu.kz/content/7956/8034/Itogov19.10.10.files/image219.gif,http://cdo.keu.kz/content/7956/8034/Itogov19.10.10.files/image220.gif,http://cdo.keu.kz/content/7956/8034/Itogov19.10.10.files/image221.gif,http://cdo.keu.kz/content/7956/8034/Itogov19.10.10.files/image222.gif,http://cdo.keu.kz/content/7956/8034/Itogov19.10.10.files/image223.gif,http://cdo.keu.kz/content/7956/8034/Itogov19.10.10.files/image224.gif,http://cdo.keu.kz/content/7956/8034/Itogov19.10.10.files/image225.gif,http://cdo.keu.kz/content/7956/8034/Itogov19.10.10.files/image226.gif,http://cdo.keu.kz/content/7956/8034/Itogov19.10.10.files/image227.gif,http://cdo.keu.kz/content/7956/8034/Itogov19.10.10.files/image228.gif,http://cdo.keu.kz/content/7956/8034/Itogov19.10.10.files/image229.gif,http://cdo.keu.kz/content/7956/8034/Itogov19.10.10.files/image230.gif,http://cdo.keu.kz/content/7956/8034/Itogov19.10.10.files/image231.gif,http://cdo.keu.kz/content/7956/8034/Itogov19.10.10.files/image232.gif,http://cdo.keu.kz/content/7956/8034/Itogov19.10.10.files/image233.gif,http://cdo.keu.kz/content/7956/8034/Itogov19.10.10.files/image234.gif,http://cdo.keu.kz/content/7956/8034/Itogov19.10.10.files/image235.gif,http://cdo.keu.kz/content/7956/8034/Itogov19.10.10.files/image236.gif,http://cdo.keu.kz/content/7956/8034/Itogov19.10.10.files/image237.gif,http://cdo.keu.kz/content/7956/8034/Itogov19.10.10.files/image238.gif,http://cdo.keu.kz/content/7956/8034/Itogov19.10.10.files/image239.gif,http://cdo.keu.kz/content/7956/8034/Itogov19.10.10.files/image240.gif,http://cdo.keu.kz/content/7956/8034/Itogov19.10.10.files/image241.gif,http://cdo.keu.kz/content/7956/8034/Itogov19.10.10.files/image242.gif,http://cdo.keu.kz/content/7956/8034/Itogov19.10.10.files/image243.gif,http://cdo.keu.kz/content/7956/8034/Itogov19.10.10.files/image244.gif,http://cdo.keu.kz/content/7956/8034/Itogov19.10.10.files/image245.gif,http://cdo.keu.kz/content/7956/8034/Itogov19.10.10.files/image246.gif,http://cdo.keu.kz/content/7956/8034/Itogov19.10.10.files/image247.gif,http://cdo.keu.kz/content/7956/8034/Itogov19.10.10.files/image248.gif,http://cdo.keu.kz/content/7956/8034/Itogov19.10.10.files/image249.gif,http://cdo.keu.kz/content/7956/8034/Itogov19.10.10.files/image250.gif,http://cdo.keu.kz/content/7956/8034/Itogov19.10.10.files/image251.gif,http://cdo.keu.kz/content/7956/8034/Itogov19.10.10.files/image252.gif,http://cdo.keu.kz/content/7956/8034/Itogov19.10.10.files/image253.gif,http://cdo.keu.kz/content/7956/8034/Itogov19.10.10.files/image254.gif,http://cdo.keu.kz/content/7956/8034/Itogov19.10.10.files/image255.gif,http://cdo.keu.kz/content/7956/8034/Itogov19.10.10.files/image256.gif,http://cdo.keu.kz/content/7956/8034/Itogov19.10.10.files/image257.gif,http://cdo.keu.kz/content/7956/8034/Itogov19.10.10.files/image258.gif,http://cdo.keu.kz/content/7956/8034/Itogov19.10.10.files/image259.gif,http://cdo.keu.kz/content/7956/8034/Itogov19.10.10.files/image260.gif,http://cdo.keu.kz/content/7956/8034/Itogov19.10.10.files/image261.gif,http://cdo.keu.kz/content/7956/8034/Itogov19.10.10.htm
http://cdo.keu.kz/content/7957/8035/1rub.12.10.10.files/image001.gif,http://cdo.keu.kz/content/7957/8035/1rub.12.10.10.files/image002.gif,http://cdo.keu.kz/content/7957/8035/1rub.12.10.10.files/image003.gif,http://cdo.keu.kz/content/7957/8035/1rub.12.10.10.files/image004.gif,http://cdo.keu.kz/content/7957/8035/1rub.12.10.10.files/image005.gif,http://cdo.keu.kz/content/7957/8035/1rub.12.10.10.files/image006.gif,http://cdo.keu.kz/content/7957/8035/1rub.12.10.10.files/image007.gif,http://cdo.keu.kz/content/7957/8035/1rub.12.10.10.files/image008.gif,http://cdo.keu.kz/content/7957/8035/1rub.12.10.10.files/image009.gif,http://cdo.keu.kz/content/7957/8035/1rub.12.10.10.files/image010.gif,http://cdo.keu.kz/content/7957/8035/1rub.12.10.10.files/image011.gif,http://cdo.keu.kz/content/7957/8035/1rub.12.10.10.files/image012.gif,http://cdo.keu.kz/content/7957/8035/1rub.12.10.10.files/image013.gif,http://cdo.keu.kz/content/7957/8035/1rub.12.10.10.files/image014.gif,http://cdo.keu.kz/content/7957/8035/1rub.12.10.10.files/image015.gif,http://cdo.keu.kz/content/7957/8035/1rub.12.10.10.files/image016.gif,http://cdo.keu.kz/content/7957/8035/1rub.12.10.10.files/image017.gif,http://cdo.keu.kz/content/7957/8035/1rub.12.10.10.files/image018.gif,http://cdo.keu.kz/content/7957/8035/1rub.12.10.10.files/image019.gif,http://cdo.keu.kz/content/7957/8035/1rub.12.10.10.files/image020.gif,http://cdo.keu.kz/content/7957/8035/1rub.12.10.10.files/image021.gif,http://cdo.keu.kz/content/7957/8035/1rub.12.10.10.files/image022.gif,http://cdo.keu.kz/content/7957/8035/1rub.12.10.10.files/image023.gif,http://cdo.keu.kz/content/7957/8035/1rub.12.10.10.files/image024.gif,http://cdo.keu.kz/content/7957/8035/1rub.12.10.10.files/image025.gif,http://cdo.keu.kz/content/7957/8035/1rub.12.10.10.files/image026.gif,http://cdo.keu.kz/content/7957/8035/1rub.12.10.10.files/image027.gif,http://cdo.keu.kz/content/7957/8035/1rub.12.10.10.files/image028.gif,http://cdo.keu.kz/content/7957/8035/1rub.12.10.10.files/image029.gif,http://cdo.keu.kz/content/7957/8035/1rub.12.10.10.files/image030.gif,http://cdo.keu.kz/content/7957/8035/1rub.12.10.10.files/image031.gif,http://cdo.keu.kz/content/7957/8035/1rub.12.10.10.files/image032.gif,http://cdo.keu.kz/content/7957/8035/1rub.12.10.10.files/image033.gif,http://cdo.keu.kz/content/7957/8035/1rub.12.10.10.files/image034.gif,http://cdo.keu.kz/content/7957/8035/1rub.12.10.10.files/image035.gif,http://cdo.keu.kz/content/7957/8035/1rub.12.10.10.files/image036.gif,http://cdo.keu.kz/content/7957/8035/1rub.12.10.10.htm,,,,,,,,,,,,,,,,,,,,,,,,,,,,,,,,,,,,,,,,,,,,,,,,,,,,,,,,,,,,,,,,,,,,,,,,,,,,,,,,,,,,,,,,,,,,,,,,,,,,,,,,,,,,,,,,,,,,,,,,,,,,,,,,,,,,,,,,,,,,,,,,,,,,,,,,,,,,,,,,,,,,,,,,,,,,,,,,,,,,,,,,,,,,,,,,,,,,,,,,,,,,,,,,,,,,,,,,,,,,,,,,,
http://cdo.keu.kz/content/7958/8036/1rub.19.10.10.htm,,,,,,,,,,,,,,,,,,,,,,,,,,,,,,,,,,,,,,,,,,,,,,,,,,,,,,,,,,,,,,,,,,,,,,,,,,,,,,,,,,,,,,,,,,,,,,,,,,,,,,,,,,,,,,,,,,,,,,,,,,,,,,,,,,,,,,,,,,,,,,,,,,,,,,,,,,,,,,,,,,,,,,,,,,,,,,,,,,,,,,,,,,,,,,,,,,,,,,,,,,,,,,,,,,,,,,,,,,,,,,,,,,,,,,,,,,,,,,,,,,,,,,,,,,,,,,,,,,,,,
http://cdo.keu.kz/content/7959/8037/2rub19.10.10.htm,,,,,,,,,,,,,,,,,,,,,,,,,,,,,,,,,,,,,,,,,,,,,,,,,,,,,,,,,,,,,,,,,,,,,,,,,,,,,,,,,,,,,,,,,,,,,,,,,,,,,,,,,,,,,,,,,,,,,,,,,,,,,,,,,,,,,,,,,,,,,,,,,,,,,,,,,,,,,,,,,,,,,,,,,,,,,,,,,,,,,,,,,,,,,,,,,,,,,,,,,,,,,,,,,,,,,,,,,,,,,,,,,,,,,,,,,,,,,,,,,,,,,,,,,,,,,,,,,,,,,
http://cdo.keu.kz/content/7960/8038/2rub14.10.10.htm,,,,,,,,,,,,,,,,,,,,,,,,,,,,,,,,,,,,,,,,,,,,,,,,,,,,,,,,,,,,,,,,,,,,,,,,,,,,,,,,,,,,,,,,,,,,,,,,,,,,,,,,,,,,,,,,,,,,,,,,,,,,,,,,,,,,,,,,,,,,,,,,,,,,,,,,,,,,,,,,,,,,,,,,,,,,,,,,,,,,,,,,,,,,,,,,,,,,,,,,,,,,,,,,,,,,,,,,,,,,,,,,,,,,,,,,,,,,,,,,,,,,,,,,,,,,,,,,,,,,,
http://cdo.keu.kz/content/7961/8039/1rub.htm,,,,,,,,,,,,,,,,,,,,,,,,,,,,,,,,,,,,,,,,,,,,,,,,,,,,,,,,,,,,,,,,,,,,,,,,,,,,,,,,,,,,,,,,,,,,,,,,,,,,,,,,,,,,,,,,,,,,,,,,,,,,,,,,,,,,,,,,,,,,,,,,,,,,,,,,,,,,,,,,,,,,,,,,,,,,,,,,,,,,,,,,,,,,,,,,,,,,,,,,,,,,,,,,,,,,,,,,,,,,,,,,,,,,,,,,,,,,,,,,,,,,,,,,,,,,,,,,,,,,,
http://cdo.keu.kz/content/7962/8040/1rub.19.10.10.htm,,,,,,,,,,,,,,,,,,,,,,,,,,,,,,,,,,,,,,,,,,,,,,,,,,,,,,,,,,,,,,,,,,,,,,,,,,,,,,,,,,,,,,,,,,,,,,,,,,,,,,,,,,,,,,,,,,,,,,,,,,,,,,,,,,,,,,,,,,,,,,,,,,,,,,,,,,,,,,,,,,,,,,,,,,,,,,,,,,,,,,,,,,,,,,,,,,,,,,,,,,,,,,,,,,,,,,,,,,,,,,,,,,,,,,,,,,,,,,,,,,,,,,,,,,,,,,,,,,,,,
http://cdo.keu.kz/content/7963/8041/2rub.htm,,,,,,,,,,,,,,,,,,,,,,,,,,,,,,,,,,,,,,,,,,,,,,,,,,,,,,,,,,,,,,,,,,,,,,,,,,,,,,,,,,,,,,,,,,,,,,,,,,,,,,,,,,,,,,,,,,,,,,,,,,,,,,,,,,,,,,,,,,,,,,,,,,,,,,,,,,,,,,,,,,,,,,,,,,,,,,,,,,,,,,,,,,,,,,,,,,,,,,,,,,,,,,,,,,,,,,,,,,,,,,,,,,,,,,,,,,,,,,,,,,,,,,,,,,,,,,,,,,,,,
http://cdo.keu.kz/content/7964/8042/itog.htm,,,,,,,,,,,,,,,,,,,,,,,,,,,,,,,,,,,,,,,,,,,,,,,,,,,,,,,,,,,,,,,,,,,,,,,,,,,,,,,,,,,,,,,,,,,,,,,,,,,,,,,,,,,,,,,,,,,,,,,,,,,,,,,,,,,,,,,,,,,,,,,,,,,,,,,,,,,,,,,,,,,,,,,,,,,,,,,,,,,,,,,,,,,,,,,,,,,,,,,,,,,,,,,,,,,,,,,,,,,,,,,,,,,,,,,,,,,,,,,,,,,,,,,,,,,,,,,,,,,,,
http://cdo.keu.kz/content/7965/8043/1rub.htm,,,,,,,,,,,,,,,,,,,,,,,,,,,,,,,,,,,,,,,,,,,,,,,,,,,,,,,,,,,,,,,,,,,,,,,,,,,,,,,,,,,,,,,,,,,,,,,,,,,,,,,,,,,,,,,,,,,,,,,,,,,,,,,,,,,,,,,,,,,,,,,,,,,,,,,,,,,,,,,,,,,,,,,,,,,,,,,,,,,,,,,,,,,,,,,,,,,,,,,,,,,,,,,,,,,,,,,,,,,,,,,,,,,,,,,,,,,,,,,,,,,,,,,,,,,,,,,,,,,,,
http://cdo.keu.kz/content/7966/8044/2rub19.10.10.htm,,,,,,,,,,,,,,,,,,,,,,,,,,,,,,,,,,,,,,,,,,,,,,,,,,,,,,,,,,,,,,,,,,,,,,,,,,,,,,,,,,,,,,,,,,,,,,,,,,,,,,,,,,,,,,,,,,,,,,,,,,,,,,,,,,,,,,,,,,,,,,,,,,,,,,,,,,,,,,,,,,,,,,,,,,,,,,,,,,,,,,,,,,,,,,,,,,,,,,,,,,,,,,,,,,,,,,,,,,,,,,,,,,,,,,,,,,,,,,,,,,,,,,,,,,,,,,,,,,,,,
http://cdo.keu.kz/content/7967/8045/1rub.htm,,,,,,,,,,,,,,,,,,,,,,,,,,,,,,,,,,,,,,,,,,,,,,,,,,,,,,,,,,,,,,,,,,,,,,,,,,,,,,,,,,,,,,,,,,,,,,,,,,,,,,,,,,,,,,,,,,,,,,,,,,,,,,,,,,,,,,,,,,,,,,,,,,,,,,,,,,,,,,,,,,,,,,,,,,,,,,,,,,,,,,,,,,,,,,,,,,,,,,,,,,,,,,,,,,,,,,,,,,,,,,,,,,,,,,,,,,,,,,,,,,,,,,,,,,,,,,,,,,,,,
http://cdo.keu.kz/content/7968/8046/2rub.htm,,,,,,,,,,,,,,,,,,,,,,,,,,,,,,,,,,,,,,,,,,,,,,,,,,,,,,,,,,,,,,,,,,,,,,,,,,,,,,,,,,,,,,,,,,,,,,,,,,,,,,,,,,,,,,,,,,,,,,,,,,,,,,,,,,,,,,,,,,,,,,,,,,,,,,,,,,,,,,,,,,,,,,,,,,,,,,,,,,,,,,,,,,,,,,,,,,,,,,,,,,,,,,,,,,,,,,,,,,,,,,,,,,,,,,,,,,,,,,,,,,,,,,,,,,,,,,,,,,,,,
http://cdo.keu.kz/content/7969/8047/itog.19.10.10.htm,,,,,,,,,,,,,,,,,,,,,,,,,,,,,,,,,,,,,,,,,,,,,,,,,,,,,,,,,,,,,,,,,,,,,,,,,,,,,,,,,,,,,,,,,,,,,,,,,,,,,,,,,,,,,,,,,,,,,,,,,,,,,,,,,,,,,,,,,,,,,,,,,,,,,,,,,,,,,,,,,,,,,,,,,,,,,,,,,,,,,,,,,,,,,,,,,,,,,,,,,,,,,,,,,,,,,,,,,,,,,,,,,,,,,,,,,,,,,,,,,,,,,,,,,,,,,,,,,,,,,
http://cdo.keu.kz/content/7970/8048/1.htm,,,,,,,,,,,,,,,,,,,,,,,,,,,,,,,,,,,,,,,,,,,,,,,,,,,,,,,,,,,,,,,,,,,,,,,,,,,,,,,,,,,,,,,,,,,,,,,,,,,,,,,,,,,,,,,,,,,,,,,,,,,,,,,,,,,,,,,,,,,,,,,,,,,,,,,,,,,,,,,,,,,,,,,,,,,,,,,,,,,,,,,,,,,,,,,,,,,,,,,,,,,,,,,,,,,,,,,,,,,,,,,,,,,,,,,,,,,,,,,,,,,,,,,,,,,,,,,,,,,,,
http://cdo.keu.kz/content/7971/8049/itog.htm,,,,,,,,,,,,,,,,,,,,,,,,,,,,,,,,,,,,,,,,,,,,,,,,,,,,,,,,,,,,,,,,,,,,,,,,,,,,,,,,,,,,,,,,,,,,,,,,,,,,,,,,,,,,,,,,,,,,,,,,,,,,,,,,,,,,,,,,,,,,,,,,,,,,,,,,,,,,,,,,,,,,,,,,,,,,,,,,,,,,,,,,,,,,,,,,,,,,,,,,,,,,,,,,,,,,,,,,,,,,,,,,,,,,,,,,,,,,,,,,,,,,,,,,,,,,,,,,,,,,,
http://cdo.keu.kz/content/7972/8050/2.htm,,,,,,,,,,,,,,,,,,,,,,,,,,,,,,,,,,,,,,,,,,,,,,,,,,,,,,,,,,,,,,,,,,,,,,,,,,,,,,,,,,,,,,,,,,,,,,,,,,,,,,,,,,,,,,,,,,,,,,,,,,,,,,,,,,,,,,,,,,,,,,,,,,,,,,,,,,,,,,,,,,,,,,,,,,,,,,,,,,,,,,,,,,,,,,,,,,,,,,,,,,,,,,,,,,,,,,,,,,,,,,,,,,,,,,,,,,,,,,,,,,,,,,,,,,,,,,,,,,,,,
http://cdo.keu.kz/content/7973/8051/obhs.htm,,,,,,,,,,,,,,,,,,,,,,,,,,,,,,,,,,,,,,,,,,,,,,,,,,,,,,,,,,,,,,,,,,,,,,,,,,,,,,,,,,,,,,,,,,,,,,,,,,,,,,,,,,,,,,,,,,,,,,,,,,,,,,,,,,,,,,,,,,,,,,,,,,,,,,,,,,,,,,,,,,,,,,,,,,,,,,,,,,,,,,,,,,,,,,,,,,,,,,,,,,,,,,,,,,,,,,,,,,,,,,,,,,,,,,,,,,,,,,,,,,,,,,,,,,,,,,,,,,,,,
http://cdo.keu.kz/content/7974/8052/2rub.htm,,,,,,,,,,,,,,,,,,,,,,,,,,,,,,,,,,,,,,,,,,,,,,,,,,,,,,,,,,,,,,,,,,,,,,,,,,,,,,,,,,,,,,,,,,,,,,,,,,,,,,,,,,,,,,,,,,,,,,,,,,,,,,,,,,,,,,,,,,,,,,,,,,,,,,,,,,,,,,,,,,,,,,,,,,,,,,,,,,,,,,,,,,,,,,,,,,,,,,,,,,,,,,,,,,,,,,,,,,,,,,,,,,,,,,,,,,,,,,,,,,,,,,,,,,,,,,,,,,,,,
http://cdo.keu.kz/content/7975/8053/1rub.htm,,,,,,,,,,,,,,,,,,,,,,,,,,,,,,,,,,,,,,,,,,,,,,,,,,,,,,,,,,,,,,,,,,,,,,,,,,,,,,,,,,,,,,,,,,,,,,,,,,,,,,,,,,,,,,,,,,,,,,,,,,,,,,,,,,,,,,,,,,,,,,,,,,,,,,,,,,,,,,,,,,,,,,,,,,,,,,,,,,,,,,,,,,,,,,,,,,,,,,,,,,,,,,,,,,,,,,,,,,,,,,,,,,,,,,,,,,,,,,,,,,,,,,,,,,,,,,,,,,,,,
http://cdo.keu.kz/content/7976/8054/2rub.htm,,,,,,,,,,,,,,,,,,,,,,,,,,,,,,,,,,,,,,,,,,,,,,,,,,,,,,,,,,,,,,,,,,,,,,,,,,,,,,,,,,,,,,,,,,,,,,,,,,,,,,,,,,,,,,,,,,,,,,,,,,,,,,,,,,,,,,,,,,,,,,,,,,,,,,,,,,,,,,,,,,,,,,,,,,,,,,,,,,,,,,,,,,,,,,,,,,,,,,,,,,,,,,,,,,,,,,,,,,,,,,,,,,,,,,,,,,,,,,,,,,,,,,,,,,,,,,,,,,,,,
http://cdo.keu.kz/content/7977/8055/itog.htm,,,,,,,,,,,,,,,,,,,,,,,,,,,,,,,,,,,,,,,,,,,,,,,,,,,,,,,,,,,,,,,,,,,,,,,,,,,,,,,,,,,,,,,,,,,,,,,,,,,,,,,,,,,,,,,,,,,,,,,,,,,,,,,,,,,,,,,,,,,,,,,,,,,,,,,,,,,,,,,,,,,,,,,,,,,,,,,,,,,,,,,,,,,,,,,,,,,,,,,,,,,,,,,,,,,,,,,,,,,,,,,,,,,,,,,,,,,,,,,,,,,,,,,,,,,,,,,,,,,,,
http://cdo.keu.kz/content/7978/8056/24310/24310.htm,http://cdo.keu.kz/content/7978/8056/24311/24311.htm,http://cdo.keu.kz/content/7978/8056/24312/24312.htm,http://cdo.keu.kz/content/7978/8056/24313/24313.htm,http://cdo.keu.kz/content/7978/8056/24314/24314.htm,http://cdo.keu.kz/content/7978/8056/24315/24315.htm,http://cdo.keu.kz/content/7978/8056/24316/24316.htm,http://cdo.keu.kz/content/7978/8056/24317/24317.htm,http://cdo.keu.kz/content/7978/8056/24318/24318.htm,http://cdo.keu.kz/content/7978/8056/24319/24319.htm,http://cdo.keu.kz/content/7978/8056/24320/24320.htm,http://cdo.keu.kz/content/7978/8056/24321/24321.htm,http://cdo.keu.kz/content/7978/8056/24322/24322.htm,http://cdo.keu.kz/content/7978/8056/24323/24323.htm,http://cdo.keu.kz/content/7978/8056/24324/24324.htm,http://cdo.keu.kz/content/7978/8056/8056.htm,http://cdo.keu.kz/content/7978/8056/lek.files/image001.gif,http://cdo.keu.kz/content/7978/8056/lek.files/image002.gif,,,,,,,,,,,,,,,,,,,,,,,,,,,,,,,,,,,,,,,,,,,,,,,,,,,,,,,,,,,,,,,,,,,,,,,,,,,,,,,,,,,,,,,,,,,,,,,,,,,,,,,,,,,,,,,,,,,,,,,,,,,,,,,,,,,,,,,,,,,,,,,,,,,,,,,,,,,,,,,,,,,,,,,,,,,,,,,,,,,,,,,,,,,,,,,,,,,,,,,,,,,,,,,,,,,,,,,,,,,,,,,,,,,,,,,,,,,,,,,,,,,,
http://cdo.keu.kz/content/7979/8057/1rub20.10.2010.files/colorschememapping.xml,http://cdo.keu.kz/content/7979/8057/1rub20.10.2010.files/filelist.xml,http://cdo.keu.kz/content/7979/8057/1rub20.10.2010.files/themedata.thmx,http://cdo.keu.kz/content/7979/8057/1rub20.10.2010.htm,,,,,,,,,,,,,,,,,,,,,,,,,,,,,,,,,,,,,,,,,,,,,,,,,,,,,,,,,,,,,,,,,,,,,,,,,,,,,,,,,,,,,,,,,,,,,,,,,,,,,,,,,,,,,,,,,,,,,,,,,,,,,,,,,,,,,,,,,,,,,,,,,,,,,,,,,,,,,,,,,,,,,,,,,,,,,,,,,,,,,,,,,,,,,,,,,,,,,,,,,,,,,,,,,,,,,,,,,,,,,,,,,,,,,,,,,,,,,,,,,,,,,,,,,,,,,,,,,,
http://cdo.keu.kz/content/7980/8058/2rub20.10.2010.files/colorschememapping.xml,http://cdo.keu.kz/content/7980/8058/2rub20.10.2010.files/filelist.xml,http://cdo.keu.kz/content/7980/8058/2rub20.10.2010.files/header.htm,http://cdo.keu.kz/content/7980/8058/2rub20.10.2010.files/themedata.thmx,http://cdo.keu.kz/content/7980/8058/2rub20.10.2010.htm,,,,,,,,,,,,,,,,,,,,,,,,,,,,,,,,,,,,,,,,,,,,,,,,,,,,,,,,,,,,,,,,,,,,,,,,,,,,,,,,,,,,,,,,,,,,,,,,,,,,,,,,,,,,,,,,,,,,,,,,,,,,,,,,,,,,,,,,,,,,,,,,,,,,,,,,,,,,,,,,,,,,,,,,,,,,,,,,,,,,,,,,,,,,,,,,,,,,,,,,,,,,,,,,,,,,,,,,,,,,,,,,,,,,,,,,,,,,,,,,,,,,,,,,,,,,,,,,,
http://cdo.keu.kz/content/7981/8059/itog20.10.2010.files/colorschememapping.xml,http://cdo.keu.kz/content/7981/8059/itog20.10.2010.files/filelist.xml,http://cdo.keu.kz/content/7981/8059/itog20.10.2010.files/themedata.thmx,http://cdo.keu.kz/content/7981/8059/itog20.10.2010.htm,,,,,,,,,,,,,,,,,,,,,,,,,,,,,,,,,,,,,,,,,,,,,,,,,,,,,,,,,,,,,,,,,,,,,,,,,,,,,,,,,,,,,,,,,,,,,,,,,,,,,,,,,,,,,,,,,,,,,,,,,,,,,,,,,,,,,,,,,,,,,,,,,,,,,,,,,,,,,,,,,,,,,,,,,,,,,,,,,,,,,,,,,,,,,,,,,,,,,,,,,,,,,,,,,,,,,,,,,,,,,,,,,,,,,,,,,,,,,,,,,,,,,,,,,,,,,,,,,,
http://cdo.keu.kz/content/7982/8060/1rub20.10.2010.files/colorschememapping.xml,http://cdo.keu.kz/content/7982/8060/1rub20.10.2010.files/filelist.xml,http://cdo.keu.kz/content/7982/8060/1rub20.10.2010.files/themedata.thmx,http://cdo.keu.kz/content/7982/8060/1rub20.10.2010.htm,,,,,,,,,,,,,,,,,,,,,,,,,,,,,,,,,,,,,,,,,,,,,,,,,,,,,,,,,,,,,,,,,,,,,,,,,,,,,,,,,,,,,,,,,,,,,,,,,,,,,,,,,,,,,,,,,,,,,,,,,,,,,,,,,,,,,,,,,,,,,,,,,,,,,,,,,,,,,,,,,,,,,,,,,,,,,,,,,,,,,,,,,,,,,,,,,,,,,,,,,,,,,,,,,,,,,,,,,,,,,,,,,,,,,,,,,,,,,,,,,,,,,,,,,,,,,,,,,,
http://cdo.keu.kz/content/7983/8061/1rub20.10.2010.files/colorschememapping.xml,http://cdo.keu.kz/content/7983/8061/1rub20.10.2010.files/filelist.xml,http://cdo.keu.kz/content/7983/8061/1rub20.10.2010.files/themedata.thmx,http://cdo.keu.kz/content/7983/8061/1rub20.10.2010.htm,,,,,,,,,,,,,,,,,,,,,,,,,,,,,,,,,,,,,,,,,,,,,,,,,,,,,,,,,,,,,,,,,,,,,,,,,,,,,,,,,,,,,,,,,,,,,,,,,,,,,,,,,,,,,,,,,,,,,,,,,,,,,,,,,,,,,,,,,,,,,,,,,,,,,,,,,,,,,,,,,,,,,,,,,,,,,,,,,,,,,,,,,,,,,,,,,,,,,,,,,,,,,,,,,,,,,,,,,,,,,,,,,,,,,,,,,,,,,,,,,,,,,,,,,,,,,,,,,,
http://cdo.keu.kz/content/7984/8062/2rub20.10.2010.files/colorschememapping.xml,http://cdo.keu.kz/content/7984/8062/2rub20.10.2010.files/filelist.xml,http://cdo.keu.kz/content/7984/8062/2rub20.10.2010.files/themedata.thmx,http://cdo.keu.kz/content/7984/8062/2rub20.10.2010.htm,,,,,,,,,,,,,,,,,,,,,,,,,,,,,,,,,,,,,,,,,,,,,,,,,,,,,,,,,,,,,,,,,,,,,,,,,,,,,,,,,,,,,,,,,,,,,,,,,,,,,,,,,,,,,,,,,,,,,,,,,,,,,,,,,,,,,,,,,,,,,,,,,,,,,,,,,,,,,,,,,,,,,,,,,,,,,,,,,,,,,,,,,,,,,,,,,,,,,,,,,,,,,,,,,,,,,,,,,,,,,,,,,,,,,,,,,,,,,,,,,,,,,,,,,,,,,,,,,,
http://cdo.keu.kz/content/7985/8063/itog20.10.2010.files/colorschememapping.xml,http://cdo.keu.kz/content/7985/8063/itog20.10.2010.files/filelist.xml,http://cdo.keu.kz/content/7985/8063/itog20.10.2010.files/themedata.thmx,http://cdo.keu.kz/content/7985/8063/itog20.10.2010.htm,,,,,,,,,,,,,,,,,,,,,,,,,,,,,,,,,,,,,,,,,,,,,,,,,,,,,,,,,,,,,,,,,,,,,,,,,,,,,,,,,,,,,,,,,,,,,,,,,,,,,,,,,,,,,,,,,,,,,,,,,,,,,,,,,,,,,,,,,,,,,,,,,,,,,,,,,,,,,,,,,,,,,,,,,,,,,,,,,,,,,,,,,,,,,,,,,,,,,,,,,,,,,,,,,,,,,,,,,,,,,,,,,,,,,,,,,,,,,,,,,,,,,,,,,,,,,,,,,,
http://cdo.keu.kz/content/7986/8064/24325/24325.htm,http://cdo.keu.kz/content/7986/8064/24326/24326.htm,http://cdo.keu.kz/content/7986/8064/24327/24327.htm,http://cdo.keu.kz/content/7986/8064/24328/24328.htm,http://cdo.keu.kz/content/7986/8064/24329/24329.htm,http://cdo.keu.kz/content/7986/8064/24330/24330.htm,http://cdo.keu.kz/content/7986/8064/24331/24331.htm,http://cdo.keu.kz/content/7986/8064/24332/24332.htm,http://cdo.keu.kz/content/7986/8064/24333/24333.htm,http://cdo.keu.kz/content/7986/8064/24334/24334.htm,http://cdo.keu.kz/content/7986/8064/24335/24335.htm,http://cdo.keu.kz/content/7986/8064/24336/24336.htm,http://cdo.keu.kz/content/7986/8064/8064.htm,http://cdo.keu.kz/content/7986/8064/lek201010.files/image001.gif,http://cdo.keu.kz/content/7986/8064/lek201010.files/image002.gif,http://cdo.keu.kz/content/7986/8064/lek201010.files/image003.jpg,http://cdo.keu.kz/content/7986/8064/lek201010.files/image004.jpg,http://cdo.keu.kz/content/7986/8064/lek201010.files/image005.jpg,http://cdo.keu.kz/content/7986/8064/lek201010.files/image006.jpg,http://cdo.keu.kz/content/7986/8064/lek201010.files/image007.jpg,http://cdo.keu.kz/content/7986/8064/lek201010.files/image008.gif,http://cdo.keu.kz/content/7986/8064/lek201010.files/image009.jpg,http://cdo.keu.kz/content/7986/8064/lek201010.files/image010.jpg,http://cdo.keu.kz/content/7986/8064/lek201010.files/image011.jpg,http://cdo.keu.kz/content/7986/8064/lek201010.files/image012.jpg,http://cdo.keu.kz/content/7986/8064/lek201010.files/image013.jpg,http://cdo.keu.kz/content/7986/8064/lek201010.files/image014.jpg,http://cdo.keu.kz/content/7986/8064/lek201010.files/image015.jpg,http://cdo.keu.kz/content/7986/8064/lek201010.files/image016.jpg,http://cdo.keu.kz/content/7986/8064/lek201010.files/image017.jpg,http://cdo.keu.kz/content/7986/8064/lek201010.files/image018.gif,http://cdo.keu.kz/content/7986/8064/lek201010.files/image019.jpg,http://cdo.keu.kz/content/7986/8064/lek201010.files/image020.jpg,http://cdo.keu.kz/content/7986/8064/lek201010.files/image021.gif,http://cdo.keu.kz/content/7986/8064/lek201010.files/image022.jpg,http://cdo.keu.kz/content/7986/8064/lek201010.files/image023.jpg,http://cdo.keu.kz/content/7986/8064/lek201010.files/image024.gif,http://cdo.keu.kz/content/7986/8064/lek201010.files/image025.gif,http://cdo.keu.kz/content/7986/8064/lek201010.files/image026.jpg,http://cdo.keu.kz/content/7986/8064/lek201010.files/image027.gif,http://cdo.keu.kz/content/7986/8064/lek201010.files/image028.jpg,http://cdo.keu.kz/content/7986/8064/lek201010.files/image029.jpg,http://cdo.keu.kz/content/7986/8064/lek201010.files/image030.jpg,http://cdo.keu.kz/content/7986/8064/lek201010.files/image031.gif,http://cdo.keu.kz/content/7986/8064/lek201010.files/image032.gif,http://cdo.keu.kz/content/7986/8064/lek201010.files/image033.gif,http://cdo.keu.kz/content/7986/8064/lek201010.files/image034.gif,http://cdo.keu.kz/content/7986/8064/lek201010.files/image035.gif,http://cdo.keu.kz/content/7986/8064/lek201010.files/image036.gif,http://cdo.keu.kz/content/7986/8064/lek201010.files/image037.gif,http://cdo.keu.kz/content/7986/8064/lek201010.files/image038.gif,http://cdo.keu.kz/content/7986/8064/lek201010.files/image039.gif,http://cdo.keu.kz/content/7986/8064/lek201010.files/image040.gif,http://cdo.keu.kz/content/7986/8064/lek201010.files/image041.gif,http://cdo.keu.kz/content/7986/8064/lek201010.files/image042.gif,http://cdo.keu.kz/content/7986/8064/lek201010.files/image043.gif,http://cdo.keu.kz/content/7986/8064/lek201010.files/image044.gif,http://cdo.keu.kz/content/7986/8064/lek201010.files/image045.gif,http://cdo.keu.kz/content/7986/8064/lek201010.files/image046.jpg,http://cdo.keu.kz/content/7986/8064/lek201010.files/image047.gif,http://cdo.keu.kz/content/7986/8064/lek201010.files/image048.jpg,http://cdo.keu.kz/content/7986/8064/lek201010.files/image049.gif,http://cdo.keu.kz/content/7986/8064/lek201010.files/image050.jpg,http://cdo.keu.kz/content/7986/8064/lek201010.files/image051.gif,http://cdo.keu.kz/content/7986/8064/lek201010.files/image052.gif,http://cdo.keu.kz/content/7986/8064/lek201010.files/image053.gif,http://cdo.keu.kz/content/7986/8064/lek201010.files/image054.jpg,http://cdo.keu.kz/content/7986/8064/lek201010.files/image055.jpg,http://cdo.keu.kz/content/7986/8064/lek201010.files/image056.gif,http://cdo.keu.kz/content/7986/8064/lek201010.files/image057.gif,http://cdo.keu.kz/content/7986/8064/lek201010.files/image058.gif,http://cdo.keu.kz/content/7986/8064/lek201010.files/image059.gif,http://cdo.keu.kz/content/7986/8064/lek201010.files/image060.jpg,http://cdo.keu.kz/content/7986/8064/lek201010.files/image061.jpg,http://cdo.keu.kz/content/7986/8064/lek201010.files/image062.gif,http://cdo.keu.kz/content/7986/8064/lek201010.files/image063.gif,http://cdo.keu.kz/content/7986/8064/lek201010.files/image064.gif,http://cdo.keu.kz/content/7986/8064/lek201010.files/image065.gif,http://cdo.keu.kz/content/7986/8064/lek201010.files/image066.gif,http://cdo.keu.kz/content/7986/8064/lek201010.files/image067.gif,http://cdo.keu.kz/content/7986/8064/lek201010.files/image068.gif,http://cdo.keu.kz/content/7986/8064/lek201010.files/image069.gif,http://cdo.keu.kz/content/7986/8064/lek201010.files/image070.jpg,http://cdo.keu.kz/content/7986/8064/lek201010.files/image071.jpg,,,,,,,,,,,,,,,,,,,,,,,,,,,,,,,,,,,,,,,,,,,,,,,,,,,,,,,,,,,,,,,,,,,,,,,,,,,,,,,,,,,,,,,,,,,,,,,,,,,,,,,,,,,,,,,,,,,,,,,,,,,,,,,,,,,,,,,,,,,,,,,,,,,,,,,,,,,,,,,,,,,,,,,,,,,,,,,,,,
http://cdo.keu.kz/content/7987/8065/R1.htm,,,,,,,,,,,,,,,,,,,,,,,,,,,,,,,,,,,,,,,,,,,,,,,,,,,,,,,,,,,,,,,,,,,,,,,,,,,,,,,,,,,,,,,,,,,,,,,,,,,,,,,,,,,,,,,,,,,,,,,,,,,,,,,,,,,,,,,,,,,,,,,,,,,,,,,,,,,,,,,,,,,,,,,,,,,,,,,,,,,,,,,,,,,,,,,,,,,,,,,,,,,,,,,,,,,,,,,,,,,,,,,,,,,,,,,,,,,,,,,,,,,,,,,,,,,,,,,,,,,,,
http://cdo.keu.kz/content/7988/8066/R1.htm,,,,,,,,,,,,,,,,,,,,,,,,,,,,,,,,,,,,,,,,,,,,,,,,,,,,,,,,,,,,,,,,,,,,,,,,,,,,,,,,,,,,,,,,,,,,,,,,,,,,,,,,,,,,,,,,,,,,,,,,,,,,,,,,,,,,,,,,,,,,,,,,,,,,,,,,,,,,,,,,,,,,,,,,,,,,,,,,,,,,,,,,,,,,,,,,,,,,,,,,,,,,,,,,,,,,,,,,,,,,,,,,,,,,,,,,,,,,,,,,,,,,,,,,,,,,,,,,,,,,,
http://cdo.keu.kz/content/7989/8067/R2.files/image001.gif,http://cdo.keu.kz/content/7989/8067/R2.files/image002.gif,http://cdo.keu.kz/content/7989/8067/R2.htm,,,,,,,,,,,,,,,,,,,,,,,,,,,,,,,,,,,,,,,,,,,,,,,,,,,,,,,,,,,,,,,,,,,,,,,,,,,,,,,,,,,,,,,,,,,,,,,,,,,,,,,,,,,,,,,,,,,,,,,,,,,,,,,,,,,,,,,,,,,,,,,,,,,,,,,,,,,,,,,,,,,,,,,,,,,,,,,,,,,,,,,,,,,,,,,,,,,,,,,,,,,,,,,,,,,,,,,,,,,,,,,,,,,,,,,,,,,,,,,,,,,,,,,,,,,,,,,,,,,
http://cdo.keu.kz/content/7990/8068/1rub.20.10.10.files/image001.gif,http://cdo.keu.kz/content/7990/8068/1rub.20.10.10.htm,,,,,,,,,,,,,,,,,,,,,,,,,,,,,,,,,,,,,,,,,,,,,,,,,,,,,,,,,,,,,,,,,,,,,,,,,,,,,,,,,,,,,,,,,,,,,,,,,,,,,,,,,,,,,,,,,,,,,,,,,,,,,,,,,,,,,,,,,,,,,,,,,,,,,,,,,,,,,,,,,,,,,,,,,,,,,,,,,,,,,,,,,,,,,,,,,,,,,,,,,,,,,,,,,,,,,,,,,,,,,,,,,,,,,,,,,,,,,,,,,,,,,,,,,,,,,,,,,,,,
http://cdo.keu.kz/content/7991/8069/1rub20.10.2010.files/colorschememapping.xml,http://cdo.keu.kz/content/7991/8069/1rub20.10.2010.files/filelist.xml,http://cdo.keu.kz/content/7991/8069/1rub20.10.2010.files/themedata.thmx,http://cdo.keu.kz/content/7991/8069/1rub20.10.2010.htm,,,,,,,,,,,,,,,,,,,,,,,,,,,,,,,,,,,,,,,,,,,,,,,,,,,,,,,,,,,,,,,,,,,,,,,,,,,,,,,,,,,,,,,,,,,,,,,,,,,,,,,,,,,,,,,,,,,,,,,,,,,,,,,,,,,,,,,,,,,,,,,,,,,,,,,,,,,,,,,,,,,,,,,,,,,,,,,,,,,,,,,,,,,,,,,,,,,,,,,,,,,,,,,,,,,,,,,,,,,,,,,,,,,,,,,,,,,,,,,,,,,,,,,,,,,,,,,,,,
http://cdo.keu.kz/content/7992/8070/R2.files/image001.gif,http://cdo.keu.kz/content/7992/8070/R2.files/image002.gif,http://cdo.keu.kz/content/7992/8070/R2.htm,,,,,,,,,,,,,,,,,,,,,,,,,,,,,,,,,,,,,,,,,,,,,,,,,,,,,,,,,,,,,,,,,,,,,,,,,,,,,,,,,,,,,,,,,,,,,,,,,,,,,,,,,,,,,,,,,,,,,,,,,,,,,,,,,,,,,,,,,,,,,,,,,,,,,,,,,,,,,,,,,,,,,,,,,,,,,,,,,,,,,,,,,,,,,,,,,,,,,,,,,,,,,,,,,,,,,,,,,,,,,,,,,,,,,,,,,,,,,,,,,,,,,,,,,,,,,,,,,,,
http://cdo.keu.kz/content/7993/8071/itog.files/image001.gif,http://cdo.keu.kz/content/7993/8071/itog.files/image002.gif,http://cdo.keu.kz/content/7993/8071/itog.htm,,,,,,,,,,,,,,,,,,,,,,,,,,,,,,,,,,,,,,,,,,,,,,,,,,,,,,,,,,,,,,,,,,,,,,,,,,,,,,,,,,,,,,,,,,,,,,,,,,,,,,,,,,,,,,,,,,,,,,,,,,,,,,,,,,,,,,,,,,,,,,,,,,,,,,,,,,,,,,,,,,,,,,,,,,,,,,,,,,,,,,,,,,,,,,,,,,,,,,,,,,,,,,,,,,,,,,,,,,,,,,,,,,,,,,,,,,,,,,,,,,,,,,,,,,,,,,,,,,,
http://cdo.keu.kz/content/7994/8072/2rub20.10.2010.files/colorschememapping.xml,http://cdo.keu.kz/content/7994/8072/2rub20.10.2010.files/filelist.xml,http://cdo.keu.kz/content/7994/8072/2rub20.10.2010.files/themedata.thmx,http://cdo.keu.kz/content/7994/8072/2rub20.10.2010.htm,,,,,,,,,,,,,,,,,,,,,,,,,,,,,,,,,,,,,,,,,,,,,,,,,,,,,,,,,,,,,,,,,,,,,,,,,,,,,,,,,,,,,,,,,,,,,,,,,,,,,,,,,,,,,,,,,,,,,,,,,,,,,,,,,,,,,,,,,,,,,,,,,,,,,,,,,,,,,,,,,,,,,,,,,,,,,,,,,,,,,,,,,,,,,,,,,,,,,,,,,,,,,,,,,,,,,,,,,,,,,,,,,,,,,,,,,,,,,,,,,,,,,,,,,,,,,,,,,,
http://cdo.keu.kz/content/7995/8073/R1.htm,,,,,,,,,,,,,,,,,,,,,,,,,,,,,,,,,,,,,,,,,,,,,,,,,,,,,,,,,,,,,,,,,,,,,,,,,,,,,,,,,,,,,,,,,,,,,,,,,,,,,,,,,,,,,,,,,,,,,,,,,,,,,,,,,,,,,,,,,,,,,,,,,,,,,,,,,,,,,,,,,,,,,,,,,,,,,,,,,,,,,,,,,,,,,,,,,,,,,,,,,,,,,,,,,,,,,,,,,,,,,,,,,,,,,,,,,,,,,,,,,,,,,,,,,,,,,,,,,,,,,
http://cdo.keu.kz/content/7996/8074/R2.htm,,,,,,,,,,,,,,,,,,,,,,,,,,,,,,,,,,,,,,,,,,,,,,,,,,,,,,,,,,,,,,,,,,,,,,,,,,,,,,,,,,,,,,,,,,,,,,,,,,,,,,,,,,,,,,,,,,,,,,,,,,,,,,,,,,,,,,,,,,,,,,,,,,,,,,,,,,,,,,,,,,,,,,,,,,,,,,,,,,,,,,,,,,,,,,,,,,,,,,,,,,,,,,,,,,,,,,,,,,,,,,,,,,,,,,,,,,,,,,,,,,,,,,,,,,,,,,,,,,,,,
http://cdo.keu.kz/content/7997/8075/itog.htm,,,,,,,,,,,,,,,,,,,,,,,,,,,,,,,,,,,,,,,,,,,,,,,,,,,,,,,,,,,,,,,,,,,,,,,,,,,,,,,,,,,,,,,,,,,,,,,,,,,,,,,,,,,,,,,,,,,,,,,,,,,,,,,,,,,,,,,,,,,,,,,,,,,,,,,,,,,,,,,,,,,,,,,,,,,,,,,,,,,,,,,,,,,,,,,,,,,,,,,,,,,,,,,,,,,,,,,,,,,,,,,,,,,,,,,,,,,,,,,,,,,,,,,,,,,,,,,,,,,,,
http://cdo.keu.kz/content/7998/8076/2rub20.10.10.files/image001.gif,http://cdo.keu.kz/content/7998/8076/2rub20.10.10.htm,,,,,,,,,,,,,,,,,,,,,,,,,,,,,,,,,,,,,,,,,,,,,,,,,,,,,,,,,,,,,,,,,,,,,,,,,,,,,,,,,,,,,,,,,,,,,,,,,,,,,,,,,,,,,,,,,,,,,,,,,,,,,,,,,,,,,,,,,,,,,,,,,,,,,,,,,,,,,,,,,,,,,,,,,,,,,,,,,,,,,,,,,,,,,,,,,,,,,,,,,,,,,,,,,,,,,,,,,,,,,,,,,,,,,,,,,,,,,,,,,,,,,,,,,,,,,,,,,,,,
http://cdo.keu.kz/content/7999/8077/2rub20.10.10.files/image001.gif,http://cdo.keu.kz/content/7999/8077/2rub20.10.10.htm,,,,,,,,,,,,,,,,,,,,,,,,,,,,,,,,,,,,,,,,,,,,,,,,,,,,,,,,,,,,,,,,,,,,,,,,,,,,,,,,,,,,,,,,,,,,,,,,,,,,,,,,,,,,,,,,,,,,,,,,,,,,,,,,,,,,,,,,,,,,,,,,,,,,,,,,,,,,,,,,,,,,,,,,,,,,,,,,,,,,,,,,,,,,,,,,,,,,,,,,,,,,,,,,,,,,,,,,,,,,,,,,,,,,,,,,,,,,,,,,,,,,,,,,,,,,,,,,,,,,
http://cdo.keu.kz/content/8000/8078/1rub20.10.2010.files/colorschememapping.xml,http://cdo.keu.kz/content/8000/8078/1rub20.10.2010.files/filelist.xml,http://cdo.keu.kz/content/8000/8078/1rub20.10.2010.files/themedata.thmx,http://cdo.keu.kz/content/8000/8078/1rub20.10.2010.htm,,,,,,,,,,,,,,,,,,,,,,,,,,,,,,,,,,,,,,,,,,,,,,,,,,,,,,,,,,,,,,,,,,,,,,,,,,,,,,,,,,,,,,,,,,,,,,,,,,,,,,,,,,,,,,,,,,,,,,,,,,,,,,,,,,,,,,,,,,,,,,,,,,,,,,,,,,,,,,,,,,,,,,,,,,,,,,,,,,,,,,,,,,,,,,,,,,,,,,,,,,,,,,,,,,,,,,,,,,,,,,,,,,,,,,,,,,,,,,,,,,,,,,,,,,,,,,,,,,
