0,1,2,3,4,5,6,7,8,9,10,11,12,13,14,15,16,17,18,19,20,21,22,23,24,25,26,27,28,29,30,31,32,33,34,35,36,37,38,39,40,41,42,43,44,45,46,47,48,49,50,51,52,53,54,55,56,57,58,59,60,61,62,63,64,65,66,67,68,69,70,71,72,73,74,75,76,77,78,79,80,81,82,83,84,85,86,87,88,89,90,91,92,93,94,95,96,97,98,99,100,101,102,103,104,105,106,107,108,109,110,111,112,113,114,115,116,117,118,119,120,121,122,123
http://cdo.keu.kz/content/8801/8876/1rub.htm,,,,,,,,,,,,,,,,,,,,,,,,,,,,,,,,,,,,,,,,,,,,,,,,,,,,,,,,,,,,,,,,,,,,,,,,,,,,,,,,,,,,,,,,,,,,,,,,,,,,,,,,,,,,,,,,,,,,,,,,,,,
http://cdo.keu.kz/content/8802/8877/2rub.files/filelist.xml,http://cdo.keu.kz/content/8802/8877/2rub.files/header.htm,http://cdo.keu.kz/content/8802/8877/2rub.htm,,,,,,,,,,,,,,,,,,,,,,,,,,,,,,,,,,,,,,,,,,,,,,,,,,,,,,,,,,,,,,,,,,,,,,,,,,,,,,,,,,,,,,,,,,,,,,,,,,,,,,,,,,,,,,,,,,,,,,,,,
http://cdo.keu.kz/content/8803/8878/itog.files/filelist.xml,http://cdo.keu.kz/content/8803/8878/itog.files/header.htm,http://cdo.keu.kz/content/8803/8878/itog.htm,,,,,,,,,,,,,,,,,,,,,,,,,,,,,,,,,,,,,,,,,,,,,,,,,,,,,,,,,,,,,,,,,,,,,,,,,,,,,,,,,,,,,,,,,,,,,,,,,,,,,,,,,,,,,,,,,,,,,,,,,
http://cdo.keu.kz/content/8804/8879/1rub.01.11.10.htm,,,,,,,,,,,,,,,,,,,,,,,,,,,,,,,,,,,,,,,,,,,,,,,,,,,,,,,,,,,,,,,,,,,,,,,,,,,,,,,,,,,,,,,,,,,,,,,,,,,,,,,,,,,,,,,,,,,,,,,,,,,
http://cdo.keu.kz/content/8805/8880/2rub.01.11.10.htm,,,,,,,,,,,,,,,,,,,,,,,,,,,,,,,,,,,,,,,,,,,,,,,,,,,,,,,,,,,,,,,,,,,,,,,,,,,,,,,,,,,,,,,,,,,,,,,,,,,,,,,,,,,,,,,,,,,,,,,,,,,
http://cdo.keu.kz/content/8806/8881/itog.01.11.10.htm,,,,,,,,,,,,,,,,,,,,,,,,,,,,,,,,,,,,,,,,,,,,,,,,,,,,,,,,,,,,,,,,,,,,,,,,,,,,,,,,,,,,,,,,,,,,,,,,,,,,,,,,,,,,,,,,,,,,,,,,,,,
http://cdo.keu.kz/content/8807/8882/25972/25972.htm,http://cdo.keu.kz/content/8807/8882/25973/25973.htm,http://cdo.keu.kz/content/8807/8882/25974/25974.htm,http://cdo.keu.kz/content/8807/8882/25975/25975.htm,http://cdo.keu.kz/content/8807/8882/25976/25976.htm,http://cdo.keu.kz/content/8807/8882/25977/25977.htm,http://cdo.keu.kz/content/8807/8882/25978/25978.htm,http://cdo.keu.kz/content/8807/8882/25979/25979.htm,http://cdo.keu.kz/content/8807/8882/25980/25980.htm,http://cdo.keu.kz/content/8807/8882/25981/25981.htm,http://cdo.keu.kz/content/8807/8882/25982/25982.htm,http://cdo.keu.kz/content/8807/8882/25983/25983.htm,http://cdo.keu.kz/content/8807/8882/25984/25984.htm,http://cdo.keu.kz/content/8807/8882/25985/25985.htm,http://cdo.keu.kz/content/8807/8882/25986/25986.htm,http://cdo.keu.kz/content/8807/8882/8882.htm,http://cdo.keu.kz/content/8807/8882/lek01.11.10.files/image001.gif,http://cdo.keu.kz/content/8807/8882/lek01.11.10.files/image002.gif,http://cdo.keu.kz/content/8807/8882/lek01.11.10.files/image003.gif,http://cdo.keu.kz/content/8807/8882/lek01.11.10.files/image004.gif,http://cdo.keu.kz/content/8807/8882/lek01.11.10.files/image005.gif,,,,,,,,,,,,,,,,,,,,,,,,,,,,,,,,,,,,,,,,,,,,,,,,,,,,,,,,,,,,,,,,,,,,,,,,,,,,,,,,,,,,,,,,,,,,,,,,,,,,,,,
http://cdo.keu.kz/content/8808/8883/25987/25987.htm,http://cdo.keu.kz/content/8808/8883/25988/25988.htm,http://cdo.keu.kz/content/8808/8883/25989/25989.htm,http://cdo.keu.kz/content/8808/8883/25990/25990.htm,http://cdo.keu.kz/content/8808/8883/25991/25991.htm,http://cdo.keu.kz/content/8808/8883/25992/25992.htm,http://cdo.keu.kz/content/8808/8883/25993/25993.htm,http://cdo.keu.kz/content/8808/8883/25994/25994.htm,http://cdo.keu.kz/content/8808/8883/25995/25995.htm,http://cdo.keu.kz/content/8808/8883/25996/25996.htm,http://cdo.keu.kz/content/8808/8883/25997/25997.htm,http://cdo.keu.kz/content/8808/8883/25998/25998.htm,http://cdo.keu.kz/content/8808/8883/25999/25999.htm,http://cdo.keu.kz/content/8808/8883/26000/26000.htm,http://cdo.keu.kz/content/8808/8883/26001/26001.htm,http://cdo.keu.kz/content/8808/8883/8883.htm,http://cdo.keu.kz/content/8808/8883/lek1.11.2010.files/image001.gif,http://cdo.keu.kz/content/8808/8883/lek1.11.2010.files/image002.jpg,http://cdo.keu.kz/content/8808/8883/lek1.11.2010.files/image003.gif,http://cdo.keu.kz/content/8808/8883/lek1.11.2010.files/image004.gif,http://cdo.keu.kz/content/8808/8883/lek1.11.2010.files/image005.gif,http://cdo.keu.kz/content/8808/8883/lek1.11.2010.files/image006.gif,http://cdo.keu.kz/content/8808/8883/lek1.11.2010.files/image007.gif,http://cdo.keu.kz/content/8808/8883/lek1.11.2010.files/image008.jpg,http://cdo.keu.kz/content/8808/8883/lek1.11.2010.files/image009.gif,http://cdo.keu.kz/content/8808/8883/lek1.11.2010.files/image010.jpg,http://cdo.keu.kz/content/8808/8883/lek1.11.2010.files/image011.gif,http://cdo.keu.kz/content/8808/8883/lek1.11.2010.files/image012.gif,http://cdo.keu.kz/content/8808/8883/lek1.11.2010.files/image013.gif,http://cdo.keu.kz/content/8808/8883/lek1.11.2010.files/image014.gif,http://cdo.keu.kz/content/8808/8883/lek1.11.2010.files/image015.gif,http://cdo.keu.kz/content/8808/8883/lek1.11.2010.files/image016.gif,http://cdo.keu.kz/content/8808/8883/lek1.11.2010.files/image017.gif,,,,,,,,,,,,,,,,,,,,,,,,,,,,,,,,,,,,,,,,,,,,,,,,,,,,,,,,,,,,,,,,,,,,,,,,,,,,,,,,,,,,,,,,,,,
http://cdo.keu.kz/content/8809/8884/1rub1.11.2010.files/colorschememapping.xml,http://cdo.keu.kz/content/8809/8884/1rub1.11.2010.files/filelist.xml,http://cdo.keu.kz/content/8809/8884/1rub1.11.2010.files/themedata.thmx,http://cdo.keu.kz/content/8809/8884/1rub1.11.2010.htm,,,,,,,,,,,,,,,,,,,,,,,,,,,,,,,,,,,,,,,,,,,,,,,,,,,,,,,,,,,,,,,,,,,,,,,,,,,,,,,,,,,,,,,,,,,,,,,,,,,,,,,,,,,,,,,,,,,,,,,,
http://cdo.keu.kz/content/8810/8885/2rub1.11.2010.files/colorschememapping.xml,http://cdo.keu.kz/content/8810/8885/2rub1.11.2010.files/filelist.xml,http://cdo.keu.kz/content/8810/8885/2rub1.11.2010.files/themedata.thmx,http://cdo.keu.kz/content/8810/8885/2rub1.11.2010.htm,,,,,,,,,,,,,,,,,,,,,,,,,,,,,,,,,,,,,,,,,,,,,,,,,,,,,,,,,,,,,,,,,,,,,,,,,,,,,,,,,,,,,,,,,,,,,,,,,,,,,,,,,,,,,,,,,,,,,,,,
http://cdo.keu.kz/content/8811/8886/itog1.11.2010.files/colorschememapping.xml,http://cdo.keu.kz/content/8811/8886/itog1.11.2010.files/filelist.xml,http://cdo.keu.kz/content/8811/8886/itog1.11.2010.files/image001.jpg,http://cdo.keu.kz/content/8811/8886/itog1.11.2010.files/themedata.thmx,http://cdo.keu.kz/content/8811/8886/itog1.11.2010.htm,,,,,,,,,,,,,,,,,,,,,,,,,,,,,,,,,,,,,,,,,,,,,,,,,,,,,,,,,,,,,,,,,,,,,,,,,,,,,,,,,,,,,,,,,,,,,,,,,,,,,,,,,,,,,,,,,,,,,,,
http://cdo.keu.kz/content/8812/8887/26002/26002.htm,http://cdo.keu.kz/content/8812/8887/26003/26003.htm,http://cdo.keu.kz/content/8812/8887/26004/26004.htm,http://cdo.keu.kz/content/8812/8887/26005/26005.htm,http://cdo.keu.kz/content/8812/8887/8887.htm,http://cdo.keu.kz/content/8812/8887/lek.files/filelist.xml,http://cdo.keu.kz/content/8812/8887/lek.files/header.htm,http://cdo.keu.kz/content/8812/8887/lek.files/image001.emz,http://cdo.keu.kz/content/8812/8887/lek.files/image002.gif,http://cdo.keu.kz/content/8812/8887/lek.files/image003.emz,http://cdo.keu.kz/content/8812/8887/lek.files/image004.gif,http://cdo.keu.kz/content/8812/8887/lek.files/image005.png,http://cdo.keu.kz/content/8812/8887/lek.files/image006.jpg,http://cdo.keu.kz/content/8812/8887/lek.files/oledata.mso,,,,,,,,,,,,,,,,,,,,,,,,,,,,,,,,,,,,,,,,,,,,,,,,,,,,,,,,,,,,,,,,,,,,,,,,,,,,,,,,,,,,,,,,,,,,,,,,,,,,,,,,,,,,,,
http://cdo.keu.kz/content/8813/8888/1rub.htm,,,,,,,,,,,,,,,,,,,,,,,,,,,,,,,,,,,,,,,,,,,,,,,,,,,,,,,,,,,,,,,,,,,,,,,,,,,,,,,,,,,,,,,,,,,,,,,,,,,,,,,,,,,,,,,,,,,,,,,,,,,
http://cdo.keu.kz/content/8814/8889/2rub.htm,,,,,,,,,,,,,,,,,,,,,,,,,,,,,,,,,,,,,,,,,,,,,,,,,,,,,,,,,,,,,,,,,,,,,,,,,,,,,,,,,,,,,,,,,,,,,,,,,,,,,,,,,,,,,,,,,,,,,,,,,,,
http://cdo.keu.kz/content/8815/8890/itog.htm,,,,,,,,,,,,,,,,,,,,,,,,,,,,,,,,,,,,,,,,,,,,,,,,,,,,,,,,,,,,,,,,,,,,,,,,,,,,,,,,,,,,,,,,,,,,,,,,,,,,,,,,,,,,,,,,,,,,,,,,,,,
http://cdo.keu.kz/content/8816/8891/26006/26006.htm,http://cdo.keu.kz/content/8816/8891/26007/26007.htm,http://cdo.keu.kz/content/8816/8891/26008/26008.htm,http://cdo.keu.kz/content/8816/8891/26009/26009.htm,http://cdo.keu.kz/content/8816/8891/26010/26010.htm,http://cdo.keu.kz/content/8816/8891/26011/26011.htm,http://cdo.keu.kz/content/8816/8891/26012/26012.htm,http://cdo.keu.kz/content/8816/8891/26013/26013.htm,http://cdo.keu.kz/content/8816/8891/26014/26014.htm,http://cdo.keu.kz/content/8816/8891/26015/26015.htm,http://cdo.keu.kz/content/8816/8891/26016/26016.htm,http://cdo.keu.kz/content/8816/8891/26017/26017.htm,http://cdo.keu.kz/content/8816/8891/26018/26018.htm,http://cdo.keu.kz/content/8816/8891/26019/26019.htm,http://cdo.keu.kz/content/8816/8891/8891.htm,http://cdo.keu.kz/content/8816/8891/lek1.11.2010.files/image001.gif,http://cdo.keu.kz/content/8816/8891/lek1.11.2010.files/image002.gif,http://cdo.keu.kz/content/8816/8891/lek1.11.2010.files/image003.gif,http://cdo.keu.kz/content/8816/8891/lek1.11.2010.files/image004.gif,http://cdo.keu.kz/content/8816/8891/lek1.11.2010.files/image005.gif,http://cdo.keu.kz/content/8816/8891/lek1.11.2010.files/image006.gif,http://cdo.keu.kz/content/8816/8891/lek1.11.2010.files/image007.gif,http://cdo.keu.kz/content/8816/8891/lek1.11.2010.files/image008.gif,http://cdo.keu.kz/content/8816/8891/lek1.11.2010.files/image009.gif,http://cdo.keu.kz/content/8816/8891/lek1.11.2010.files/image010.gif,http://cdo.keu.kz/content/8816/8891/lek1.11.2010.files/image011.gif,http://cdo.keu.kz/content/8816/8891/lek1.11.2010.files/image012.gif,http://cdo.keu.kz/content/8816/8891/lek1.11.2010.files/image013.gif,http://cdo.keu.kz/content/8816/8891/lek1.11.2010.files/image014.gif,http://cdo.keu.kz/content/8816/8891/lek1.11.2010.files/image015.gif,http://cdo.keu.kz/content/8816/8891/lek1.11.2010.files/image016.gif,http://cdo.keu.kz/content/8816/8891/lek1.11.2010.files/image017.gif,http://cdo.keu.kz/content/8816/8891/lek1.11.2010.files/image018.gif,http://cdo.keu.kz/content/8816/8891/lek1.11.2010.files/image019.gif,http://cdo.keu.kz/content/8816/8891/lek1.11.2010.files/image020.gif,http://cdo.keu.kz/content/8816/8891/lek1.11.2010.files/image021.gif,http://cdo.keu.kz/content/8816/8891/lek1.11.2010.files/image022.gif,http://cdo.keu.kz/content/8816/8891/lek1.11.2010.files/image023.gif,http://cdo.keu.kz/content/8816/8891/lek1.11.2010.files/image024.gif,http://cdo.keu.kz/content/8816/8891/lek1.11.2010.files/image025.gif,http://cdo.keu.kz/content/8816/8891/lek1.11.2010.files/image026.gif,http://cdo.keu.kz/content/8816/8891/lek1.11.2010.files/image027.gif,http://cdo.keu.kz/content/8816/8891/lek1.11.2010.files/image028.gif,http://cdo.keu.kz/content/8816/8891/lek1.11.2010.files/image029.gif,http://cdo.keu.kz/content/8816/8891/lek1.11.2010.files/image030.gif,http://cdo.keu.kz/content/8816/8891/lek1.11.2010.files/image031.gif,http://cdo.keu.kz/content/8816/8891/lek1.11.2010.files/image032.gif,http://cdo.keu.kz/content/8816/8891/lek1.11.2010.files/image033.gif,http://cdo.keu.kz/content/8816/8891/lek1.11.2010.files/image034.gif,http://cdo.keu.kz/content/8816/8891/lek1.11.2010.files/image035.gif,http://cdo.keu.kz/content/8816/8891/lek1.11.2010.files/image036.gif,http://cdo.keu.kz/content/8816/8891/lek1.11.2010.files/image037.gif,http://cdo.keu.kz/content/8816/8891/lek1.11.2010.files/image038.gif,http://cdo.keu.kz/content/8816/8891/lek1.11.2010.files/image039.gif,http://cdo.keu.kz/content/8816/8891/lek1.11.2010.files/image040.gif,http://cdo.keu.kz/content/8816/8891/lek1.11.2010.files/image041.gif,http://cdo.keu.kz/content/8816/8891/lek1.11.2010.files/image042.gif,http://cdo.keu.kz/content/8816/8891/lek1.11.2010.files/image043.gif,http://cdo.keu.kz/content/8816/8891/lek1.11.2010.files/image044.gif,http://cdo.keu.kz/content/8816/8891/lek1.11.2010.files/image045.gif,http://cdo.keu.kz/content/8816/8891/lek1.11.2010.files/image046.gif,http://cdo.keu.kz/content/8816/8891/lek1.11.2010.files/image047.gif,http://cdo.keu.kz/content/8816/8891/lek1.11.2010.files/image048.gif,http://cdo.keu.kz/content/8816/8891/lek1.11.2010.files/image049.gif,http://cdo.keu.kz/content/8816/8891/lek1.11.2010.files/image050.gif,http://cdo.keu.kz/content/8816/8891/lek1.11.2010.files/image051.gif,http://cdo.keu.kz/content/8816/8891/lek1.11.2010.files/image052.gif,http://cdo.keu.kz/content/8816/8891/lek1.11.2010.files/image053.gif,http://cdo.keu.kz/content/8816/8891/lek1.11.2010.files/image054.gif,http://cdo.keu.kz/content/8816/8891/lek1.11.2010.files/image055.gif,http://cdo.keu.kz/content/8816/8891/lek1.11.2010.files/image056.gif,http://cdo.keu.kz/content/8816/8891/lek1.11.2010.files/image057.gif,http://cdo.keu.kz/content/8816/8891/lek1.11.2010.files/image058.gif,http://cdo.keu.kz/content/8816/8891/lek1.11.2010.files/image059.gif,http://cdo.keu.kz/content/8816/8891/lek1.11.2010.files/image060.gif,http://cdo.keu.kz/content/8816/8891/lek1.11.2010.files/image061.gif,http://cdo.keu.kz/content/8816/8891/lek1.11.2010.files/image062.gif,http://cdo.keu.kz/content/8816/8891/lek1.11.2010.files/image063.gif,http://cdo.keu.kz/content/8816/8891/lek1.11.2010.files/image064.gif,http://cdo.keu.kz/content/8816/8891/lek1.11.2010.files/image065.gif,http://cdo.keu.kz/content/8816/8891/lek1.11.2010.files/image066.gif,http://cdo.keu.kz/content/8816/8891/lek1.11.2010.files/image067.gif,http://cdo.keu.kz/content/8816/8891/lek1.11.2010.files/image068.gif,http://cdo.keu.kz/content/8816/8891/lek1.11.2010.files/image069.gif,http://cdo.keu.kz/content/8816/8891/lek1.11.2010.files/image070.gif,http://cdo.keu.kz/content/8816/8891/lek1.11.2010.files/image071.gif,http://cdo.keu.kz/content/8816/8891/lek1.11.2010.files/image072.gif,http://cdo.keu.kz/content/8816/8891/lek1.11.2010.files/image073.gif,http://cdo.keu.kz/content/8816/8891/lek1.11.2010.files/image074.gif,http://cdo.keu.kz/content/8816/8891/lek1.11.2010.files/image075.gif,http://cdo.keu.kz/content/8816/8891/lek1.11.2010.files/image076.gif,http://cdo.keu.kz/content/8816/8891/lek1.11.2010.files/image077.gif,http://cdo.keu.kz/content/8816/8891/lek1.11.2010.files/image078.gif,http://cdo.keu.kz/content/8816/8891/lek1.11.2010.files/image079.gif,http://cdo.keu.kz/content/8816/8891/lek1.11.2010.files/image080.gif,http://cdo.keu.kz/content/8816/8891/lek1.11.2010.files/image081.gif,http://cdo.keu.kz/content/8816/8891/lek1.11.2010.files/image082.gif,http://cdo.keu.kz/content/8816/8891/lek1.11.2010.files/image083.gif,http://cdo.keu.kz/content/8816/8891/lek1.11.2010.files/image084.gif,http://cdo.keu.kz/content/8816/8891/lek1.11.2010.files/image085.gif,http://cdo.keu.kz/content/8816/8891/lek1.11.2010.files/image086.gif,http://cdo.keu.kz/content/8816/8891/lek1.11.2010.files/image087.gif,http://cdo.keu.kz/content/8816/8891/lek1.11.2010.files/image088.gif,http://cdo.keu.kz/content/8816/8891/lek1.11.2010.files/image089.gif,http://cdo.keu.kz/content/8816/8891/lek1.11.2010.files/image090.gif,http://cdo.keu.kz/content/8816/8891/lek1.11.2010.files/image091.gif,http://cdo.keu.kz/content/8816/8891/lek1.11.2010.files/image092.gif,http://cdo.keu.kz/content/8816/8891/lek1.11.2010.files/image093.gif,http://cdo.keu.kz/content/8816/8891/lek1.11.2010.files/image094.gif,http://cdo.keu.kz/content/8816/8891/lek1.11.2010.files/image095.gif,http://cdo.keu.kz/content/8816/8891/lek1.11.2010.files/image096.gif,http://cdo.keu.kz/content/8816/8891/lek1.11.2010.files/image097.gif,http://cdo.keu.kz/content/8816/8891/lek1.11.2010.files/image098.gif,http://cdo.keu.kz/content/8816/8891/lek1.11.2010.files/image099.gif,http://cdo.keu.kz/content/8816/8891/lek1.11.2010.files/image100.gif,http://cdo.keu.kz/content/8816/8891/lek1.11.2010.files/image101.gif,http://cdo.keu.kz/content/8816/8891/lek1.11.2010.files/image102.gif,http://cdo.keu.kz/content/8816/8891/lek1.11.2010.files/image103.gif,http://cdo.keu.kz/content/8816/8891/lek1.11.2010.files/image104.gif,http://cdo.keu.kz/content/8816/8891/lek1.11.2010.files/image105.gif,http://cdo.keu.kz/content/8816/8891/lek1.11.2010.files/image106.gif,http://cdo.keu.kz/content/8816/8891/lek1.11.2010.files/image107.gif,http://cdo.keu.kz/content/8816/8891/lek1.11.2010.files/image108.gif,http://cdo.keu.kz/content/8816/8891/lek1.11.2010.files/image109.gif
http://cdo.keu.kz/content/8817/8892/26020/26020.htm,http://cdo.keu.kz/content/8817/8892/26021/26021.htm,http://cdo.keu.kz/content/8817/8892/26022/26022.htm,http://cdo.keu.kz/content/8817/8892/26023/26023.htm,http://cdo.keu.kz/content/8817/8892/26024/26024.htm,http://cdo.keu.kz/content/8817/8892/26025/26025.htm,http://cdo.keu.kz/content/8817/8892/26026/26026.htm,http://cdo.keu.kz/content/8817/8892/26027/26027.htm,http://cdo.keu.kz/content/8817/8892/26028/26028.htm,http://cdo.keu.kz/content/8817/8892/26029/26029.htm,http://cdo.keu.kz/content/8817/8892/26030/26030.htm,http://cdo.keu.kz/content/8817/8892/26031/26031.htm,http://cdo.keu.kz/content/8817/8892/26032/26032.htm,http://cdo.keu.kz/content/8817/8892/26033/26033.htm,http://cdo.keu.kz/content/8817/8892/26034/26034.htm,http://cdo.keu.kz/content/8817/8892/8892.htm,,,,,,,,,,,,,,,,,,,,,,,,,,,,,,,,,,,,,,,,,,,,,,,,,,,,,,,,,,,,,,,,,,,,,,,,,,,,,,,,,,,,,,,,,,,,,,,,,,,,,,,,,,,,
http://cdo.keu.kz/content/8818/8893/1rub.htm,,,,,,,,,,,,,,,,,,,,,,,,,,,,,,,,,,,,,,,,,,,,,,,,,,,,,,,,,,,,,,,,,,,,,,,,,,,,,,,,,,,,,,,,,,,,,,,,,,,,,,,,,,,,,,,,,,,,,,,,,,,
http://cdo.keu.kz/content/8819/8894/2rub.htm,,,,,,,,,,,,,,,,,,,,,,,,,,,,,,,,,,,,,,,,,,,,,,,,,,,,,,,,,,,,,,,,,,,,,,,,,,,,,,,,,,,,,,,,,,,,,,,,,,,,,,,,,,,,,,,,,,,,,,,,,,,
http://cdo.keu.kz/content/8820/8895/itog.htm,,,,,,,,,,,,,,,,,,,,,,,,,,,,,,,,,,,,,,,,,,,,,,,,,,,,,,,,,,,,,,,,,,,,,,,,,,,,,,,,,,,,,,,,,,,,,,,,,,,,,,,,,,,,,,,,,,,,,,,,,,,
http://cdo.keu.kz/content/8821/8896/26035/26035.htm,http://cdo.keu.kz/content/8821/8896/26036/26036.htm,http://cdo.keu.kz/content/8821/8896/26037/26037.htm,http://cdo.keu.kz/content/8821/8896/26038/26038.htm,http://cdo.keu.kz/content/8821/8896/26039/26039.htm,http://cdo.keu.kz/content/8821/8896/26040/26040.htm,http://cdo.keu.kz/content/8821/8896/26041/26041.htm,http://cdo.keu.kz/content/8821/8896/26042/26042.htm,http://cdo.keu.kz/content/8821/8896/26043/26043.htm,http://cdo.keu.kz/content/8821/8896/26044/26044.htm,http://cdo.keu.kz/content/8821/8896/26045/26045.htm,http://cdo.keu.kz/content/8821/8896/26046/26046.htm,http://cdo.keu.kz/content/8821/8896/26047/26047.htm,http://cdo.keu.kz/content/8821/8896/26048/26048.htm,http://cdo.keu.kz/content/8821/8896/26049/26049.htm,http://cdo.keu.kz/content/8821/8896/8896.htm,,,,,,,,,,,,,,,,,,,,,,,,,,,,,,,,,,,,,,,,,,,,,,,,,,,,,,,,,,,,,,,,,,,,,,,,,,,,,,,,,,,,,,,,,,,,,,,,,,,,,,,,,,,,
http://cdo.keu.kz/content/8822/8897/26050/26050.htm,http://cdo.keu.kz/content/8822/8897/26051/26051.htm,http://cdo.keu.kz/content/8822/8897/26052/26052.htm,http://cdo.keu.kz/content/8822/8897/26053/26053.htm,http://cdo.keu.kz/content/8822/8897/26054/26054.htm,http://cdo.keu.kz/content/8822/8897/26055/26055.htm,http://cdo.keu.kz/content/8822/8897/26056/26056.htm,http://cdo.keu.kz/content/8822/8897/26057/26057.htm,http://cdo.keu.kz/content/8822/8897/26058/26058.htm,http://cdo.keu.kz/content/8822/8897/26059/26059.htm,http://cdo.keu.kz/content/8822/8897/26060/26060.htm,http://cdo.keu.kz/content/8822/8897/26061/26061.htm,http://cdo.keu.kz/content/8822/8897/26062/26062.htm,http://cdo.keu.kz/content/8822/8897/26063/26063.htm,http://cdo.keu.kz/content/8822/8897/26064/26064.htm,http://cdo.keu.kz/content/8822/8897/8897.htm,http://cdo.keu.kz/content/8822/8897/lek.files/filelist.xml,http://cdo.keu.kz/content/8822/8897/lek.files/image001.png,http://cdo.keu.kz/content/8822/8897/lek.files/image002.jpg,http://cdo.keu.kz/content/8822/8897/lek.files/image003.wmz,http://cdo.keu.kz/content/8822/8897/lek.files/image004.gif,http://cdo.keu.kz/content/8822/8897/lek.files/oledata.mso,,,,,,,,,,,,,,,,,,,,,,,,,,,,,,,,,,,,,,,,,,,,,,,,,,,,,,,,,,,,,,,,,,,,,,,,,,,,,,,,,,,,,,,,,,,,,,,,,,,,,,
http://cdo.keu.kz/content/8823/8898/1rub.htm,,,,,,,,,,,,,,,,,,,,,,,,,,,,,,,,,,,,,,,,,,,,,,,,,,,,,,,,,,,,,,,,,,,,,,,,,,,,,,,,,,,,,,,,,,,,,,,,,,,,,,,,,,,,,,,,,,,,,,,,,,,
http://cdo.keu.kz/content/8824/8899/2rub.htm,,,,,,,,,,,,,,,,,,,,,,,,,,,,,,,,,,,,,,,,,,,,,,,,,,,,,,,,,,,,,,,,,,,,,,,,,,,,,,,,,,,,,,,,,,,,,,,,,,,,,,,,,,,,,,,,,,,,,,,,,,,
http://cdo.keu.kz/content/8825/8900/itog.htm,,,,,,,,,,,,,,,,,,,,,,,,,,,,,,,,,,,,,,,,,,,,,,,,,,,,,,,,,,,,,,,,,,,,,,,,,,,,,,,,,,,,,,,,,,,,,,,,,,,,,,,,,,,,,,,,,,,,,,,,,,,
http://cdo.keu.kz/content/8826/8901/1rub.htm,,,,,,,,,,,,,,,,,,,,,,,,,,,,,,,,,,,,,,,,,,,,,,,,,,,,,,,,,,,,,,,,,,,,,,,,,,,,,,,,,,,,,,,,,,,,,,,,,,,,,,,,,,,,,,,,,,,,,,,,,,,
http://cdo.keu.kz/content/8827/8902/2rub.htm,,,,,,,,,,,,,,,,,,,,,,,,,,,,,,,,,,,,,,,,,,,,,,,,,,,,,,,,,,,,,,,,,,,,,,,,,,,,,,,,,,,,,,,,,,,,,,,,,,,,,,,,,,,,,,,,,,,,,,,,,,,
http://cdo.keu.kz/content/8828/8903/itog.htm,,,,,,,,,,,,,,,,,,,,,,,,,,,,,,,,,,,,,,,,,,,,,,,,,,,,,,,,,,,,,,,,,,,,,,,,,,,,,,,,,,,,,,,,,,,,,,,,,,,,,,,,,,,,,,,,,,,,,,,,,,,
http://cdo.keu.kz/content/8829/8904/1rub.htm,,,,,,,,,,,,,,,,,,,,,,,,,,,,,,,,,,,,,,,,,,,,,,,,,,,,,,,,,,,,,,,,,,,,,,,,,,,,,,,,,,,,,,,,,,,,,,,,,,,,,,,,,,,,,,,,,,,,,,,,,,,
http://cdo.keu.kz/content/8830/8905/2rub.htm,,,,,,,,,,,,,,,,,,,,,,,,,,,,,,,,,,,,,,,,,,,,,,,,,,,,,,,,,,,,,,,,,,,,,,,,,,,,,,,,,,,,,,,,,,,,,,,,,,,,,,,,,,,,,,,,,,,,,,,,,,,
http://cdo.keu.kz/content/8831/8906/itog.htm,,,,,,,,,,,,,,,,,,,,,,,,,,,,,,,,,,,,,,,,,,,,,,,,,,,,,,,,,,,,,,,,,,,,,,,,,,,,,,,,,,,,,,,,,,,,,,,,,,,,,,,,,,,,,,,,,,,,,,,,,,,
http://cdo.keu.kz/content/8832/8907/itog.htm,,,,,,,,,,,,,,,,,,,,,,,,,,,,,,,,,,,,,,,,,,,,,,,,,,,,,,,,,,,,,,,,,,,,,,,,,,,,,,,,,,,,,,,,,,,,,,,,,,,,,,,,,,,,,,,,,,,,,,,,,,,
http://cdo.keu.kz/content/8833/8908/26065/26065.htm,http://cdo.keu.kz/content/8833/8908/26066/26066.htm,http://cdo.keu.kz/content/8833/8908/26067/26067.htm,http://cdo.keu.kz/content/8833/8908/26068/26068.htm,http://cdo.keu.kz/content/8833/8908/26069/26069.htm,http://cdo.keu.kz/content/8833/8908/26070/26070.htm,http://cdo.keu.kz/content/8833/8908/26071/26071.htm,http://cdo.keu.kz/content/8833/8908/26072/26072.htm,http://cdo.keu.kz/content/8833/8908/26073/26073.htm,http://cdo.keu.kz/content/8833/8908/26074/26074.htm,http://cdo.keu.kz/content/8833/8908/26075/26075.htm,http://cdo.keu.kz/content/8833/8908/26076/26076.htm,http://cdo.keu.kz/content/8833/8908/26077/26077.htm,http://cdo.keu.kz/content/8833/8908/26078/26078.htm,http://cdo.keu.kz/content/8833/8908/26079/26079.htm,http://cdo.keu.kz/content/8833/8908/8908.htm,,,,,,,,,,,,,,,,,,,,,,,,,,,,,,,,,,,,,,,,,,,,,,,,,,,,,,,,,,,,,,,,,,,,,,,,,,,,,,,,,,,,,,,,,,,,,,,,,,,,,,,,,,,,
http://cdo.keu.kz/content/8834/8909/26080/26080.htm,http://cdo.keu.kz/content/8834/8909/26081/26081.htm,http://cdo.keu.kz/content/8834/8909/26082/26082.htm,http://cdo.keu.kz/content/8834/8909/26083/26083.htm,http://cdo.keu.kz/content/8834/8909/26084/26084.htm,http://cdo.keu.kz/content/8834/8909/26085/26085.htm,http://cdo.keu.kz/content/8834/8909/26086/26086.htm,http://cdo.keu.kz/content/8834/8909/26087/26087.htm,http://cdo.keu.kz/content/8834/8909/26088/26088.htm,http://cdo.keu.kz/content/8834/8909/26089/26089.htm,http://cdo.keu.kz/content/8834/8909/26090/26090.htm,http://cdo.keu.kz/content/8834/8909/26091/26091.htm,http://cdo.keu.kz/content/8834/8909/26092/26092.htm,http://cdo.keu.kz/content/8834/8909/26093/26093.htm,http://cdo.keu.kz/content/8834/8909/26094/26094.htm,http://cdo.keu.kz/content/8834/8909/8909.htm,,,,,,,,,,,,,,,,,,,,,,,,,,,,,,,,,,,,,,,,,,,,,,,,,,,,,,,,,,,,,,,,,,,,,,,,,,,,,,,,,,,,,,,,,,,,,,,,,,,,,,,,,,,,
http://cdo.keu.kz/content/8835/8910/26095/26095.htm,http://cdo.keu.kz/content/8835/8910/26096/26096.htm,http://cdo.keu.kz/content/8835/8910/26097/26097.htm,http://cdo.keu.kz/content/8835/8910/26098/26098.htm,http://cdo.keu.kz/content/8835/8910/26099/26099.htm,http://cdo.keu.kz/content/8835/8910/26100/26100.htm,http://cdo.keu.kz/content/8835/8910/26101/26101.htm,http://cdo.keu.kz/content/8835/8910/26102/26102.htm,http://cdo.keu.kz/content/8835/8910/26103/26103.htm,http://cdo.keu.kz/content/8835/8910/26104/26104.htm,http://cdo.keu.kz/content/8835/8910/26105/26105.htm,http://cdo.keu.kz/content/8835/8910/26106/26106.htm,http://cdo.keu.kz/content/8835/8910/26107/26107.htm,http://cdo.keu.kz/content/8835/8910/26108/26108.htm,http://cdo.keu.kz/content/8835/8910/26109/26109.htm,http://cdo.keu.kz/content/8835/8910/8910.htm,http://cdo.keu.kz/content/8835/8910/lek.files/filelist.xml,http://cdo.keu.kz/content/8835/8910/lek.files/header.htm,http://cdo.keu.kz/content/8835/8910/lek.files/image001.gif,,,,,,,,,,,,,,,,,,,,,,,,,,,,,,,,,,,,,,,,,,,,,,,,,,,,,,,,,,,,,,,,,,,,,,,,,,,,,,,,,,,,,,,,,,,,,,,,,,,,,,,,,
http://cdo.keu.kz/content/8836/8911/26110/26110.htm,http://cdo.keu.kz/content/8836/8911/26111/26111.htm,http://cdo.keu.kz/content/8836/8911/26112/26112.htm,http://cdo.keu.kz/content/8836/8911/26113/26113.htm,http://cdo.keu.kz/content/8836/8911/26114/26114.htm,http://cdo.keu.kz/content/8836/8911/26115/26115.htm,http://cdo.keu.kz/content/8836/8911/26116/26116.htm,http://cdo.keu.kz/content/8836/8911/26117/26117.htm,http://cdo.keu.kz/content/8836/8911/26118/26118.htm,http://cdo.keu.kz/content/8836/8911/26119/26119.htm,http://cdo.keu.kz/content/8836/8911/26120/26120.htm,http://cdo.keu.kz/content/8836/8911/26121/26121.htm,http://cdo.keu.kz/content/8836/8911/26122/26122.htm,http://cdo.keu.kz/content/8836/8911/26123/26123.htm,http://cdo.keu.kz/content/8836/8911/26124/26124.htm,http://cdo.keu.kz/content/8836/8911/8911.htm,http://cdo.keu.kz/content/8836/8911/lek.files/filelist.xml,http://cdo.keu.kz/content/8836/8911/lek.files/image001.gif,,,,,,,,,,,,,,,,,,,,,,,,,,,,,,,,,,,,,,,,,,,,,,,,,,,,,,,,,,,,,,,,,,,,,,,,,,,,,,,,,,,,,,,,,,,,,,,,,,,,,,,,,,
http://cdo.keu.kz/content/8837/8912/1rub.htm,,,,,,,,,,,,,,,,,,,,,,,,,,,,,,,,,,,,,,,,,,,,,,,,,,,,,,,,,,,,,,,,,,,,,,,,,,,,,,,,,,,,,,,,,,,,,,,,,,,,,,,,,,,,,,,,,,,,,,,,,,,
http://cdo.keu.kz/content/8838/8913/2rub.htm,,,,,,,,,,,,,,,,,,,,,,,,,,,,,,,,,,,,,,,,,,,,,,,,,,,,,,,,,,,,,,,,,,,,,,,,,,,,,,,,,,,,,,,,,,,,,,,,,,,,,,,,,,,,,,,,,,,,,,,,,,,
http://cdo.keu.kz/content/8839/8914/itog.htm,,,,,,,,,,,,,,,,,,,,,,,,,,,,,,,,,,,,,,,,,,,,,,,,,,,,,,,,,,,,,,,,,,,,,,,,,,,,,,,,,,,,,,,,,,,,,,,,,,,,,,,,,,,,,,,,,,,,,,,,,,,
http://cdo.keu.kz/content/8840/8915/26125/26125.htm,http://cdo.keu.kz/content/8840/8915/26126/26126.htm,http://cdo.keu.kz/content/8840/8915/26127/26127.htm,http://cdo.keu.kz/content/8840/8915/26128/26128.htm,http://cdo.keu.kz/content/8840/8915/26129/26129.htm,http://cdo.keu.kz/content/8840/8915/26130/26130.htm,http://cdo.keu.kz/content/8840/8915/26131/26131.htm,http://cdo.keu.kz/content/8840/8915/26132/26132.htm,http://cdo.keu.kz/content/8840/8915/26133/26133.htm,http://cdo.keu.kz/content/8840/8915/26134/26134.htm,http://cdo.keu.kz/content/8840/8915/26135/26135.htm,http://cdo.keu.kz/content/8840/8915/26136/26136.htm,http://cdo.keu.kz/content/8840/8915/26137/26137.htm,http://cdo.keu.kz/content/8840/8915/26138/26138.htm,http://cdo.keu.kz/content/8840/8915/26139/26139.htm,http://cdo.keu.kz/content/8840/8915/26140/26140.htm,http://cdo.keu.kz/content/8840/8915/8915.htm,http://cdo.keu.kz/content/8840/8915/lek.files/image001.gif,http://cdo.keu.kz/content/8840/8915/lek.files/image002.gif,,,,,,,,,,,,,,,,,,,,,,,,,,,,,,,,,,,,,,,,,,,,,,,,,,,,,,,,,,,,,,,,,,,,,,,,,,,,,,,,,,,,,,,,,,,,,,,,,,,,,,,,,
http://cdo.keu.kz/content/8841/8916/1.htm,,,,,,,,,,,,,,,,,,,,,,,,,,,,,,,,,,,,,,,,,,,,,,,,,,,,,,,,,,,,,,,,,,,,,,,,,,,,,,,,,,,,,,,,,,,,,,,,,,,,,,,,,,,,,,,,,,,,,,,,,,,
http://cdo.keu.kz/content/8842/8917/1.htm,,,,,,,,,,,,,,,,,,,,,,,,,,,,,,,,,,,,,,,,,,,,,,,,,,,,,,,,,,,,,,,,,,,,,,,,,,,,,,,,,,,,,,,,,,,,,,,,,,,,,,,,,,,,,,,,,,,,,,,,,,,
http://cdo.keu.kz/content/8843/8918/1.htm,,,,,,,,,,,,,,,,,,,,,,,,,,,,,,,,,,,,,,,,,,,,,,,,,,,,,,,,,,,,,,,,,,,,,,,,,,,,,,,,,,,,,,,,,,,,,,,,,,,,,,,,,,,,,,,,,,,,,,,,,,,
http://cdo.keu.kz/content/8844/8919/26141/26141.htm,http://cdo.keu.kz/content/8844/8919/26142/26142.htm,http://cdo.keu.kz/content/8844/8919/26143/26143.htm,http://cdo.keu.kz/content/8844/8919/26144/26144.htm,http://cdo.keu.kz/content/8844/8919/26145/26145.htm,http://cdo.keu.kz/content/8844/8919/26146/26146.htm,http://cdo.keu.kz/content/8844/8919/26147/26147.htm,http://cdo.keu.kz/content/8844/8919/26148/26148.htm,http://cdo.keu.kz/content/8844/8919/26149/26149.htm,http://cdo.keu.kz/content/8844/8919/26150/26150.htm,http://cdo.keu.kz/content/8844/8919/8919.htm,,,,,,,,,,,,,,,,,,,,,,,,,,,,,,,,,,,,,,,,,,,,,,,,,,,,,,,,,,,,,,,,,,,,,,,,,,,,,,,,,,,,,,,,,,,,,,,,,,,,,,,,,,,,,,,,,
http://cdo.keu.kz/content/8845/8920/1rub.htm,,,,,,,,,,,,,,,,,,,,,,,,,,,,,,,,,,,,,,,,,,,,,,,,,,,,,,,,,,,,,,,,,,,,,,,,,,,,,,,,,,,,,,,,,,,,,,,,,,,,,,,,,,,,,,,,,,,,,,,,,,,
http://cdo.keu.kz/content/8846/8921/2rub.htm,,,,,,,,,,,,,,,,,,,,,,,,,,,,,,,,,,,,,,,,,,,,,,,,,,,,,,,,,,,,,,,,,,,,,,,,,,,,,,,,,,,,,,,,,,,,,,,,,,,,,,,,,,,,,,,,,,,,,,,,,,,
http://cdo.keu.kz/content/8847/8922/2.htm,,,,,,,,,,,,,,,,,,,,,,,,,,,,,,,,,,,,,,,,,,,,,,,,,,,,,,,,,,,,,,,,,,,,,,,,,,,,,,,,,,,,,,,,,,,,,,,,,,,,,,,,,,,,,,,,,,,,,,,,,,,
http://cdo.keu.kz/content/8848/8923/itog.htm,,,,,,,,,,,,,,,,,,,,,,,,,,,,,,,,,,,,,,,,,,,,,,,,,,,,,,,,,,,,,,,,,,,,,,,,,,,,,,,,,,,,,,,,,,,,,,,,,,,,,,,,,,,,,,,,,,,,,,,,,,,
http://cdo.keu.kz/content/8849/8924/26151/26151.htm,http://cdo.keu.kz/content/8849/8924/26152/26152.htm,http://cdo.keu.kz/content/8849/8924/26153/26153.htm,http://cdo.keu.kz/content/8849/8924/26154/26154.htm,http://cdo.keu.kz/content/8849/8924/26155/26155.htm,http://cdo.keu.kz/content/8849/8924/26156/26156.htm,http://cdo.keu.kz/content/8849/8924/26157/26157.htm,http://cdo.keu.kz/content/8849/8924/26158/26158.htm,http://cdo.keu.kz/content/8849/8924/26159/26159.htm,http://cdo.keu.kz/content/8849/8924/26160/26160.htm,http://cdo.keu.kz/content/8849/8924/26161/26161.htm,http://cdo.keu.kz/content/8849/8924/26162/26162.htm,http://cdo.keu.kz/content/8849/8924/26163/26163.htm,http://cdo.keu.kz/content/8849/8924/26164/26164.htm,http://cdo.keu.kz/content/8849/8924/8924.htm,http://cdo.keu.kz/content/8849/8924/lek.files/filelist.xml,http://cdo.keu.kz/content/8849/8924/lek.files/image001.jpg,http://cdo.keu.kz/content/8849/8924/lek.files/image002.jpg,http://cdo.keu.kz/content/8849/8924/lek.files/image003.jpg,http://cdo.keu.kz/content/8849/8924/lek.files/image004.jpg,http://cdo.keu.kz/content/8849/8924/lek.files/image005.jpg,,,,,,,,,,,,,,,,,,,,,,,,,,,,,,,,,,,,,,,,,,,,,,,,,,,,,,,,,,,,,,,,,,,,,,,,,,,,,,,,,,,,,,,,,,,,,,,,,,,,,,,
http://cdo.keu.kz/content/8850/8925/1rub.htm,,,,,,,,,,,,,,,,,,,,,,,,,,,,,,,,,,,,,,,,,,,,,,,,,,,,,,,,,,,,,,,,,,,,,,,,,,,,,,,,,,,,,,,,,,,,,,,,,,,,,,,,,,,,,,,,,,,,,,,,,,,
http://cdo.keu.kz/content/8851/8926/2rub.htm,,,,,,,,,,,,,,,,,,,,,,,,,,,,,,,,,,,,,,,,,,,,,,,,,,,,,,,,,,,,,,,,,,,,,,,,,,,,,,,,,,,,,,,,,,,,,,,,,,,,,,,,,,,,,,,,,,,,,,,,,,,
http://cdo.keu.kz/content/8852/8927/itog.htm,,,,,,,,,,,,,,,,,,,,,,,,,,,,,,,,,,,,,,,,,,,,,,,,,,,,,,,,,,,,,,,,,,,,,,,,,,,,,,,,,,,,,,,,,,,,,,,,,,,,,,,,,,,,,,,,,,,,,,,,,,,
http://cdo.keu.kz/content/8853/8928/26165/26165.htm,http://cdo.keu.kz/content/8853/8928/26166/26166.htm,http://cdo.keu.kz/content/8853/8928/26167/26167.htm,http://cdo.keu.kz/content/8853/8928/26168/26168.htm,http://cdo.keu.kz/content/8853/8928/26169/26169.htm,http://cdo.keu.kz/content/8853/8928/26170/26170.htm,http://cdo.keu.kz/content/8853/8928/26171/26171.htm,http://cdo.keu.kz/content/8853/8928/26172/26172.htm,http://cdo.keu.kz/content/8853/8928/26173/26173.htm,http://cdo.keu.kz/content/8853/8928/26174/26174.htm,http://cdo.keu.kz/content/8853/8928/26175/26175.htm,http://cdo.keu.kz/content/8853/8928/26176/26176.htm,http://cdo.keu.kz/content/8853/8928/26177/26177.htm,http://cdo.keu.kz/content/8853/8928/8928.htm,,,,,,,,,,,,,,,,,,,,,,,,,,,,,,,,,,,,,,,,,,,,,,,,,,,,,,,,,,,,,,,,,,,,,,,,,,,,,,,,,,,,,,,,,,,,,,,,,,,,,,,,,,,,,,
http://cdo.keu.kz/content/8854/8929/1.htm,,,,,,,,,,,,,,,,,,,,,,,,,,,,,,,,,,,,,,,,,,,,,,,,,,,,,,,,,,,,,,,,,,,,,,,,,,,,,,,,,,,,,,,,,,,,,,,,,,,,,,,,,,,,,,,,,,,,,,,,,,,
http://cdo.keu.kz/content/8855/8930/1Rubezh29.10.10.htm,,,,,,,,,,,,,,,,,,,,,,,,,,,,,,,,,,,,,,,,,,,,,,,,,,,,,,,,,,,,,,,,,,,,,,,,,,,,,,,,,,,,,,,,,,,,,,,,,,,,,,,,,,,,,,,,,,,,,,,,,,,
http://cdo.keu.kz/content/8856/8931/2.htm,,,,,,,,,,,,,,,,,,,,,,,,,,,,,,,,,,,,,,,,,,,,,,,,,,,,,,,,,,,,,,,,,,,,,,,,,,,,,,,,,,,,,,,,,,,,,,,,,,,,,,,,,,,,,,,,,,,,,,,,,,,
http://cdo.keu.kz/content/8857/8932/1Rubezh29.10.10.htm,,,,,,,,,,,,,,,,,,,,,,,,,,,,,,,,,,,,,,,,,,,,,,,,,,,,,,,,,,,,,,,,,,,,,,,,,,,,,,,,,,,,,,,,,,,,,,,,,,,,,,,,,,,,,,,,,,,,,,,,,,,
http://cdo.keu.kz/content/8858/8933/it.htm,,,,,,,,,,,,,,,,,,,,,,,,,,,,,,,,,,,,,,,,,,,,,,,,,,,,,,,,,,,,,,,,,,,,,,,,,,,,,,,,,,,,,,,,,,,,,,,,,,,,,,,,,,,,,,,,,,,,,,,,,,,
http://cdo.keu.kz/content/8859/8934/1rub.htm,,,,,,,,,,,,,,,,,,,,,,,,,,,,,,,,,,,,,,,,,,,,,,,,,,,,,,,,,,,,,,,,,,,,,,,,,,,,,,,,,,,,,,,,,,,,,,,,,,,,,,,,,,,,,,,,,,,,,,,,,,,
http://cdo.keu.kz/content/8860/8935/1rub.htm,,,,,,,,,,,,,,,,,,,,,,,,,,,,,,,,,,,,,,,,,,,,,,,,,,,,,,,,,,,,,,,,,,,,,,,,,,,,,,,,,,,,,,,,,,,,,,,,,,,,,,,,,,,,,,,,,,,,,,,,,,,
http://cdo.keu.kz/content/8861/8936/2rub.htm,,,,,,,,,,,,,,,,,,,,,,,,,,,,,,,,,,,,,,,,,,,,,,,,,,,,,,,,,,,,,,,,,,,,,,,,,,,,,,,,,,,,,,,,,,,,,,,,,,,,,,,,,,,,,,,,,,,,,,,,,,,
http://cdo.keu.kz/content/8862/8937/itog.htm,,,,,,,,,,,,,,,,,,,,,,,,,,,,,,,,,,,,,,,,,,,,,,,,,,,,,,,,,,,,,,,,,,,,,,,,,,,,,,,,,,,,,,,,,,,,,,,,,,,,,,,,,,,,,,,,,,,,,,,,,,,
http://cdo.keu.kz/content/8863/8938/26178/26178.htm,http://cdo.keu.kz/content/8863/8938/26179/26179.htm,http://cdo.keu.kz/content/8863/8938/26180/26180.htm,http://cdo.keu.kz/content/8863/8938/26181/26181.htm,http://cdo.keu.kz/content/8863/8938/26182/26182.htm,http://cdo.keu.kz/content/8863/8938/26183/26183.htm,http://cdo.keu.kz/content/8863/8938/26184/26184.htm,http://cdo.keu.kz/content/8863/8938/26185/26185.htm,http://cdo.keu.kz/content/8863/8938/26186/26186.htm,http://cdo.keu.kz/content/8863/8938/26187/26187.htm,http://cdo.keu.kz/content/8863/8938/26188/26188.htm,http://cdo.keu.kz/content/8863/8938/26189/26189.htm,http://cdo.keu.kz/content/8863/8938/26190/26190.htm,http://cdo.keu.kz/content/8863/8938/26191/26191.htm,http://cdo.keu.kz/content/8863/8938/26192/26192.htm,http://cdo.keu.kz/content/8863/8938/26193/26193.htm,http://cdo.keu.kz/content/8863/8938/8938.htm,http://cdo.keu.kz/content/8863/8938/lek.files/image001.gif,http://cdo.keu.kz/content/8863/8938/lek.files/image002.gif,,,,,,,,,,,,,,,,,,,,,,,,,,,,,,,,,,,,,,,,,,,,,,,,,,,,,,,,,,,,,,,,,,,,,,,,,,,,,,,,,,,,,,,,,,,,,,,,,,,,,,,,,
http://cdo.keu.kz/content/8864/8939/26194/26194.htm,http://cdo.keu.kz/content/8864/8939/26195/26195.htm,http://cdo.keu.kz/content/8864/8939/26196/26196.htm,http://cdo.keu.kz/content/8864/8939/26197/26197.htm,http://cdo.keu.kz/content/8864/8939/26198/26198.htm,http://cdo.keu.kz/content/8864/8939/26199/26199.htm,http://cdo.keu.kz/content/8864/8939/26200/26200.htm,http://cdo.keu.kz/content/8864/8939/26201/26201.htm,http://cdo.keu.kz/content/8864/8939/26202/26202.htm,http://cdo.keu.kz/content/8864/8939/26203/26203.htm,http://cdo.keu.kz/content/8864/8939/26204/26204.htm,http://cdo.keu.kz/content/8864/8939/26205/26205.htm,http://cdo.keu.kz/content/8864/8939/26206/26206.htm,http://cdo.keu.kz/content/8864/8939/26207/26207.htm,http://cdo.keu.kz/content/8864/8939/26208/26208.htm,http://cdo.keu.kz/content/8864/8939/26209/26209.htm,http://cdo.keu.kz/content/8864/8939/8939.htm,,,,,,,,,,,,,,,,,,,,,,,,,,,,,,,,,,,,,,,,,,,,,,,,,,,,,,,,,,,,,,,,,,,,,,,,,,,,,,,,,,,,,,,,,,,,,,,,,,,,,,,,,,,
http://cdo.keu.kz/content/8865/8940/1rub.htm,,,,,,,,,,,,,,,,,,,,,,,,,,,,,,,,,,,,,,,,,,,,,,,,,,,,,,,,,,,,,,,,,,,,,,,,,,,,,,,,,,,,,,,,,,,,,,,,,,,,,,,,,,,,,,,,,,,,,,,,,,,
http://cdo.keu.kz/content/8866/8941/2rub.htm,,,,,,,,,,,,,,,,,,,,,,,,,,,,,,,,,,,,,,,,,,,,,,,,,,,,,,,,,,,,,,,,,,,,,,,,,,,,,,,,,,,,,,,,,,,,,,,,,,,,,,,,,,,,,,,,,,,,,,,,,,,
http://cdo.keu.kz/content/8867/8942/itog.htm,,,,,,,,,,,,,,,,,,,,,,,,,,,,,,,,,,,,,,,,,,,,,,,,,,,,,,,,,,,,,,,,,,,,,,,,,,,,,,,,,,,,,,,,,,,,,,,,,,,,,,,,,,,,,,,,,,,,,,,,,,,
http://cdo.keu.kz/content/8868/8943/26210/26210.htm,http://cdo.keu.kz/content/8868/8943/26211/26211.htm,http://cdo.keu.kz/content/8868/8943/26212/26212.htm,http://cdo.keu.kz/content/8868/8943/26213/26213.htm,http://cdo.keu.kz/content/8868/8943/26214/26214.htm,http://cdo.keu.kz/content/8868/8943/26215/26215.htm,http://cdo.keu.kz/content/8868/8943/26216/26216.htm,http://cdo.keu.kz/content/8868/8943/26217/26217.htm,http://cdo.keu.kz/content/8868/8943/26218/26218.htm,http://cdo.keu.kz/content/8868/8943/26219/26219.htm,http://cdo.keu.kz/content/8868/8943/26220/26220.htm,http://cdo.keu.kz/content/8868/8943/26221/26221.htm,http://cdo.keu.kz/content/8868/8943/26222/26222.htm,http://cdo.keu.kz/content/8868/8943/26223/26223.htm,http://cdo.keu.kz/content/8868/8943/26224/26224.htm,http://cdo.keu.kz/content/8868/8943/8943.htm,http://cdo.keu.kz/content/8868/8943/lek.files/filelist.xml,http://cdo.keu.kz/content/8868/8943/lek.files/header.htm,,,,,,,,,,,,,,,,,,,,,,,,,,,,,,,,,,,,,,,,,,,,,,,,,,,,,,,,,,,,,,,,,,,,,,,,,,,,,,,,,,,,,,,,,,,,,,,,,,,,,,,,,,
http://cdo.keu.kz/content/8869/8944/1rub03.11.10.htm,,,,,,,,,,,,,,,,,,,,,,,,,,,,,,,,,,,,,,,,,,,,,,,,,,,,,,,,,,,,,,,,,,,,,,,,,,,,,,,,,,,,,,,,,,,,,,,,,,,,,,,,,,,,,,,,,,,,,,,,,,,
http://cdo.keu.kz/content/8870/8945/2rub.03.11.10.htm,,,,,,,,,,,,,,,,,,,,,,,,,,,,,,,,,,,,,,,,,,,,,,,,,,,,,,,,,,,,,,,,,,,,,,,,,,,,,,,,,,,,,,,,,,,,,,,,,,,,,,,,,,,,,,,,,,,,,,,,,,,
http://cdo.keu.kz/content/8871/8946/itog.03.11.10.htm,,,,,,,,,,,,,,,,,,,,,,,,,,,,,,,,,,,,,,,,,,,,,,,,,,,,,,,,,,,,,,,,,,,,,,,,,,,,,,,,,,,,,,,,,,,,,,,,,,,,,,,,,,,,,,,,,,,,,,,,,,,
http://cdo.keu.kz/content/8872/8947/1rub.htm,,,,,,,,,,,,,,,,,,,,,,,,,,,,,,,,,,,,,,,,,,,,,,,,,,,,,,,,,,,,,,,,,,,,,,,,,,,,,,,,,,,,,,,,,,,,,,,,,,,,,,,,,,,,,,,,,,,,,,,,,,,
http://cdo.keu.kz/content/8873/8948/2rub.htm,,,,,,,,,,,,,,,,,,,,,,,,,,,,,,,,,,,,,,,,,,,,,,,,,,,,,,,,,,,,,,,,,,,,,,,,,,,,,,,,,,,,,,,,,,,,,,,,,,,,,,,,,,,,,,,,,,,,,,,,,,,
http://cdo.keu.kz/content/8874/8949/itog.htm,,,,,,,,,,,,,,,,,,,,,,,,,,,,,,,,,,,,,,,,,,,,,,,,,,,,,,,,,,,,,,,,,,,,,,,,,,,,,,,,,,,,,,,,,,,,,,,,,,,,,,,,,,,,,,,,,,,,,,,,,,,
http://cdo.keu.kz/content/8875/8950/26225/26225.htm,http://cdo.keu.kz/content/8875/8950/26226/26226.htm,http://cdo.keu.kz/content/8875/8950/26227/26227.htm,http://cdo.keu.kz/content/8875/8950/26228/26228.htm,http://cdo.keu.kz/content/8875/8950/26229/26229.htm,http://cdo.keu.kz/content/8875/8950/26230/26230.htm,http://cdo.keu.kz/content/8875/8950/26231/26231.htm,http://cdo.keu.kz/content/8875/8950/26232/26232.htm,http://cdo.keu.kz/content/8875/8950/26233/26233.htm,http://cdo.keu.kz/content/8875/8950/26234/26234.htm,http://cdo.keu.kz/content/8875/8950/26235/26235.htm,http://cdo.keu.kz/content/8875/8950/8950.htm,http://cdo.keu.kz/content/8875/8950/Lekcia.files/image001.gif,http://cdo.keu.kz/content/8875/8950/Lekcia.files/image002.gif,http://cdo.keu.kz/content/8875/8950/Lekcia.files/image003.gif,http://cdo.keu.kz/content/8875/8950/Lekcia.files/image004.gif,http://cdo.keu.kz/content/8875/8950/Lekcia.files/image005.gif,http://cdo.keu.kz/content/8875/8950/Lekcia.files/image006.gif,http://cdo.keu.kz/content/8875/8950/Lekcia.files/image007.gif,http://cdo.keu.kz/content/8875/8950/Lekcia.files/image008.gif,http://cdo.keu.kz/content/8875/8950/Lekcia.files/image009.gif,http://cdo.keu.kz/content/8875/8950/Lekcia.files/image010.gif,http://cdo.keu.kz/content/8875/8950/Lekcia.files/image011.gif,http://cdo.keu.kz/content/8875/8950/Lekcia.files/image012.gif,http://cdo.keu.kz/content/8875/8950/Lekcia.files/image013.gif,http://cdo.keu.kz/content/8875/8950/Lekcia.files/image014.gif,http://cdo.keu.kz/content/8875/8950/Lekcia.files/image015.gif,http://cdo.keu.kz/content/8875/8950/Lekcia.files/image016.gif,http://cdo.keu.kz/content/8875/8950/Lekcia.files/image017.gif,,,,,,,,,,,,,,,,,,,,,,,,,,,,,,,,,,,,,,,,,,,,,,,,,,,,,,,,,,,,,,,,,,,,,,,,,,,,,,,,,,,,,,,,,,,,,,,
http://cdo.keu.kz/content/8876/8951/26236/26236.htm,http://cdo.keu.kz/content/8876/8951/26237/26237.htm,http://cdo.keu.kz/content/8876/8951/26238/26238.htm,http://cdo.keu.kz/content/8876/8951/26239/26239.htm,http://cdo.keu.kz/content/8876/8951/26240/26240.htm,http://cdo.keu.kz/content/8876/8951/26241/26241.htm,http://cdo.keu.kz/content/8876/8951/26242/26242.htm,http://cdo.keu.kz/content/8876/8951/26243/26243.htm,http://cdo.keu.kz/content/8876/8951/26244/26244.htm,http://cdo.keu.kz/content/8876/8951/26245/26245.htm,http://cdo.keu.kz/content/8876/8951/26246/26246.htm,http://cdo.keu.kz/content/8876/8951/26247/26247.htm,http://cdo.keu.kz/content/8876/8951/26248/26248.htm,http://cdo.keu.kz/content/8876/8951/26249/26249.htm,http://cdo.keu.kz/content/8876/8951/26250/26250.htm,http://cdo.keu.kz/content/8876/8951/8951.htm,http://cdo.keu.kz/content/8876/8951/lek.files/filelist.xml,http://cdo.keu.kz/content/8876/8951/lek.files/image001.gif,http://cdo.keu.kz/content/8876/8951/lek.files/image002.gif,http://cdo.keu.kz/content/8876/8951/lek.files/image003.gif,http://cdo.keu.kz/content/8876/8951/lek.files/image004.gif,http://cdo.keu.kz/content/8876/8951/lek.files/image005.gif,http://cdo.keu.kz/content/8876/8951/lek.files/image006.gif,http://cdo.keu.kz/content/8876/8951/lek.files/image007.gif,http://cdo.keu.kz/content/8876/8951/lek.files/image008.gif,http://cdo.keu.kz/content/8876/8951/lek.files/image009.gif,,,,,,,,,,,,,,,,,,,,,,,,,,,,,,,,,,,,,,,,,,,,,,,,,,,,,,,,,,,,,,,,,,,,,,,,,,,,,,,,,,,,,,,,,,,,,,,,,,
http://cdo.keu.kz/content/8877/8952/1Rubezh29.10.10.htm,,,,,,,,,,,,,,,,,,,,,,,,,,,,,,,,,,,,,,,,,,,,,,,,,,,,,,,,,,,,,,,,,,,,,,,,,,,,,,,,,,,,,,,,,,,,,,,,,,,,,,,,,,,,,,,,,,,,,,,,,,,
http://cdo.keu.kz/content/8878/8953/2Rubezh29.10.10.htm,,,,,,,,,,,,,,,,,,,,,,,,,,,,,,,,,,,,,,,,,,,,,,,,,,,,,,,,,,,,,,,,,,,,,,,,,,,,,,,,,,,,,,,,,,,,,,,,,,,,,,,,,,,,,,,,,,,,,,,,,,,
http://cdo.keu.kz/content/8879/8954/ITOGOVUI.htm,,,,,,,,,,,,,,,,,,,,,,,,,,,,,,,,,,,,,,,,,,,,,,,,,,,,,,,,,,,,,,,,,,,,,,,,,,,,,,,,,,,,,,,,,,,,,,,,,,,,,,,,,,,,,,,,,,,,,,,,,,,
http://cdo.keu.kz/content/8880/8955/1rub.htm,,,,,,,,,,,,,,,,,,,,,,,,,,,,,,,,,,,,,,,,,,,,,,,,,,,,,,,,,,,,,,,,,,,,,,,,,,,,,,,,,,,,,,,,,,,,,,,,,,,,,,,,,,,,,,,,,,,,,,,,,,,
http://cdo.keu.kz/content/8881/8956/2rub.htm,,,,,,,,,,,,,,,,,,,,,,,,,,,,,,,,,,,,,,,,,,,,,,,,,,,,,,,,,,,,,,,,,,,,,,,,,,,,,,,,,,,,,,,,,,,,,,,,,,,,,,,,,,,,,,,,,,,,,,,,,,,
http://cdo.keu.kz/content/8882/8957/itog.htm,,,,,,,,,,,,,,,,,,,,,,,,,,,,,,,,,,,,,,,,,,,,,,,,,,,,,,,,,,,,,,,,,,,,,,,,,,,,,,,,,,,,,,,,,,,,,,,,,,,,,,,,,,,,,,,,,,,,,,,,,,,
http://cdo.keu.kz/content/8883/8958/26251/26251.htm,http://cdo.keu.kz/content/8883/8958/26252/26252.htm,http://cdo.keu.kz/content/8883/8958/26253/26253.htm,http://cdo.keu.kz/content/8883/8958/26254/26254.htm,http://cdo.keu.kz/content/8883/8958/26255/26255.htm,http://cdo.keu.kz/content/8883/8958/26256/26256.htm,http://cdo.keu.kz/content/8883/8958/26257/26257.htm,http://cdo.keu.kz/content/8883/8958/26258/26258.htm,http://cdo.keu.kz/content/8883/8958/26259/26259.htm,http://cdo.keu.kz/content/8883/8958/26260/26260.htm,http://cdo.keu.kz/content/8883/8958/26261/26261.htm,http://cdo.keu.kz/content/8883/8958/26262/26262.htm,http://cdo.keu.kz/content/8883/8958/26263/26263.htm,http://cdo.keu.kz/content/8883/8958/26264/26264.htm,http://cdo.keu.kz/content/8883/8958/26265/26265.htm,http://cdo.keu.kz/content/8883/8958/8958.htm,http://cdo.keu.kz/content/8883/8958/lek.files/filelist.xml,http://cdo.keu.kz/content/8883/8958/lek.files/image001.gif,,,,,,,,,,,,,,,,,,,,,,,,,,,,,,,,,,,,,,,,,,,,,,,,,,,,,,,,,,,,,,,,,,,,,,,,,,,,,,,,,,,,,,,,,,,,,,,,,,,,,,,,,,
http://cdo.keu.kz/content/8884/8959/1rub.htm,,,,,,,,,,,,,,,,,,,,,,,,,,,,,,,,,,,,,,,,,,,,,,,,,,,,,,,,,,,,,,,,,,,,,,,,,,,,,,,,,,,,,,,,,,,,,,,,,,,,,,,,,,,,,,,,,,,,,,,,,,,
http://cdo.keu.kz/content/8885/8960/26266/26266.htm,http://cdo.keu.kz/content/8885/8960/26267/26267.htm,http://cdo.keu.kz/content/8885/8960/26268/26268.htm,http://cdo.keu.kz/content/8885/8960/26269/26269.htm,http://cdo.keu.kz/content/8885/8960/26270/26270.htm,http://cdo.keu.kz/content/8885/8960/26271/26271.htm,http://cdo.keu.kz/content/8885/8960/26272/26272.htm,http://cdo.keu.kz/content/8885/8960/26273/26273.htm,http://cdo.keu.kz/content/8885/8960/26274/26274.htm,http://cdo.keu.kz/content/8885/8960/26275/26275.htm,http://cdo.keu.kz/content/8885/8960/26276/26276.htm,http://cdo.keu.kz/content/8885/8960/26277/26277.htm,http://cdo.keu.kz/content/8885/8960/26278/26278.htm,http://cdo.keu.kz/content/8885/8960/26279/26279.htm,http://cdo.keu.kz/content/8885/8960/26280/26280.htm,http://cdo.keu.kz/content/8885/8960/8960.htm,,,,,,,,,,,,,,,,,,,,,,,,,,,,,,,,,,,,,,,,,,,,,,,,,,,,,,,,,,,,,,,,,,,,,,,,,,,,,,,,,,,,,,,,,,,,,,,,,,,,,,,,,,,,
http://cdo.keu.kz/content/8886/8961/2rub.htm,,,,,,,,,,,,,,,,,,,,,,,,,,,,,,,,,,,,,,,,,,,,,,,,,,,,,,,,,,,,,,,,,,,,,,,,,,,,,,,,,,,,,,,,,,,,,,,,,,,,,,,,,,,,,,,,,,,,,,,,,,,
http://cdo.keu.kz/content/8887/8962/26281/26281.htm,http://cdo.keu.kz/content/8887/8962/26282/26282.htm,http://cdo.keu.kz/content/8887/8962/26283/26283.htm,http://cdo.keu.kz/content/8887/8962/26284/26284.htm,http://cdo.keu.kz/content/8887/8962/26285/26285.htm,http://cdo.keu.kz/content/8887/8962/26286/26286.htm,http://cdo.keu.kz/content/8887/8962/26287/26287.htm,http://cdo.keu.kz/content/8887/8962/26288/26288.htm,http://cdo.keu.kz/content/8887/8962/26289/26289.htm,http://cdo.keu.kz/content/8887/8962/26290/26290.htm,http://cdo.keu.kz/content/8887/8962/26291/26291.htm,http://cdo.keu.kz/content/8887/8962/26292/26292.htm,http://cdo.keu.kz/content/8887/8962/26293/26293.htm,http://cdo.keu.kz/content/8887/8962/8962.htm,http://cdo.keu.kz/content/8887/8962/lek4.11.2010.files/image001.gif,http://cdo.keu.kz/content/8887/8962/lek4.11.2010.files/image002.gif,http://cdo.keu.kz/content/8887/8962/lek4.11.2010.files/image003.gif,http://cdo.keu.kz/content/8887/8962/lek4.11.2010.files/image004.gif,http://cdo.keu.kz/content/8887/8962/lek4.11.2010.files/image005.gif,http://cdo.keu.kz/content/8887/8962/lek4.11.2010.files/image006.gif,http://cdo.keu.kz/content/8887/8962/lek4.11.2010.files/image007.gif,http://cdo.keu.kz/content/8887/8962/lek4.11.2010.files/image008.gif,http://cdo.keu.kz/content/8887/8962/lek4.11.2010.files/image009.gif,http://cdo.keu.kz/content/8887/8962/lek4.11.2010.files/image010.gif,http://cdo.keu.kz/content/8887/8962/lek4.11.2010.files/image011.gif,http://cdo.keu.kz/content/8887/8962/lek4.11.2010.files/image012.jpg,http://cdo.keu.kz/content/8887/8962/lek4.11.2010.files/image013.gif,http://cdo.keu.kz/content/8887/8962/lek4.11.2010.files/image014.gif,http://cdo.keu.kz/content/8887/8962/lek4.11.2010.files/image015.gif,http://cdo.keu.kz/content/8887/8962/lek4.11.2010.files/image016.gif,http://cdo.keu.kz/content/8887/8962/lek4.11.2010.files/image017.gif,,,,,,,,,,,,,,,,,,,,,,,,,,,,,,,,,,,,,,,,,,,,,,,,,,,,,,,,,,,,,,,,,,,,,,,,,,,,,,,,,,,,,,,,,,,,,
http://cdo.keu.kz/content/8888/8963/itog.htm,,,,,,,,,,,,,,,,,,,,,,,,,,,,,,,,,,,,,,,,,,,,,,,,,,,,,,,,,,,,,,,,,,,,,,,,,,,,,,,,,,,,,,,,,,,,,,,,,,,,,,,,,,,,,,,,,,,,,,,,,,,
http://cdo.keu.kz/content/8889/8964/1rub4.11.2010.files/colorschememapping.xml,http://cdo.keu.kz/content/8889/8964/1rub4.11.2010.files/filelist.xml,http://cdo.keu.kz/content/8889/8964/1rub4.11.2010.files/themedata.thmx,http://cdo.keu.kz/content/8889/8964/1rub4.11.2010.htm,,,,,,,,,,,,,,,,,,,,,,,,,,,,,,,,,,,,,,,,,,,,,,,,,,,,,,,,,,,,,,,,,,,,,,,,,,,,,,,,,,,,,,,,,,,,,,,,,,,,,,,,,,,,,,,,,,,,,,,,
http://cdo.keu.kz/content/8890/8965/2rub4.11.2010.files/colorschememapping.xml,http://cdo.keu.kz/content/8890/8965/2rub4.11.2010.files/filelist.xml,http://cdo.keu.kz/content/8890/8965/2rub4.11.2010.files/image001.wmz,http://cdo.keu.kz/content/8890/8965/2rub4.11.2010.files/image002.gif,http://cdo.keu.kz/content/8890/8965/2rub4.11.2010.files/image003.wmz,http://cdo.keu.kz/content/8890/8965/2rub4.11.2010.files/image004.gif,http://cdo.keu.kz/content/8890/8965/2rub4.11.2010.files/image005.wmz,http://cdo.keu.kz/content/8890/8965/2rub4.11.2010.files/image006.gif,http://cdo.keu.kz/content/8890/8965/2rub4.11.2010.files/image007.wmz,http://cdo.keu.kz/content/8890/8965/2rub4.11.2010.files/image008.gif,http://cdo.keu.kz/content/8890/8965/2rub4.11.2010.files/image009.wmz,http://cdo.keu.kz/content/8890/8965/2rub4.11.2010.files/image010.gif,http://cdo.keu.kz/content/8890/8965/2rub4.11.2010.files/image011.gif,http://cdo.keu.kz/content/8890/8965/2rub4.11.2010.files/image012.wmz,http://cdo.keu.kz/content/8890/8965/2rub4.11.2010.files/image013.gif,http://cdo.keu.kz/content/8890/8965/2rub4.11.2010.files/image014.wmz,http://cdo.keu.kz/content/8890/8965/2rub4.11.2010.files/image015.gif,http://cdo.keu.kz/content/8890/8965/2rub4.11.2010.files/image016.wmz,http://cdo.keu.kz/content/8890/8965/2rub4.11.2010.files/image017.gif,http://cdo.keu.kz/content/8890/8965/2rub4.11.2010.files/image018.wmz,http://cdo.keu.kz/content/8890/8965/2rub4.11.2010.files/oledata.mso,http://cdo.keu.kz/content/8890/8965/2rub4.11.2010.files/themedata.thmx,http://cdo.keu.kz/content/8890/8965/2rub4.11.2010.htm,,,,,,,,,,,,,,,,,,,,,,,,,,,,,,,,,,,,,,,,,,,,,,,,,,,,,,,,,,,,,,,,,,,,,,,,,,,,,,,,,,,,,,,,,,,,,,,,,,,,,
http://cdo.keu.kz/content/8891/8966/itog4.11.2010.files/colorschememapping.xml,http://cdo.keu.kz/content/8891/8966/itog4.11.2010.files/filelist.xml,http://cdo.keu.kz/content/8891/8966/itog4.11.2010.files/image001.wmz,http://cdo.keu.kz/content/8891/8966/itog4.11.2010.files/image002.gif,http://cdo.keu.kz/content/8891/8966/itog4.11.2010.files/image003.wmz,http://cdo.keu.kz/content/8891/8966/itog4.11.2010.files/image004.gif,http://cdo.keu.kz/content/8891/8966/itog4.11.2010.files/image005.wmz,http://cdo.keu.kz/content/8891/8966/itog4.11.2010.files/image006.gif,http://cdo.keu.kz/content/8891/8966/itog4.11.2010.files/image007.wmz,http://cdo.keu.kz/content/8891/8966/itog4.11.2010.files/image008.gif,http://cdo.keu.kz/content/8891/8966/itog4.11.2010.files/image009.wmz,http://cdo.keu.kz/content/8891/8966/itog4.11.2010.files/image010.gif,http://cdo.keu.kz/content/8891/8966/itog4.11.2010.files/image011.gif,http://cdo.keu.kz/content/8891/8966/itog4.11.2010.files/image012.wmz,http://cdo.keu.kz/content/8891/8966/itog4.11.2010.files/image013.gif,http://cdo.keu.kz/content/8891/8966/itog4.11.2010.files/image014.wmz,http://cdo.keu.kz/content/8891/8966/itog4.11.2010.files/image015.gif,http://cdo.keu.kz/content/8891/8966/itog4.11.2010.files/image016.wmz,http://cdo.keu.kz/content/8891/8966/itog4.11.2010.files/image017.gif,http://cdo.keu.kz/content/8891/8966/itog4.11.2010.files/image018.wmz,http://cdo.keu.kz/content/8891/8966/itog4.11.2010.files/oledata.mso,http://cdo.keu.kz/content/8891/8966/itog4.11.2010.files/themedata.thmx,http://cdo.keu.kz/content/8891/8966/itog4.11.2010.htm,,,,,,,,,,,,,,,,,,,,,,,,,,,,,,,,,,,,,,,,,,,,,,,,,,,,,,,,,,,,,,,,,,,,,,,,,,,,,,,,,,,,,,,,,,,,,,,,,,,,,
http://cdo.keu.kz/content/8892/8967/1Rubezh29.10.10.htm,,,,,,,,,,,,,,,,,,,,,,,,,,,,,,,,,,,,,,,,,,,,,,,,,,,,,,,,,,,,,,,,,,,,,,,,,,,,,,,,,,,,,,,,,,,,,,,,,,,,,,,,,,,,,,,,,,,,,,,,,,,
http://cdo.keu.kz/content/8893/8968/2Rubezh29.10.10.htm,,,,,,,,,,,,,,,,,,,,,,,,,,,,,,,,,,,,,,,,,,,,,,,,,,,,,,,,,,,,,,,,,,,,,,,,,,,,,,,,,,,,,,,,,,,,,,,,,,,,,,,,,,,,,,,,,,,,,,,,,,,
http://cdo.keu.kz/content/8894/8969/Itogovui29.10.10.htm,,,,,,,,,,,,,,,,,,,,,,,,,,,,,,,,,,,,,,,,,,,,,,,,,,,,,,,,,,,,,,,,,,,,,,,,,,,,,,,,,,,,,,,,,,,,,,,,,,,,,,,,,,,,,,,,,,,,,,,,,,,
http://cdo.keu.kz/content/8895/8970/26294/26294.htm,http://cdo.keu.kz/content/8895/8970/26295/26295.htm,http://cdo.keu.kz/content/8895/8970/26296/26296.htm,http://cdo.keu.kz/content/8895/8970/26297/26297.htm,http://cdo.keu.kz/content/8895/8970/26298/26298.htm,http://cdo.keu.kz/content/8895/8970/26299/26299.htm,http://cdo.keu.kz/content/8895/8970/26300/26300.htm,http://cdo.keu.kz/content/8895/8970/26301/26301.htm,http://cdo.keu.kz/content/8895/8970/26302/26302.htm,http://cdo.keu.kz/content/8895/8970/26303/26303.htm,http://cdo.keu.kz/content/8895/8970/26304/26304.htm,http://cdo.keu.kz/content/8895/8970/26305/26305.htm,http://cdo.keu.kz/content/8895/8970/26306/26306.htm,http://cdo.keu.kz/content/8895/8970/26307/26307.htm,http://cdo.keu.kz/content/8895/8970/26308/26308.htm,http://cdo.keu.kz/content/8895/8970/8970.htm,,,,,,,,,,,,,,,,,,,,,,,,,,,,,,,,,,,,,,,,,,,,,,,,,,,,,,,,,,,,,,,,,,,,,,,,,,,,,,,,,,,,,,,,,,,,,,,,,,,,,,,,,,,,
http://cdo.keu.kz/content/8896/8971/26309/26309.htm,http://cdo.keu.kz/content/8896/8971/26310/26310.htm,http://cdo.keu.kz/content/8896/8971/26311/26311.htm,http://cdo.keu.kz/content/8896/8971/26312/26312.htm,http://cdo.keu.kz/content/8896/8971/26313/26313.htm,http://cdo.keu.kz/content/8896/8971/26314/26314.htm,http://cdo.keu.kz/content/8896/8971/26315/26315.htm,http://cdo.keu.kz/content/8896/8971/26316/26316.htm,http://cdo.keu.kz/content/8896/8971/26317/26317.htm,http://cdo.keu.kz/content/8896/8971/26318/26318.htm,http://cdo.keu.kz/content/8896/8971/26319/26319.htm,http://cdo.keu.kz/content/8896/8971/26320/26320.htm,http://cdo.keu.kz/content/8896/8971/26321/26321.htm,http://cdo.keu.kz/content/8896/8971/26322/26322.htm,http://cdo.keu.kz/content/8896/8971/26323/26323.htm,http://cdo.keu.kz/content/8896/8971/8971.htm,,,,,,,,,,,,,,,,,,,,,,,,,,,,,,,,,,,,,,,,,,,,,,,,,,,,,,,,,,,,,,,,,,,,,,,,,,,,,,,,,,,,,,,,,,,,,,,,,,,,,,,,,,,,
http://cdo.keu.kz/content/8897/8972/26324/26324.htm,http://cdo.keu.kz/content/8897/8972/26325/26325.htm,http://cdo.keu.kz/content/8897/8972/26326/26326.htm,http://cdo.keu.kz/content/8897/8972/26327/26327.htm,http://cdo.keu.kz/content/8897/8972/26328/26328.htm,http://cdo.keu.kz/content/8897/8972/26329/26329.htm,http://cdo.keu.kz/content/8897/8972/26330/26330.htm,http://cdo.keu.kz/content/8897/8972/26331/26331.htm,http://cdo.keu.kz/content/8897/8972/26332/26332.htm,http://cdo.keu.kz/content/8897/8972/26333/26333.htm,http://cdo.keu.kz/content/8897/8972/26334/26334.htm,http://cdo.keu.kz/content/8897/8972/26335/26335.htm,http://cdo.keu.kz/content/8897/8972/26336/26336.htm,http://cdo.keu.kz/content/8897/8972/26337/26337.htm,http://cdo.keu.kz/content/8897/8972/8972.htm,,,,,,,,,,,,,,,,,,,,,,,,,,,,,,,,,,,,,,,,,,,,,,,,,,,,,,,,,,,,,,,,,,,,,,,,,,,,,,,,,,,,,,,,,,,,,,,,,,,,,,,,,,,,,
http://cdo.keu.kz/content/8898/8973/1rub.04.11.10.htm,,,,,,,,,,,,,,,,,,,,,,,,,,,,,,,,,,,,,,,,,,,,,,,,,,,,,,,,,,,,,,,,,,,,,,,,,,,,,,,,,,,,,,,,,,,,,,,,,,,,,,,,,,,,,,,,,,,,,,,,,,,
http://cdo.keu.kz/content/8899/8974/2rub.04.11.10.htm,,,,,,,,,,,,,,,,,,,,,,,,,,,,,,,,,,,,,,,,,,,,,,,,,,,,,,,,,,,,,,,,,,,,,,,,,,,,,,,,,,,,,,,,,,,,,,,,,,,,,,,,,,,,,,,,,,,,,,,,,,,
http://cdo.keu.kz/content/8900/8975/1rub.htm,,,,,,,,,,,,,,,,,,,,,,,,,,,,,,,,,,,,,,,,,,,,,,,,,,,,,,,,,,,,,,,,,,,,,,,,,,,,,,,,,,,,,,,,,,,,,,,,,,,,,,,,,,,,,,,,,,,,,,,,,,,
