0,1,2,3,4,5,6,7,8,9,10,11,12,13,14,15,16,17,18,19,20,21
http://cdo.keu.kz/content/8101/8179/2rub.htm,,,,,,,,,,,,,,,,,,,,,
http://cdo.keu.kz/content/8102/8180/R1.htm,,,,,,,,,,,,,,,,,,,,,
http://cdo.keu.kz/content/8103/8181/1rub.htm,,,,,,,,,,,,,,,,,,,,,
http://cdo.keu.kz/content/8104/8182/itog.htm,,,,,,,,,,,,,,,,,,,,,
http://cdo.keu.kz/content/8105/8183/it.htm,,,,,,,,,,,,,,,,,,,,,
http://cdo.keu.kz/content/8106/8184/R2.htm,,,,,,,,,,,,,,,,,,,,,
http://cdo.keu.kz/content/8107/8185/2rub.htm,,,,,,,,,,,,,,,,,,,,,
http://cdo.keu.kz/content/8108/8186/1rub21.10.2010.files/colorschememapping.xml,http://cdo.keu.kz/content/8108/8186/1rub21.10.2010.files/filelist.xml,http://cdo.keu.kz/content/8108/8186/1rub21.10.2010.files/themedata.thmx,http://cdo.keu.kz/content/8108/8186/1rub21.10.2010.htm,,,,,,,,,,,,,,,,,,
http://cdo.keu.kz/content/8109/8187/2rub21.10.2010.files/colorschememapping.xml,http://cdo.keu.kz/content/8109/8187/2rub21.10.2010.files/filelist.xml,http://cdo.keu.kz/content/8109/8187/2rub21.10.2010.files/header.htm,http://cdo.keu.kz/content/8109/8187/2rub21.10.2010.files/themedata.thmx,http://cdo.keu.kz/content/8109/8187/2rub21.10.2010.htm,,,,,,,,,,,,,,,,,
http://cdo.keu.kz/content/8110/8188/itog21.10.2010.files/colorschememapping.xml,http://cdo.keu.kz/content/8110/8188/itog21.10.2010.files/filelist.xml,http://cdo.keu.kz/content/8110/8188/itog21.10.2010.files/themedata.thmx,http://cdo.keu.kz/content/8110/8188/itog21.10.2010.htm,,,,,,,,,,,,,,,,,,
http://cdo.keu.kz/content/8111/8189/1rub.htm,,,,,,,,,,,,,,,,,,,,,
http://cdo.keu.kz/content/8112/8190/itog.htm,,,,,,,,,,,,,,,,,,,,,
http://cdo.keu.kz/content/8113/8191/2rub.htm,,,,,,,,,,,,,,,,,,,,,
http://cdo.keu.kz/content/8114/8192/2rub.htm,,,,,,,,,,,,,,,,,,,,,
http://cdo.keu.kz/content/8115/8193/it.htm,,,,,,,,,,,,,,,,,,,,,
http://cdo.keu.kz/content/8116/8194/2rub22.10.10.htm,,,,,,,,,,,,,,,,,,,,,
http://cdo.keu.kz/content/8117/8195/itog.21.10.10.htm,,,,,,,,,,,,,,,,,,,,,
http://cdo.keu.kz/content/8118/8196/1rub21.10.2010.files/colorschememapping.xml,http://cdo.keu.kz/content/8118/8196/1rub21.10.2010.files/filelist.xml,http://cdo.keu.kz/content/8118/8196/1rub21.10.2010.files/themedata.thmx,http://cdo.keu.kz/content/8118/8196/1rub21.10.2010.htm,,,,,,,,,,,,,,,,,,
http://cdo.keu.kz/content/8119/8197/1rub.htm,,,,,,,,,,,,,,,,,,,,,
http://cdo.keu.kz/content/8120/8198/2rub.htm,,,,,,,,,,,,,,,,,,,,,
http://cdo.keu.kz/content/8121/8199/1rub.htm,,,,,,,,,,,,,,,,,,,,,
http://cdo.keu.kz/content/8122/8200/itog.htm,,,,,,,,,,,,,,,,,,,,,
http://cdo.keu.kz/content/8123/8201/2.htm,,,,,,,,,,,,,,,,,,,,,
http://cdo.keu.kz/content/8124/8202/it.htm,,,,,,,,,,,,,,,,,,,,,
http://cdo.keu.kz/content/8125/8203/1rub.21.10.10.htm,,,,,,,,,,,,,,,,,,,,,
http://cdo.keu.kz/content/8126/8204/2.htm,,,,,,,,,,,,,,,,,,,,,
http://cdo.keu.kz/content/8127/8205/2rub22.10.10.htm,,,,,,,,,,,,,,,,,,,,,
http://cdo.keu.kz/content/8128/8206/itog.21.10.10.htm,,,,,,,,,,,,,,,,,,,,,
http://cdo.keu.kz/content/8129/8207/1rub.htm,,,,,,,,,,,,,,,,,,,,,
http://cdo.keu.kz/content/8130/8208/1rub21.10.2010.files/colorschememapping.xml,http://cdo.keu.kz/content/8130/8208/1rub21.10.2010.files/filelist.xml,http://cdo.keu.kz/content/8130/8208/1rub21.10.2010.files/themedata.thmx,http://cdo.keu.kz/content/8130/8208/1rub21.10.2010.htm,,,,,,,,,,,,,,,,,,
http://cdo.keu.kz/content/8131/8209/2rub21.10.2010.files/colorschememapping.xml,http://cdo.keu.kz/content/8131/8209/2rub21.10.2010.files/filelist.xml,http://cdo.keu.kz/content/8131/8209/2rub21.10.2010.files/themedata.thmx,http://cdo.keu.kz/content/8131/8209/2rub21.10.2010.htm,,,,,,,,,,,,,,,,,,
http://cdo.keu.kz/content/8132/8210/itog21.10.2010.files/colorschememapping.xml,http://cdo.keu.kz/content/8132/8210/itog21.10.2010.files/filelist.xml,http://cdo.keu.kz/content/8132/8210/itog21.10.2010.files/themedata.thmx,http://cdo.keu.kz/content/8132/8210/itog21.10.2010.htm,,,,,,,,,,,,,,,,,,
http://cdo.keu.kz/content/8133/8211/2rub.htm,,,,,,,,,,,,,,,,,,,,,
http://cdo.keu.kz/content/8134/8212/1.htm,,,,,,,,,,,,,,,,,,,,,
http://cdo.keu.kz/content/8135/8213/2.htm,,,,,,,,,,,,,,,,,,,,,
http://cdo.keu.kz/content/8136/8214/itog.htm,,,,,,,,,,,,,,,,,,,,,
http://cdo.keu.kz/content/8137/8215/1.htm,,,,,,,,,,,,,,,,,,,,,
http://cdo.keu.kz/content/8138/8216/2.htm,,,,,,,,,,,,,,,,,,,,,
http://cdo.keu.kz/content/8139/8217/it.htm,,,,,,,,,,,,,,,,,,,,,
http://cdo.keu.kz/content/8140/8218/1rub.21.10.10.htm,,,,,,,,,,,,,,,,,,,,,
http://cdo.keu.kz/content/8141/8219/1rub.htm,,,,,,,,,,,,,,,,,,,,,
http://cdo.keu.kz/content/8142/8220/1.htm,,,,,,,,,,,,,,,,,,,,,
http://cdo.keu.kz/content/8143/8221/2rub.htm,,,,,,,,,,,,,,,,,,,,,
http://cdo.keu.kz/content/8144/8222/2.htm,,,,,,,,,,,,,,,,,,,,,
http://cdo.keu.kz/content/8145/8223/R1.htm,,,,,,,,,,,,,,,,,,,,,
http://cdo.keu.kz/content/8146/8224/Obchii.htm,,,,,,,,,,,,,,,,,,,,,
http://cdo.keu.kz/content/8147/8225/itog.doc.htm,,,,,,,,,,,,,,,,,,,,,
http://cdo.keu.kz/content/8148/8226/R2.htm,,,,,,,,,,,,,,,,,,,,,
http://cdo.keu.kz/content/8149/8227/itog.htm,,,,,,,,,,,,,,,,,,,,,
http://cdo.keu.kz/content/8150/8228/1rub21.10.2010.files/colorschememapping.xml,http://cdo.keu.kz/content/8150/8228/1rub21.10.2010.files/filelist.xml,http://cdo.keu.kz/content/8150/8228/1rub21.10.2010.files/image001.gif,http://cdo.keu.kz/content/8150/8228/1rub21.10.2010.files/image002.gif,http://cdo.keu.kz/content/8150/8228/1rub21.10.2010.files/image003.gif,http://cdo.keu.kz/content/8150/8228/1rub21.10.2010.files/image004.wmz,http://cdo.keu.kz/content/8150/8228/1rub21.10.2010.files/image005.gif,http://cdo.keu.kz/content/8150/8228/1rub21.10.2010.files/image006.wmz,http://cdo.keu.kz/content/8150/8228/1rub21.10.2010.files/image007.gif,http://cdo.keu.kz/content/8150/8228/1rub21.10.2010.files/image008.wmz,http://cdo.keu.kz/content/8150/8228/1rub21.10.2010.files/image009.gif,http://cdo.keu.kz/content/8150/8228/1rub21.10.2010.files/image010.wmz,http://cdo.keu.kz/content/8150/8228/1rub21.10.2010.files/image011.gif,http://cdo.keu.kz/content/8150/8228/1rub21.10.2010.files/image012.wmz,http://cdo.keu.kz/content/8150/8228/1rub21.10.2010.files/image013.gif,http://cdo.keu.kz/content/8150/8228/1rub21.10.2010.files/image014.wmz,http://cdo.keu.kz/content/8150/8228/1rub21.10.2010.files/image015.gif,http://cdo.keu.kz/content/8150/8228/1rub21.10.2010.files/image016.wmz,http://cdo.keu.kz/content/8150/8228/1rub21.10.2010.files/image017.gif,http://cdo.keu.kz/content/8150/8228/1rub21.10.2010.files/oledata.mso,http://cdo.keu.kz/content/8150/8228/1rub21.10.2010.files/themedata.thmx,http://cdo.keu.kz/content/8150/8228/1rub21.10.2010.htm
http://cdo.keu.kz/content/8151/8229/2rub21.10.2010.files/colorschememapping.xml,http://cdo.keu.kz/content/8151/8229/2rub21.10.2010.files/filelist.xml,http://cdo.keu.kz/content/8151/8229/2rub21.10.2010.files/themedata.thmx,http://cdo.keu.kz/content/8151/8229/2rub21.10.2010.htm,,,,,,,,,,,,,,,,,,
http://cdo.keu.kz/content/8152/8230/itog21.10.2010.files/colorschememapping.xml,http://cdo.keu.kz/content/8152/8230/itog21.10.2010.files/filelist.xml,http://cdo.keu.kz/content/8152/8230/itog21.10.2010.files/image001.gif,http://cdo.keu.kz/content/8152/8230/itog21.10.2010.files/image002.gif,http://cdo.keu.kz/content/8152/8230/itog21.10.2010.files/image003.gif,http://cdo.keu.kz/content/8152/8230/itog21.10.2010.files/image004.wmz,http://cdo.keu.kz/content/8152/8230/itog21.10.2010.files/image005.gif,http://cdo.keu.kz/content/8152/8230/itog21.10.2010.files/image006.wmz,http://cdo.keu.kz/content/8152/8230/itog21.10.2010.files/image007.gif,http://cdo.keu.kz/content/8152/8230/itog21.10.2010.files/image008.wmz,http://cdo.keu.kz/content/8152/8230/itog21.10.2010.files/image009.gif,http://cdo.keu.kz/content/8152/8230/itog21.10.2010.files/image010.wmz,http://cdo.keu.kz/content/8152/8230/itog21.10.2010.files/image011.gif,http://cdo.keu.kz/content/8152/8230/itog21.10.2010.files/image012.wmz,http://cdo.keu.kz/content/8152/8230/itog21.10.2010.files/image013.gif,http://cdo.keu.kz/content/8152/8230/itog21.10.2010.files/image014.wmz,http://cdo.keu.kz/content/8152/8230/itog21.10.2010.files/image015.gif,http://cdo.keu.kz/content/8152/8230/itog21.10.2010.files/image016.wmz,http://cdo.keu.kz/content/8152/8230/itog21.10.2010.files/image017.gif,http://cdo.keu.kz/content/8152/8230/itog21.10.2010.files/oledata.mso,http://cdo.keu.kz/content/8152/8230/itog21.10.2010.files/themedata.thmx,http://cdo.keu.kz/content/8152/8230/itog21.10.2010.htm
http://cdo.keu.kz/content/8153/8231/itog21.10.2010.files/colorschememapping.xml,http://cdo.keu.kz/content/8153/8231/itog21.10.2010.files/filelist.xml,http://cdo.keu.kz/content/8153/8231/itog21.10.2010.files/image001.gif,http://cdo.keu.kz/content/8153/8231/itog21.10.2010.files/image002.gif,http://cdo.keu.kz/content/8153/8231/itog21.10.2010.files/image003.gif,http://cdo.keu.kz/content/8153/8231/itog21.10.2010.files/image004.wmz,http://cdo.keu.kz/content/8153/8231/itog21.10.2010.files/image005.gif,http://cdo.keu.kz/content/8153/8231/itog21.10.2010.files/image006.wmz,http://cdo.keu.kz/content/8153/8231/itog21.10.2010.files/image007.gif,http://cdo.keu.kz/content/8153/8231/itog21.10.2010.files/image008.wmz,http://cdo.keu.kz/content/8153/8231/itog21.10.2010.files/image009.gif,http://cdo.keu.kz/content/8153/8231/itog21.10.2010.files/image010.wmz,http://cdo.keu.kz/content/8153/8231/itog21.10.2010.files/image011.gif,http://cdo.keu.kz/content/8153/8231/itog21.10.2010.files/image012.wmz,http://cdo.keu.kz/content/8153/8231/itog21.10.2010.files/image013.gif,http://cdo.keu.kz/content/8153/8231/itog21.10.2010.files/image014.wmz,http://cdo.keu.kz/content/8153/8231/itog21.10.2010.files/image015.gif,http://cdo.keu.kz/content/8153/8231/itog21.10.2010.files/image016.wmz,http://cdo.keu.kz/content/8153/8231/itog21.10.2010.files/image017.gif,http://cdo.keu.kz/content/8153/8231/itog21.10.2010.files/oledata.mso,http://cdo.keu.kz/content/8153/8231/itog21.10.2010.files/themedata.thmx,http://cdo.keu.kz/content/8153/8231/itog21.10.2010.htm
http://cdo.keu.kz/content/8154/8232/1.htm,,,,,,,,,,,,,,,,,,,,,
http://cdo.keu.kz/content/8155/8233/2.files/filelist.xml,http://cdo.keu.kz/content/8155/8233/2.files/header.htm,http://cdo.keu.kz/content/8155/8233/2.htm,,,,,,,,,,,,,,,,,,,
http://cdo.keu.kz/content/8156/8234/it%d0%88.files/filelist.xml,http://cdo.keu.kz/content/8156/8234/it%d0%88.files/header.htm,http://cdo.keu.kz/content/8156/8234/it%d0%88.htm,,,,,,,,,,,,,,,,,,,
http://cdo.keu.kz/content/8157/8235/1rub.21.10.10.htm,,,,,,,,,,,,,,,,,,,,,
http://cdo.keu.kz/content/8158/8236/1.htm,,,,,,,,,,,,,,,,,,,,,
http://cdo.keu.kz/content/8159/8237/1rub21.10.2010.files/colorschememapping.xml,http://cdo.keu.kz/content/8159/8237/1rub21.10.2010.files/filelist.xml,http://cdo.keu.kz/content/8159/8237/1rub21.10.2010.files/image001.gif,http://cdo.keu.kz/content/8159/8237/1rub21.10.2010.files/image002.gif,http://cdo.keu.kz/content/8159/8237/1rub21.10.2010.files/image003.gif,http://cdo.keu.kz/content/8159/8237/1rub21.10.2010.files/image004.wmz,http://cdo.keu.kz/content/8159/8237/1rub21.10.2010.files/image005.gif,http://cdo.keu.kz/content/8159/8237/1rub21.10.2010.files/image006.wmz,http://cdo.keu.kz/content/8159/8237/1rub21.10.2010.files/image007.gif,http://cdo.keu.kz/content/8159/8237/1rub21.10.2010.files/image008.wmz,http://cdo.keu.kz/content/8159/8237/1rub21.10.2010.files/image009.gif,http://cdo.keu.kz/content/8159/8237/1rub21.10.2010.files/image010.wmz,http://cdo.keu.kz/content/8159/8237/1rub21.10.2010.files/image011.gif,http://cdo.keu.kz/content/8159/8237/1rub21.10.2010.files/image012.wmz,http://cdo.keu.kz/content/8159/8237/1rub21.10.2010.files/image013.gif,http://cdo.keu.kz/content/8159/8237/1rub21.10.2010.files/image014.wmz,http://cdo.keu.kz/content/8159/8237/1rub21.10.2010.files/image015.gif,http://cdo.keu.kz/content/8159/8237/1rub21.10.2010.files/image016.wmz,http://cdo.keu.kz/content/8159/8237/1rub21.10.2010.files/image017.gif,http://cdo.keu.kz/content/8159/8237/1rub21.10.2010.files/oledata.mso,http://cdo.keu.kz/content/8159/8237/1rub21.10.2010.files/themedata.thmx,http://cdo.keu.kz/content/8159/8237/1rub21.10.2010.htm
http://cdo.keu.kz/content/8160/8238/2rub21.10.2010.files/colorschememapping.xml,http://cdo.keu.kz/content/8160/8238/2rub21.10.2010.files/filelist.xml,http://cdo.keu.kz/content/8160/8238/2rub21.10.2010.files/themedata.thmx,http://cdo.keu.kz/content/8160/8238/2rub21.10.2010.htm,,,,,,,,,,,,,,,,,,
http://cdo.keu.kz/content/8161/8239/itog21.10.2010.files/colorschememapping.xml,http://cdo.keu.kz/content/8161/8239/itog21.10.2010.files/filelist.xml,http://cdo.keu.kz/content/8161/8239/itog21.10.2010.files/image001.gif,http://cdo.keu.kz/content/8161/8239/itog21.10.2010.files/image002.gif,http://cdo.keu.kz/content/8161/8239/itog21.10.2010.files/image003.gif,http://cdo.keu.kz/content/8161/8239/itog21.10.2010.files/image004.wmz,http://cdo.keu.kz/content/8161/8239/itog21.10.2010.files/image005.gif,http://cdo.keu.kz/content/8161/8239/itog21.10.2010.files/image006.wmz,http://cdo.keu.kz/content/8161/8239/itog21.10.2010.files/image007.gif,http://cdo.keu.kz/content/8161/8239/itog21.10.2010.files/image008.wmz,http://cdo.keu.kz/content/8161/8239/itog21.10.2010.files/image009.gif,http://cdo.keu.kz/content/8161/8239/itog21.10.2010.files/image010.wmz,http://cdo.keu.kz/content/8161/8239/itog21.10.2010.files/image011.gif,http://cdo.keu.kz/content/8161/8239/itog21.10.2010.files/image012.wmz,http://cdo.keu.kz/content/8161/8239/itog21.10.2010.files/image013.gif,http://cdo.keu.kz/content/8161/8239/itog21.10.2010.files/image014.wmz,http://cdo.keu.kz/content/8161/8239/itog21.10.2010.files/image015.gif,http://cdo.keu.kz/content/8161/8239/itog21.10.2010.files/image016.wmz,http://cdo.keu.kz/content/8161/8239/itog21.10.2010.files/image017.gif,http://cdo.keu.kz/content/8161/8239/itog21.10.2010.files/oledata.mso,http://cdo.keu.kz/content/8161/8239/itog21.10.2010.files/themedata.thmx,http://cdo.keu.kz/content/8161/8239/itog21.10.2010.htm
http://cdo.keu.kz/content/8162/8240/2.htm,,,,,,,,,,,,,,,,,,,,,
http://cdo.keu.kz/content/8163/8241/it.htm,,,,,,,,,,,,,,,,,,,,,
http://cdo.keu.kz/content/8164/8242/1.htm,,,,,,,,,,,,,,,,,,,,,
http://cdo.keu.kz/content/8165/8243/1.htm,,,,,,,,,,,,,,,,,,,,,
http://cdo.keu.kz/content/8166/8244/2.htm,,,,,,,,,,,,,,,,,,,,,
http://cdo.keu.kz/content/8167/8245/it.htm,,,,,,,,,,,,,,,,,,,,,
http://cdo.keu.kz/content/8168/8246/1rub22.10.2010.files/colorschememapping.xml,http://cdo.keu.kz/content/8168/8246/1rub22.10.2010.files/filelist.xml,http://cdo.keu.kz/content/8168/8246/1rub22.10.2010.files/themedata.thmx,http://cdo.keu.kz/content/8168/8246/1rub22.10.2010.htm,,,,,,,,,,,,,,,,,,
http://cdo.keu.kz/content/8169/8247/2rub22.10.2010.files/colorschememapping.xml,http://cdo.keu.kz/content/8169/8247/2rub22.10.2010.files/filelist.xml,http://cdo.keu.kz/content/8169/8247/2rub22.10.2010.files/themedata.thmx,http://cdo.keu.kz/content/8169/8247/2rub22.10.2010.htm,,,,,,,,,,,,,,,,,,
http://cdo.keu.kz/content/8170/8248/itog22.10.2010.files/colorschememapping.xml,http://cdo.keu.kz/content/8170/8248/itog22.10.2010.files/filelist.xml,http://cdo.keu.kz/content/8170/8248/itog22.10.2010.files/themedata.thmx,http://cdo.keu.kz/content/8170/8248/itog22.10.2010.htm,,,,,,,,,,,,,,,,,,
http://cdo.keu.kz/content/8171/8249/1rub22.10.2010.files/colorschememapping.xml,http://cdo.keu.kz/content/8171/8249/1rub22.10.2010.files/filelist.xml,http://cdo.keu.kz/content/8171/8249/1rub22.10.2010.files/themedata.thmx,http://cdo.keu.kz/content/8171/8249/1rub22.10.2010.htm,,,,,,,,,,,,,,,,,,
http://cdo.keu.kz/content/8172/8250/2rub22.10.2010.files/colorschememapping.xml,http://cdo.keu.kz/content/8172/8250/2rub22.10.2010.files/filelist.xml,http://cdo.keu.kz/content/8172/8250/2rub22.10.2010.files/themedata.thmx,http://cdo.keu.kz/content/8172/8250/2rub22.10.2010.htm,,,,,,,,,,,,,,,,,,
http://cdo.keu.kz/content/8173/8251/itog22.10.2010.files/colorschememapping.xml,http://cdo.keu.kz/content/8173/8251/itog22.10.2010.files/filelist.xml,http://cdo.keu.kz/content/8173/8251/itog22.10.2010.files/themedata.thmx,http://cdo.keu.kz/content/8173/8251/itog22.10.2010.htm,,,,,,,,,,,,,,,,,,
http://cdo.keu.kz/content/8174/8252/1.htm,,,,,,,,,,,,,,,,,,,,,
http://cdo.keu.kz/content/8175/8253/1.htm,,,,,,,,,,,,,,,,,,,,,
http://cdo.keu.kz/content/8176/8254/2rub23.10.10.htm,,,,,,,,,,,,,,,,,,,,,
http://cdo.keu.kz/content/8177/8255/1.htm,,,,,,,,,,,,,,,,,,,,,
http://cdo.keu.kz/content/8178/8256/2.htm,,,,,,,,,,,,,,,,,,,,,
http://cdo.keu.kz/content/8179/8257/itog.23.10.10.htm,,,,,,,,,,,,,,,,,,,,,
http://cdo.keu.kz/content/8180/8258/it.htm,,,,,,,,,,,,,,,,,,,,,
http://cdo.keu.kz/content/8181/8259/it.htm,,,,,,,,,,,,,,,,,,,,,
http://cdo.keu.kz/content/8182/8260/1rub.htm,,,,,,,,,,,,,,,,,,,,,
http://cdo.keu.kz/content/8183/8261/R1.htm,,,,,,,,,,,,,,,,,,,,,
http://cdo.keu.kz/content/8184/8262/R2.htm,,,,,,,,,,,,,,,,,,,,,
http://cdo.keu.kz/content/8185/8263/2rub.htm,,,,,,,,,,,,,,,,,,,,,
http://cdo.keu.kz/content/8186/8264/itog.htm,,,,,,,,,,,,,,,,,,,,,
http://cdo.keu.kz/content/8187/8265/itog.htm,,,,,,,,,,,,,,,,,,,,,
http://cdo.keu.kz/content/8188/8266/1.htm,,,,,,,,,,,,,,,,,,,,,
http://cdo.keu.kz/content/8189/8267/2.htm,,,,,,,,,,,,,,,,,,,,,
http://cdo.keu.kz/content/8190/8268/it.htm,,,,,,,,,,,,,,,,,,,,,
http://cdo.keu.kz/content/8191/8269/1rub.htm,,,,,,,,,,,,,,,,,,,,,
http://cdo.keu.kz/content/8192/8270/1rub.22.10.10.htm,,,,,,,,,,,,,,,,,,,,,
http://cdo.keu.kz/content/8193/8271/2rub.htm,,,,,,,,,,,,,,,,,,,,,
http://cdo.keu.kz/content/8194/8272/2rub22.10.10.htm,,,,,,,,,,,,,,,,,,,,,
http://cdo.keu.kz/content/8195/8273/itog.htm,,,,,,,,,,,,,,,,,,,,,
http://cdo.keu.kz/content/8196/8274/1rub.htm,,,,,,,,,,,,,,,,,,,,,
http://cdo.keu.kz/content/8197/8275/1rub.htm,,,,,,,,,,,,,,,,,,,,,
http://cdo.keu.kz/content/8198/8276/itog.22.10.10.htm,,,,,,,,,,,,,,,,,,,,,
http://cdo.keu.kz/content/8199/8277/1rub.htm,,,,,,,,,,,,,,,,,,,,,
http://cdo.keu.kz/content/8200/8278/1rub.htm,,,,,,,,,,,,,,,,,,,,,
